id_archivo,url,nombre_archivo,tipo,origen,tamano_bytes,estatus,id_usuario,fecha_generacion,metadata
1,https://fooaxstorage.sfo3.digitaloceanspaces.com/Prestamos/pagare_grupal/111113612004634_20260401204037_645.pdf,Prestamos/pagare_grupal/111113612004634_20260401204037_645.pdf,PAGARE_GRUPAL,PRESTAMOS,71675,Generado,111113612004634,2026-04-01 20:40:37,[object Object]
2,https://fooaxstorage.sfo3.digitaloceanspaces.com/Prestamos/pagare_grupal/111113612004634_20260401211943_624.pdf,Prestamos/pagare_grupal/111113612004634_20260401211943_624.pdf,PAGARE_GRUPAL,PRESTAMOS,70459,Generado,111113612004634,2026-04-01 21:19:44,[object Object]
3,https://fooaxstorage.sfo3.digitaloceanspaces.com/Prestamos/pagare_grupal/111113612004634_20260401224822_10.pdf,Prestamos/pagare_grupal/111113612004634_20260401224822_10.pdf,PAGARE_GRUPAL,PRESTAMOS,71646,Generado,111113612004634,2026-04-01 22:48:23,[object Object]
4,https://fooaxstorage.sfo3.digitaloceanspaces.com/Prestamos/pagare_grupal/111113612004634_20260402145335_469.pdf,Prestamos/pagare_grupal/111113612004634_20260402145335_469.pdf,PAGARE_GRUPAL,PRESTAMOS,70230,Generado,111113612004634,2026-04-02 14:53:35,[object Object]
5,https://fooaxstorage.sfo3.digitaloceanspaces.com/Prestamos/pagare_grupal/111113612004634_20260402153741_708.pdf,Prestamos/pagare_grupal/111113612004634_20260402153741_708.pdf,PAGARE_GRUPAL,PRESTAMOS,70230,Generado,111113612004634,2026-04-02 15:37:41,[object Object]
6,https://fooaxstorage.sfo3.digitaloceanspaces.com/Prestamos/pagare_grupal/111113612004634_20260402155542_41.pdf,Prestamos/pagare_grupal/111113612004634_20260402155542_41.pdf,PAGARE_GRUPAL,PRESTAMOS,70243,Generado,111113612004634,2026-04-02 15:55:42,[object Object]
7,https://fooaxstorage.sfo3.digitaloceanspaces.com/Prestamos/pagare_grupal/111113612004634_20260402160658_868.pdf,Prestamos/pagare_grupal/111113612004634_20260402160658_868.pdf,PAGARE_GRUPAL,PRESTAMOS,70271,Generado,111113612004634,2026-04-02 16:06:58,[object Object]
8,https://fooaxstorage.sfo3.digitaloceanspaces.com/Prestamos/pagare_grupal/111113612004634_20260402161559_887.pdf,Prestamos/pagare_grupal/111113612004634_20260402161559_887.pdf,PAGARE_GRUPAL,PRESTAMOS,70235,Generado,111113612004634,2026-04-02 16:16:00,[object Object]
9,https://fooaxstorage.sfo3.digitaloceanspaces.com/Prestamos/pagare_grupal/111113612004634_20260402162311_916.pdf,Prestamos/pagare_grupal/111113612004634_20260402162311_916.pdf,PAGARE_GRUPAL,PRESTAMOS,70224,Generado,111113612004634,2026-04-02 16:23:12,[object Object]
10,https://fooaxstorage.sfo3.digitaloceanspaces.com/Prestamos/pagare_grupal/111113612004634_20260402171102_526.pdf,Prestamos/pagare_grupal/111113612004634_20260402171102_526.pdf,PAGARE_GRUPAL,PRESTAMOS,70641,Generado,111113612004634,2026-04-02 17:11:03,[object Object]
11,https://fooaxstorage.sfo3.digitaloceanspaces.com/Prestamos/pagare_grupal/111113612004634_20260402175858_500.pdf,Prestamos/pagare_grupal/111113612004634_20260402175858_500.pdf,PAGARE_GRUPAL,PRESTAMOS,70233,Generado,111113612004634,2026-04-02 17:58:58,[object Object]
12,https://fooaxstorage.sfo3.digitaloceanspaces.com/Prestamos/pagare_grupal/111113612004634_20260402180713_307.pdf,Prestamos/pagare_grupal/111113612004634_20260402180713_307.pdf,PAGARE_GRUPAL,PRESTAMOS,70225,Generado,111113612004634,2026-04-02 18:07:13,[object Object]
13,https://fooaxstorage.sfo3.digitaloceanspaces.com/Prestamos/pagare_grupal/111113612004634_20260402180832_449.pdf,Prestamos/pagare_grupal/111113612004634_20260402180832_449.pdf,PAGARE_GRUPAL,PRESTAMOS,70221,Generado,111113612004634,2026-04-02 18:08:33,[object Object]
14,https://fooaxstorage.sfo3.digitaloceanspaces.com/Creditos/pagare_centro/111113612004634_20260406220417_673.pdf,Creditos/pagare_centro/111113612004634_20260406220417_673.pdf,PAGARE_CENTRO,CREDITOS,77552,Generado,111113612004634,2026-04-06 22:04:17,[object Object]
15,/pagares/centers/26,pagare_SAN_PABLO_HUITZO.pdf,PDF,PAGARE_CENTER,,Generado,111113612004634,2026-04-06 22:04:17,[object Object]
16,https://fooaxstorage.sfo3.digitaloceanspaces.com/Creditos/pagare_centro/111113612004634_20260407215815_223.pdf,Creditos/pagare_centro/111113612004634_20260407215815_223.pdf,PAGARE_CENTRO,CREDITOS,83254,Generado,111113612004634,2026-04-07 21:58:15,[object Object]
17,/pagares/centers/24,pagare_LA_CONSENTIDA.pdf,PDF,PAGARE_CENTER,,Generado,111113612004634,2026-04-07 21:58:15,[object Object]
18,https://fooaxstorage.sfo3.digitaloceanspaces.com/Creditos/pagare_centro/111113612004634_20260407220449_151.pdf,Creditos/pagare_centro/111113612004634_20260407220449_151.pdf,PAGARE_CENTRO,CREDITOS,83256,Generado,111113612004634,2026-04-07 22:04:49,[object Object]
19,/pagares/centers/24,pagare_LA_CONSENTIDA.pdf,PDF,PAGARE_CENTER,,Generado,111113612004634,2026-04-07 22:04:49,[object Object]
20,https://fooaxstorage.sfo3.digitaloceanspaces.com/Creditos/pagare_centro/111113612004634_20260407221208_520.pdf,Creditos/pagare_centro/111113612004634_20260407221208_520.pdf,PAGARE_CENTRO,CREDITOS,71700,Generado,111113612004634,2026-04-07 22:12:08,[object Object]
21,/pagares/centers/28,pagare_CAPORALES.pdf,PDF,PAGARE_CENTER,,Generado,111113612004634,2026-04-07 22:12:08,[object Object]
22,https://fooaxstorage.sfo3.digitaloceanspaces.com/Creditos/pagare_centro/111113612004634_20260408224510_614.pdf,Creditos/pagare_centro/111113612004634_20260408224510_614.pdf,PAGARE_CENTRO,CREDITOS,71705,Generado,111113612004634,2026-04-08 22:45:11,[object Object]
23,/pagares/centers/47,pagare_GHANIMA.pdf,PDF,PAGARE_CENTER,,Generado,111113612004634,2026-04-08 22:45:11,[object Object]
24,https://fooaxstorage.sfo3.digitaloceanspaces.com/Creditos/pagare_centro/111113612004634_20260408224551_263.pdf,Creditos/pagare_centro/111113612004634_20260408224551_263.pdf,PAGARE_CENTRO,CREDITOS,73065,Generado,111113612004634,2026-04-08 22:45:51,[object Object]
25,/pagares/centers/54,pagare_BARCHIEL.pdf,PDF,PAGARE_CENTER,,Generado,111113612004634,2026-04-08 22:45:51,[object Object]
26,https://fooaxstorage.sfo3.digitaloceanspaces.com/Prestamos/pagare_individual/111113612004634_20260409201753_775.pdf,Prestamos/pagare_individual/111113612004634_20260409201753_775.pdf,PAGARE_INDIVIDUAL,PRESTAMOS,70350,Generado,111113612004634,2026-04-09 20:17:54,[object Object]
27,/pagares/loans/1674,pagare_prestamo_1674.pdf,PDF,PAGARE_LOAN,,Generado,111113612004634,2026-04-09 20:17:54,[object Object]
28,https://fooaxstorage.sfo3.digitaloceanspaces.com/Prestamos/pagare_individual/111113612004634_20260409204832_552.pdf,Prestamos/pagare_individual/111113612004634_20260409204832_552.pdf,PAGARE_INDIVIDUAL,PRESTAMOS,70388,Generado,111113612004634,2026-04-09 20:48:32,[object Object]
29,/pagares/loans/1676,pagare_prestamo_1676.pdf,PDF,PAGARE_LOAN,,Generado,111113612004634,2026-04-09 20:48:32,[object Object]
30,https://fooaxstorage.sfo3.digitaloceanspaces.com/Prestamos/pagare_grupal/111113612004634_20260409211305_108.pdf,Prestamos/pagare_grupal/111113612004634_20260409211305_108.pdf,PAGARE_GRUPAL,PRESTAMOS,70210,Generado,111113612004634,2026-04-09 21:13:05,[object Object]
31,https://fooaxstorage.sfo3.digitaloceanspaces.com/Prestamos/pagare_grupal/111113612004634_20260409213127_203.pdf,Prestamos/pagare_grupal/111113612004634_20260409213127_203.pdf,PAGARE_GRUPAL,PRESTAMOS,70167,Generado,111113612004634,2026-04-09 21:31:27,[object Object]
32,https://fooaxstorage.sfo3.digitaloceanspaces.com/Prestamos/pagare_individual/111113612004634_20260410185524_52.pdf,Prestamos/pagare_individual/111113612004634_20260410185524_52.pdf,PAGARE_INDIVIDUAL,PRESTAMOS,70578,Generado,111113612004634,2026-04-10 18:55:24,[object Object]
33,/pagares/loans/1680,pagare_prestamo_1680.pdf,PDF,PAGARE_LOAN,,Generado,111113612004634,2026-04-10 18:55:24,[object Object]
34,https://fooaxstorage.sfo3.digitaloceanspaces.com/Prestamos/pagare_grupal/111113612004634_20260410201656_992.pdf,Prestamos/pagare_grupal/111113612004634_20260410201656_992.pdf,PAGARE_GRUPAL,PRESTAMOS,70245,Generado,111113612004634,2026-04-10 20:16:56,[object Object]
35,https://fooaxstorage.sfo3.digitaloceanspaces.com/Prestamos/pagare_grupal/111113612004634_20260410202940_423.pdf,Prestamos/pagare_grupal/111113612004634_20260410202940_423.pdf,PAGARE_GRUPAL,PRESTAMOS,70242,Generado,111113612004634,2026-04-10 20:29:41,[object Object]
36,https://fooaxstorage.sfo3.digitaloceanspaces.com/Prestamos/pagare_grupal/111113612004634_20260410221036_363.pdf,Prestamos/pagare_grupal/111113612004634_20260410221036_363.pdf,PAGARE_GRUPAL,PRESTAMOS,71568,Generado,111113612004634,2026-04-10 22:10:36,[object Object]
37,https://fooaxstorage.sfo3.digitaloceanspaces.com/Prestamos/pagare_grupal/111113612004634_20260410222821_24.pdf,Prestamos/pagare_grupal/111113612004634_20260410222821_24.pdf,PAGARE_GRUPAL,PRESTAMOS,70223,Generado,111113612004634,2026-04-10 22:28:21,[object Object]
38,https://fooaxstorage.sfo3.digitaloceanspaces.com/Prestamos/pagare_grupal/111113612004634_20260410225112_409.pdf,Prestamos/pagare_grupal/111113612004634_20260410225112_409.pdf,PAGARE_GRUPAL,PRESTAMOS,70266,Generado,111113612004634,2026-04-10 22:51:12,[object Object]
39,https://fooaxstorage.sfo3.digitaloceanspaces.com/Prestamos/pagare_grupal/111113612004634_20260410225544_741.pdf,Prestamos/pagare_grupal/111113612004634_20260410225544_741.pdf,PAGARE_GRUPAL,PRESTAMOS,70222,Generado,111113612004634,2026-04-10 22:55:44,[object Object]
40,https://fooaxstorage.sfo3.digitaloceanspaces.com/Prestamos/pagare_grupal/111113612004634_20260410233514_610.pdf,Prestamos/pagare_grupal/111113612004634_20260410233514_610.pdf,PAGARE_GRUPAL,PRESTAMOS,70215,Generado,111113612004634,2026-04-10 23:35:14,[object Object]
41,https://fooaxstorage.sfo3.digitaloceanspaces.com/Prestamos/pagare_grupal/111113612004634_20260410235858_318.pdf,Prestamos/pagare_grupal/111113612004634_20260410235858_318.pdf,PAGARE_GRUPAL,PRESTAMOS,70274,Generado,111113612004634,2026-04-10 23:58:58,[object Object]
42,https://fooaxstorage.sfo3.digitaloceanspaces.com/Prestamos/pagare_grupal/111113612004634_20260411160254_240.pdf,Prestamos/pagare_grupal/111113612004634_20260411160254_240.pdf,PAGARE_GRUPAL,PRESTAMOS,70229,Generado,111113612004634,2026-04-11 16:02:55,[object Object]
43,https://fooaxstorage.sfo3.digitaloceanspaces.com/Prestamos/pagare_grupal/111113612004634_20260411161247_327.pdf,Prestamos/pagare_grupal/111113612004634_20260411161247_327.pdf,PAGARE_GRUPAL,PRESTAMOS,70235,Generado,111113612004634,2026-04-11 16:12:47,[object Object]
44,https://fooaxstorage.sfo3.digitaloceanspaces.com/Prestamos/pagare_grupal/111113612004634_20260411162145_564.pdf,Prestamos/pagare_grupal/111113612004634_20260411162145_564.pdf,PAGARE_GRUPAL,PRESTAMOS,70196,Generado,111113612004634,2026-04-11 16:21:46,[object Object]
45,https://fooaxstorage.sfo3.digitaloceanspaces.com/Prestamos/pagare_grupal/111113612004634_20260411184835_481.pdf,Prestamos/pagare_grupal/111113612004634_20260411184835_481.pdf,PAGARE_GRUPAL,PRESTAMOS,70238,Generado,111113612004634,2026-04-11 18:48:36,[object Object]
46,https://fooaxstorage.sfo3.digitaloceanspaces.com/Prestamos/pagare_grupal/111113612004634_20260411185143_693.pdf,Prestamos/pagare_grupal/111113612004634_20260411185143_693.pdf,PAGARE_GRUPAL,PRESTAMOS,70188,Generado,111113612004634,2026-04-11 18:51:44,[object Object]
47,https://fooaxstorage.sfo3.digitaloceanspaces.com/Ahorros/retiro_grupal/111113612603105_20260413154559_585.pdf,Ahorros/retiro_grupal/111113612603105_20260413154559_585.pdf,RETIRO_AHORRO_GRUPAL,AHORROS,140339,Generado,111113612603105,2026-04-13 15:45:59,[object Object]
48,https://fooaxstorage.sfo3.digitaloceanspaces.com/Ahorros/retiro_grupal/111113612603105_20260413161647_90.pdf,Ahorros/retiro_grupal/111113612603105_20260413161647_90.pdf,RETIRO_AHORRO_GRUPAL,AHORROS,140352,Generado,111113612603105,2026-04-13 16:16:47,[object Object]
49,https://fooaxstorage.sfo3.digitaloceanspaces.com/Ahorros/retiro_grupal/111113612603105_20260413162239_847.pdf,Ahorros/retiro_grupal/111113612603105_20260413162239_847.pdf,RETIRO_AHORRO_GRUPAL,AHORROS,140431,Generado,111113612603105,2026-04-13 16:22:40,[object Object]
50,https://fooaxstorage.sfo3.digitaloceanspaces.com/Ahorros/retiro_individual/111113612603105_20260413163319_425.pdf,Ahorros/retiro_individual/111113612603105_20260413163319_425.pdf,RETIRO_AHORRO_INDIVIDUAL,AHORROS,140404,Generado,111113612603105,2026-04-13 16:33:19,[object Object]
51,https://fooaxstorage.sfo3.digitaloceanspaces.com/Ahorros/retiro_individual/111113612603105_20260413165735_977.pdf,Ahorros/retiro_individual/111113612603105_20260413165735_977.pdf,RETIRO_AHORRO_INDIVIDUAL,AHORROS,140406,Generado,111113612603105,2026-04-13 16:57:36,[object Object]
52,https://fooaxstorage.sfo3.digitaloceanspaces.com/Ahorros/retiro_grupal/111113612603105_20260413171434_581.pdf,Ahorros/retiro_grupal/111113612603105_20260413171434_581.pdf,RETIRO_AHORRO_GRUPAL,AHORROS,140314,Generado,111113612603105,2026-04-13 17:14:35,[object Object]
53,https://fooaxstorage.sfo3.digitaloceanspaces.com/Ahorros/retiro_grupal/111113612603105_20260413180705_191.pdf,Ahorros/retiro_grupal/111113612603105_20260413180705_191.pdf,RETIRO_AHORRO_GRUPAL,AHORROS,140920,Generado,111113612603105,2026-04-13 18:07:06,[object Object]
54,https://fooaxstorage.sfo3.digitaloceanspaces.com/Ahorros/retiro_grupal/111113612603105_20260413182422_413.pdf,Ahorros/retiro_grupal/111113612603105_20260413182422_413.pdf,RETIRO_AHORRO_GRUPAL,AHORROS,140332,Generado,111113612603105,2026-04-13 18:24:22,[object Object]
55,https://fooaxstorage.sfo3.digitaloceanspaces.com/Ahorros/retiro_grupal/111113612603105_20260413183652_366.pdf,Ahorros/retiro_grupal/111113612603105_20260413183652_366.pdf,RETIRO_AHORRO_GRUPAL,AHORROS,140316,Generado,111113612603105,2026-04-13 18:36:53,[object Object]
56,https://fooaxstorage.sfo3.digitaloceanspaces.com/Ahorros/retiro_grupal/111113612603105_20260413185132_455.pdf,Ahorros/retiro_grupal/111113612603105_20260413185132_455.pdf,RETIRO_AHORRO_GRUPAL,AHORROS,140397,Generado,111113612603105,2026-04-13 18:51:33,[object Object]
57,https://fooaxstorage.sfo3.digitaloceanspaces.com/Ahorros/retiro_grupal/111113612603105_20260413190907_485.pdf,Ahorros/retiro_grupal/111113612603105_20260413190907_485.pdf,RETIRO_AHORRO_GRUPAL,AHORROS,140918,Generado,111113612603105,2026-04-13 19:09:07,[object Object]
58,https://fooaxstorage.sfo3.digitaloceanspaces.com/Prestamos/pagare_grupal/111113612004634_20260414205158_167.pdf,Prestamos/pagare_grupal/111113612004634_20260414205158_167.pdf,PAGARE_GRUPAL,PRESTAMOS,70241,Generado,111113612004634,2026-04-14 20:51:58,[object Object]
59,https://fooaxstorage.sfo3.digitaloceanspaces.com/Prestamos/pagare_grupal/111113612004634_20260414213734_998.pdf,Prestamos/pagare_grupal/111113612004634_20260414213734_998.pdf,PAGARE_GRUPAL,PRESTAMOS,70231,Generado,111113612004634,2026-04-14 21:37:34,[object Object]
60,https://fooaxstorage.sfo3.digitaloceanspaces.com/Prestamos/pagare_grupal/111113612004634_20260415212403_518.pdf,Prestamos/pagare_grupal/111113612004634_20260415212403_518.pdf,PAGARE_GRUPAL,PRESTAMOS,70292,Generado,111113612004634,2026-04-15 21:24:04,[object Object]
61,https://fooaxstorage.sfo3.digitaloceanspaces.com/Prestamos/pagare_grupal/111113612004634_20260415212654_324.pdf,Prestamos/pagare_grupal/111113612004634_20260415212654_324.pdf,PAGARE_GRUPAL,PRESTAMOS,70226,Generado,111113612004634,2026-04-15 21:26:55,[object Object]
62,https://fooaxstorage.sfo3.digitaloceanspaces.com/Prestamos/pagare_grupal/111113612004634_20260415213534_386.pdf,Prestamos/pagare_grupal/111113612004634_20260415213534_386.pdf,PAGARE_GRUPAL,PRESTAMOS,70242,Generado,111113612004634,2026-04-15 21:35:35,[object Object]
63,https://fooaxstorage.sfo3.digitaloceanspaces.com/Prestamos/pagare_grupal/111113612004634_20260415214704_88.pdf,Prestamos/pagare_grupal/111113612004634_20260415214704_88.pdf,PAGARE_GRUPAL,PRESTAMOS,70231,Generado,111113612004634,2026-04-15 21:47:05,[object Object]
64,https://fooaxstorage.sfo3.digitaloceanspaces.com/Prestamos/pagare_grupal/111113612004634_20260416183108_686.pdf,Prestamos/pagare_grupal/111113612004634_20260416183108_686.pdf,PAGARE_GRUPAL,PRESTAMOS,70238,Generado,111113612004634,2026-04-16 18:31:09,[object Object]
65,https://fooaxstorage.sfo3.digitaloceanspaces.com/Prestamos/pagare_grupal/111113612004634_20260416184521_912.pdf,Prestamos/pagare_grupal/111113612004634_20260416184521_912.pdf,PAGARE_GRUPAL,PRESTAMOS,70228,Generado,111113612004634,2026-04-16 18:45:21,[object Object]
66,https://fooaxstorage.sfo3.digitaloceanspaces.com/Prestamos/pagare_grupal/111113612004634_20260416211931_678.pdf,Prestamos/pagare_grupal/111113612004634_20260416211931_678.pdf,PAGARE_GRUPAL,PRESTAMOS,70241,Generado,111113612004634,2026-04-16 21:19:32,[object Object]
67,https://fooaxstorage.sfo3.digitaloceanspaces.com/Prestamos/pagare_grupal/111113612004634_20260416215403_382.pdf,Prestamos/pagare_grupal/111113612004634_20260416215403_382.pdf,PAGARE_GRUPAL,PRESTAMOS,70211,Generado,111113612004634,2026-04-16 21:54:04,[object Object]
68,https://fooaxstorage.sfo3.digitaloceanspaces.com/Prestamos/pagare_grupal/111113612004634_20260417174326_166.pdf,Prestamos/pagare_grupal/111113612004634_20260417174326_166.pdf,PAGARE_GRUPAL,PRESTAMOS,70209,Generado,111113612004634,2026-04-17 17:43:27,[object Object]
69,https://fooaxstorage.sfo3.digitaloceanspaces.com/expedientes/clientes/11112666665/estado_cuenta_11112666665_2026-04-17T18-22-07-294Z.json,expedientes/clientes/11112666665/estado_cuenta_11112666665_2026-04-17T18-22-07-294Z.json,JSON,ESTADO_CUENTA_CLIENTE,44019,Generado,111113612603105,2026-04-17 18:22:07,[object Object]
70,https://fooaxstorage.sfo3.digitaloceanspaces.com/Prestamos/pagare_grupal/111113612004634_20260417182209_3.pdf,Prestamos/pagare_grupal/111113612004634_20260417182209_3.pdf,PAGARE_GRUPAL,PRESTAMOS,70407,Generado,111113612004634,2026-04-17 18:22:10,[object Object]
71,https://fooaxstorage.sfo3.digitaloceanspaces.com/expedientes/clientes/11112666665/estado_cuenta_11112666665_2026-04-17T18-22-13-837Z.json,expedientes/clientes/11112666665/estado_cuenta_11112666665_2026-04-17T18-22-13-837Z.json,JSON,ESTADO_CUENTA_CLIENTE,44019,Generado,111113612603105,2026-04-17 18:22:14,[object Object]
72,https://fooaxstorage.sfo3.digitaloceanspaces.com/Prestamos/pagare_grupal/111113612004634_20260417185516_468.pdf,Prestamos/pagare_grupal/111113612004634_20260417185516_468.pdf,PAGARE_GRUPAL,PRESTAMOS,70252,Generado,111113612004634,2026-04-17 18:55:17,[object Object]
73,https://fooaxstorage.sfo3.digitaloceanspaces.com/Prestamos/pagare_grupal/111113612004634_20260417192819_108.pdf,Prestamos/pagare_grupal/111113612004634_20260417192819_108.pdf,PAGARE_GRUPAL,PRESTAMOS,70251,Generado,111113612004634,2026-04-17 19:28:19,[object Object]
74,https://fooaxstorage.sfo3.digitaloceanspaces.com/Prestamos/pagare_grupal/111113612004634_20260417193201_797.pdf,Prestamos/pagare_grupal/111113612004634_20260417193201_797.pdf,PAGARE_GRUPAL,PRESTAMOS,70250,Generado,111113612004634,2026-04-17 19:32:02,[object Object]
75,https://fooaxstorage.sfo3.digitaloceanspaces.com/Prestamos/pagare_grupal/111113612004634_20260417194124_168.pdf,Prestamos/pagare_grupal/111113612004634_20260417194124_168.pdf,PAGARE_GRUPAL,PRESTAMOS,70209,Generado,111113612004634,2026-04-17 19:41:24,[object Object]
76,https://fooaxstorage.sfo3.digitaloceanspaces.com/Prestamos/pagare_grupal/111113612004634_20260417194914_285.pdf,Prestamos/pagare_grupal/111113612004634_20260417194914_285.pdf,PAGARE_GRUPAL,PRESTAMOS,70248,Generado,111113612004634,2026-04-17 19:49:15,[object Object]
77,https://fooaxstorage.sfo3.digitaloceanspaces.com/Prestamos/pagare_grupal/111113612004634_20260417203801_334.pdf,Prestamos/pagare_grupal/111113612004634_20260417203801_334.pdf,PAGARE_GRUPAL,PRESTAMOS,70248,Generado,111113612004634,2026-04-17 20:38:01,[object Object]
78,https://fooaxstorage.sfo3.digitaloceanspaces.com/Prestamos/pagare_grupal/111113612004634_20260417214149_542.pdf,Prestamos/pagare_grupal/111113612004634_20260417214149_542.pdf,PAGARE_GRUPAL,PRESTAMOS,70455,Generado,111113612004634,2026-04-17 21:41:50,[object Object]
79,https://fooaxstorage.sfo3.digitaloceanspaces.com/Prestamos/pagare_grupal/111113612004634_20260417224811_235.pdf,Prestamos/pagare_grupal/111113612004634_20260417224811_235.pdf,PAGARE_GRUPAL,PRESTAMOS,70230,Generado,111113612004634,2026-04-17 22:48:11,[object Object]
80,https://fooaxstorage.sfo3.digitaloceanspaces.com/Prestamos/pagare_grupal/111113612004634_20260417225419_490.pdf,Prestamos/pagare_grupal/111113612004634_20260417225419_490.pdf,PAGARE_GRUPAL,PRESTAMOS,70264,Generado,111113612004634,2026-04-17 22:54:20,[object Object]
81,https://fooaxstorage.sfo3.digitaloceanspaces.com/Prestamos/pagare_grupal/111113612004634_20260417230438_66.pdf,Prestamos/pagare_grupal/111113612004634_20260417230438_66.pdf,PAGARE_GRUPAL,PRESTAMOS,70201,Generado,111113612004634,2026-04-17 23:04:38,[object Object]
82,https://fooaxstorage.sfo3.digitaloceanspaces.com/Prestamos/pagare_grupal/111113612004634_20260417231521_153.pdf,Prestamos/pagare_grupal/111113612004634_20260417231521_153.pdf,PAGARE_GRUPAL,PRESTAMOS,70210,Generado,111113612004634,2026-04-17 23:15:21,[object Object]
83,https://fooaxstorage.sfo3.digitaloceanspaces.com/Prestamos/pagare_grupal/111113612004634_20260417232515_130.pdf,Prestamos/pagare_grupal/111113612004634_20260417232515_130.pdf,PAGARE_GRUPAL,PRESTAMOS,70248,Generado,111113612004634,2026-04-17 23:25:15,[object Object]
84,https://fooaxstorage.sfo3.digitaloceanspaces.com/Prestamos/pagare_grupal/111113612004634_20260417233511_854.pdf,Prestamos/pagare_grupal/111113612004634_20260417233511_854.pdf,PAGARE_GRUPAL,PRESTAMOS,70268,Generado,111113612004634,2026-04-17 23:35:11,[object Object]
85,https://fooaxstorage.sfo3.digitaloceanspaces.com/Ahorros/retiro_grupal/111113612603105_20260417233932_701.pdf,Ahorros/retiro_grupal/111113612603105_20260417233932_701.pdf,RETIRO_AHORRO_GRUPAL,AHORROS,143824,Generado,111113612603105,2026-04-17 23:39:33,[object Object]
86,https://fooaxstorage.sfo3.digitaloceanspaces.com/Ahorros/retiro_grupal/111113612603105_20260418155504_562.pdf,Ahorros/retiro_grupal/111113612603105_20260418155504_562.pdf,RETIRO_AHORRO_GRUPAL,AHORROS,140302,Generado,111113612603105,2026-04-18 15:55:05,[object Object]
87,https://fooaxstorage.sfo3.digitaloceanspaces.com/Ahorros/retiro_grupal/111113612603105_20260418162110_536.pdf,Ahorros/retiro_grupal/111113612603105_20260418162110_536.pdf,RETIRO_AHORRO_GRUPAL,AHORROS,140330,Generado,111113612603105,2026-04-18 16:21:11,[object Object]
88,https://fooaxstorage.sfo3.digitaloceanspaces.com/Ahorros/retiro_individual/111113612603105_20260418164004_454.pdf,Ahorros/retiro_individual/111113612603105_20260418164004_454.pdf,RETIRO_AHORRO_INDIVIDUAL,AHORROS,140350,Generado,111113612603105,2026-04-18 16:40:04,[object Object]
89,https://fooaxstorage.sfo3.digitaloceanspaces.com/Ahorros/retiro_grupal/111113612603105_20260418170041_907.pdf,Ahorros/retiro_grupal/111113612603105_20260418170041_907.pdf,RETIRO_AHORRO_GRUPAL,AHORROS,140335,Generado,111113612603105,2026-04-18 17:00:41,[object Object]
90,https://fooaxstorage.sfo3.digitaloceanspaces.com/Garantia_Adicional/retiro_individual/111113612603105_20260420172715_20.pdf,Garantia_Adicional/retiro_individual/111113612603105_20260420172715_20.pdf,RETIRO_AHORRO_INDIVIDUAL,GARANTIA_ADICIONAL,140365,Generado,111113612603105,2026-04-20 17:27:15,[object Object]
91,https://fooaxstorage.sfo3.digitaloceanspaces.com/Garantia_Adicional/retiro_grupal/111113612603105_20260420174358_937_centro_15_ATAYUCO.pdf,Garantia_Adicional/retiro_grupal/111113612603105_20260420174358_937_centro_15_ATAYUCO.pdf,RETIRO_AHORRO_GRUPAL,GARANTIA_ADICIONAL,140369,Generado,111113612603105,2026-04-20 17:44:00,[object Object]
92,https://fooaxstorage.sfo3.digitaloceanspaces.com/Garantia_Adicional/retiro_grupal/111113612603105_20260420184120_56_centro_51_PENTA.pdf,Garantia_Adicional/retiro_grupal/111113612603105_20260420184120_56_centro_51_PENTA.pdf,RETIRO_AHORRO_GRUPAL,GARANTIA_ADICIONAL,140395,Generado,111113612603105,2026-04-20 18:41:21,[object Object]
93,https://fooaxstorage.sfo3.digitaloceanspaces.com/Garantia_Adicional/retiro_grupal/111113612603105_20260420191228_405_centro_19_FERRERIA.pdf,Garantia_Adicional/retiro_grupal/111113612603105_20260420191228_405_centro_19_FERRERIA.pdf,RETIRO_AHORRO_GRUPAL,GARANTIA_ADICIONAL,140342,Generado,111113612603105,2026-04-20 19:12:28,[object Object]
94,https://fooaxstorage.sfo3.digitaloceanspaces.com/Prestamos/pagare_grupal/111113612004634_20260420194710_395.pdf,Prestamos/pagare_grupal/111113612004634_20260420194710_395.pdf,PAGARE_GRUPAL,PRESTAMOS,70208,Generado,111113612004634,2026-04-20 19:47:11,[object Object]
95,https://fooaxstorage.sfo3.digitaloceanspaces.com/Garantia_Adicional/retiro_grupal/111113612603105_20260420195441_859_centro_54_BARCHIEL.pdf,Garantia_Adicional/retiro_grupal/111113612603105_20260420195441_859_centro_54_BARCHIEL.pdf,RETIRO_AHORRO_GRUPAL,GARANTIA_ADICIONAL,140315,Generado,111113612603105,2026-04-20 19:54:41,[object Object]
96,https://fooaxstorage.sfo3.digitaloceanspaces.com/Creditos/pagare_centro/111113612004634_20260420211612_515.pdf,Creditos/pagare_centro/111113612004634_20260420211612_515.pdf,PAGARE_CENTRO,CREDITOS,76015,Generado,111113612004634,2026-04-20 21:16:13,[object Object]
97,/pagares/centers/10,pagare_TENEXPAM.pdf,PDF,PAGARE_CENTER,,Generado,111113612004634,2026-04-20 21:16:13,[object Object]
98,https://fooaxstorage.sfo3.digitaloceanspaces.com/Garantia_Adicional/retiro_grupal/111113612603105_20260421161218_433_centro_6_APASCO.pdf,Garantia_Adicional/retiro_grupal/111113612603105_20260421161218_433_centro_6_APASCO.pdf,RETIRO_AHORRO_GRUPAL,GARANTIA_ADICIONAL,140375,Generado,111113612603105,2026-04-21 16:12:19,[object Object]
99,https://fooaxstorage.sfo3.digitaloceanspaces.com/Prestamos/pagare_individual/111113612004634_20260422181855_879.pdf,Prestamos/pagare_individual/111113612004634_20260422181855_879.pdf,PAGARE_INDIVIDUAL,PRESTAMOS,70495,Generado,111113612004634,2026-04-22 18:18:56,[object Object]
100,/pagares/loans/1732,pagare_prestamo_1732.pdf,PDF,PAGARE_LOAN,,Generado,111113612004634,2026-04-22 18:18:56,[object Object]
101,https://fooaxstorage.sfo3.digitaloceanspaces.com/Prestamos/pagare_individual/111113612004634_20260422181933_437.pdf,Prestamos/pagare_individual/111113612004634_20260422181933_437.pdf,PAGARE_INDIVIDUAL,PRESTAMOS,70495,Generado,111113612004634,2026-04-22 18:19:33,[object Object]
102,/pagares/loans/1732,pagare_prestamo_1732.pdf,PDF,PAGARE_LOAN,,Generado,111113612004634,2026-04-22 18:19:33,[object Object]
103,https://fooaxstorage.sfo3.digitaloceanspaces.com/Prestamos/pagare_individual/111113612004634_20260422184632_884.pdf,Prestamos/pagare_individual/111113612004634_20260422184632_884.pdf,PAGARE_INDIVIDUAL,PRESTAMOS,70525,Generado,111113612004634,2026-04-22 18:46:33,[object Object]
104,/pagares/loans/1733,pagare_prestamo_1733.pdf,PDF,PAGARE_LOAN,,Generado,111113612004634,2026-04-22 18:46:33,[object Object]
105,https://fooaxstorage.sfo3.digitaloceanspaces.com/Prestamos/pagare_individual/111113612004634_20260422184703_542.pdf,Prestamos/pagare_individual/111113612004634_20260422184703_542.pdf,PAGARE_INDIVIDUAL,PRESTAMOS,70525,Generado,111113612004634,2026-04-22 18:47:04,[object Object]
106,/pagares/loans/1733,pagare_prestamo_1733.pdf,PDF,PAGARE_LOAN,,Generado,111113612004634,2026-04-22 18:47:04,[object Object]
107,https://fooaxstorage.sfo3.digitaloceanspaces.com/Prestamos/pagare_individual/111113612004634_20260422190000_17.pdf,Prestamos/pagare_individual/111113612004634_20260422190000_17.pdf,PAGARE_INDIVIDUAL,PRESTAMOS,70353,Generado,111113612004634,2026-04-22 19:00:01,[object Object]
108,/pagares/loans/1734,pagare_prestamo_1734.pdf,PDF,PAGARE_LOAN,,Generado,111113612004634,2026-04-22 19:00:01,[object Object]
109,https://fooaxstorage.sfo3.digitaloceanspaces.com/Prestamos/pagare_individual/111113612004634_20260422190018_675.pdf,Prestamos/pagare_individual/111113612004634_20260422190018_675.pdf,PAGARE_INDIVIDUAL,PRESTAMOS,70353,Generado,111113612004634,2026-04-22 19:00:18,[object Object]
110,/pagares/loans/1734,pagare_prestamo_1734.pdf,PDF,PAGARE_LOAN,,Generado,111113612004634,2026-04-22 19:00:18,[object Object]
111,https://fooaxstorage.sfo3.digitaloceanspaces.com/Prestamos/pagare_individual/111113612004634_20260422191012_352.pdf,Prestamos/pagare_individual/111113612004634_20260422191012_352.pdf,PAGARE_INDIVIDUAL,PRESTAMOS,70386,Generado,111113612004634,2026-04-22 19:10:12,[object Object]
112,/pagares/loans/1735,pagare_prestamo_1735.pdf,PDF,PAGARE_LOAN,,Generado,111113612004634,2026-04-22 19:10:12,[object Object]
113,https://fooaxstorage.sfo3.digitaloceanspaces.com/Prestamos/pagare_grupal/111113612004634_20260422193656_258.pdf,Prestamos/pagare_grupal/111113612004634_20260422193656_258.pdf,PAGARE_GRUPAL,PRESTAMOS,70200,Generado,111113612004634,2026-04-22 19:36:57,[object Object]
114,https://fooaxstorage.sfo3.digitaloceanspaces.com/Prestamos/pagare_grupal/111113612004634_20260422195003_400.pdf,Prestamos/pagare_grupal/111113612004634_20260422195003_400.pdf,PAGARE_GRUPAL,PRESTAMOS,70201,Generado,111113612004634,2026-04-22 19:50:03,[object Object]
115,https://fooaxstorage.sfo3.digitaloceanspaces.com/Prestamos/pagare_grupal/111113612004634_20260422203737_226.pdf,Prestamos/pagare_grupal/111113612004634_20260422203737_226.pdf,PAGARE_GRUPAL,PRESTAMOS,70232,Generado,111113612004634,2026-04-22 20:37:38,[object Object]
116,https://fooaxstorage.sfo3.digitaloceanspaces.com/Prestamos/pagare_grupal/111113612004634_20260422205345_782.pdf,Prestamos/pagare_grupal/111113612004634_20260422205345_782.pdf,PAGARE_GRUPAL,PRESTAMOS,70234,Generado,111113612004634,2026-04-22 20:53:45,[object Object]
117,https://fooaxstorage.sfo3.digitaloceanspaces.com/Prestamos/pagare_grupal/111113612004634_20260422214520_895.pdf,Prestamos/pagare_grupal/111113612004634_20260422214520_895.pdf,PAGARE_GRUPAL,PRESTAMOS,70244,Generado,111113612004634,2026-04-22 21:45:21,[object Object]
118,https://fooaxstorage.sfo3.digitaloceanspaces.com/Prestamos/pagare_grupal/111113612004634_20260422220402_391.pdf,Prestamos/pagare_grupal/111113612004634_20260422220402_391.pdf,PAGARE_GRUPAL,PRESTAMOS,70243,Generado,111113612004634,2026-04-22 22:04:03,[object Object]
119,https://fooaxstorage.sfo3.digitaloceanspaces.com/Garantia_Adicional/retiro_grupal/111113612603105_20260422235228_897_centro_22_TETICHE.pdf,Garantia_Adicional/retiro_grupal/111113612603105_20260422235228_897_centro_22_TETICHE.pdf,RETIRO_AHORRO_GRUPAL,GARANTIA_ADICIONAL,140376,Generado,111113612603105,2026-04-22 23:52:28,[object Object]
120,https://fooaxstorage.sfo3.digitaloceanspaces.com/Prestamos/pagare_grupal/111113612004634_20260423183840_20.pdf,Prestamos/pagare_grupal/111113612004634_20260423183840_20.pdf,PAGARE_GRUPAL,PRESTAMOS,70360,Generado,111113612004634,2026-04-23 18:38:40,[object Object]
121,https://fooaxstorage.sfo3.digitaloceanspaces.com/Prestamos/pagare_grupal/111113612004634_20260423185523_786.pdf,Prestamos/pagare_grupal/111113612004634_20260423185523_786.pdf,PAGARE_GRUPAL,PRESTAMOS,70215,Generado,111113612004634,2026-04-23 18:55:23,[object Object]
122,https://fooaxstorage.sfo3.digitaloceanspaces.com/expedientes/clientes/11112862419/estado_cuenta_11112862419_2026-04-23T18-57-31-689Z.json,expedientes/clientes/11112862419/estado_cuenta_11112862419_2026-04-23T18-57-31-689Z.json,JSON,ESTADO_CUENTA_CLIENTE,85839,Generado,111113612603105,2026-04-23 18:57:32,[object Object]
123,https://fooaxstorage.sfo3.digitaloceanspaces.com/Prestamos/pagare_grupal/111113612004634_20260424204558_424.pdf,Prestamos/pagare_grupal/111113612004634_20260424204558_424.pdf,PAGARE_GRUPAL,PRESTAMOS,70239,Generado,111113612004634,2026-04-24 20:45:59,[object Object]
124,https://fooaxstorage.sfo3.digitaloceanspaces.com/Prestamos/pagare_grupal/111113612004634_20260424205440_374.pdf,Prestamos/pagare_grupal/111113612004634_20260424205440_374.pdf,PAGARE_GRUPAL,PRESTAMOS,70419,Generado,111113612004634,2026-04-24 20:54:41,[object Object]
125,https://fooaxstorage.sfo3.digitaloceanspaces.com/Prestamos/pagare_grupal/111113612004634_20260424210207_662.pdf,Prestamos/pagare_grupal/111113612004634_20260424210207_662.pdf,PAGARE_GRUPAL,PRESTAMOS,70256,Generado,111113612004634,2026-04-24 21:02:07,[object Object]
126,https://fooaxstorage.sfo3.digitaloceanspaces.com/Prestamos/pagare_grupal/111113612004634_20260424211308_838.pdf,Prestamos/pagare_grupal/111113612004634_20260424211308_838.pdf,PAGARE_GRUPAL,PRESTAMOS,70238,Generado,111113612004634,2026-04-24 21:13:09,[object Object]
127,https://fooaxstorage.sfo3.digitaloceanspaces.com/Prestamos/pagare_grupal/111113612004634_20260424212042_820.pdf,Prestamos/pagare_grupal/111113612004634_20260424212042_820.pdf,PAGARE_GRUPAL,PRESTAMOS,70184,Generado,111113612004634,2026-04-24 21:20:42,[object Object]
128,https://fooaxstorage.sfo3.digitaloceanspaces.com/Prestamos/pagare_grupal/111113612004634_20260424212726_433.pdf,Prestamos/pagare_grupal/111113612004634_20260424212726_433.pdf,PAGARE_GRUPAL,PRESTAMOS,70233,Generado,111113612004634,2026-04-24 21:27:27,[object Object]
129,https://fooaxstorage.sfo3.digitaloceanspaces.com/Prestamos/pagare_grupal/111113612004634_20260424223113_462.pdf,Prestamos/pagare_grupal/111113612004634_20260424223113_462.pdf,PAGARE_GRUPAL,PRESTAMOS,70252,Generado,111113612004634,2026-04-24 22:31:13,[object Object]
130,https://fooaxstorage.sfo3.digitaloceanspaces.com/Prestamos/pagare_grupal/111113612004634_20260424225131_254.pdf,Prestamos/pagare_grupal/111113612004634_20260424225131_254.pdf,PAGARE_GRUPAL,PRESTAMOS,70275,Generado,111113612004634,2026-04-24 22:51:31,[object Object]
131,https://fooaxstorage.sfo3.digitaloceanspaces.com/Prestamos/pagare_grupal/111113612004634_20260425153546_698.pdf,Prestamos/pagare_grupal/111113612004634_20260425153546_698.pdf,PAGARE_GRUPAL,PRESTAMOS,70270,Generado,111113612004634,2026-04-25 15:35:47,[object Object]
132,https://fooaxstorage.sfo3.digitaloceanspaces.com/Garantia_Adicional/retiro_grupal/111113612603105_20260425153914_133_centro_2_SAN_MIGUEL.pdf,Garantia_Adicional/retiro_grupal/111113612603105_20260425153914_133_centro_2_SAN_MIGUEL.pdf,RETIRO_GARANTIA_ADICIONAL_GRUPAL,GARANTIA_ADICIONAL,140368,Generado,111113612603105,2026-04-25 15:39:14,[object Object]
133,https://fooaxstorage.sfo3.digitaloceanspaces.com/Garantia_Adicional/retiro_individual/111113612603105_20260425161634_570.pdf,Garantia_Adicional/retiro_individual/111113612603105_20260425161634_570.pdf,RETIRO_GARANTIA_ADICIONAL_INDIVIDUAL,GARANTIA_ADICIONAL,140366,Generado,111113612603105,2026-04-25 16:16:34,[object Object]
134,https://fooaxstorage.sfo3.digitaloceanspaces.com/Prestamos/pagare_grupal/111113612004634_20260425162845_903.pdf,Prestamos/pagare_grupal/111113612004634_20260425162845_903.pdf,PAGARE_GRUPAL,PRESTAMOS,70211,Generado,111113612004634,2026-04-25 16:28:46,[object Object]
135,https://fooaxstorage.sfo3.digitaloceanspaces.com/Creditos/pagare_centro/111113612004634_20260425163433_315.pdf,Creditos/pagare_centro/111113612004634_20260425163433_315.pdf,PAGARE_CENTRO,CREDITOS,73337,Generado,111113612004634,2026-04-25 16:34:34,[object Object]
136,/pagares/centers/54,pagare_BARCHIEL.pdf,PDF,PAGARE_CENTER,,Generado,111113612004634,2026-04-25 16:34:34,[object Object]
137,https://fooaxstorage.sfo3.digitaloceanspaces.com/Garantia_Adicional/retiro_individual/111113612603105_20260425164707_5.pdf,Garantia_Adicional/retiro_individual/111113612603105_20260425164707_5.pdf,RETIRO_GARANTIA_ADICIONAL_INDIVIDUAL,GARANTIA_ADICIONAL,140365,Generado,111113612603105,2026-04-25 16:47:08,[object Object]
138,https://fooaxstorage.sfo3.digitaloceanspaces.com/Prestamos/pagare_grupal/111113612004634_20260425170203_639.pdf,Prestamos/pagare_grupal/111113612004634_20260425170203_639.pdf,PAGARE_GRUPAL,PRESTAMOS,70246,Generado,111113612004634,2026-04-25 17:02:04,[object Object]
139,https://fooaxstorage.sfo3.digitaloceanspaces.com/Prestamos/pagare_grupal/111113612004634_20260425171553_591.pdf,Prestamos/pagare_grupal/111113612004634_20260425171553_591.pdf,PAGARE_GRUPAL,PRESTAMOS,70230,Generado,111113612004634,2026-04-25 17:15:53,[object Object]
140,https://fooaxstorage.sfo3.digitaloceanspaces.com/Garantia_Adicional/retiro_individual/111113612603105_20260425171933_347.pdf,Garantia_Adicional/retiro_individual/111113612603105_20260425171933_347.pdf,RETIRO_GARANTIA_ADICIONAL_INDIVIDUAL,GARANTIA_ADICIONAL,140367,Generado,111113612603105,2026-04-25 17:19:34,[object Object]
141,https://fooaxstorage.sfo3.digitaloceanspaces.com/Prestamos/pagare_grupal/111113612004634_20260425172459_417.pdf,Prestamos/pagare_grupal/111113612004634_20260425172459_417.pdf,PAGARE_GRUPAL,PRESTAMOS,70187,Generado,111113612004634,2026-04-25 17:24:59,[object Object]
142,https://fooaxstorage.sfo3.digitaloceanspaces.com/Creditos/pagare_centro/111113612004634_20260425173552_336.pdf,Creditos/pagare_centro/111113612004634_20260425173552_336.pdf,PAGARE_CENTRO,CREDITOS,74549,Generado,111113612004634,2026-04-25 17:35:53,[object Object]
143,/pagares/centers/19,pagare_FERRERIA.pdf,PDF,PAGARE_CENTER,,Generado,111113612004634,2026-04-25 17:35:53,[object Object]
144,https://fooaxstorage.sfo3.digitaloceanspaces.com/Garantia_Adicional/retiro_grupal/111113612603105_20260425174558_702_centro_10_TENEXPAM.pdf,Garantia_Adicional/retiro_grupal/111113612603105_20260425174558_702_centro_10_TENEXPAM.pdf,RETIRO_GARANTIA_ADICIONAL_GRUPAL,GARANTIA_ADICIONAL,140486,Generado,111113612603105,2026-04-25 17:45:58,[object Object]
145,https://fooaxstorage.sfo3.digitaloceanspaces.com/Garantia_Adicional/retiro_grupal/111113612603105_20260425175613_493_centro_8_HIGA.pdf,Garantia_Adicional/retiro_grupal/111113612603105_20260425175613_493_centro_8_HIGA.pdf,RETIRO_GARANTIA_ADICIONAL_GRUPAL,GARANTIA_ADICIONAL,140434,Generado,111113612603105,2026-04-25 17:56:13,[object Object]
146,https://fooaxstorage.sfo3.digitaloceanspaces.com/Garantia_Adicional/retiro_grupal/111113612603105_20260425180927_339_centro_32_VERINIEL.pdf,Garantia_Adicional/retiro_grupal/111113612603105_20260425180927_339_centro_32_VERINIEL.pdf,RETIRO_GARANTIA_ADICIONAL_GRUPAL,GARANTIA_ADICIONAL,140343,Generado,111113612603105,2026-04-25 18:09:27,[object Object]
147,https://fooaxstorage.sfo3.digitaloceanspaces.com/Garantia_Adicional/retiro_grupal/111113612603105_20260425182313_378_centro_12_YESERAYE.pdf,Garantia_Adicional/retiro_grupal/111113612603105_20260425182313_378_centro_12_YESERAYE.pdf,RETIRO_GARANTIA_ADICIONAL_GRUPAL,GARANTIA_ADICIONAL,140349,Generado,111113612603105,2026-04-25 18:23:14,[object Object]
148,https://fooaxstorage.sfo3.digitaloceanspaces.com/Garantia_Adicional/retiro_grupal/111113612603105_20260427160403_244_centro_24_LA_CONSENTIDA.pdf,Garantia_Adicional/retiro_grupal/111113612603105_20260427160403_244_centro_24_LA_CONSENTIDA.pdf,RETIRO_GARANTIA_ADICIONAL_GRUPAL,GARANTIA_ADICIONAL,141013,Generado,111113612603105,2026-04-27 16:04:04,[object Object]
149,https://fooaxstorage.sfo3.digitaloceanspaces.com/Garantia_Adicional/retiro_grupal/111113612603105_20260427163308_523_centro_33_24_DE_FEBRERO.pdf,Garantia_Adicional/retiro_grupal/111113612603105_20260427163308_523_centro_33_24_DE_FEBRERO.pdf,RETIRO_GARANTIA_ADICIONAL_GRUPAL,GARANTIA_ADICIONAL,140460,Generado,111113612603105,2026-04-27 16:33:08,[object Object]
150,https://fooaxstorage.sfo3.digitaloceanspaces.com/Garantia_Adicional/retiro_grupal/111113612603105_20260427192852_688_centro_26_SAN_PABLO_HUITZO.pdf,Garantia_Adicional/retiro_grupal/111113612603105_20260427192852_688_centro_26_SAN_PABLO_HUITZO.pdf,RETIRO_GARANTIA_ADICIONAL_GRUPAL,GARANTIA_ADICIONAL,140536,Generado,111113612603105,2026-04-27 19:28:53,[object Object]
151,https://fooaxstorage.sfo3.digitaloceanspaces.com/Garantia_Adicional/retiro_grupal/111113612603105_20260427194314_20_centro_14_PE_ITAS.pdf,Garantia_Adicional/retiro_grupal/111113612603105_20260427194314_20_centro_14_PE_ITAS.pdf,RETIRO_GARANTIA_ADICIONAL_GRUPAL,GARANTIA_ADICIONAL,140513,Generado,111113612603105,2026-04-27 19:43:14,[object Object]
152,https://fooaxstorage.sfo3.digitaloceanspaces.com/Garantia_Adicional/retiro_grupal/111113612603105_20260427195108_734_centro_9_LA_JOYA.pdf,Garantia_Adicional/retiro_grupal/111113612603105_20260427195108_734_centro_9_LA_JOYA.pdf,RETIRO_GARANTIA_ADICIONAL_GRUPAL,GARANTIA_ADICIONAL,140531,Generado,111113612603105,2026-04-27 19:51:09,[object Object]
153,https://fooaxstorage.sfo3.digitaloceanspaces.com/Garantia_Adicional/retiro_grupal/111113612603105_20260427203011_342_centro_38_TARA.pdf,Garantia_Adicional/retiro_grupal/111113612603105_20260427203011_342_centro_38_TARA.pdf,RETIRO_GARANTIA_ADICIONAL_GRUPAL,GARANTIA_ADICIONAL,140453,Generado,111113612603105,2026-04-27 20:30:12,[object Object]
154,https://fooaxstorage.sfo3.digitaloceanspaces.com/Prestamos/pagare_individual/111113612004634_20260427215829_792.pdf,Prestamos/pagare_individual/111113612004634_20260427215829_792.pdf,PAGARE_INDIVIDUAL,PRESTAMOS,70527,Generado,111113612004634,2026-04-27 21:58:30,[object Object]
155,/pagares/loans/1761,pagare_prestamo_1761.pdf,PDF,PAGARE_LOAN,,Generado,111113612004634,2026-04-27 21:58:30,[object Object]
156,https://fooaxstorage.sfo3.digitaloceanspaces.com/Creditos/pagare_centro/111113612004634_20260428225302_306.pdf,Creditos/pagare_centro/111113612004634_20260428225302_306.pdf,PAGARE_CENTRO,CREDITOS,78779,Generado,111113612004634,2026-04-28 22:53:03,[object Object]
157,/pagares/centers/33,pagare_24_DE_FEBRERO.pdf,PDF,PAGARE_CENTER,,Generado,111113612004634,2026-04-28 22:53:03,[object Object]
158,https://fooaxstorage.sfo3.digitaloceanspaces.com/Prestamos/pagare_grupal/111113612004634_20260429145252_314.pdf,Prestamos/pagare_grupal/111113612004634_20260429145252_314.pdf,PAGARE_GRUPAL,PRESTAMOS,70229,Generado,111113612004634,2026-04-29 14:52:53,[object Object]
159,https://fooaxstorage.sfo3.digitaloceanspaces.com/Prestamos/pagare_grupal/111113612004634_20260429151952_871.pdf,Prestamos/pagare_grupal/111113612004634_20260429151952_871.pdf,PAGARE_GRUPAL,PRESTAMOS,70260,Generado,111113612004634,2026-04-29 15:19:52,[object Object]
160,https://fooaxstorage.sfo3.digitaloceanspaces.com/Prestamos/pagare_grupal/111113612004634_20260429153021_760.pdf,Prestamos/pagare_grupal/111113612004634_20260429153021_760.pdf,PAGARE_GRUPAL,PRESTAMOS,70233,Generado,111113612004634,2026-04-29 15:30:22,[object Object]
161,https://fooaxstorage.sfo3.digitaloceanspaces.com/Prestamos/pagare_grupal/111113612004634_20260429154039_68.pdf,Prestamos/pagare_grupal/111113612004634_20260429154039_68.pdf,PAGARE_GRUPAL,PRESTAMOS,70417,Generado,111113612004634,2026-04-29 15:40:40,[object Object]
162,https://fooaxstorage.sfo3.digitaloceanspaces.com/Prestamos/pagare_individual/111113612004634_20260429181925_693.pdf,Prestamos/pagare_individual/111113612004634_20260429181925_693.pdf,PAGARE_INDIVIDUAL,PRESTAMOS,70369,Generado,111113612004634,2026-04-29 18:19:25,[object Object]
163,/pagares/loans/1768,pagare_prestamo_1768.pdf,PDF,PAGARE_LOAN,,Generado,111113612004634,2026-04-29 18:19:25,[object Object]
164,https://fooaxstorage.sfo3.digitaloceanspaces.com/Prestamos/pagare_individual/111113612004634_20260429183002_431.pdf,Prestamos/pagare_individual/111113612004634_20260429183002_431.pdf,PAGARE_INDIVIDUAL,PRESTAMOS,70524,Generado,111113612004634,2026-04-29 18:30:02,[object Object]
165,/pagares/loans/1769,pagare_prestamo_1769.pdf,PDF,PAGARE_LOAN,,Generado,111113612004634,2026-04-29 18:30:02,[object Object]
166,https://fooaxstorage.sfo3.digitaloceanspaces.com/Prestamos/pagare_grupal/111113612004634_20260429213458_383.pdf,Prestamos/pagare_grupal/111113612004634_20260429213458_383.pdf,PAGARE_GRUPAL,PRESTAMOS,70252,Generado,111113612004634,2026-04-29 21:34:58,[object Object]
167,https://fooaxstorage.sfo3.digitaloceanspaces.com/Prestamos/pagare_grupal/111113612004634_20260429214452_483.pdf,Prestamos/pagare_grupal/111113612004634_20260429214452_483.pdf,PAGARE_GRUPAL,PRESTAMOS,70243,Generado,111113612004634,2026-04-29 21:44:53,[object Object]
168,https://fooaxstorage.sfo3.digitaloceanspaces.com/Prestamos/pagare_individual/111113612004634_20260430175704_333.pdf,Prestamos/pagare_individual/111113612004634_20260430175704_333.pdf,PAGARE_INDIVIDUAL,PRESTAMOS,70354,Generado,111113612004634,2026-04-30 17:57:04,[object Object]
169,/pagares/loans/1772,pagare_prestamo_1772.pdf,PDF,PAGARE_LOAN,,Generado,111113612004634,2026-04-30 17:57:04,[object Object]
170,https://fooaxstorage.sfo3.digitaloceanspaces.com/Prestamos/pagare_grupal/111113612004634_20260430180726_478.pdf,Prestamos/pagare_grupal/111113612004634_20260430180726_478.pdf,PAGARE_GRUPAL,PRESTAMOS,70264,Generado,111113612004634,2026-04-30 18:07:27,[object Object]
171,https://fooaxstorage.sfo3.digitaloceanspaces.com/Prestamos/pagare_grupal/111113612004634_20260430181448_392.pdf,Prestamos/pagare_grupal/111113612004634_20260430181448_392.pdf,PAGARE_GRUPAL,PRESTAMOS,70215,Generado,111113612004634,2026-04-30 18:14:48,[object Object]
172,https://fooaxstorage.sfo3.digitaloceanspaces.com/Prestamos/pagare_grupal/111113612004634_20260430182002_993.pdf,Prestamos/pagare_grupal/111113612004634_20260430182002_993.pdf,PAGARE_GRUPAL,PRESTAMOS,70221,Generado,111113612004634,2026-04-30 18:20:03,[object Object]
173,https://fooaxstorage.sfo3.digitaloceanspaces.com/Prestamos/pagare_grupal/111113612004634_20260430183103_849.pdf,Prestamos/pagare_grupal/111113612004634_20260430183103_849.pdf,PAGARE_GRUPAL,PRESTAMOS,70239,Generado,111113612004634,2026-04-30 18:31:03,[object Object]
174,https://fooaxstorage.sfo3.digitaloceanspaces.com/Prestamos/pagare_grupal/111113612004634_20260430183613_8.pdf,Prestamos/pagare_grupal/111113612004634_20260430183613_8.pdf,PAGARE_GRUPAL,PRESTAMOS,70381,Generado,111113612004634,2026-04-30 18:36:13,[object Object]
175,https://fooaxstorage.sfo3.digitaloceanspaces.com/Prestamos/pagare_grupal/111113612004634_20260430184333_795.pdf,Prestamos/pagare_grupal/111113612004634_20260430184333_795.pdf,PAGARE_GRUPAL,PRESTAMOS,70241,Generado,111113612004634,2026-04-30 18:43:34,[object Object]
176,https://fooaxstorage.sfo3.digitaloceanspaces.com/Prestamos/pagare_grupal/111113612004634_20260430185112_649.pdf,Prestamos/pagare_grupal/111113612004634_20260430185112_649.pdf,PAGARE_GRUPAL,PRESTAMOS,70245,Generado,111113612004634,2026-04-30 18:51:13,[object Object]
177,https://fooaxstorage.sfo3.digitaloceanspaces.com/Prestamos/pagare_grupal/111113612004634_20260430190300_147.pdf,Prestamos/pagare_grupal/111113612004634_20260430190300_147.pdf,PAGARE_GRUPAL,PRESTAMOS,70412,Generado,111113612004634,2026-04-30 19:03:00,[object Object]
178,https://fooaxstorage.sfo3.digitaloceanspaces.com/Prestamos/pagare_grupal/111113612004634_20260430215449_163.pdf,Prestamos/pagare_grupal/111113612004634_20260430215449_163.pdf,PAGARE_GRUPAL,PRESTAMOS,70225,Generado,111113612004634,2026-04-30 21:54:49,[object Object]
179,https://fooaxstorage.sfo3.digitaloceanspaces.com/Prestamos/pagare_grupal/111113612004634_20260430230802_455.pdf,Prestamos/pagare_grupal/111113612004634_20260430230802_455.pdf,PAGARE_GRUPAL,PRESTAMOS,70414,Generado,111113612004634,2026-04-30 23:08:03,[object Object]
180,https://fooaxstorage.sfo3.digitaloceanspaces.com/Garantia_Adicional/retiro_individual/111113612603105_20260502182553_907.pdf,Garantia_Adicional/retiro_individual/111113612603105_20260502182553_907.pdf,RETIRO_GARANTIA_ADICIONAL_INDIVIDUAL,GARANTIA_ADICIONAL,140424,Generado,111113612603105,2026-05-02 18:25:54,[object Object]
181,https://fooaxstorage.sfo3.digitaloceanspaces.com/Garantia_Adicional/retiro_individual/111113612603105_20260502183039_97.pdf,Garantia_Adicional/retiro_individual/111113612603105_20260502183039_97.pdf,RETIRO_GARANTIA_ADICIONAL_INDIVIDUAL,GARANTIA_ADICIONAL,140422,Generado,111113612603105,2026-05-02 18:30:40,[object Object]
182,https://fooaxstorage.sfo3.digitaloceanspaces.com/Garantia_Adicional/retiro_individual/111113612603105_20260504165111_162.pdf,Garantia_Adicional/retiro_individual/111113612603105_20260504165111_162.pdf,RETIRO_GARANTIA_ADICIONAL_INDIVIDUAL,GARANTIA_ADICIONAL,140422,Generado,111113612603105,2026-05-04 16:51:11,[object Object]
183,https://fooaxstorage.sfo3.digitaloceanspaces.com/Garantia_Adicional/retiro_grupal/111113612603105_20260504174905_939_centro_45_YA_MUGHNI.pdf,Garantia_Adicional/retiro_grupal/111113612603105_20260504174905_939_centro_45_YA_MUGHNI.pdf,RETIRO_GARANTIA_ADICIONAL_GRUPAL,GARANTIA_ADICIONAL,140640,Generado,111113612603105,2026-05-04 17:49:05,[object Object]
184,https://fooaxstorage.sfo3.digitaloceanspaces.com/Garantia_Adicional/retiro_individual/111113612603105_20260504180032_575.pdf,Garantia_Adicional/retiro_individual/111113612603105_20260504180032_575.pdf,RETIRO_GARANTIA_ADICIONAL_INDIVIDUAL,GARANTIA_ADICIONAL,140422,Generado,111113612603105,2026-05-04 18:00:33,[object Object]
185,https://fooaxstorage.sfo3.digitaloceanspaces.com/Garantia_Adicional/retiro_grupal/111113612603105_20260504182718_691_centro_3_MALAHIDAEL.pdf,Garantia_Adicional/retiro_grupal/111113612603105_20260504182718_691_centro_3_MALAHIDAEL.pdf,RETIRO_GARANTIA_ADICIONAL_GRUPAL,GARANTIA_ADICIONAL,140611,Generado,111113612603105,2026-05-04 18:27:19,[object Object]
186,https://fooaxstorage.sfo3.digitaloceanspaces.com/Garantia_Adicional/retiro_grupal/111113612603105_20260504191914_807_centro_24_LA_CONSENTIDA.pdf,Garantia_Adicional/retiro_grupal/111113612603105_20260504191914_807_centro_24_LA_CONSENTIDA.pdf,RETIRO_GARANTIA_ADICIONAL_GRUPAL,GARANTIA_ADICIONAL,140666,Generado,111113612603105,2026-05-04 19:19:15,[object Object]
187,https://fooaxstorage.sfo3.digitaloceanspaces.com/Garantia_Adicional/retiro_grupal/111113612603105_20260504201353_22_centro_44_ADNACHIEL.pdf,Garantia_Adicional/retiro_grupal/111113612603105_20260504201353_22_centro_44_ADNACHIEL.pdf,RETIRO_GARANTIA_ADICIONAL_GRUPAL,GARANTIA_ADICIONAL,140486,Generado,111113612603105,2026-05-04 20:13:53,[object Object]
188,https://fooaxstorage.sfo3.digitaloceanspaces.com/Garantia_Adicional/retiro_grupal/111113612603105_20260504204604_661_centro_54_BARCHIEL.pdf,Garantia_Adicional/retiro_grupal/111113612603105_20260504204604_661_centro_54_BARCHIEL.pdf,RETIRO_GARANTIA_ADICIONAL_GRUPAL,GARANTIA_ADICIONAL,140528,Generado,111113612603105,2026-05-04 20:46:04,[object Object]
189,https://fooaxstorage.sfo3.digitaloceanspaces.com/Garantia_Adicional/retiro_grupal/111113612603105_20260504211650_57_centro_21_ESMERALDA.pdf,Garantia_Adicional/retiro_grupal/111113612603105_20260504211650_57_centro_21_ESMERALDA.pdf,RETIRO_GARANTIA_ADICIONAL_GRUPAL,GARANTIA_ADICIONAL,140610,Generado,111113612603105,2026-05-04 21:16:51,[object Object]
190,https://fooaxstorage.sfo3.digitaloceanspaces.com/Garantia_Adicional/retiro_grupal/111113612603105_20260505154914_564_centro_10_TENEXPAM.pdf,Garantia_Adicional/retiro_grupal/111113612603105_20260505154914_564_centro_10_TENEXPAM.pdf,RETIRO_GARANTIA_ADICIONAL_GRUPAL,GARANTIA_ADICIONAL,140769,Generado,111113612603105,2026-05-05 15:49:14,[object Object]
191,https://fooaxstorage.sfo3.digitaloceanspaces.com/Garantia_Adicional/retiro_grupal/111113612603105_20260505160756_252_centro_39_SAN_JUAN_DEL_ESTADO.pdf,Garantia_Adicional/retiro_grupal/111113612603105_20260505160756_252_centro_39_SAN_JUAN_DEL_ESTADO.pdf,RETIRO_GARANTIA_ADICIONAL_GRUPAL,GARANTIA_ADICIONAL,140533,Generado,111113612603105,2026-05-05 16:07:57,[object Object]
192,https://fooaxstorage.sfo3.digitaloceanspaces.com/Garantia_Adicional/retiro_grupal/111113612603105_20260505162724_582_centro_2_SAN_MIGUEL.pdf,Garantia_Adicional/retiro_grupal/111113612603105_20260505162724_582_centro_2_SAN_MIGUEL.pdf,RETIRO_GARANTIA_ADICIONAL_GRUPAL,GARANTIA_ADICIONAL,140576,Generado,111113612603105,2026-05-05 16:27:24,[object Object]
193,https://fooaxstorage.sfo3.digitaloceanspaces.com/Prestamos/pagare_grupal/111113612004634_20260506151950_497.pdf,Prestamos/pagare_grupal/111113612004634_20260506151950_497.pdf,PAGARE_GRUPAL,PRESTAMOS,70267,Generado,111113612004634,2026-05-06 15:19:50,[object Object]
194,https://fooaxstorage.sfo3.digitaloceanspaces.com/Prestamos/pagare_grupal/111113612004634_20260506160713_646.pdf,Prestamos/pagare_grupal/111113612004634_20260506160713_646.pdf,PAGARE_GRUPAL,PRESTAMOS,70241,Generado,111113612004634,2026-05-06 16:07:14,[object Object]
195,https://fooaxstorage.sfo3.digitaloceanspaces.com/Prestamos/pagare_grupal/111113612004634_20260506164759_427.pdf,Prestamos/pagare_grupal/111113612004634_20260506164759_427.pdf,PAGARE_GRUPAL,PRESTAMOS,70246,Generado,111113612004634,2026-05-06 16:47:59,[object Object]
196,https://fooaxstorage.sfo3.digitaloceanspaces.com/Prestamos/pagare_grupal/111113612004634_20260506165345_890.pdf,Prestamos/pagare_grupal/111113612004634_20260506165345_890.pdf,PAGARE_GRUPAL,PRESTAMOS,70217,Generado,111113612004634,2026-05-06 16:53:45,[object Object]
197,https://fooaxstorage.sfo3.digitaloceanspaces.com/Prestamos/pagare_grupal/111113612004634_20260506195037_280.pdf,Prestamos/pagare_grupal/111113612004634_20260506195037_280.pdf,PAGARE_GRUPAL,PRESTAMOS,70203,Generado,111113612004634,2026-05-06 19:50:37,[object Object]
198,https://fooaxstorage.sfo3.digitaloceanspaces.com/Prestamos/pagare_grupal/111113612004634_20260506201205_627.pdf,Prestamos/pagare_grupal/111113612004634_20260506201205_627.pdf,PAGARE_GRUPAL,PRESTAMOS,70403,Generado,111113612004634,2026-05-06 20:12:06,[object Object]
199,https://fooaxstorage.sfo3.digitaloceanspaces.com/Prestamos/pagare_individual/111113612004634_20260506220030_649.pdf,Prestamos/pagare_individual/111113612004634_20260506220030_649.pdf,PAGARE_INDIVIDUAL,PRESTAMOS,70391,Generado,111113612004634,2026-05-06 22:00:31,[object Object]
200,/pagares/loans/1793,pagare_prestamo_1793.pdf,PDF,PAGARE_LOAN,,Generado,111113612004634,2026-05-06 22:00:31,[object Object]
201,https://fooaxstorage.sfo3.digitaloceanspaces.com/Creditos/pagare_centro/111113612004634_20260506223059_400.pdf,Creditos/pagare_centro/111113612004634_20260506223059_400.pdf,PAGARE_CENTRO,CREDITOS,73548,Generado,111113612004634,2026-05-06 22:31:00,[object Object]
202,/pagares/centers/22,pagare_TETICHE.pdf,PDF,PAGARE_CENTER,,Generado,111113612004634,2026-05-06 22:31:00,[object Object]
203,https://fooaxstorage.sfo3.digitaloceanspaces.com/Creditos/pagare_centro/111113612004634_20260506223433_556.pdf,Creditos/pagare_centro/111113612004634_20260506223433_556.pdf,PAGARE_CENTRO,CREDITOS,75766,Generado,111113612004634,2026-05-06 22:34:34,[object Object]
204,/pagares/centers/10,pagare_TENEXPAM.pdf,PDF,PAGARE_CENTER,,Generado,111113612004634,2026-05-06 22:34:34,[object Object]
205,https://fooaxstorage.sfo3.digitaloceanspaces.com/Prestamos/pagare_grupal/111113612004634_20260507153359_740.pdf,Prestamos/pagare_grupal/111113612004634_20260507153359_740.pdf,PAGARE_GRUPAL,PRESTAMOS,70248,Generado,111113612004634,2026-05-07 15:34:00,[object Object]
206,https://fooaxstorage.sfo3.digitaloceanspaces.com/Prestamos/pagare_individual/111113612004634_20260507162439_558.pdf,Prestamos/pagare_individual/111113612004634_20260507162439_558.pdf,PAGARE_INDIVIDUAL,PRESTAMOS,70371,Generado,111113612004634,2026-05-07 16:24:40,[object Object]
207,/pagares/loans/1795,pagare_prestamo_1795.pdf,PDF,PAGARE_LOAN,,Generado,111113612004634,2026-05-07 16:24:40,[object Object]
208,https://fooaxstorage.sfo3.digitaloceanspaces.com/Prestamos/pagare_individual/111113612004634_20260507163947_148.pdf,Prestamos/pagare_individual/111113612004634_20260507163947_148.pdf,PAGARE_INDIVIDUAL,PRESTAMOS,70564,Generado,111113612004634,2026-05-07 16:39:48,[object Object]
209,/pagares/loans/1796,pagare_prestamo_1796.pdf,PDF,PAGARE_LOAN,,Generado,111113612004634,2026-05-07 16:39:48,[object Object]
210,https://fooaxstorage.sfo3.digitaloceanspaces.com/Prestamos/pagare_individual/111113612004634_20260507164953_602.pdf,Prestamos/pagare_individual/111113612004634_20260507164953_602.pdf,PAGARE_INDIVIDUAL,PRESTAMOS,70393,Generado,111113612004634,2026-05-07 16:49:54,[object Object]
211,/pagares/loans/1797,pagare_prestamo_1797.pdf,PDF,PAGARE_LOAN,,Generado,111113612004634,2026-05-07 16:49:54,[object Object]
212,https://fooaxstorage.sfo3.digitaloceanspaces.com/Prestamos/pagare_individual/111113612004634_20260507171448_111.pdf,Prestamos/pagare_individual/111113612004634_20260507171448_111.pdf,PAGARE_INDIVIDUAL,PRESTAMOS,70382,Generado,111113612004634,2026-05-07 17:14:48,[object Object]
213,/pagares/loans/1798,pagare_prestamo_1798.pdf,PDF,PAGARE_LOAN,,Generado,111113612004634,2026-05-07 17:14:48,[object Object]
214,https://fooaxstorage.sfo3.digitaloceanspaces.com/Prestamos/pagare_grupal/111113612004634_20260507173239_338.pdf,Prestamos/pagare_grupal/111113612004634_20260507173239_338.pdf,PAGARE_GRUPAL,PRESTAMOS,71616,Generado,111113612004634,2026-05-07 17:32:40,[object Object]
215,https://fooaxstorage.sfo3.digitaloceanspaces.com/Prestamos/pagare_grupal/111113612004634_20260507175324_481.pdf,Prestamos/pagare_grupal/111113612004634_20260507175324_481.pdf,PAGARE_GRUPAL,PRESTAMOS,70398,Generado,111113612004634,2026-05-07 17:53:24,[object Object]
216,https://fooaxstorage.sfo3.digitaloceanspaces.com/Prestamos/pagare_grupal/111113612004634_20260507175922_200.pdf,Prestamos/pagare_grupal/111113612004634_20260507175922_200.pdf,PAGARE_GRUPAL,PRESTAMOS,70211,Generado,111113612004634,2026-05-07 17:59:23,[object Object]
217,https://fooaxstorage.sfo3.digitaloceanspaces.com/Prestamos/pagare_grupal/111113612004634_20260507180424_666.pdf,Prestamos/pagare_grupal/111113612004634_20260507180424_666.pdf,PAGARE_GRUPAL,PRESTAMOS,70236,Generado,111113612004634,2026-05-07 18:04:25,[object Object]
218,https://fooaxstorage.sfo3.digitaloceanspaces.com/Prestamos/pagare_grupal/111113612004634_20260508185225_711.pdf,Prestamos/pagare_grupal/111113612004634_20260508185225_711.pdf,PAGARE_GRUPAL,PRESTAMOS,70255,Generado,111113612004634,2026-05-08 18:52:25,[object Object]
219,https://fooaxstorage.sfo3.digitaloceanspaces.com/Prestamos/pagare_grupal/111113612004634_20260508190225_140.pdf,Prestamos/pagare_grupal/111113612004634_20260508190225_140.pdf,PAGARE_GRUPAL,PRESTAMOS,70233,Generado,111113612004634,2026-05-08 19:02:26,[object Object]
220,https://fooaxstorage.sfo3.digitaloceanspaces.com/Prestamos/pagare_grupal/111113612004634_20260508192837_60.pdf,Prestamos/pagare_grupal/111113612004634_20260508192837_60.pdf,PAGARE_GRUPAL,PRESTAMOS,70234,Generado,111113612004634,2026-05-08 19:28:37,[object Object]
221,https://fooaxstorage.sfo3.digitaloceanspaces.com/Prestamos/pagare_grupal/111113612004634_20260508193808_829.pdf,Prestamos/pagare_grupal/111113612004634_20260508193808_829.pdf,PAGARE_GRUPAL,PRESTAMOS,70252,Generado,111113612004634,2026-05-08 19:38:09,[object Object]
222,https://fooaxstorage.sfo3.digitaloceanspaces.com/Prestamos/pagare_grupal/111113612004634_20260508194717_890.pdf,Prestamos/pagare_grupal/111113612004634_20260508194717_890.pdf,PAGARE_GRUPAL,PRESTAMOS,70230,Generado,111113612004634,2026-05-08 19:47:18,[object Object]
223,https://fooaxstorage.sfo3.digitaloceanspaces.com/Prestamos/pagare_grupal/111113612004634_20260508215449_485.pdf,Prestamos/pagare_grupal/111113612004634_20260508215449_485.pdf,PAGARE_GRUPAL,PRESTAMOS,70249,Generado,111113612004634,2026-05-08 21:54:50,[object Object]
224,https://fooaxstorage.sfo3.digitaloceanspaces.com/Prestamos/pagare_grupal/111113612004634_20260508221309_642.pdf,Prestamos/pagare_grupal/111113612004634_20260508221309_642.pdf,PAGARE_GRUPAL,PRESTAMOS,70258,Generado,111113612004634,2026-05-08 22:13:10,[object Object]
225,https://fooaxstorage.sfo3.digitaloceanspaces.com/Prestamos/pagare_grupal/111113612004634_20260508222115_540.pdf,Prestamos/pagare_grupal/111113612004634_20260508222115_540.pdf,PAGARE_GRUPAL,PRESTAMOS,70263,Generado,111113612004634,2026-05-08 22:21:15,[object Object]
226,https://fooaxstorage.sfo3.digitaloceanspaces.com/Prestamos/pagare_grupal/111113612004634_20260508224150_984.pdf,Prestamos/pagare_grupal/111113612004634_20260508224150_984.pdf,PAGARE_GRUPAL,PRESTAMOS,70252,Generado,111113612004634,2026-05-08 22:41:51,[object Object]
227,https://fooaxstorage.sfo3.digitaloceanspaces.com/Prestamos/pagare_grupal/111113612004634_20260508231207_308.pdf,Prestamos/pagare_grupal/111113612004634_20260508231207_308.pdf,PAGARE_GRUPAL,PRESTAMOS,70770,Generado,111113612004634,2026-05-08 23:12:08,[object Object]
228,https://fooaxstorage.sfo3.digitaloceanspaces.com/Creditos/pagare_centro/111113612004634_20260508234233_814.pdf,Creditos/pagare_centro/111113612004634_20260508234233_814.pdf,PAGARE_CENTRO,CREDITOS,74549,Generado,111113612004634,2026-05-08 23:42:34,[object Object]
229,/pagares/centers/13,pagare_ESTRELLAS_DEL_FORTIN.pdf,PDF,PAGARE_CENTER,,Generado,111113612004634,2026-05-08 23:42:34,[object Object]
230,https://fooaxstorage.sfo3.digitaloceanspaces.com/Creditos/pagare_centro/111113612004634_20260508234300_284.pdf,Creditos/pagare_centro/111113612004634_20260508234300_284.pdf,PAGARE_CENTRO,CREDITOS,74540,Generado,111113612004634,2026-05-08 23:43:00,[object Object]
231,/pagares/centers/13,pagare_ESTRELLAS_DEL_FORTIN.pdf,PDF,PAGARE_CENTER,,Generado,111113612004634,2026-05-08 23:43:00,[object Object]
232,https://fooaxstorage.sfo3.digitaloceanspaces.com/Prestamos/pagare_grupal/111113612004634_20260509173704_384.pdf,Prestamos/pagare_grupal/111113612004634_20260509173704_384.pdf,PAGARE_GRUPAL,PRESTAMOS,70256,Generado,111113612004634,2026-05-09 17:37:05,[object Object]
233,https://fooaxstorage.sfo3.digitaloceanspaces.com/Garantia_Adicional/retiro_grupal/111113612603105_20260511152147_215_centro_14_PE_ITAS.pdf,Garantia_Adicional/retiro_grupal/111113612603105_20260511152147_215_centro_14_PE_ITAS.pdf,RETIRO_GARANTIA_ADICIONAL_GRUPAL,GARANTIA_ADICIONAL,140507,Generado,111113612603105,2026-05-11 15:21:48,[object Object]
234,https://fooaxstorage.sfo3.digitaloceanspaces.com/Garantia_Adicional/retiro_grupal/111113612603105_20260511172351_707_centro_1_BONI_BACUM.pdf,Garantia_Adicional/retiro_grupal/111113612603105_20260511172351_707_centro_1_BONI_BACUM.pdf,RETIRO_GARANTIA_ADICIONAL_GRUPAL,GARANTIA_ADICIONAL,140696,Generado,111113612603105,2026-05-11 17:23:52,[object Object]
235,https://fooaxstorage.sfo3.digitaloceanspaces.com/Garantia_Adicional/retiro_grupal/111113612603105_20260511175152_800_centro_3_MALAHIDAEL.pdf,Garantia_Adicional/retiro_grupal/111113612603105_20260511175152_800_centro_3_MALAHIDAEL.pdf,RETIRO_GARANTIA_ADICIONAL_GRUPAL,GARANTIA_ADICIONAL,140551,Generado,111113612603105,2026-05-11 17:51:53,[object Object]
236,https://fooaxstorage.sfo3.digitaloceanspaces.com/Garantia_Adicional/retiro_grupal/111113612603105_20260511181100_759_centro_6_APASCO.pdf,Garantia_Adicional/retiro_grupal/111113612603105_20260511181100_759_centro_6_APASCO.pdf,RETIRO_GARANTIA_ADICIONAL_GRUPAL,GARANTIA_ADICIONAL,140509,Generado,111113612603105,2026-05-11 18:11:01,[object Object]
237,https://fooaxstorage.sfo3.digitaloceanspaces.com/Garantia_Adicional/retiro_grupal/111113612603105_20260511183631_386_centro_25_SUCHIL.pdf,Garantia_Adicional/retiro_grupal/111113612603105_20260511183631_386_centro_25_SUCHIL.pdf,RETIRO_GARANTIA_ADICIONAL_GRUPAL,GARANTIA_ADICIONAL,140561,Generado,111113612603105,2026-05-11 18:36:32,[object Object]
238,https://fooaxstorage.sfo3.digitaloceanspaces.com/Garantia_Adicional/retiro_grupal/111113612603105_20260511185507_262_centro_47_GHANIMA.pdf,Garantia_Adicional/retiro_grupal/111113612603105_20260511185507_262_centro_47_GHANIMA.pdf,RETIRO_GARANTIA_ADICIONAL_GRUPAL,GARANTIA_ADICIONAL,140509,Generado,111113612603105,2026-05-11 18:55:08,[object Object]
239,https://fooaxstorage.sfo3.digitaloceanspaces.com/Garantia_Adicional/retiro_grupal/111113612603105_20260511191701_783_centro_54_BARCHIEL.pdf,Garantia_Adicional/retiro_grupal/111113612603105_20260511191701_783_centro_54_BARCHIEL.pdf,RETIRO_GARANTIA_ADICIONAL_GRUPAL,GARANTIA_ADICIONAL,140547,Generado,111113612603105,2026-05-11 19:17:02,[object Object]
240,https://fooaxstorage.sfo3.digitaloceanspaces.com/Prestamos/pagare_individual/111113612603105_20260511193253_672.pdf,Prestamos/pagare_individual/111113612603105_20260511193253_672.pdf,PAGARE_INDIVIDUAL,PRESTAMOS,70358,Generado,111113612603105,2026-05-11 19:32:53,[object Object]
241,/pagares/loans/1772,pagare_prestamo_1772.pdf,PDF,PAGARE_LOAN,,Generado,111113612603105,2026-05-11 19:32:53,[object Object]
242,https://fooaxstorage.sfo3.digitaloceanspaces.com/Garantia_Adicional/retiro_grupal/111113612603105_20260511195354_728_centro_45_YA_MUGHNI.pdf,Garantia_Adicional/retiro_grupal/111113612603105_20260511195354_728_centro_45_YA_MUGHNI.pdf,RETIRO_GARANTIA_ADICIONAL_GRUPAL,GARANTIA_ADICIONAL,140785,Generado,111113612603105,2026-05-11 19:53:55,[object Object]
243,https://fooaxstorage.sfo3.digitaloceanspaces.com/Garantia_Adicional/retiro_individual/111113612603105_20260511200018_543.pdf,Garantia_Adicional/retiro_individual/111113612603105_20260511200018_543.pdf,RETIRO_GARANTIA_ADICIONAL_INDIVIDUAL,GARANTIA_ADICIONAL,140454,Generado,111113612603105,2026-05-11 20:00:19,[object Object]
244,https://fooaxstorage.sfo3.digitaloceanspaces.com/Garantia_Adicional/retiro_grupal/111113612603105_20260511202355_450_centro_28_CAPORALES.pdf,Garantia_Adicional/retiro_grupal/111113612603105_20260511202355_450_centro_28_CAPORALES.pdf,RETIRO_GARANTIA_ADICIONAL_GRUPAL,GARANTIA_ADICIONAL,140675,Generado,111113612603105,2026-05-11 20:23:55,[object Object]
245,https://fooaxstorage.sfo3.digitaloceanspaces.com/Garantia_Adicional/retiro_grupal/111113612603105_20260511204257_736_centro_9_LA_JOYA.pdf,Garantia_Adicional/retiro_grupal/111113612603105_20260511204257_736_centro_9_LA_JOYA.pdf,RETIRO_GARANTIA_ADICIONAL_GRUPAL,GARANTIA_ADICIONAL,140520,Generado,111113612603105,2026-05-11 20:42:57,[object Object]
246,https://fooaxstorage.sfo3.digitaloceanspaces.com/Creditos/pagare_centro/111113612004634_20260511220944_222.pdf,Creditos/pagare_centro/111113612004634_20260511220944_222.pdf,PAGARE_CENTRO,CREDITOS,71702,Generado,111113612004634,2026-05-11 22:09:44,[object Object]
247,/pagares/centers/23,pagare_NAZARENO.pdf,PDF,PAGARE_CENTER,,Generado,111113612004634,2026-05-11 22:09:44,[object Object]
248,https://fooaxstorage.sfo3.digitaloceanspaces.com/Prestamos/pagare_individual/111113612004634_20260513220523_207.pdf,Prestamos/pagare_individual/111113612004634_20260513220523_207.pdf,PAGARE_INDIVIDUAL,PRESTAMOS,70360,Generado,111113612004634,2026-05-13 22:05:23,[object Object]
249,/pagares/loans/1833,pagare_prestamo_1833.pdf,PDF,PAGARE_LOAN,,Generado,111113612004634,2026-05-13 22:05:23,[object Object]
250,https://fooaxstorage.sfo3.digitaloceanspaces.com/Prestamos/pagare_individual/111113612004634_20260513221447_22.pdf,Prestamos/pagare_individual/111113612004634_20260513221447_22.pdf,PAGARE_INDIVIDUAL,PRESTAMOS,70413,Generado,111113612004634,2026-05-13 22:14:47,[object Object]
251,/pagares/loans/1834,pagare_prestamo_1834.pdf,PDF,PAGARE_LOAN,,Generado,111113612004634,2026-05-13 22:14:47,[object Object]
252,https://fooaxstorage.sfo3.digitaloceanspaces.com/Prestamos/pagare_grupal/111113612004634_20260514152007_830.pdf,Prestamos/pagare_grupal/111113612004634_20260514152007_830.pdf,PAGARE_GRUPAL,PRESTAMOS,70225,Generado,111113612004634,2026-05-14 15:20:07,[object Object]
253,https://fooaxstorage.sfo3.digitaloceanspaces.com/Prestamos/pagare_grupal/111113612004634_20260514152926_617.pdf,Prestamos/pagare_grupal/111113612004634_20260514152926_617.pdf,PAGARE_GRUPAL,PRESTAMOS,70226,Generado,111113612004634,2026-05-14 15:29:27,[object Object]
254,https://fooaxstorage.sfo3.digitaloceanspaces.com/Prestamos/pagare_grupal/111113612004634_20260514154556_246.pdf,Prestamos/pagare_grupal/111113612004634_20260514154556_246.pdf,PAGARE_GRUPAL,PRESTAMOS,70245,Generado,111113612004634,2026-05-14 15:45:56,[object Object]
255,https://fooaxstorage.sfo3.digitaloceanspaces.com/Prestamos/pagare_grupal/111113612004634_20260514155235_485.pdf,Prestamos/pagare_grupal/111113612004634_20260514155235_485.pdf,PAGARE_GRUPAL,PRESTAMOS,70239,Generado,111113612004634,2026-05-14 15:52:35,[object Object]
256,https://fooaxstorage.sfo3.digitaloceanspaces.com/Prestamos/pagare_grupal/111113612004634_20260514162249_25.pdf,Prestamos/pagare_grupal/111113612004634_20260514162249_25.pdf,PAGARE_GRUPAL,PRESTAMOS,70397,Generado,111113612004634,2026-05-14 16:22:49,[object Object]
257,https://fooaxstorage.sfo3.digitaloceanspaces.com/Prestamos/pagare_individual/111113612004634_20260514163330_602.pdf,Prestamos/pagare_individual/111113612004634_20260514163330_602.pdf,PAGARE_INDIVIDUAL,PRESTAMOS,70391,Generado,111113612004634,2026-05-14 16:33:30,[object Object]
258,/pagares/loans/1842,pagare_prestamo_1842.pdf,PDF,PAGARE_LOAN,,Generado,111113612004634,2026-05-14 16:33:30,[object Object]
259,https://fooaxstorage.sfo3.digitaloceanspaces.com/Prestamos/pagare_grupal/111113612004634_20260514164505_131.pdf,Prestamos/pagare_grupal/111113612004634_20260514164505_131.pdf,PAGARE_GRUPAL,PRESTAMOS,70435,Generado,111113612004634,2026-05-14 16:45:06,[object Object]
260,https://fooaxstorage.sfo3.digitaloceanspaces.com/Prestamos/pagare_grupal/111113612004634_20260514222449_265.pdf,Prestamos/pagare_grupal/111113612004634_20260514222449_265.pdf,PAGARE_GRUPAL,PRESTAMOS,70231,Generado,111113612004634,2026-05-14 22:24:49,[object Object]
261,https://fooaxstorage.sfo3.digitaloceanspaces.com/Prestamos/pagare_grupal/111113612004634_20260515212533_111.pdf,Prestamos/pagare_grupal/111113612004634_20260515212533_111.pdf,PAGARE_GRUPAL,PRESTAMOS,70243,Generado,111113612004634,2026-05-15 21:25:34,[object Object]
262,https://fooaxstorage.sfo3.digitaloceanspaces.com/Prestamos/pagare_grupal/111113612004634_20260515213339_228.pdf,Prestamos/pagare_grupal/111113612004634_20260515213339_228.pdf,PAGARE_GRUPAL,PRESTAMOS,70250,Generado,111113612004634,2026-05-15 21:33:39,[object Object]
263,https://fooaxstorage.sfo3.digitaloceanspaces.com/Prestamos/pagare_grupal/111113612004634_20260516171504_382.pdf,Prestamos/pagare_grupal/111113612004634_20260516171504_382.pdf,PAGARE_GRUPAL,PRESTAMOS,70389,Generado,111113612004634,2026-05-16 17:15:05,[object Object]
264,https://fooaxstorage.sfo3.digitaloceanspaces.com/Prestamos/pagare_grupal/111113612004634_20260516172053_69.pdf,Prestamos/pagare_grupal/111113612004634_20260516172053_69.pdf,PAGARE_GRUPAL,PRESTAMOS,70229,Generado,111113612004634,2026-05-16 17:20:54,[object Object]
265,https://fooaxstorage.sfo3.digitaloceanspaces.com/Prestamos/pagare_grupal/111113612004634_20260516172707_967.pdf,Prestamos/pagare_grupal/111113612004634_20260516172707_967.pdf,PAGARE_GRUPAL,PRESTAMOS,70219,Generado,111113612004634,2026-05-16 17:27:07,[object Object]
266,https://fooaxstorage.sfo3.digitaloceanspaces.com/Prestamos/pagare_grupal/111113612004634_20260516173315_357.pdf,Prestamos/pagare_grupal/111113612004634_20260516173315_357.pdf,PAGARE_GRUPAL,PRESTAMOS,70249,Generado,111113612004634,2026-05-16 17:33:16,[object Object]
267,https://fooaxstorage.sfo3.digitaloceanspaces.com/Prestamos/pagare_grupal/111113612004634_20260516174119_633.pdf,Prestamos/pagare_grupal/111113612004634_20260516174119_633.pdf,PAGARE_GRUPAL,PRESTAMOS,70268,Generado,111113612004634,2026-05-16 17:41:20,[object Object]
268,https://fooaxstorage.sfo3.digitaloceanspaces.com/Prestamos/pagare_grupal/111113612004634_20260516175204_189.pdf,Prestamos/pagare_grupal/111113612004634_20260516175204_189.pdf,PAGARE_GRUPAL,PRESTAMOS,70225,Generado,111113612004634,2026-05-16 17:52:05,[object Object]
269,https://fooaxstorage.sfo3.digitaloceanspaces.com/Garantia_Adicional/retiro_grupal/111113612603105_20260518174241_22_centro_12_YESERAYE.pdf,Garantia_Adicional/retiro_grupal/111113612603105_20260518174241_22_centro_12_YESERAYE.pdf,RETIRO_GARANTIA_ADICIONAL_GRUPAL,GARANTIA_ADICIONAL,140501,Generado,111113612603105,2026-05-18 17:42:41,[object Object]
270,https://fooaxstorage.sfo3.digitaloceanspaces.com/Garantia_Adicional/retiro_grupal/111113612603105_20260518180420_116_centro_13_ESTRELLAS_DEL_FORTIN.pdf,Garantia_Adicional/retiro_grupal/111113612603105_20260518180420_116_centro_13_ESTRELLAS_DEL_FORTIN.pdf,RETIRO_GARANTIA_ADICIONAL_GRUPAL,GARANTIA_ADICIONAL,140631,Generado,111113612603105,2026-05-18 18:04:21,[object Object]
271,https://fooaxstorage.sfo3.digitaloceanspaces.com/Garantia_Adicional/retiro_grupal/111113612603105_20260518182344_820_centro_3_MALAHIDAEL.pdf,Garantia_Adicional/retiro_grupal/111113612603105_20260518182344_820_centro_3_MALAHIDAEL.pdf,RETIRO_GARANTIA_ADICIONAL_GRUPAL,GARANTIA_ADICIONAL,140467,Generado,111113612603105,2026-05-18 18:23:45,[object Object]
272,https://fooaxstorage.sfo3.digitaloceanspaces.com/Garantia_Adicional/retiro_grupal/111113612603105_20260518184504_671_centro_21_ESMERALDA.pdf,Garantia_Adicional/retiro_grupal/111113612603105_20260518184504_671_centro_21_ESMERALDA.pdf,RETIRO_GARANTIA_ADICIONAL_GRUPAL,GARANTIA_ADICIONAL,140560,Generado,111113612603105,2026-05-18 18:45:04,[object Object]
273,https://fooaxstorage.sfo3.digitaloceanspaces.com/Garantia_Adicional/retiro_grupal/111113612603105_20260518190409_626_centro_1_BONI_BACUM.pdf,Garantia_Adicional/retiro_grupal/111113612603105_20260518190409_626_centro_1_BONI_BACUM.pdf,RETIRO_GARANTIA_ADICIONAL_GRUPAL,GARANTIA_ADICIONAL,140607,Generado,111113612603105,2026-05-18 19:04:10,[object Object]
274,https://fooaxstorage.sfo3.digitaloceanspaces.com/Garantia_Adicional/retiro_grupal/111113612603105_20260518191601_416_centro_42_ORO_Y_MIEL.pdf,Garantia_Adicional/retiro_grupal/111113612603105_20260518191601_416_centro_42_ORO_Y_MIEL.pdf,RETIRO_GARANTIA_ADICIONAL_GRUPAL,GARANTIA_ADICIONAL,140468,Generado,111113612603105,2026-05-18 19:16:01,[object Object]
275,https://fooaxstorage.sfo3.digitaloceanspaces.com/Garantia_Adicional/retiro_grupal/111113612603105_20260518192259_745_centro_24_LA_CONSENTIDA.pdf,Garantia_Adicional/retiro_grupal/111113612603105_20260518192259_745_centro_24_LA_CONSENTIDA.pdf,RETIRO_GARANTIA_ADICIONAL_GRUPAL,GARANTIA_ADICIONAL,140505,Generado,111113612603105,2026-05-18 19:23:00,[object Object]
276,https://fooaxstorage.sfo3.digitaloceanspaces.com/Garantia_Adicional/retiro_grupal/111113612603105_20260518193155_873_centro_24_LA_CONSENTIDA.pdf,Garantia_Adicional/retiro_grupal/111113612603105_20260518193155_873_centro_24_LA_CONSENTIDA.pdf,RETIRO_GARANTIA_ADICIONAL_GRUPAL,GARANTIA_ADICIONAL,140504,Generado,111113612603105,2026-05-18 19:31:55,[object Object]
277,https://fooaxstorage.sfo3.digitaloceanspaces.com/Garantia_Adicional/retiro_grupal/111113612603105_20260518200148_624_centro_18_ENEIJ.pdf,Garantia_Adicional/retiro_grupal/111113612603105_20260518200148_624_centro_18_ENEIJ.pdf,RETIRO_GARANTIA_ADICIONAL_GRUPAL,GARANTIA_ADICIONAL,140788,Generado,111113612603105,2026-05-18 20:01:48,[object Object]
278,https://fooaxstorage.sfo3.digitaloceanspaces.com/Creditos/pagare_centro/111113612004634_20260518204232_4.pdf,Creditos/pagare_centro/111113612004634_20260518204232_4.pdf,PAGARE_CENTRO,CREDITOS,73012,Generado,111113612004634,2026-05-18 20:42:32,[object Object]
279,/pagares/centers/27,pagare_FRUTOS_DE_DINERO.pdf,PDF,PAGARE_CENTER,,Generado,111113612004634,2026-05-18 20:42:32,[object Object]
280,https://fooaxstorage.sfo3.digitaloceanspaces.com/Prestamos/pagare_grupal/111113612004634_20260518213857_493.pdf,Prestamos/pagare_grupal/111113612004634_20260518213857_493.pdf,PAGARE_GRUPAL,PRESTAMOS,70249,Generado,111113612004634,2026-05-18 21:38:58,[object Object]
281,https://fooaxstorage.sfo3.digitaloceanspaces.com/Garantia_Adicional/retiro_grupal/111113612603105_20260519162208_622_centro_19_FERRERIA.pdf,Garantia_Adicional/retiro_grupal/111113612603105_20260519162208_622_centro_19_FERRERIA.pdf,RETIRO_GARANTIA_ADICIONAL_GRUPAL,GARANTIA_ADICIONAL,140485,Generado,111113612603105,2026-05-19 16:22:08,[object Object]
282,https://fooaxstorage.sfo3.digitaloceanspaces.com/Prestamos/pagare_grupal/111113612004634_20260520214231_474.pdf,Prestamos/pagare_grupal/111113612004634_20260520214231_474.pdf,PAGARE_GRUPAL,PRESTAMOS,70668,Generado,111113612004634,2026-05-20 21:42:31,[object Object]
283,https://fooaxstorage.sfo3.digitaloceanspaces.com/Prestamos/pagare_grupal/111113612004634_20260521210449_148.pdf,Prestamos/pagare_grupal/111113612004634_20260521210449_148.pdf,PAGARE_GRUPAL,PRESTAMOS,70301,Generado,111113612004634,2026-05-21 21:04:49,[object Object]
284,https://fooaxstorage.sfo3.digitaloceanspaces.com/Prestamos/pagare_individual/111113612004634_20260521215949_283.pdf,Prestamos/pagare_individual/111113612004634_20260521215949_283.pdf,PAGARE_INDIVIDUAL,PRESTAMOS,70372,Generado,111113612004634,2026-05-21 21:59:49,[object Object]
285,/pagares/loans/1862,pagare_prestamo_1862.pdf,PDF,PAGARE_LOAN,,Generado,111113612004634,2026-05-21 21:59:49,[object Object]
286,https://fooaxstorage.sfo3.digitaloceanspaces.com/Prestamos/pagare_grupal/111113612004634_20260522152254_744.pdf,Prestamos/pagare_grupal/111113612004634_20260522152254_744.pdf,PAGARE_GRUPAL,PRESTAMOS,70736,Generado,111113612004634,2026-05-22 15:22:54,[object Object]
287,https://fooaxstorage.sfo3.digitaloceanspaces.com/Prestamos/pagare_grupal/111113612004634_20260522153406_484.pdf,Prestamos/pagare_grupal/111113612004634_20260522153406_484.pdf,PAGARE_GRUPAL,PRESTAMOS,70325,Generado,111113612004634,2026-05-22 15:34:06,[object Object]
288,https://fooaxstorage.sfo3.digitaloceanspaces.com/Prestamos/pagare_grupal/111113612004634_20260522154529_157.pdf,Prestamos/pagare_grupal/111113612004634_20260522154529_157.pdf,PAGARE_GRUPAL,PRESTAMOS,70567,Generado,111113612004634,2026-05-22 15:45:29,[object Object]
289,https://fooaxstorage.sfo3.digitaloceanspaces.com/Prestamos/pagare_individual/111113612004634_20260522161354_575.pdf,Prestamos/pagare_individual/111113612004634_20260522161354_575.pdf,PAGARE_INDIVIDUAL,PRESTAMOS,70618,Generado,111113612004634,2026-05-22 16:13:54,[object Object]
290,/pagares/loans/1872,pagare_prestamo_1872.pdf,PDF,PAGARE_LOAN,,Generado,111113612004634,2026-05-22 16:13:55,[object Object]
291,https://fooaxstorage.sfo3.digitaloceanspaces.com/Prestamos/pagare_individual/111113612004634_20260522161432_306.pdf,Prestamos/pagare_individual/111113612004634_20260522161432_306.pdf,PAGARE_INDIVIDUAL,PRESTAMOS,70618,Generado,111113612004634,2026-05-22 16:14:32,[object Object]
292,/pagares/loans/1872,pagare_prestamo_1872.pdf,PDF,PAGARE_LOAN,,Generado,111113612004634,2026-05-22 16:14:32,[object Object]
293,https://fooaxstorage.sfo3.digitaloceanspaces.com/Prestamos/pagare_grupal/111113612004634_20260522174513_129.pdf,Prestamos/pagare_grupal/111113612004634_20260522174513_129.pdf,PAGARE_GRUPAL,PRESTAMOS,70313,Generado,111113612004634,2026-05-22 17:45:13,[object Object]
294,https://fooaxstorage.sfo3.digitaloceanspaces.com/Prestamos/pagare_grupal/111113612004634_20260522203410_895.pdf,Prestamos/pagare_grupal/111113612004634_20260522203410_895.pdf,PAGARE_GRUPAL,PRESTAMOS,70319,Generado,111113612004634,2026-05-22 20:34:10,[object Object]
295,https://fooaxstorage.sfo3.digitaloceanspaces.com/Prestamos/pagare_grupal/111113612004634_20260522212402_137.pdf,Prestamos/pagare_grupal/111113612004634_20260522212402_137.pdf,PAGARE_GRUPAL,PRESTAMOS,70307,Generado,111113612004634,2026-05-22 21:24:03,[object Object]
296,https://fooaxstorage.sfo3.digitaloceanspaces.com/Prestamos/pagare_grupal/111113612004634_20260522214516_32.pdf,Prestamos/pagare_grupal/111113612004634_20260522214516_32.pdf,PAGARE_GRUPAL,PRESTAMOS,70310,Generado,111113612004634,2026-05-22 21:45:16,[object Object]
297,https://fooaxstorage.sfo3.digitaloceanspaces.com/Prestamos/pagare_grupal/111113612004634_20260522220003_785.pdf,Prestamos/pagare_grupal/111113612004634_20260522220003_785.pdf,PAGARE_GRUPAL,PRESTAMOS,70436,Generado,111113612004634,2026-05-22 22:00:04,[object Object]
298,https://fooaxstorage.sfo3.digitaloceanspaces.com/Prestamos/pagare_grupal/111113612004634_20260522230837_207.pdf,Prestamos/pagare_grupal/111113612004634_20260522230837_207.pdf,PAGARE_GRUPAL,PRESTAMOS,70448,Generado,111113612004634,2026-05-22 23:08:38,[object Object]
299,https://fooaxstorage.sfo3.digitaloceanspaces.com/Garantia_Adicional/retiro_individual/111113612603105_20260525153301_570.pdf,Garantia_Adicional/retiro_individual/111113612603105_20260525153301_570.pdf,RETIRO_GARANTIA_ADICIONAL_INDIVIDUAL,GARANTIA_ADICIONAL,140418,Generado,111113612603105,2026-05-25 15:33:01,[object Object]
300,https://fooaxstorage.sfo3.digitaloceanspaces.com/Garantia_Adicional/retiro_grupal/111113612603105_20260525154244_903_centro_3_MALAHIDAEL.pdf,Garantia_Adicional/retiro_grupal/111113612603105_20260525154244_903_centro_3_MALAHIDAEL.pdf,RETIRO_GARANTIA_ADICIONAL_GRUPAL,GARANTIA_ADICIONAL,140475,Generado,111113612603105,2026-05-25 15:42:44,[object Object]
301,https://fooaxstorage.sfo3.digitaloceanspaces.com/Garantia_Adicional/retiro_grupal/111113612603105_20260525155913_91_centro_30_CAPELLANIA.pdf,Garantia_Adicional/retiro_grupal/111113612603105_20260525155913_91_centro_30_CAPELLANIA.pdf,RETIRO_GARANTIA_ADICIONAL_GRUPAL,GARANTIA_ADICIONAL,140577,Generado,111113612603105,2026-05-25 15:59:14,[object Object]
302,https://fooaxstorage.sfo3.digitaloceanspaces.com/Garantia_Adicional/retiro_grupal/111113612603105_20260525164704_302_centro_2_SAN_MIGUEL.pdf,Garantia_Adicional/retiro_grupal/111113612603105_20260525164704_302_centro_2_SAN_MIGUEL.pdf,RETIRO_GARANTIA_ADICIONAL_GRUPAL,GARANTIA_ADICIONAL,140570,Generado,111113612603105,2026-05-25 16:47:05,[object Object]
303,https://fooaxstorage.sfo3.digitaloceanspaces.com/Garantia_Adicional/retiro_grupal/111113612603105_20260525171850_950_centro_26_SAN_PABLO_HUITZO.pdf,Garantia_Adicional/retiro_grupal/111113612603105_20260525171850_950_centro_26_SAN_PABLO_HUITZO.pdf,RETIRO_GARANTIA_ADICIONAL_GRUPAL,GARANTIA_ADICIONAL,140481,Generado,111113612603105,2026-05-25 17:18:50,[object Object]
304,https://fooaxstorage.sfo3.digitaloceanspaces.com/Garantia_Adicional/retiro_grupal/111113612603105_20260525175835_803_centro_47_GHANIMA.pdf,Garantia_Adicional/retiro_grupal/111113612603105_20260525175835_803_centro_47_GHANIMA.pdf,RETIRO_GARANTIA_ADICIONAL_GRUPAL,GARANTIA_ADICIONAL,140614,Generado,111113612603105,2026-05-25 17:58:35,[object Object]
305,https://fooaxstorage.sfo3.digitaloceanspaces.com/Garantia_Adicional/retiro_grupal/111113612603105_20260525180938_593_centro_19_FERRERIA.pdf,Garantia_Adicional/retiro_grupal/111113612603105_20260525180938_593_centro_19_FERRERIA.pdf,RETIRO_GARANTIA_ADICIONAL_GRUPAL,GARANTIA_ADICIONAL,140481,Generado,111113612603105,2026-05-25 18:09:38,[object Object]
306,https://fooaxstorage.sfo3.digitaloceanspaces.com/Garantia_Adicional/retiro_grupal/111113612603105_20260525182526_171_centro_24_LA_CONSENTIDA.pdf,Garantia_Adicional/retiro_grupal/111113612603105_20260525182526_171_centro_24_LA_CONSENTIDA.pdf,RETIRO_GARANTIA_ADICIONAL_GRUPAL,GARANTIA_ADICIONAL,140571,Generado,111113612603105,2026-05-25 18:25:26,[object Object]
307,https://fooaxstorage.sfo3.digitaloceanspaces.com/Garantia_Adicional/retiro_grupal/111113612603105_20260525182926_891_centro_10_TENEXPAM.pdf,Garantia_Adicional/retiro_grupal/111113612603105_20260525182926_891_centro_10_TENEXPAM.pdf,RETIRO_GARANTIA_ADICIONAL_GRUPAL,GARANTIA_ADICIONAL,140514,Generado,111113612603105,2026-05-25 18:29:26,[object Object]
308,https://fooaxstorage.sfo3.digitaloceanspaces.com/Garantia_Adicional/retiro_grupal/111113612603105_20260525215646_350_centro_53_ETHAN.pdf,Garantia_Adicional/retiro_grupal/111113612603105_20260525215646_350_centro_53_ETHAN.pdf,RETIRO_GARANTIA_ADICIONAL_GRUPAL,GARANTIA_ADICIONAL,140681,Generado,111113612603105,2026-05-25 21:56:46,[object Object]
309,https://fooaxstorage.sfo3.digitaloceanspaces.com/Garantia_Adicional/retiro_grupal/111113612603105_20260525220731_363_centro_12_YESERAYE.pdf,Garantia_Adicional/retiro_grupal/111113612603105_20260525220731_363_centro_12_YESERAYE.pdf,RETIRO_GARANTIA_ADICIONAL_GRUPAL,GARANTIA_ADICIONAL,140517,Generado,111113612603105,2026-05-25 22:07:32,[object Object]
310,https://fooaxstorage.sfo3.digitaloceanspaces.com/Creditos/pagare_centro/111113612004634_20260525220926_133.pdf,Creditos/pagare_centro/111113612004634_20260525220926_133.pdf,PAGARE_CENTRO,CREDITOS,71790,Generado,111113612004634,2026-05-25 22:09:26,[object Object]
311,/pagares/centers/23,pagare_NAZARENO.pdf,PDF,PAGARE_CENTER,,Generado,111113612004634,2026-05-25 22:09:26,[object Object]
312,https://fooaxstorage.sfo3.digitaloceanspaces.com/Garantia_Adicional/retiro_grupal/111113612603105_20260525222013_365_centro_45_YA_MUGHNI.pdf,Garantia_Adicional/retiro_grupal/111113612603105_20260525222013_365_centro_45_YA_MUGHNI.pdf,RETIRO_GARANTIA_ADICIONAL_GRUPAL,GARANTIA_ADICIONAL,140577,Generado,111113612603105,2026-05-25 22:20:14,[object Object]
313,https://fooaxstorage.sfo3.digitaloceanspaces.com/Garantia_Adicional/retiro_grupal/111113612603105_20260525222759_341_centro_45_YA_MUGHNI.pdf,Garantia_Adicional/retiro_grupal/111113612603105_20260525222759_341_centro_45_YA_MUGHNI.pdf,RETIRO_GARANTIA_ADICIONAL_GRUPAL,GARANTIA_ADICIONAL,140516,Generado,111113612603105,2026-05-25 22:28:00,[object Object]
314,https://fooaxstorage.sfo3.digitaloceanspaces.com/Garantia_Adicional/retiro_grupal/111113612603105_20260525224249_980_centro_45_YA_MUGHNI.pdf,Garantia_Adicional/retiro_grupal/111113612603105_20260525224249_980_centro_45_YA_MUGHNI.pdf,RETIRO_GARANTIA_ADICIONAL_GRUPAL,GARANTIA_ADICIONAL,140575,Generado,111113612603105,2026-05-25 22:42:49,[object Object]
315,https://fooaxstorage.sfo3.digitaloceanspaces.com/Garantia_Adicional/retiro_grupal/111113612603105_20260526163731_223_centro_12_YESERAYE.pdf,Garantia_Adicional/retiro_grupal/111113612603105_20260526163731_223_centro_12_YESERAYE.pdf,RETIRO_GARANTIA_ADICIONAL_GRUPAL,GARANTIA_ADICIONAL,140574,Generado,111113612603105,2026-05-26 16:37:31,[object Object]
316,https://fooaxstorage.sfo3.digitaloceanspaces.com/Creditos/pagare_centro/111113612004634_20260526210458_415.pdf,Creditos/pagare_centro/111113612004634_20260526210458_415.pdf,PAGARE_CENTRO,CREDITOS,71803,Generado,111113612004634,2026-05-26 21:04:59,[object Object]
317,/pagares/centers/23,pagare_NAZARENO.pdf,PDF,PAGARE_CENTER,,Generado,111113612004634,2026-05-26 21:04:59,[object Object]
318,https://fooaxstorage.sfo3.digitaloceanspaces.com/Prestamos/pagare_grupal/111113612004634_20260528155459_539.pdf,Prestamos/pagare_grupal/111113612004634_20260528155459_539.pdf,PAGARE_GRUPAL,PRESTAMOS,70329,Generado,111113612004634,2026-05-28 15:54:59,[object Object]
319,https://fooaxstorage.sfo3.digitaloceanspaces.com/Prestamos/pagare_grupal/111113612004634_20260528155945_284.pdf,Prestamos/pagare_grupal/111113612004634_20260528155945_284.pdf,PAGARE_GRUPAL,PRESTAMOS,70287,Generado,111113612004634,2026-05-28 15:59:46,[object Object]
320,https://fooaxstorage.sfo3.digitaloceanspaces.com/Prestamos/pagare_grupal/111113612004634_20260528161955_986.pdf,Prestamos/pagare_grupal/111113612004634_20260528161955_986.pdf,PAGARE_GRUPAL,PRESTAMOS,70750,Generado,111113612004634,2026-05-28 16:19:56,[object Object]
321,https://fooaxstorage.sfo3.digitaloceanspaces.com/Creditos/pagare_centro/111113612004634_20260528174526_410.pdf,Creditos/pagare_centro/111113612004634_20260528174526_410.pdf,PAGARE_CENTRO,CREDITOS,83095,Generado,111113612004634,2026-05-28 17:45:26,[object Object]
322,/pagares/centers/24,pagare_LA_CONSENTIDA.pdf,PDF,PAGARE_CENTER,,Generado,111113612004634,2026-05-28 17:45:26,[object Object]
323,https://fooaxstorage.sfo3.digitaloceanspaces.com/Creditos/pagare_centro/111113612004634_20260528174548_383.pdf,Creditos/pagare_centro/111113612004634_20260528174548_383.pdf,PAGARE_CENTRO,CREDITOS,83052,Generado,111113612004634,2026-05-28 17:45:48,[object Object]
324,/pagares/centers/24,pagare_LA_CONSENTIDA.pdf,PDF,PAGARE_CENTER,,Generado,111113612004634,2026-05-28 17:45:48,[object Object]
325,https://fooaxstorage.sfo3.digitaloceanspaces.com/Creditos/pagare_centro/111113612004634_20260528184529_528.pdf,Creditos/pagare_centro/111113612004634_20260528184529_528.pdf,PAGARE_CENTRO,CREDITOS,83054,Generado,111113612004634,2026-05-28 18:45:29,[object Object]
326,/pagares/centers/24,pagare_LA_CONSENTIDA.pdf,PDF,PAGARE_CENTER,,Generado,111113612004634,2026-05-28 18:45:29,[object Object]
327,https://fooaxstorage.sfo3.digitaloceanspaces.com/Prestamos/pagare_grupal/111113612004634_20260528210817_646.pdf,Prestamos/pagare_grupal/111113612004634_20260528210817_646.pdf,PAGARE_GRUPAL,PRESTAMOS,70300,Generado,111113612004634,2026-05-28 21:08:18,[object Object]
328,https://fooaxstorage.sfo3.digitaloceanspaces.com/Prestamos/pagare_grupal/111113612004634_20260528222122_57.pdf,Prestamos/pagare_grupal/111113612004634_20260528222122_57.pdf,PAGARE_GRUPAL,PRESTAMOS,70325,Generado,111113612004634,2026-05-28 22:21:23,[object Object]
329,https://fooaxstorage.sfo3.digitaloceanspaces.com/Prestamos/pagare_grupal/111113612004634_20260529214046_708.pdf,Prestamos/pagare_grupal/111113612004634_20260529214046_708.pdf,PAGARE_GRUPAL,PRESTAMOS,9887,Generado,111113612004634,2026-05-29 21:40:46,[object Object]
330,https://fooaxstorage.sfo3.digitaloceanspaces.com/Prestamos/pagare_grupal/111113612004634_20260529225907_819.pdf,Prestamos/pagare_grupal/111113612004634_20260529225907_819.pdf,PAGARE_GRUPAL,PRESTAMOS,10061,Generado,111113612004634,2026-05-29 22:59:07,[object Object]
331,https://fooaxstorage.sfo3.digitaloceanspaces.com/Prestamos/pagare_grupal/111113612004634_20260529234614_145.pdf,Prestamos/pagare_grupal/111113612004634_20260529234614_145.pdf,PAGARE_GRUPAL,PRESTAMOS,9896,Generado,111113612004634,2026-05-29 23:46:15,[object Object]
332,https://fooaxstorage.sfo3.digitaloceanspaces.com/Prestamos/pagare_grupal/111113612004634_20260530172706_17.pdf,Prestamos/pagare_grupal/111113612004634_20260530172706_17.pdf,PAGARE_GRUPAL,PRESTAMOS,10214,Generado,111113612004634,2026-05-30 17:27:06,[object Object]
333,https://fooaxstorage.sfo3.digitaloceanspaces.com/Prestamos/pagare_grupal/111113612004634_20260530173153_872.pdf,Prestamos/pagare_grupal/111113612004634_20260530173153_872.pdf,PAGARE_GRUPAL,PRESTAMOS,9884,Generado,111113612004634,2026-05-30 17:31:54,[object Object]
334,https://fooaxstorage.sfo3.digitaloceanspaces.com/Prestamos/pagare_grupal/111113612004634_20260530180906_302.pdf,Prestamos/pagare_grupal/111113612004634_20260530180906_302.pdf,PAGARE_GRUPAL,PRESTAMOS,9890,Generado,111113612004634,2026-05-30 18:09:06,[object Object]
335,https://fooaxstorage.sfo3.digitaloceanspaces.com/Prestamos/pagare_grupal/111113612004634_20260530193936_953.pdf,Prestamos/pagare_grupal/111113612004634_20260530193936_953.pdf,PAGARE_GRUPAL,PRESTAMOS,9919,Generado,111113612004634,2026-05-30 19:39:36,[object Object]
336,https://fooaxstorage.sfo3.digitaloceanspaces.com/Prestamos/pagare_grupal/111113612004634_20260601205523_383.pdf,Prestamos/pagare_grupal/111113612004634_20260601205523_383.pdf,PAGARE_GRUPAL,PRESTAMOS,10066,Generado,111113612004634,2026-06-01 20:55:23,[object Object]
337,https://fooaxstorage.sfo3.digitaloceanspaces.com/Prestamos/pagare_individual/111113612004634_20260602172659_197.pdf,Prestamos/pagare_individual/111113612004634_20260602172659_197.pdf,PAGARE_INDIVIDUAL,PRESTAMOS,11582,Generado,111113612004634,2026-06-02 17:26:59,[object Object]
338,/pagares/loans/1906,pagare_prestamo_1906.pdf,PDF,PAGARE_LOAN,,Generado,111113612004634,2026-06-02 17:26:59,[object Object]
339,https://fooaxstorage.sfo3.digitaloceanspaces.com/Creditos/pagare_centro/111113612004634_20260603215342_42.pdf,Creditos/pagare_centro/111113612004634_20260603215342_42.pdf,PAGARE_CENTRO,CREDITOS,17331,Generado,111113612004634,2026-06-03 21:53:42,[object Object]
340,/pagares/centers/26,pagare_SAN_PABLO_HUITZO.pdf,PDF,PAGARE_CENTER,,Generado,111113612004634,2026-06-03 21:53:42,[object Object]
341,https://fooaxstorage.sfo3.digitaloceanspaces.com/Prestamos/pagare_grupal/111113612004634_20260604173923_493.pdf,Prestamos/pagare_grupal/111113612004634_20260604173923_493.pdf,PAGARE_GRUPAL,PRESTAMOS,9877,Generado,111113612004634,2026-06-04 17:39:23,[object Object]
342,https://fooaxstorage.sfo3.digitaloceanspaces.com/Prestamos/pagare_grupal/111113612004634_20260604175053_826.pdf,Prestamos/pagare_grupal/111113612004634_20260604175053_826.pdf,PAGARE_GRUPAL,PRESTAMOS,9933,Generado,111113612004634,2026-06-04 17:50:53,[object Object]
343,https://fooaxstorage.sfo3.digitaloceanspaces.com/Prestamos/pagare_grupal/111113612004634_20260604180753_250.pdf,Prestamos/pagare_grupal/111113612004634_20260604180753_250.pdf,PAGARE_GRUPAL,PRESTAMOS,9920,Generado,111113612004634,2026-06-04 18:07:54,[object Object]
344,https://fooaxstorage.sfo3.digitaloceanspaces.com/Prestamos/pagare_grupal/111113612004634_20260604183324_192.pdf,Prestamos/pagare_grupal/111113612004634_20260604183324_192.pdf,PAGARE_GRUPAL,PRESTAMOS,9895,Generado,111113612004634,2026-06-04 18:33:24,[object Object]
345,https://fooaxstorage.sfo3.digitaloceanspaces.com/Prestamos/pagare_grupal/111113612004634_20260604184006_584.pdf,Prestamos/pagare_grupal/111113612004634_20260604184006_584.pdf,PAGARE_GRUPAL,PRESTAMOS,9894,Generado,111113612004634,2026-06-04 18:40:06,[object Object]
346,https://fooaxstorage.sfo3.digitaloceanspaces.com/Prestamos/pagare_individual/111113612004634_20260604211922_648.pdf,Prestamos/pagare_individual/111113612004634_20260604211922_648.pdf,PAGARE_INDIVIDUAL,PRESTAMOS,11495,Generado,111113612004634,2026-06-04 21:19:23,[object Object]
347,/pagares/loans/1913,pagare_prestamo_1913.pdf,PDF,PAGARE_LOAN,,Generado,111113612004634,2026-06-04 21:19:23,[object Object]
348,https://fooaxstorage.sfo3.digitaloceanspaces.com/Creditos/pagare_centro/111113612004634_20260604213610_23.pdf,Creditos/pagare_centro/111113612004634_20260604213610_23.pdf,PAGARE_CENTRO,CREDITOS,15408,Generado,111113612004634,2026-06-04 21:36:11,[object Object]
349,/pagares/centers/10,pagare_TENEXPAM.pdf,PDF,PAGARE_CENTER,,Generado,111113612004634,2026-06-04 21:36:11,[object Object]
350,https://fooaxstorage.sfo3.digitaloceanspaces.com/Prestamos/pagare_grupal/111113612004634_20260604215646_402.pdf,Prestamos/pagare_grupal/111113612004634_20260604215646_402.pdf,PAGARE_GRUPAL,PRESTAMOS,10224,Generado,111113612004634,2026-06-04 21:56:46,[object Object]
351,https://fooaxstorage.sfo3.digitaloceanspaces.com/Creditos/pagare_centro/111113612004634_20260604220058_134.pdf,Creditos/pagare_centro/111113612004634_20260604220058_134.pdf,PAGARE_CENTRO,CREDITOS,15416,Generado,111113612004634,2026-06-04 22:00:59,[object Object]
352,/pagares/centers/10,pagare_TENEXPAM.pdf,PDF,PAGARE_CENTER,,Generado,111113612004634,2026-06-04 22:00:59,[object Object]
353,https://fooaxstorage.sfo3.digitaloceanspaces.com/Prestamos/pagare_individual/111113612004634_20260604222200_350.pdf,Prestamos/pagare_individual/111113612004634_20260604222200_350.pdf,PAGARE_INDIVIDUAL,PRESTAMOS,11577,Generado,111113612004634,2026-06-04 22:22:00,[object Object]
354,/pagares/loans/1917,pagare_prestamo_1917.pdf,PDF,PAGARE_LOAN,,Generado,111113612004634,2026-06-04 22:22:00,[object Object]
355,https://fooaxstorage.sfo3.digitaloceanspaces.com/Creditos/pagare_centro/111113612004634_20260604222638_673.pdf,Creditos/pagare_centro/111113612004634_20260604222638_673.pdf,PAGARE_CENTRO,CREDITOS,17282,Generado,111113612004634,2026-06-04 22:26:38,[object Object]
356,/pagares/centers/26,pagare_SAN_PABLO_HUITZO.pdf,PDF,PAGARE_CENTER,,Generado,111113612004634,2026-06-04 22:26:38,[object Object]
357,https://fooaxstorage.sfo3.digitaloceanspaces.com/Prestamos/pagare_grupal/111113612004634_20260605181736_327.pdf,Prestamos/pagare_grupal/111113612004634_20260605181736_327.pdf,PAGARE_GRUPAL,PRESTAMOS,9847,Generado,111113612004634,2026-06-05 18:17:36,[object Object]
358,https://fooaxstorage.sfo3.digitaloceanspaces.com/Prestamos/pagare_grupal/111113612004634_20260605184409_732.pdf,Prestamos/pagare_grupal/111113612004634_20260605184409_732.pdf,PAGARE_GRUPAL,PRESTAMOS,10003,Generado,111113612004634,2026-06-05 18:44:10,[object Object]
359,https://fooaxstorage.sfo3.digitaloceanspaces.com/Prestamos/pagare_grupal/111113612004634_20260605205331_311.pdf,Prestamos/pagare_grupal/111113612004634_20260605205331_311.pdf,PAGARE_GRUPAL,PRESTAMOS,10318,Generado,111113612004634,2026-06-05 20:53:31,[object Object]
360,https://fooaxstorage.sfo3.digitaloceanspaces.com/Prestamos/pagare_grupal/111113612004634_20260605220510_597.pdf,Prestamos/pagare_grupal/111113612004634_20260605220510_597.pdf,PAGARE_GRUPAL,PRESTAMOS,9891,Generado,111113612004634,2026-06-05 22:05:10,[object Object]
361,https://fooaxstorage.sfo3.digitaloceanspaces.com/Prestamos/pagare_grupal/111113612004634_20260605225101_601.pdf,Prestamos/pagare_grupal/111113612004634_20260605225101_601.pdf,PAGARE_GRUPAL,PRESTAMOS,10093,Generado,111113612004634,2026-06-05 22:51:01,[object Object]
362,https://fooaxstorage.sfo3.digitaloceanspaces.com/Prestamos/pagare_grupal/111113612004634_20260605230205_643.pdf,Prestamos/pagare_grupal/111113612004634_20260605230205_643.pdf,PAGARE_GRUPAL,PRESTAMOS,9888,Generado,111113612004634,2026-06-05 23:02:05,[object Object]
363,https://fooaxstorage.sfo3.digitaloceanspaces.com/Garantia_Adicional/retiro_grupal/1111111111111111_20260606143602_173_centro_8_HIGA.pdf,Garantia_Adicional/retiro_grupal/1111111111111111_20260606143602_173_centro_8_HIGA.pdf,RETIRO_GARANTIA_ADICIONAL_GRUPAL,GARANTIA_ADICIONAL,140576,Generado,1111111111111111,2026-06-06 14:36:02,[object Object]
364,https://fooaxstorage.sfo3.digitaloceanspaces.com/Garantia_Adicional/retiro_grupal/1111111111111111_20260606143650_227_centro_10_TENEXPAM.pdf,Garantia_Adicional/retiro_grupal/1111111111111111_20260606143650_227_centro_10_TENEXPAM.pdf,RETIRO_GARANTIA_ADICIONAL_GRUPAL,GARANTIA_ADICIONAL,140466,Generado,1111111111111111,2026-06-06 14:36:50,[object Object]
365,https://fooaxstorage.sfo3.digitaloceanspaces.com/Garantia_Adicional/retiro_grupal/1111111111111111_20260606143738_221_centro_18_ENEIJ.pdf,Garantia_Adicional/retiro_grupal/1111111111111111_20260606143738_221_centro_18_ENEIJ.pdf,RETIRO_GARANTIA_ADICIONAL_GRUPAL,GARANTIA_ADICIONAL,140444,Generado,1111111111111111,2026-06-06 14:37:38,[object Object]
366,https://fooaxstorage.sfo3.digitaloceanspaces.com/Garantia_Adicional/retiro_grupal/1111111111111111_20260606143855_35_centro_40_IJAHE.pdf,Garantia_Adicional/retiro_grupal/1111111111111111_20260606143855_35_centro_40_IJAHE.pdf,RETIRO_GARANTIA_ADICIONAL_GRUPAL,GARANTIA_ADICIONAL,140460,Generado,1111111111111111,2026-06-06 14:38:56,[object Object]
367,https://fooaxstorage.sfo3.digitaloceanspaces.com/Garantia_Adicional/retiro_grupal/1111111111111111_20260606144003_982_centro_32_VERINIEL.pdf,Garantia_Adicional/retiro_grupal/1111111111111111_20260606144003_982_centro_32_VERINIEL.pdf,RETIRO_GARANTIA_ADICIONAL_GRUPAL,GARANTIA_ADICIONAL,140463,Generado,1111111111111111,2026-06-06 14:40:03,[object Object]
368,https://fooaxstorage.sfo3.digitaloceanspaces.com/Garantia_Adicional/retiro_grupal/1111111111111111_20260606144031_300_centro_3_MALAHIDAEL.pdf,Garantia_Adicional/retiro_grupal/1111111111111111_20260606144031_300_centro_3_MALAHIDAEL.pdf,RETIRO_GARANTIA_ADICIONAL_GRUPAL,GARANTIA_ADICIONAL,140426,Generado,1111111111111111,2026-06-06 14:40:31,[object Object]
369,https://fooaxstorage.sfo3.digitaloceanspaces.com/Garantia_Adicional/retiro_individual/1111111111111111_20260606144115_413.pdf,Garantia_Adicional/retiro_individual/1111111111111111_20260606144115_413.pdf,RETIRO_GARANTIA_ADICIONAL_INDIVIDUAL,GARANTIA_ADICIONAL,140389,Generado,1111111111111111,2026-06-06 14:41:16,[object Object]
370,https://fooaxstorage.sfo3.digitaloceanspaces.com/Garantia_Adicional/retiro_individual/1111111111111111_20260606144147_224.pdf,Garantia_Adicional/retiro_individual/1111111111111111_20260606144147_224.pdf,RETIRO_GARANTIA_ADICIONAL_INDIVIDUAL,GARANTIA_ADICIONAL,140395,Generado,1111111111111111,2026-06-06 14:41:47,[object Object]
371,https://fooaxstorage.sfo3.digitaloceanspaces.com/Garantia_Adicional/retiro_grupal/111113612603105_20260606155329_461_centro_42_ORO_Y_MIEL.pdf,Garantia_Adicional/retiro_grupal/111113612603105_20260606155329_461_centro_42_ORO_Y_MIEL.pdf,RETIRO_GARANTIA_ADICIONAL_GRUPAL,GARANTIA_ADICIONAL,140491,Generado,111113612603105,2026-06-06 15:53:29,[object Object]
372,https://fooaxstorage.sfo3.digitaloceanspaces.com/Garantia_Adicional/retiro_grupal/111113612603105_20260606170337_476_centro_13_ESTRELLAS_DEL_FORTIN.pdf,Garantia_Adicional/retiro_grupal/111113612603105_20260606170337_476_centro_13_ESTRELLAS_DEL_FORTIN.pdf,RETIRO_GARANTIA_ADICIONAL_GRUPAL,GARANTIA_ADICIONAL,140600,Generado,111113612603105,2026-06-06 17:03:38,[object Object]
373,https://fooaxstorage.sfo3.digitaloceanspaces.com/Garantia_Adicional/retiro_grupal/111113612603105_20260608154944_43_centro_6_APASCO.pdf,Garantia_Adicional/retiro_grupal/111113612603105_20260608154944_43_centro_6_APASCO.pdf,RETIRO_GARANTIA_ADICIONAL_GRUPAL,GARANTIA_ADICIONAL,140698,Generado,111113612603105,2026-06-08 15:49:45,[object Object]
374,https://fooaxstorage.sfo3.digitaloceanspaces.com/Garantia_Adicional/retiro_grupal/111113612603105_20260608160733_500_centro_48_JESSE.pdf,Garantia_Adicional/retiro_grupal/111113612603105_20260608160733_500_centro_48_JESSE.pdf,RETIRO_GARANTIA_ADICIONAL_GRUPAL,GARANTIA_ADICIONAL,140473,Generado,111113612603105,2026-06-08 16:07:33,[object Object]
375,https://fooaxstorage.sfo3.digitaloceanspaces.com/Garantia_Adicional/retiro_grupal/111113612603105_20260608162550_459_centro_33_24_DE_FEBRERO.pdf,Garantia_Adicional/retiro_grupal/111113612603105_20260608162550_459_centro_33_24_DE_FEBRERO.pdf,RETIRO_GARANTIA_ADICIONAL_GRUPAL,GARANTIA_ADICIONAL,140504,Generado,111113612603105,2026-06-08 16:25:51,[object Object]
376,https://fooaxstorage.sfo3.digitaloceanspaces.com/Garantia_Adicional/retiro_grupal/111113612603105_20260608174504_269_centro_21_ESMERALDA.pdf,Garantia_Adicional/retiro_grupal/111113612603105_20260608174504_269_centro_21_ESMERALDA.pdf,RETIRO_GARANTIA_ADICIONAL_GRUPAL,GARANTIA_ADICIONAL,140617,Generado,111113612603105,2026-06-08 17:45:05,[object Object]
377,https://fooaxstorage.sfo3.digitaloceanspaces.com/Garantia_Adicional/retiro_grupal/111113612603105_20260608180646_466_centro_1_BONI_BACUM.pdf,Garantia_Adicional/retiro_grupal/111113612603105_20260608180646_466_centro_1_BONI_BACUM.pdf,RETIRO_GARANTIA_ADICIONAL_GRUPAL,GARANTIA_ADICIONAL,140581,Generado,111113612603105,2026-06-08 18:06:47,[object Object]
378,https://fooaxstorage.sfo3.digitaloceanspaces.com/Garantia_Adicional/retiro_grupal/111113612603105_20260608191607_543_centro_53_ETHAN.pdf,Garantia_Adicional/retiro_grupal/111113612603105_20260608191607_543_centro_53_ETHAN.pdf,RETIRO_GARANTIA_ADICIONAL_GRUPAL,GARANTIA_ADICIONAL,140586,Generado,111113612603105,2026-06-08 19:16:07,[object Object]
379,https://fooaxstorage.sfo3.digitaloceanspaces.com/Prestamos/pagare_grupal/111113612004634_20260609170032_356.pdf,Prestamos/pagare_grupal/111113612004634_20260609170032_356.pdf,PAGARE_GRUPAL,PRESTAMOS,9873,Generado,111113612004634,2026-06-09 17:00:32,[object Object]
380,https://fooaxstorage.sfo3.digitaloceanspaces.com/Creditos/pagare_centro/111113612004634_20260609172753_194.pdf,Creditos/pagare_centro/111113612004634_20260609172753_194.pdf,PAGARE_CENTRO,CREDITOS,12668,Generado,111113612004634,2026-06-09 17:27:53,[object Object]
381,/pagares/centers/27,pagare_FRUTOS_DE_DINERO.pdf,PDF,PAGARE_CENTER,,Generado,111113612004634,2026-06-09 17:27:53,[object Object]
382,https://fooaxstorage.sfo3.digitaloceanspaces.com/Creditos/pagare_centro/111113612603105_20260609191843_560.pdf,Creditos/pagare_centro/111113612603105_20260609191843_560.pdf,PAGARE_CENTRO,CREDITOS,12666,Generado,111113612603105,2026-06-09 19:18:43,[object Object]
383,/pagares/centers/27,pagare_FRUTOS_DE_DINERO.pdf,PDF,PAGARE_CENTER,,Generado,111113612603105,2026-06-09 19:18:43,[object Object]
384,https://fooaxstorage.sfo3.digitaloceanspaces.com/Prestamos/pagare_individual/111113612004634_20260610184914_286.pdf,Prestamos/pagare_individual/111113612004634_20260610184914_286.pdf,PAGARE_INDIVIDUAL,PRESTAMOS,11476,Generado,111113612004634,2026-06-10 18:49:14,[object Object]
385,/pagares/loans/1933,pagare_prestamo_1933.pdf,PDF,PAGARE_LOAN,,Generado,111113612004634,2026-06-10 18:49:14,[object Object]
386,https://fooaxstorage.sfo3.digitaloceanspaces.com/Prestamos/pagare_grupal/111113612004634_20260610190429_420.pdf,Prestamos/pagare_grupal/111113612004634_20260610190429_420.pdf,PAGARE_GRUPAL,PRESTAMOS,9879,Generado,111113612004634,2026-06-10 19:04:29,[object Object]
387,https://fooaxstorage.sfo3.digitaloceanspaces.com/Prestamos/pagare_grupal/111113612004634_20260610190432_833.pdf,Prestamos/pagare_grupal/111113612004634_20260610190432_833.pdf,PAGARE_GRUPAL,PRESTAMOS,9885,Generado,111113612004634,2026-06-10 19:04:32,[object Object]
388,https://fooaxstorage.sfo3.digitaloceanspaces.com/Prestamos/pagare_grupal/111113612004634_20260610191820_14.pdf,Prestamos/pagare_grupal/111113612004634_20260610191820_14.pdf,PAGARE_GRUPAL,PRESTAMOS,10065,Generado,111113612004634,2026-06-10 19:18:20,[object Object]
389,https://fooaxstorage.sfo3.digitaloceanspaces.com/Prestamos/pagare_grupal/111113612004634_20260610192935_672.pdf,Prestamos/pagare_grupal/111113612004634_20260610192935_672.pdf,PAGARE_GRUPAL,PRESTAMOS,9909,Generado,111113612004634,2026-06-10 19:29:35,[object Object]
390,https://fooaxstorage.sfo3.digitaloceanspaces.com/Prestamos/pagare_grupal/111113612004634_20260610194225_841.pdf,Prestamos/pagare_grupal/111113612004634_20260610194225_841.pdf,PAGARE_GRUPAL,PRESTAMOS,9901,Generado,111113612004634,2026-06-10 19:42:26,[object Object]
391,https://fooaxstorage.sfo3.digitaloceanspaces.com/Prestamos/pagare_grupal/111113612004634_20260610200853_559.pdf,Prestamos/pagare_grupal/111113612004634_20260610200853_559.pdf,PAGARE_GRUPAL,PRESTAMOS,9899,Generado,111113612004634,2026-06-10 20:08:54,[object Object]
392,https://fooaxstorage.sfo3.digitaloceanspaces.com/Prestamos/pagare_grupal/111113612004634_20260610202118_917.pdf,Prestamos/pagare_grupal/111113612004634_20260610202118_917.pdf,PAGARE_GRUPAL,PRESTAMOS,9882,Generado,111113612004634,2026-06-10 20:21:18,[object Object]
393,https://fooaxstorage.sfo3.digitaloceanspaces.com/Creditos/pagare_centro/111113612004634_20260610220621_447.pdf,Creditos/pagare_centro/111113612004634_20260610220621_447.pdf,PAGARE_CENTRO,CREDITOS,14251,Generado,111113612004634,2026-06-10 22:06:21,[object Object]
394,/pagares/centers/47,pagare_GHANIMA.pdf,PDF,PAGARE_CENTER,,Generado,111113612004634,2026-06-10 22:06:21,[object Object]
395,https://fooaxstorage.sfo3.digitaloceanspaces.com/Creditos/pagare_centro/111113612004634_20260610220843_4.pdf,Creditos/pagare_centro/111113612004634_20260610220843_4.pdf,PAGARE_CENTRO,CREDITOS,18197,Generado,111113612004634,2026-06-10 22:08:43,[object Object]
396,/pagares/centers/26,pagare_SAN_PABLO_HUITZO.pdf,PDF,PAGARE_CENTER,,Generado,111113612004634,2026-06-10 22:08:43,[object Object]
397,https://fooaxstorage.sfo3.digitaloceanspaces.com/Creditos/pagare_centro/111113612004634_20260610221337_876.pdf,Creditos/pagare_centro/111113612004634_20260610221337_876.pdf,PAGARE_CENTRO,CREDITOS,18194,Generado,111113612004634,2026-06-10 22:13:37,[object Object]
398,/pagares/centers/26,pagare_SAN_PABLO_HUITZO.pdf,PDF,PAGARE_CENTER,,Generado,111113612004634,2026-06-10 22:13:37,[object Object]
399,https://fooaxstorage.sfo3.digitaloceanspaces.com/Creditos/pagare_centro/111113612004634_20260610222557_626.pdf,Creditos/pagare_centro/111113612004634_20260610222557_626.pdf,PAGARE_CENTRO,CREDITOS,15416,Generado,111113612004634,2026-06-10 22:25:57,[object Object]
400,/pagares/centers/10,pagare_TENEXPAM.pdf,PDF,PAGARE_CENTER,,Generado,111113612004634,2026-06-10 22:25:57,[object Object]
401,https://fooaxstorage.sfo3.digitaloceanspaces.com/Prestamos/pagare_grupal/111113612004634_20260610223528_676.pdf,Prestamos/pagare_grupal/111113612004634_20260610223528_676.pdf,PAGARE_GRUPAL,PRESTAMOS,9919,Generado,111113612004634,2026-06-10 22:35:29,[object Object]
402,https://fooaxstorage.sfo3.digitaloceanspaces.com/Prestamos/pagare_grupal/111113612004634_20260611135336_91.pdf,Prestamos/pagare_grupal/111113612004634_20260611135336_91.pdf,PAGARE_GRUPAL,PRESTAMOS,10092,Generado,111113612004634,2026-06-11 13:53:36,[object Object]
403,https://fooaxstorage.sfo3.digitaloceanspaces.com/Prestamos/pagare_grupal/111113612004634_20260611141217_20.pdf,Prestamos/pagare_grupal/111113612004634_20260611141217_20.pdf,PAGARE_GRUPAL,PRESTAMOS,10104,Generado,111113612004634,2026-06-11 14:12:17,[object Object]
404,https://fooaxstorage.sfo3.digitaloceanspaces.com/Prestamos/pagare_grupal/111113612004634_20260611174309_159.pdf,Prestamos/pagare_grupal/111113612004634_20260611174309_159.pdf,PAGARE_GRUPAL,PRESTAMOS,10260,Generado,111113612004634,2026-06-11 17:43:10,[object Object]
405,https://fooaxstorage.sfo3.digitaloceanspaces.com/Prestamos/pagare_grupal/111113612004634_20260611182255_198.pdf,Prestamos/pagare_grupal/111113612004634_20260611182255_198.pdf,PAGARE_GRUPAL,PRESTAMOS,9919,Generado,111113612004634,2026-06-11 18:22:55,[object Object]
406,https://fooaxstorage.sfo3.digitaloceanspaces.com/Prestamos/pagare_grupal/111113612004634_20260611190654_635.pdf,Prestamos/pagare_grupal/111113612004634_20260611190654_635.pdf,PAGARE_GRUPAL,PRESTAMOS,9922,Generado,111113612004634,2026-06-11 19:06:54,[object Object]
407,https://fooaxstorage.sfo3.digitaloceanspaces.com/Creditos/pagare_centro/111113612004634_20260612200456_159.pdf,Creditos/pagare_centro/111113612004634_20260612200456_159.pdf,PAGARE_CENTRO,CREDITOS,14226,Generado,111113612004634,2026-06-12 20:04:56,[object Object]
408,/pagares/centers/19,pagare_FERRERIA.pdf,PDF,PAGARE_CENTER,,Generado,111113612004634,2026-06-12 20:04:56,[object Object]
409,https://fooaxstorage.sfo3.digitaloceanspaces.com/Prestamos/pagare_grupal/111113612004634_20260612205210_356.pdf,Prestamos/pagare_grupal/111113612004634_20260612205210_356.pdf,PAGARE_GRUPAL,PRESTAMOS,9905,Generado,111113612004634,2026-06-12 20:52:10,[object Object]
410,https://fooaxstorage.sfo3.digitaloceanspaces.com/Prestamos/pagare_grupal/111113612004634_20260612210806_566.pdf,Prestamos/pagare_grupal/111113612004634_20260612210806_566.pdf,PAGARE_GRUPAL,PRESTAMOS,9889,Generado,111113612004634,2026-06-12 21:08:06,[object Object]
411,https://fooaxstorage.sfo3.digitaloceanspaces.com/Prestamos/pagare_grupal/111113612004634_20260612213005_997.pdf,Prestamos/pagare_grupal/111113612004634_20260612213005_997.pdf,PAGARE_GRUPAL,PRESTAMOS,9909,Generado,111113612004634,2026-06-12 21:30:05,[object Object]
412,https://fooaxstorage.sfo3.digitaloceanspaces.com/Prestamos/pagare_grupal/111113612004634_20260612213621_136.pdf,Prestamos/pagare_grupal/111113612004634_20260612213621_136.pdf,PAGARE_GRUPAL,PRESTAMOS,9900,Generado,111113612004634,2026-06-12 21:36:21,[object Object]
413,https://fooaxstorage.sfo3.digitaloceanspaces.com/Prestamos/pagare_grupal/111113612004634_20260613162048_302.pdf,Prestamos/pagare_grupal/111113612004634_20260613162048_302.pdf,PAGARE_GRUPAL,PRESTAMOS,10052,Generado,111113612004634,2026-06-13 16:20:48,[object Object]
414,https://fooaxstorage.sfo3.digitaloceanspaces.com/Garantia_Adicional/retiro_individual/111113612603105_20260615164401_636.pdf,Garantia_Adicional/retiro_individual/111113612603105_20260615164401_636.pdf,RETIRO_GARANTIA_ADICIONAL_INDIVIDUAL,GARANTIA_ADICIONAL,140468,Generado,111113612603105,2026-06-15 16:44:02,[object Object]
415,https://fooaxstorage.sfo3.digitaloceanspaces.com/Garantia_Adicional/retiro_grupal/111113612603105_20260615172429_242_centro_1_BONI_BACUM.pdf,Garantia_Adicional/retiro_grupal/111113612603105_20260615172429_242_centro_1_BONI_BACUM.pdf,RETIRO_GARANTIA_ADICIONAL_GRUPAL,GARANTIA_ADICIONAL,140684,Generado,111113612603105,2026-06-15 17:24:29,[object Object]
416,https://fooaxstorage.sfo3.digitaloceanspaces.com/Garantia_Adicional/retiro_grupal/111113612603105_20260615173416_881_centro_1_BONI_BACUM.pdf,Garantia_Adicional/retiro_grupal/111113612603105_20260615173416_881_centro_1_BONI_BACUM.pdf,RETIRO_GARANTIA_ADICIONAL_GRUPAL,GARANTIA_ADICIONAL,140678,Generado,111113612603105,2026-06-15 17:34:16,[object Object]
417,https://fooaxstorage.sfo3.digitaloceanspaces.com/Garantia_Adicional/retiro_grupal/111113612603105_20260615175551_93_centro_39_SAN_JUAN_DEL_ESTADO.pdf,Garantia_Adicional/retiro_grupal/111113612603105_20260615175551_93_centro_39_SAN_JUAN_DEL_ESTADO.pdf,RETIRO_GARANTIA_ADICIONAL_GRUPAL,GARANTIA_ADICIONAL,140601,Generado,111113612603105,2026-06-15 17:55:51,[object Object]
418,https://fooaxstorage.sfo3.digitaloceanspaces.com/Garantia_Adicional/retiro_grupal/111113612603105_20260615193749_629_centro_33_24_DE_FEBRERO.pdf,Garantia_Adicional/retiro_grupal/111113612603105_20260615193749_629_centro_33_24_DE_FEBRERO.pdf,RETIRO_GARANTIA_ADICIONAL_GRUPAL,GARANTIA_ADICIONAL,141324,Generado,111113612603105,2026-06-15 19:37:49,[object Object]
419,https://fooaxstorage.sfo3.digitaloceanspaces.com/Garantia_Adicional/retiro_grupal/111113612603105_20260615201438_881_centro_48_JESSE.pdf,Garantia_Adicional/retiro_grupal/111113612603105_20260615201438_881_centro_48_JESSE.pdf,RETIRO_GARANTIA_ADICIONAL_GRUPAL,GARANTIA_ADICIONAL,140604,Generado,111113612603105,2026-06-15 20:14:38,[object Object]
420,https://fooaxstorage.sfo3.digitaloceanspaces.com/Garantia_Adicional/retiro_grupal/111113612603105_20260615212508_15_centro_21_ESMERALDA.pdf,Garantia_Adicional/retiro_grupal/111113612603105_20260615212508_15_centro_21_ESMERALDA.pdf,RETIRO_GARANTIA_ADICIONAL_GRUPAL,GARANTIA_ADICIONAL,140474,Generado,111113612603105,2026-06-15 21:25:08,[object Object]
421,https://fooaxstorage.sfo3.digitaloceanspaces.com/Garantia_Adicional/retiro_grupal/111113612603105_20260615220444_683_centro_18_ENEIJ.pdf,Garantia_Adicional/retiro_grupal/111113612603105_20260615220444_683_centro_18_ENEIJ.pdf,RETIRO_GARANTIA_ADICIONAL_GRUPAL,GARANTIA_ADICIONAL,140641,Generado,111113612603105,2026-06-15 22:04:44,[object Object]
422,https://fooaxstorage.sfo3.digitaloceanspaces.com/Garantia_Adicional/retiro_grupal/111113612603105_20260616155921_88_centro_54_BARCHIEL.pdf,Garantia_Adicional/retiro_grupal/111113612603105_20260616155921_88_centro_54_BARCHIEL.pdf,RETIRO_GARANTIA_ADICIONAL_GRUPAL,GARANTIA_ADICIONAL,140609,Generado,111113612603105,2026-06-16 15:59:21,[object Object]
423,https://fooaxstorage.sfo3.digitaloceanspaces.com/Garantia_Adicional/retiro_grupal/111113612603105_20260616165059_633_centro_55_CRECER_Y_MULTIPLICAR.pdf,Garantia_Adicional/retiro_grupal/111113612603105_20260616165059_633_centro_55_CRECER_Y_MULTIPLICAR.pdf,RETIRO_GARANTIA_ADICIONAL_GRUPAL,GARANTIA_ADICIONAL,140594,Generado,111113612603105,2026-06-16 16:51:00,[object Object]
424,https://fooaxstorage.sfo3.digitaloceanspaces.com/Garantia_Adicional/retiro_grupal/111113612603105_20260616170808_795_centro_47_GHANIMA.pdf,Garantia_Adicional/retiro_grupal/111113612603105_20260616170808_795_centro_47_GHANIMA.pdf,RETIRO_GARANTIA_ADICIONAL_GRUPAL,GARANTIA_ADICIONAL,140498,Generado,111113612603105,2026-06-16 17:08:08,[object Object]
425,https://fooaxstorage.sfo3.digitaloceanspaces.com/Garantia_Adicional/retiro_grupal/111113612603105_20260616181151_933_centro_44_ADNACHIEL.pdf,Garantia_Adicional/retiro_grupal/111113612603105_20260616181151_933_centro_44_ADNACHIEL.pdf,RETIRO_GARANTIA_ADICIONAL_GRUPAL,GARANTIA_ADICIONAL,140559,Generado,111113612603105,2026-06-16 18:11:52,[object Object]
426,https://fooaxstorage.sfo3.digitaloceanspaces.com/Garantia_Adicional/retiro_grupal/111113612603105_20260616183044_766_centro_40_IJAHE.pdf,Garantia_Adicional/retiro_grupal/111113612603105_20260616183044_766_centro_40_IJAHE.pdf,RETIRO_GARANTIA_ADICIONAL_GRUPAL,GARANTIA_ADICIONAL,140469,Generado,111113612603105,2026-06-16 18:30:45,[object Object]
427,https://fooaxstorage.sfo3.digitaloceanspaces.com/Prestamos/pagare_grupal/111113612004634_20260616183420_641.pdf,Prestamos/pagare_grupal/111113612004634_20260616183420_641.pdf,PAGARE_GRUPAL,PRESTAMOS,9871,Generado,111113612004634,2026-06-16 18:34:20,[object Object]
428,https://fooaxstorage.sfo3.digitaloceanspaces.com/Garantia_Adicional/retiro_grupal/111113612603105_20260616200857_483_centro_24_LA_CONSENTIDA.pdf,Garantia_Adicional/retiro_grupal/111113612603105_20260616200857_483_centro_24_LA_CONSENTIDA.pdf,RETIRO_GARANTIA_ADICIONAL_GRUPAL,GARANTIA_ADICIONAL,140837,Generado,111113612603105,2026-06-16 20:08:58,[object Object]
429,https://fooaxstorage.sfo3.digitaloceanspaces.com/Prestamos/pagare_grupal/111113612004634_20260618154506_593.pdf,Prestamos/pagare_grupal/111113612004634_20260618154506_593.pdf,PAGARE_GRUPAL,PRESTAMOS,10037,Generado,111113612004634,2026-06-18 15:45:06,[object Object]
430,https://fooaxstorage.sfo3.digitaloceanspaces.com/Prestamos/pagare_grupal/111113612004634_20260618161225_500.pdf,Prestamos/pagare_grupal/111113612004634_20260618161225_500.pdf,PAGARE_GRUPAL,PRESTAMOS,10066,Generado,111113612004634,2026-06-18 16:12:26,[object Object]
431,https://fooaxstorage.sfo3.digitaloceanspaces.com/Prestamos/pagare_grupal/111113612004634_20260618163948_40.pdf,Prestamos/pagare_grupal/111113612004634_20260618163948_40.pdf,PAGARE_GRUPAL,PRESTAMOS,11227,Generado,111113612004634,2026-06-18 16:39:49,[object Object]
432,https://fooaxstorage.sfo3.digitaloceanspaces.com/Creditos/pagare_centro/111113612004634_20260618164533_945.pdf,Creditos/pagare_centro/111113612004634_20260618164533_945.pdf,PAGARE_CENTRO,CREDITOS,21165,Generado,111113612004634,2026-06-18 16:45:34,[object Object]
433,/pagares/centers/24,pagare_LA_CONSENTIDA.pdf,PDF,PAGARE_CENTER,,Generado,111113612004634,2026-06-18 16:45:34,[object Object]
434,https://fooaxstorage.sfo3.digitaloceanspaces.com/Creditos/pagare_centro/111113612004634_20260618165142_960.pdf,Creditos/pagare_centro/111113612004634_20260618165142_960.pdf,PAGARE_CENTRO,CREDITOS,21162,Generado,111113612004634,2026-06-18 16:51:42,[object Object]
435,/pagares/centers/24,pagare_LA_CONSENTIDA.pdf,PDF,PAGARE_CENTER,,Generado,111113612004634,2026-06-18 16:51:42,[object Object]
436,https://fooaxstorage.sfo3.digitaloceanspaces.com/Prestamos/pagare_grupal/111113612004634_20260618170617_814.pdf,Prestamos/pagare_grupal/111113612004634_20260618170617_814.pdf,PAGARE_GRUPAL,PRESTAMOS,10058,Generado,111113612004634,2026-06-18 17:06:17,[object Object]
437,https://fooaxstorage.sfo3.digitaloceanspaces.com/Prestamos/pagare_grupal/111113612004634_20260618175519_870.pdf,Prestamos/pagare_grupal/111113612004634_20260618175519_870.pdf,PAGARE_GRUPAL,PRESTAMOS,9899,Generado,111113612004634,2026-06-18 17:55:19,[object Object]
438,https://fooaxstorage.sfo3.digitaloceanspaces.com/Prestamos/pagare_individual/111113612004634_20260618180531_62.pdf,Prestamos/pagare_individual/111113612004634_20260618180531_62.pdf,PAGARE_INDIVIDUAL,PRESTAMOS,11552,Generado,111113612004634,2026-06-18 18:05:31,[object Object]
439,/pagares/loans/1979,pagare_prestamo_1979.pdf,PDF,PAGARE_LOAN,,Generado,111113612004634,2026-06-18 18:05:31,[object Object]
440,https://fooaxstorage.sfo3.digitaloceanspaces.com/Creditos/pagare_centro/111113612004634_20260618182455_16.pdf,Creditos/pagare_centro/111113612004634_20260618182455_16.pdf,PAGARE_CENTRO,CREDITOS,15443,Generado,111113612004634,2026-06-18 18:24:56,[object Object]
441,/pagares/centers/26,pagare_SAN_PABLO_HUITZO.pdf,PDF,PAGARE_CENTER,,Generado,111113612004634,2026-06-18 18:24:56,[object Object]
442,https://fooaxstorage.sfo3.digitaloceanspaces.com/Prestamos/pagare_individual/111113612004634_20260618202842_138.pdf,Prestamos/pagare_individual/111113612004634_20260618202842_138.pdf,PAGARE_INDIVIDUAL,PRESTAMOS,11477,Generado,111113612004634,2026-06-18 20:28:42,[object Object]
443,/pagares/loans/1980,pagare_prestamo_1980.pdf,PDF,PAGARE_LOAN,,Generado,111113612004634,2026-06-18 20:28:42,[object Object]
444,https://fooaxstorage.sfo3.digitaloceanspaces.com/Prestamos/pagare_grupal/111113612004634_20260618220211_204.pdf,Prestamos/pagare_grupal/111113612004634_20260618220211_204.pdf,PAGARE_GRUPAL,PRESTAMOS,9881,Generado,111113612004634,2026-06-18 22:02:11,[object Object]
445,https://fooaxstorage.sfo3.digitaloceanspaces.com/Prestamos/pagare_grupal/111113612004634_20260619220921_143.pdf,Prestamos/pagare_grupal/111113612004634_20260619220921_143.pdf,PAGARE_GRUPAL,PRESTAMOS,11312,Generado,111113612004634,2026-06-19 22:09:22,[object Object]
446,https://fooaxstorage.sfo3.digitaloceanspaces.com/Prestamos/pagare_grupal/111113612004634_20260619222417_229.pdf,Prestamos/pagare_grupal/111113612004634_20260619222417_229.pdf,PAGARE_GRUPAL,PRESTAMOS,9924,Generado,111113612004634,2026-06-19 22:24:17,[object Object]
447,https://fooaxstorage.sfo3.digitaloceanspaces.com/Prestamos/pagare_grupal/111113612004634_20260619223123_881.pdf,Prestamos/pagare_grupal/111113612004634_20260619223123_881.pdf,PAGARE_GRUPAL,PRESTAMOS,9892,Generado,111113612004634,2026-06-19 22:31:24,[object Object]
448,https://fooaxstorage.sfo3.digitaloceanspaces.com/Prestamos/pagare_grupal/111113612004634_20260619231823_746.pdf,Prestamos/pagare_grupal/111113612004634_20260619231823_746.pdf,PAGARE_GRUPAL,PRESTAMOS,10375,Generado,111113612004634,2026-06-19 23:18:23,[object Object]
449,https://fooaxstorage.sfo3.digitaloceanspaces.com/Prestamos/pagare_grupal/111113612004634_20260619232600_360.pdf,Prestamos/pagare_grupal/111113612004634_20260619232600_360.pdf,PAGARE_GRUPAL,PRESTAMOS,9870,Generado,111113612004634,2026-06-19 23:26:00,[object Object]
450,https://fooaxstorage.sfo3.digitaloceanspaces.com/Prestamos/pagare_grupal/111113612004634_20260620145253_358.pdf,Prestamos/pagare_grupal/111113612004634_20260620145253_358.pdf,PAGARE_GRUPAL,PRESTAMOS,9917,Generado,111113612004634,2026-06-20 14:52:53,[object Object]
451,https://fooaxstorage.sfo3.digitaloceanspaces.com/Prestamos/pagare_grupal/111113612004634_20260620172958_825.pdf,Prestamos/pagare_grupal/111113612004634_20260620172958_825.pdf,PAGARE_GRUPAL,PRESTAMOS,9870,Generado,111113612004634,2026-06-20 17:29:58,[object Object]
452,https://fooaxstorage.sfo3.digitaloceanspaces.com/Garantia_Adicional/retiro_grupal/111113612603105_20260622161644_304_centro_13_ESTRELLAS_DEL_FORTIN.pdf,Garantia_Adicional/retiro_grupal/111113612603105_20260622161644_304_centro_13_ESTRELLAS_DEL_FORTIN.pdf,RETIRO_GARANTIA_ADICIONAL_GRUPAL,GARANTIA_ADICIONAL,140500,Generado,111113612603105,2026-06-22 16:16:44,[object Object]
453,https://fooaxstorage.sfo3.digitaloceanspaces.com/Garantia_Adicional/retiro_grupal/111113612603105_20260622163920_525_centro_1_BONI_BACUM.pdf,Garantia_Adicional/retiro_grupal/111113612603105_20260622163920_525_centro_1_BONI_BACUM.pdf,RETIRO_GARANTIA_ADICIONAL_GRUPAL,GARANTIA_ADICIONAL,140574,Generado,111113612603105,2026-06-22 16:39:20,[object Object]
454,https://fooaxstorage.sfo3.digitaloceanspaces.com/Garantia_Adicional/retiro_grupal/111113612603105_20260622171750_155_centro_58_LUMARI.pdf,Garantia_Adicional/retiro_grupal/111113612603105_20260622171750_155_centro_58_LUMARI.pdf,RETIRO_GARANTIA_ADICIONAL_GRUPAL,GARANTIA_ADICIONAL,140621,Generado,111113612603105,2026-06-22 17:17:50,[object Object]
455,https://fooaxstorage.sfo3.digitaloceanspaces.com/Garantia_Adicional/retiro_grupal/111113612603105_20260622192205_209_centro_24_LA_CONSENTIDA.pdf,Garantia_Adicional/retiro_grupal/111113612603105_20260622192205_209_centro_24_LA_CONSENTIDA.pdf,RETIRO_GARANTIA_ADICIONAL_GRUPAL,GARANTIA_ADICIONAL,140505,Generado,111113612603105,2026-06-22 19:22:05,[object Object]
456,https://fooaxstorage.sfo3.digitaloceanspaces.com/Garantia_Adicional/retiro_grupal/111113612603105_20260622201008_425_centro_21_ESMERALDA.pdf,Garantia_Adicional/retiro_grupal/111113612603105_20260622201008_425_centro_21_ESMERALDA.pdf,RETIRO_GARANTIA_ADICIONAL_GRUPAL,GARANTIA_ADICIONAL,140650,Generado,111113612603105,2026-06-22 20:10:09,[object Object]
457,https://fooaxstorage.sfo3.digitaloceanspaces.com/Garantia_Adicional/retiro_grupal/111113612603105_20260622214009_21_centro_26_SAN_PABLO_HUITZO.pdf,Garantia_Adicional/retiro_grupal/111113612603105_20260622214009_21_centro_26_SAN_PABLO_HUITZO.pdf,RETIRO_GARANTIA_ADICIONAL_GRUPAL,GARANTIA_ADICIONAL,140625,Generado,111113612603105,2026-06-22 21:40:10,[object Object]
458,https://fooaxstorage.sfo3.digitaloceanspaces.com/Garantia_Adicional/retiro_grupal/111113612603105_20260622220601_886_centro_6_APASCO.pdf,Garantia_Adicional/retiro_grupal/111113612603105_20260622220601_886_centro_6_APASCO.pdf,RETIRO_GARANTIA_ADICIONAL_GRUPAL,GARANTIA_ADICIONAL,140601,Generado,111113612603105,2026-06-22 22:06:02,[object Object]
459,https://fooaxstorage.sfo3.digitaloceanspaces.com/Garantia_Adicional/retiro_grupal/111113612603105_20260622221809_704_centro_2_SAN_MIGUEL.pdf,Garantia_Adicional/retiro_grupal/111113612603105_20260622221809_704_centro_2_SAN_MIGUEL.pdf,RETIRO_GARANTIA_ADICIONAL_GRUPAL,GARANTIA_ADICIONAL,140509,Generado,111113612603105,2026-06-22 22:18:10,[object Object]
460,https://fooaxstorage.sfo3.digitaloceanspaces.com/Garantia_Adicional/retiro_grupal/111113612603105_20260622225218_929_centro_1_BONI_BACUM.pdf,Garantia_Adicional/retiro_grupal/111113612603105_20260622225218_929_centro_1_BONI_BACUM.pdf,RETIRO_GARANTIA_ADICIONAL_GRUPAL,GARANTIA_ADICIONAL,140553,Generado,111113612603105,2026-06-22 22:52:18,[object Object]
461,https://fooaxstorage.sfo3.digitaloceanspaces.com/Garantia_Adicional/retiro_grupal/111113612603105_20260623164828_711_centro_3_MALAHIDAEL.pdf,Garantia_Adicional/retiro_grupal/111113612603105_20260623164828_711_centro_3_MALAHIDAEL.pdf,RETIRO_GARANTIA_ADICIONAL_GRUPAL,GARANTIA_ADICIONAL,140551,Generado,111113612603105,2026-06-23 16:48:29,[object Object]
462,https://fooaxstorage.sfo3.digitaloceanspaces.com/Creditos/pagare_centro/111113612004634_20260623230848_569.pdf,Creditos/pagare_centro/111113612004634_20260623230848_569.pdf,PAGARE_CENTRO,CREDITOS,18253,Generado,111113612004634,2026-06-23 23:08:48,[object Object]
463,/pagares/centers/1,pagare_BONI_BACUM.pdf,PDF,PAGARE_CENTER,,Generado,111113612004634,2026-06-23 23:08:48,[object Object]
464,https://fooaxstorage.sfo3.digitaloceanspaces.com/Creditos/pagare_centro/111113612004634_20260625172431_640.pdf,Creditos/pagare_centro/111113612004634_20260625172431_640.pdf,PAGARE_CENTRO,CREDITOS,22654,Generado,111113612004634,2026-06-25 17:24:32,[object Object]
465,/pagares/centers/24,pagare_LA_CONSENTIDA.pdf,PDF,PAGARE_CENTER,,Generado,111113612004634,2026-06-25 17:24:32,[object Object]
466,https://fooaxstorage.sfo3.digitaloceanspaces.com/Prestamos/pagare_grupal/111113612004634_20260625215807_160.pdf,Prestamos/pagare_grupal/111113612004634_20260625215807_160.pdf,PAGARE_GRUPAL,PRESTAMOS,10226,Generado,111113612004634,2026-06-25 21:58:07,[object Object]
467,https://fooaxstorage.sfo3.digitaloceanspaces.com/Prestamos/pagare_grupal/111113612004634_20260625220645_426.pdf,Prestamos/pagare_grupal/111113612004634_20260625220645_426.pdf,PAGARE_GRUPAL,PRESTAMOS,9909,Generado,111113612004634,2026-06-25 22:06:46,[object Object]
468,https://fooaxstorage.sfo3.digitaloceanspaces.com/Prestamos/pagare_grupal/111113612004634_20260625222142_212.pdf,Prestamos/pagare_grupal/111113612004634_20260625222142_212.pdf,PAGARE_GRUPAL,PRESTAMOS,10086,Generado,111113612004634,2026-06-25 22:21:42,[object Object]
469,https://fooaxstorage.sfo3.digitaloceanspaces.com/Prestamos/pagare_grupal/111113612004634_20260625222916_312.pdf,Prestamos/pagare_grupal/111113612004634_20260625222916_312.pdf,PAGARE_GRUPAL,PRESTAMOS,9901,Generado,111113612004634,2026-06-25 22:29:17,[object Object]
470,https://fooaxstorage.sfo3.digitaloceanspaces.com/Prestamos/pagare_grupal/111113612004634_20260625223422_105.pdf,Prestamos/pagare_grupal/111113612004634_20260625223422_105.pdf,PAGARE_GRUPAL,PRESTAMOS,9895,Generado,111113612004634,2026-06-25 22:34:22,[object Object]
471,https://fooaxstorage.sfo3.digitaloceanspaces.com/Prestamos/pagare_grupal/111113612004634_20260625224124_71.pdf,Prestamos/pagare_grupal/111113612004634_20260625224124_71.pdf,PAGARE_GRUPAL,PRESTAMOS,9900,Generado,111113612004634,2026-06-25 22:41:24,[object Object]
472,https://fooaxstorage.sfo3.digitaloceanspaces.com/Prestamos/pagare_grupal/111113612004634_20260625225405_636.pdf,Prestamos/pagare_grupal/111113612004634_20260625225405_636.pdf,PAGARE_GRUPAL,PRESTAMOS,9853,Generado,111113612004634,2026-06-25 22:54:05,[object Object]
473,https://fooaxstorage.sfo3.digitaloceanspaces.com/Prestamos/pagare_grupal/111113612004634_20260626213809_473.pdf,Prestamos/pagare_grupal/111113612004634_20260626213809_473.pdf,PAGARE_GRUPAL,PRESTAMOS,9878,Generado,111113612004634,2026-06-26 21:38:09,[object Object]
474,https://fooaxstorage.sfo3.digitaloceanspaces.com/Prestamos/pagare_grupal/111113612004634_20260626214654_13.pdf,Prestamos/pagare_grupal/111113612004634_20260626214654_13.pdf,PAGARE_GRUPAL,PRESTAMOS,9893,Generado,111113612004634,2026-06-26 21:46:55,[object Object]
475,https://fooaxstorage.sfo3.digitaloceanspaces.com/Prestamos/pagare_grupal/111113612004634_20260626221248_330.pdf,Prestamos/pagare_grupal/111113612004634_20260626221248_330.pdf,PAGARE_GRUPAL,PRESTAMOS,10085,Generado,111113612004634,2026-06-26 22:12:49,[object Object]
476,https://fooaxstorage.sfo3.digitaloceanspaces.com/Prestamos/pagare_grupal/111113612004634_20260626223601_376.pdf,Prestamos/pagare_grupal/111113612004634_20260626223601_376.pdf,PAGARE_GRUPAL,PRESTAMOS,9908,Generado,111113612004634,2026-06-26 22:36:01,[object Object]
477,https://fooaxstorage.sfo3.digitaloceanspaces.com/Creditos/pagare_centro/111113612004634_20260626232058_656.pdf,Creditos/pagare_centro/111113612004634_20260626232058_656.pdf,PAGARE_CENTRO,CREDITOS,17054,Generado,111113612004634,2026-06-26 23:20:58,[object Object]
478,/pagares/centers/21,pagare_ESMERALDA.pdf,PDF,PAGARE_CENTER,,Generado,111113612004634,2026-06-26 23:20:58,[object Object]
479,https://fooaxstorage.sfo3.digitaloceanspaces.com/Creditos/pagare_centro/111113612004634_20260626232140_758.pdf,Creditos/pagare_centro/111113612004634_20260626232140_758.pdf,PAGARE_CENTRO,CREDITOS,12604,Generado,111113612004634,2026-06-26 23:21:40,[object Object]
480,/pagares/centers/32,pagare_VERINIEL.pdf,PDF,PAGARE_CENTER,,Generado,111113612004634,2026-06-26 23:21:40,[object Object]
481,https://fooaxstorage.sfo3.digitaloceanspaces.com/Prestamos/pagare_grupal/111113612004634_20260627191505_814.pdf,Prestamos/pagare_grupal/111113612004634_20260627191505_814.pdf,PAGARE_GRUPAL,PRESTAMOS,10226,Generado,111113612004634,2026-06-27 19:15:05,[object Object]
482,https://fooaxstorage.sfo3.digitaloceanspaces.com/Prestamos/pagare_grupal/111113612004634_20260627192147_510.pdf,Prestamos/pagare_grupal/111113612004634_20260627192147_510.pdf,PAGARE_GRUPAL,PRESTAMOS,9884,Generado,111113612004634,2026-06-27 19:21:47,[object Object]
483,https://fooaxstorage.sfo3.digitaloceanspaces.com/Garantia_Adicional/retiro_individual/111113612603105_20260629172946_807.pdf,Garantia_Adicional/retiro_individual/111113612603105_20260629172946_807.pdf,RETIRO_GARANTIA_ADICIONAL_INDIVIDUAL,GARANTIA_ADICIONAL,140357,Generado,111113612603105,2026-06-29 17:29:49,[object Object]
484,https://fooaxstorage.sfo3.digitaloceanspaces.com/Garantia_Adicional/retiro_individual/111113612603105_20260629180540_411.pdf,Garantia_Adicional/retiro_individual/111113612603105_20260629180540_411.pdf,RETIRO_GARANTIA_ADICIONAL_INDIVIDUAL,GARANTIA_ADICIONAL,140427,Generado,111113612603105,2026-06-29 18:05:43,[object Object]
485,https://fooaxstorage.sfo3.digitaloceanspaces.com/Garantia_Adicional/retiro_individual/111113612603105_20260629194149_732.pdf,Garantia_Adicional/retiro_individual/111113612603105_20260629194149_732.pdf,RETIRO_GARANTIA_ADICIONAL_INDIVIDUAL,GARANTIA_ADICIONAL,140435,Generado,111113612603105,2026-06-29 19:41:51,[object Object]
486,https://fooaxstorage.sfo3.digitaloceanspaces.com/Prestamos/pagare_grupal/111113612004634_20260629215114_283.pdf,Prestamos/pagare_grupal/111113612004634_20260629215114_283.pdf,PAGARE_GRUPAL,PRESTAMOS,10277,Generado,111113612004634,2026-06-29 21:51:16,[object Object]
487,https://fooaxstorage.sfo3.digitaloceanspaces.com/Prestamos/pagare_grupal/111113612004634_20260629215423_419.pdf,Prestamos/pagare_grupal/111113612004634_20260629215423_419.pdf,PAGARE_GRUPAL,PRESTAMOS,9878,Generado,111113612004634,2026-06-29 21:54:26,[object Object]
488,https://fooaxstorage.sfo3.digitaloceanspaces.com/Prestamos/pagare_grupal/111113612004634_20260629220357_909.pdf,Prestamos/pagare_grupal/111113612004634_20260629220357_909.pdf,PAGARE_GRUPAL,PRESTAMOS,9875,Generado,111113612004634,2026-06-29 22:03:59,[object Object]
489,https://fooaxstorage.sfo3.digitaloceanspaces.com/Prestamos/pagare_grupal/111113612004634_20260629222133_439.pdf,Prestamos/pagare_grupal/111113612004634_20260629222133_439.pdf,PAGARE_GRUPAL,PRESTAMOS,9888,Generado,111113612004634,2026-06-29 22:21:35,[object Object]
490,https://fooaxstorage.sfo3.digitaloceanspaces.com/Prestamos/pagare_grupal/111113612004634_20260629222503_114.pdf,Prestamos/pagare_grupal/111113612004634_20260629222503_114.pdf,PAGARE_GRUPAL,PRESTAMOS,9868,Generado,111113612004634,2026-06-29 22:25:06,[object Object]
491,https://fooaxstorage.sfo3.digitaloceanspaces.com/Garantia_Adicional/retiro_grupal/111113612603105_20260629230209_282_centro_46_YA_GHANI.pdf,Garantia_Adicional/retiro_grupal/111113612603105_20260629230209_282_centro_46_YA_GHANI.pdf,RETIRO_GARANTIA_ADICIONAL_GRUPAL,GARANTIA_ADICIONAL,140529,Generado,111113612603105,2026-06-29 23:02:12,[object Object]
492,https://fooaxstorage.sfo3.digitaloceanspaces.com/Garantia_Adicional/retiro_grupal/111113612603105_20260629231352_753_centro_10_TENEXPAM.pdf,Garantia_Adicional/retiro_grupal/111113612603105_20260629231352_753_centro_10_TENEXPAM.pdf,RETIRO_GARANTIA_ADICIONAL_GRUPAL,GARANTIA_ADICIONAL,140520,Generado,111113612603105,2026-06-29 23:13:54,[object Object]
493,https://fooaxstorage.sfo3.digitaloceanspaces.com/Garantia_Adicional/retiro_grupal/111113612603105_20260629232700_980_centro_1_BONI_BACUM.pdf,Garantia_Adicional/retiro_grupal/111113612603105_20260629232700_980_centro_1_BONI_BACUM.pdf,RETIRO_GARANTIA_ADICIONAL_GRUPAL,GARANTIA_ADICIONAL,140501,Generado,111113612603105,2026-06-29 23:27:03,[object Object]
494,https://fooaxstorage.sfo3.digitaloceanspaces.com/Garantia_Adicional/retiro_grupal/111113612603105_20260630160601_499_centro_27_FRUTOS_DE_DINERO.pdf,Garantia_Adicional/retiro_grupal/111113612603105_20260630160601_499_centro_27_FRUTOS_DE_DINERO.pdf,RETIRO_GARANTIA_ADICIONAL_GRUPAL,GARANTIA_ADICIONAL,140501,Generado,111113612603105,2026-06-30 16:06:01,[object Object]
495,https://fooaxstorage.sfo3.digitaloceanspaces.com/Garantia_Adicional/retiro_grupal/111113612603105_20260630164554_450_centro_26_SAN_PABLO_HUITZO.pdf,Garantia_Adicional/retiro_grupal/111113612603105_20260630164554_450_centro_26_SAN_PABLO_HUITZO.pdf,RETIRO_GARANTIA_ADICIONAL_GRUPAL,GARANTIA_ADICIONAL,140582,Generado,111113612603105,2026-06-30 16:45:55,[object Object]
496,https://fooaxstorage.sfo3.digitaloceanspaces.com/Prestamos/pagare_individual/111113612004634_20260702214857_347.pdf,Prestamos/pagare_individual/111113612004634_20260702214857_347.pdf,PAGARE_INDIVIDUAL,PRESTAMOS,11596,Generado,111113612004634,2026-07-02 21:48:57,[object Object]
497,/pagares/loans/2025,pagare_prestamo_2025.pdf,PDF,PAGARE_LOAN,,Generado,111113612004634,2026-07-02 21:48:57,[object Object]
498,https://fooaxstorage.sfo3.digitaloceanspaces.com/Prestamos/pagare_individual/111113612004634_20260702215137_716.pdf,Prestamos/pagare_individual/111113612004634_20260702215137_716.pdf,PAGARE_INDIVIDUAL,PRESTAMOS,11511,Generado,111113612004634,2026-07-02 21:51:38,[object Object]
499,/pagares/loans/2026,pagare_prestamo_2026.pdf,PDF,PAGARE_LOAN,,Generado,111113612004634,2026-07-02 21:51:38,[object Object]
500,https://fooaxstorage.sfo3.digitaloceanspaces.com/Prestamos/pagare_individual/111113612004634_20260702215309_584.pdf,Prestamos/pagare_individual/111113612004634_20260702215309_584.pdf,PAGARE_INDIVIDUAL,PRESTAMOS,11460,Generado,111113612004634,2026-07-02 21:53:09,[object Object]
501,/pagares/loans/2027,pagare_prestamo_2027.pdf,PDF,PAGARE_LOAN,,Generado,111113612004634,2026-07-02 21:53:09,[object Object]
502,https://fooaxstorage.sfo3.digitaloceanspaces.com/Prestamos/pagare_individual/111113612004634_20260702215602_500.pdf,Prestamos/pagare_individual/111113612004634_20260702215602_500.pdf,PAGARE_INDIVIDUAL,PRESTAMOS,11595,Generado,111113612004634,2026-07-02 21:56:02,[object Object]
503,/pagares/loans/2028,pagare_prestamo_2028.pdf,PDF,PAGARE_LOAN,,Generado,111113612004634,2026-07-02 21:56:02,[object Object]
504,https://fooaxstorage.sfo3.digitaloceanspaces.com/Prestamos/pagare_grupal/111113612004634_20260702221724_549.pdf,Prestamos/pagare_grupal/111113612004634_20260702221724_549.pdf,PAGARE_GRUPAL,PRESTAMOS,9895,Generado,111113612004634,2026-07-02 22:17:25,[object Object]
505,https://fooaxstorage.sfo3.digitaloceanspaces.com/Prestamos/pagare_grupal/111113612004634_20260702222823_4.pdf,Prestamos/pagare_grupal/111113612004634_20260702222823_4.pdf,PAGARE_GRUPAL,PRESTAMOS,9930,Generado,111113612004634,2026-07-02 22:28:23,[object Object]
506,https://fooaxstorage.sfo3.digitaloceanspaces.com/Prestamos/pagare_grupal/111113612004634_20260702224257_561.pdf,Prestamos/pagare_grupal/111113612004634_20260702224257_561.pdf,PAGARE_GRUPAL,PRESTAMOS,9908,Generado,111113612004634,2026-07-02 22:42:58,[object Object]
507,https://fooaxstorage.sfo3.digitaloceanspaces.com/Prestamos/pagare_grupal/111113612004634_20260702224739_687.pdf,Prestamos/pagare_grupal/111113612004634_20260702224739_687.pdf,PAGARE_GRUPAL,PRESTAMOS,9906,Generado,111113612004634,2026-07-02 22:47:39,[object Object]
508,https://fooaxstorage.sfo3.digitaloceanspaces.com/Creditos/pagare_centro/111113612004634_20260702235813_855.pdf,Creditos/pagare_centro/111113612004634_20260702235813_855.pdf,PAGARE_CENTRO,CREDITOS,19644,Generado,111113612004634,2026-07-02 23:58:13,[object Object]
509,/pagares/centers/26,pagare_SAN_PABLO_HUITZO.pdf,PDF,PAGARE_CENTER,,Generado,111113612004634,2026-07-02 23:58:13,[object Object]
510,https://fooaxstorage.sfo3.digitaloceanspaces.com/Prestamos/pagare_grupal/111113612004634_20260703215724_673.pdf,Prestamos/pagare_grupal/111113612004634_20260703215724_673.pdf,PAGARE_GRUPAL,PRESTAMOS,9865,Generado,111113612004634,2026-07-03 21:57:25,[object Object]
511,https://fooaxstorage.sfo3.digitaloceanspaces.com/Prestamos/pagare_grupal/111113612004634_20260703215903_238.pdf,Prestamos/pagare_grupal/111113612004634_20260703215903_238.pdf,PAGARE_GRUPAL,PRESTAMOS,9883,Generado,111113612004634,2026-07-03 21:59:03,[object Object]
512,https://fooaxstorage.sfo3.digitaloceanspaces.com/Prestamos/pagare_grupal/111113612004634_20260703215957_622.pdf,Prestamos/pagare_grupal/111113612004634_20260703215957_622.pdf,PAGARE_GRUPAL,PRESTAMOS,9874,Generado,111113612004634,2026-07-03 21:59:57,[object Object]
513,https://fooaxstorage.sfo3.digitaloceanspaces.com/Prestamos/pagare_grupal/111113612004634_20260703220227_637.pdf,Prestamos/pagare_grupal/111113612004634_20260703220227_637.pdf,PAGARE_GRUPAL,PRESTAMOS,10104,Generado,111113612004634,2026-07-03 22:02:27,[object Object]
514,https://fooaxstorage.sfo3.digitaloceanspaces.com/Prestamos/pagare_grupal/111113612004634_20260703220502_446.pdf,Prestamos/pagare_grupal/111113612004634_20260703220502_446.pdf,PAGARE_GRUPAL,PRESTAMOS,9856,Generado,111113612004634,2026-07-03 22:05:03,[object Object]
515,https://fooaxstorage.sfo3.digitaloceanspaces.com/Prestamos/pagare_grupal/111113612004634_20260703220643_72.pdf,Prestamos/pagare_grupal/111113612004634_20260703220643_72.pdf,PAGARE_GRUPAL,PRESTAMOS,9891,Generado,111113612004634,2026-07-03 22:06:43,[object Object]
516,https://fooaxstorage.sfo3.digitaloceanspaces.com/Prestamos/pagare_grupal/111113612004634_20260703220813_94.pdf,Prestamos/pagare_grupal/111113612004634_20260703220813_94.pdf,PAGARE_GRUPAL,PRESTAMOS,9899,Generado,111113612004634,2026-07-03 22:08:13,[object Object]
517,https://fooaxstorage.sfo3.digitaloceanspaces.com/Prestamos/pagare_grupal/111113612004634_20260703220901_503.pdf,Prestamos/pagare_grupal/111113612004634_20260703220901_503.pdf,PAGARE_GRUPAL,PRESTAMOS,9901,Generado,111113612004634,2026-07-03 22:09:01,[object Object]
518,https://fooaxstorage.sfo3.digitaloceanspaces.com/Prestamos/pagare_grupal/111113612004634_20260703221205_447.pdf,Prestamos/pagare_grupal/111113612004634_20260703221205_447.pdf,PAGARE_GRUPAL,PRESTAMOS,9899,Generado,111113612004634,2026-07-03 22:12:05,[object Object]
519,https://fooaxstorage.sfo3.digitaloceanspaces.com/Prestamos/pagare_grupal/111113612004634_20260703221210_587.pdf,Prestamos/pagare_grupal/111113612004634_20260703221210_587.pdf,PAGARE_GRUPAL,PRESTAMOS,9887,Generado,111113612004634,2026-07-03 22:12:10,[object Object]
520,https://fooaxstorage.sfo3.digitaloceanspaces.com/Prestamos/pagare_grupal/111113612004634_20260704154056_813.pdf,Prestamos/pagare_grupal/111113612004634_20260704154056_813.pdf,PAGARE_GRUPAL,PRESTAMOS,9905,Generado,111113612004634,2026-07-04 15:40:57,[object Object]
521,https://fooaxstorage.sfo3.digitaloceanspaces.com/Prestamos/pagare_grupal/111113612004634_20260704154101_755.pdf,Prestamos/pagare_grupal/111113612004634_20260704154101_755.pdf,PAGARE_GRUPAL,PRESTAMOS,9914,Generado,111113612004634,2026-07-04 15:41:01,[object Object]
522,https://fooaxstorage.sfo3.digitaloceanspaces.com/Garantia_Adicional/retiro_grupal/111113612603105_20260706170019_799_centro_33_24_DE_FEBRERO.pdf,Garantia_Adicional/retiro_grupal/111113612603105_20260706170019_799_centro_33_24_DE_FEBRERO.pdf,RETIRO_GARANTIA_ADICIONAL_GRUPAL,GARANTIA_ADICIONAL,140552,Generado,111113612603105,2026-07-06 17:00:20,[object Object]
523,https://fooaxstorage.sfo3.digitaloceanspaces.com/Garantia_Adicional/retiro_individual/111113612603105_20260706171404_985.pdf,Garantia_Adicional/retiro_individual/111113612603105_20260706171404_985.pdf,RETIRO_GARANTIA_ADICIONAL_INDIVIDUAL,GARANTIA_ADICIONAL,140416,Generado,111113612603105,2026-07-06 17:14:04,[object Object]
524,https://fooaxstorage.sfo3.digitaloceanspaces.com/Garantia_Adicional/retiro_grupal/111113612603105_20260706180428_41_centro_22_TETICHE.pdf,Garantia_Adicional/retiro_grupal/111113612603105_20260706180428_41_centro_22_TETICHE.pdf,RETIRO_GARANTIA_ADICIONAL_GRUPAL,GARANTIA_ADICIONAL,140573,Generado,111113612603105,2026-07-06 18:04:28,[object Object]
525,https://fooaxstorage.sfo3.digitaloceanspaces.com/Garantia_Adicional/retiro_grupal/111113612603105_20260706181513_961_centro_6_APASCO.pdf,Garantia_Adicional/retiro_grupal/111113612603105_20260706181513_961_centro_6_APASCO.pdf,RETIRO_GARANTIA_ADICIONAL_GRUPAL,GARANTIA_ADICIONAL,140509,Generado,111113612603105,2026-07-06 18:15:14,[object Object]
526,https://fooaxstorage.sfo3.digitaloceanspaces.com/Garantia_Adicional/retiro_grupal/111113612603105_20260706183805_620_centro_15_ATAYUCO.pdf,Garantia_Adicional/retiro_grupal/111113612603105_20260706183805_620_centro_15_ATAYUCO.pdf,RETIRO_GARANTIA_ADICIONAL_GRUPAL,GARANTIA_ADICIONAL,140493,Generado,111113612603105,2026-07-06 18:38:05,[object Object]
527,https://fooaxstorage.sfo3.digitaloceanspaces.com/Garantia_Adicional/retiro_grupal/111113612603105_20260706185227_519_centro_48_JESSE.pdf,Garantia_Adicional/retiro_grupal/111113612603105_20260706185227_519_centro_48_JESSE.pdf,RETIRO_GARANTIA_ADICIONAL_GRUPAL,GARANTIA_ADICIONAL,140476,Generado,111113612603105,2026-07-06 18:52:28,[object Object]
528,https://fooaxstorage.sfo3.digitaloceanspaces.com/Garantia_Adicional/retiro_grupal/111113612603105_20260706190407_802_centro_32_VERINIEL.pdf,Garantia_Adicional/retiro_grupal/111113612603105_20260706190407_802_centro_32_VERINIEL.pdf,RETIRO_GARANTIA_ADICIONAL_GRUPAL,GARANTIA_ADICIONAL,140489,Generado,111113612603105,2026-07-06 19:04:07,[object Object]
529,https://fooaxstorage.sfo3.digitaloceanspaces.com/Garantia_Adicional/retiro_grupal/111113612603105_20260706192045_59_centro_54_BARCHIEL.pdf,Garantia_Adicional/retiro_grupal/111113612603105_20260706192045_59_centro_54_BARCHIEL.pdf,RETIRO_GARANTIA_ADICIONAL_GRUPAL,GARANTIA_ADICIONAL,140487,Generado,111113612603105,2026-07-06 19:20:45,[object Object]
530,https://fooaxstorage.sfo3.digitaloceanspaces.com/Garantia_Adicional/retiro_grupal/111113612603105_20260706195426_75_centro_44_ADNACHIEL.pdf,Garantia_Adicional/retiro_grupal/111113612603105_20260706195426_75_centro_44_ADNACHIEL.pdf,RETIRO_GARANTIA_ADICIONAL_GRUPAL,GARANTIA_ADICIONAL,140568,Generado,111113612603105,2026-07-06 19:54:26,[object Object]
531,https://fooaxstorage.sfo3.digitaloceanspaces.com/Creditos/pagare_centro/111113612004634_20260707204551_768.pdf,Creditos/pagare_centro/111113612004634_20260707204551_768.pdf,PAGARE_CENTRO,CREDITOS,19478,Generado,111113612004634,2026-07-07 20:45:51,[object Object]
532,/pagares/centers/33,pagare_24_DE_FEBRERO.pdf,PDF,PAGARE_CENTER,,Generado,111113612004634,2026-07-07 20:45:51,[object Object]
533,https://fooaxstorage.sfo3.digitaloceanspaces.com/Prestamos/pagare_grupal/111113612004634_20260707204859_510.pdf,Prestamos/pagare_grupal/111113612004634_20260707204859_510.pdf,PAGARE_GRUPAL,PRESTAMOS,9885,Generado,111113612004634,2026-07-07 20:48:59,[object Object]
534,https://fooaxstorage.sfo3.digitaloceanspaces.com/Prestamos/pagare_grupal/111113612004634_20260707205109_489.pdf,Prestamos/pagare_grupal/111113612004634_20260707205109_489.pdf,PAGARE_GRUPAL,PRESTAMOS,10353,Generado,111113612004634,2026-07-07 20:51:09,[object Object]
535,spaces://fooaxstorage/Prestamos/pagare_individual/111113612004634_20260708230045_846.pdf,Prestamos/pagare_individual/111113612004634_20260708230045_846.pdf,PAGARE_INDIVIDUAL,PRESTAMOS,11454,Generado,111113612004634,2026-07-08 23:00:45,[object Object]
536,/pagares/loans/2052,pagare_prestamo_2052.pdf,PDF,PAGARE_LOAN,,Generado,111113612004634,2026-07-08 23:00:45,[object Object]
537,spaces://fooaxstorage/Prestamos/pagare_grupal/111113612004634_20260709191711_763.pdf,Prestamos/pagare_grupal/111113612004634_20260709191711_763.pdf,PAGARE_GRUPAL,PRESTAMOS,9870,Generado,111113612004634,2026-07-09 19:17:11,[object Object]
538,spaces://fooaxstorage/Prestamos/pagare_grupal/111113612004634_20260709195616_323.pdf,Prestamos/pagare_grupal/111113612004634_20260709195616_323.pdf,PAGARE_GRUPAL,PRESTAMOS,9912,Generado,111113612004634,2026-07-09 19:56:16,[object Object]
539,spaces://fooaxstorage/Prestamos/pagare_grupal/111113612004634_20260709200445_912.pdf,Prestamos/pagare_grupal/111113612004634_20260709200445_912.pdf,PAGARE_GRUPAL,PRESTAMOS,9846,Generado,111113612004634,2026-07-09 20:04:45,[object Object]
540,spaces://fooaxstorage/Prestamos/pagare_grupal/111113612004634_20260709200451_2.pdf,Prestamos/pagare_grupal/111113612004634_20260709200451_2.pdf,PAGARE_GRUPAL,PRESTAMOS,9845,Generado,111113612004634,2026-07-09 20:04:51,[object Object]
541,spaces://fooaxstorage/Prestamos/pagare_grupal/111113612004634_20260709201527_731.pdf,Prestamos/pagare_grupal/111113612004634_20260709201527_731.pdf,PAGARE_GRUPAL,PRESTAMOS,9893,Generado,111113612004634,2026-07-09 20:15:27,[object Object]
542,spaces://fooaxstorage/Prestamos/pagare_grupal/111113612004634_20260709204040_865.pdf,Prestamos/pagare_grupal/111113612004634_20260709204040_865.pdf,PAGARE_GRUPAL,PRESTAMOS,9899,Generado,111113612004634,2026-07-09 20:40:40,[object Object]
543,spaces://fooaxstorage/Prestamos/pagare_grupal/111113612004634_20260709204826_368.pdf,Prestamos/pagare_grupal/111113612004634_20260709204826_368.pdf,PAGARE_GRUPAL,PRESTAMOS,9900,Generado,111113612004634,2026-07-09 20:48:26,[object Object]
544,spaces://fooaxstorage/Prestamos/pagare_grupal/111113612004634_20260709205438_206.pdf,Prestamos/pagare_grupal/111113612004634_20260709205438_206.pdf,PAGARE_GRUPAL,PRESTAMOS,9899,Generado,111113612004634,2026-07-09 20:54:39,[object Object]
545,spaces://fooaxstorage/Prestamos/pagare_grupal/111113612004634_20260709211027_145.pdf,Prestamos/pagare_grupal/111113612004634_20260709211027_145.pdf,PAGARE_GRUPAL,PRESTAMOS,9909,Generado,111113612004634,2026-07-09 21:10:27,[object Object]
546,spaces://fooaxstorage/Prestamos/pagare_grupal/111113612004634_20260709211031_870.pdf,Prestamos/pagare_grupal/111113612004634_20260709211031_870.pdf,PAGARE_GRUPAL,PRESTAMOS,9916,Generado,111113612004634,2026-07-09 21:10:31,[object Object]
547,spaces://fooaxstorage/Prestamos/pagare_grupal/111113612004634_20260709212359_33.pdf,Prestamos/pagare_grupal/111113612004634_20260709212359_33.pdf,PAGARE_GRUPAL,PRESTAMOS,9892,Generado,111113612004634,2026-07-09 21:23:59,[object Object]
548,spaces://fooaxstorage/Prestamos/pagare_grupal/111113612004634_20260709220453_330.pdf,Prestamos/pagare_grupal/111113612004634_20260709220453_330.pdf,PAGARE_GRUPAL,PRESTAMOS,9878,Generado,111113612004634,2026-07-09 22:04:53,[object Object]
549,spaces://fooaxstorage/Prestamos/pagare_grupal/111113612004634_20260709221409_517.pdf,Prestamos/pagare_grupal/111113612004634_20260709221409_517.pdf,PAGARE_GRUPAL,PRESTAMOS,9907,Generado,111113612004634,2026-07-09 22:14:09,[object Object]
550,spaces://fooaxstorage/Prestamos/pagare_grupal/111113612004634_20260709221706_962.pdf,Prestamos/pagare_grupal/111113612004634_20260709221706_962.pdf,PAGARE_GRUPAL,PRESTAMOS,9890,Generado,111113612004634,2026-07-09 22:17:06,[object Object]
551,spaces://fooaxstorage/Prestamos/pagare_grupal/111113612004634_20260709233315_329.pdf,Prestamos/pagare_grupal/111113612004634_20260709233315_329.pdf,PAGARE_GRUPAL,PRESTAMOS,9875,Generado,111113612004634,2026-07-09 23:33:15,[object Object]
552,spaces://fooaxstorage/Prestamos/pagare_grupal/111113612004634_20260709233918_165.pdf,Prestamos/pagare_grupal/111113612004634_20260709233918_165.pdf,PAGARE_GRUPAL,PRESTAMOS,9912,Generado,111113612004634,2026-07-09 23:39:18,[object Object]
553,spaces://fooaxstorage/Creditos/pagare_centro/111113612004634_20260710001706_202.pdf,Creditos/pagare_centro/111113612004634_20260710001706_202.pdf,PAGARE_CENTRO,CREDITOS,17069,Generado,111113612004634,2026-07-10 00:17:06,[object Object]
554,/pagares/centers/21,pagare_ESMERALDA.pdf,PDF,PAGARE_CENTER,,Generado,111113612004634,2026-07-10 00:17:06,[object Object]
555,spaces://fooaxstorage/Creditos/pagare_centro/111113612004634_20260710002019_980.pdf,Creditos/pagare_centro/111113612004634_20260710002019_980.pdf,PAGARE_CENTRO,CREDITOS,17078,Generado,111113612004634,2026-07-10 00:20:19,[object Object]
556,/pagares/centers/21,pagare_ESMERALDA.pdf,PDF,PAGARE_CENTER,,Generado,111113612004634,2026-07-10 00:20:19,[object Object]
557,spaces://fooaxstorage/Prestamos/pagare_grupal/111113612004634_20260710195213_167.pdf,Prestamos/pagare_grupal/111113612004634_20260710195213_167.pdf,PAGARE_GRUPAL,PRESTAMOS,9875,Generado,111113612004634,2026-07-10 19:52:13,[object Object]
558,spaces://fooaxstorage/Prestamos/pagare_grupal/111113612004634_20260710200747_685.pdf,Prestamos/pagare_grupal/111113612004634_20260710200747_685.pdf,PAGARE_GRUPAL,PRESTAMOS,9888,Generado,111113612004634,2026-07-10 20:07:47,[object Object]
559,spaces://fooaxstorage/Prestamos/pagare_grupal/111113612004634_20260710203035_947.pdf,Prestamos/pagare_grupal/111113612004634_20260710203035_947.pdf,PAGARE_GRUPAL,PRESTAMOS,9904,Generado,111113612004634,2026-07-10 20:30:35,[object Object]
560,spaces://fooaxstorage/Prestamos/pagare_grupal/111113612004634_20260710203458_190.pdf,Prestamos/pagare_grupal/111113612004634_20260710203458_190.pdf,PAGARE_GRUPAL,PRESTAMOS,10051,Generado,111113612004634,2026-07-10 20:34:59,[object Object]
561,spaces://fooaxstorage/Prestamos/pagare_grupal/111113612004634_20260710203855_178.pdf,Prestamos/pagare_grupal/111113612004634_20260710203855_178.pdf,PAGARE_GRUPAL,PRESTAMOS,9891,Generado,111113612004634,2026-07-10 20:38:55,[object Object]
562,spaces://fooaxstorage/Prestamos/pagare_grupal/111113612004634_20260710204234_856.pdf,Prestamos/pagare_grupal/111113612004634_20260710204234_856.pdf,PAGARE_GRUPAL,PRESTAMOS,9906,Generado,111113612004634,2026-07-10 20:42:34,[object Object]
563,spaces://fooaxstorage/Creditos/pagare_centro/111113612004634_20260714223624_153.pdf,Creditos/pagare_centro/111113612004634_20260714223624_153.pdf,PAGARE_CENTRO,CREDITOS,22640,Generado,111113612004634,2026-07-14 22:36:24,[object Object]
564,/pagares/centers/24,pagare_LA_CONSENTIDA.pdf,PDF,PAGARE_CENTER,,Generado,111113612004634,2026-07-14 22:36:24,[object Object]
565,spaces://fooaxstorage/Creditos/pagare_centro/111113612004634_20260714224231_964.pdf,Creditos/pagare_centro/111113612004634_20260714224231_964.pdf,PAGARE_CENTRO,CREDITOS,19472,Generado,111113612004634,2026-07-14 22:42:31,[object Object]
566,/pagares/centers/33,pagare_24_DE_FEBRERO.pdf,PDF,PAGARE_CENTER,,Generado,111113612004634,2026-07-14 22:42:31,[object Object]
567,spaces://fooaxstorage/Creditos/pagare_centro/111113612004634_20260714225757_551.pdf,Creditos/pagare_centro/111113612004634_20260714225757_551.pdf,PAGARE_CENTRO,CREDITOS,17057,Generado,111113612004634,2026-07-14 22:57:57,[object Object]
568,/pagares/centers/21,pagare_ESMERALDA.pdf,PDF,PAGARE_CENTER,,Generado,111113612004634,2026-07-14 22:57:57,[object Object]
569,spaces://fooaxstorage/Creditos/pagare_centro/111113612004634_20260714225921_871.pdf,Creditos/pagare_centro/111113612004634_20260714225921_871.pdf,PAGARE_CENTRO,CREDITOS,19470,Generado,111113612004634,2026-07-14 22:59:21,[object Object]
570,/pagares/centers/33,pagare_24_DE_FEBRERO.pdf,PDF,PAGARE_CENTER,,Generado,111113612004634,2026-07-14 22:59:21,[object Object]
571,spaces://fooaxstorage/Garantia_Adicional/retiro_grupal/111113612603105_20260715161645_76_centro_26_SAN_PABLO_HUITZO.pdf,Garantia_Adicional/retiro_grupal/111113612603105_20260715161645_76_centro_26_SAN_PABLO_HUITZO.pdf,RETIRO_GARANTIA_ADICIONAL_GRUPAL,GARANTIA_ADICIONAL,140704,Generado,111113612603105,2026-07-15 16:16:45,[object Object]
572,spaces://fooaxstorage/Garantia_Adicional/retiro_grupal/111113612603105_20260715162819_712_centro_20_IJANANEL.pdf,Garantia_Adicional/retiro_grupal/111113612603105_20260715162819_712_centro_20_IJANANEL.pdf,RETIRO_GARANTIA_ADICIONAL_GRUPAL,GARANTIA_ADICIONAL,140488,Generado,111113612603105,2026-07-15 16:28:19,[object Object]
573,spaces://fooaxstorage/Garantia_Adicional/retiro_grupal/111113612603105_20260715165139_127_centro_1_BONI_BACUM.pdf,Garantia_Adicional/retiro_grupal/111113612603105_20260715165139_127_centro_1_BONI_BACUM.pdf,RETIRO_GARANTIA_ADICIONAL_GRUPAL,GARANTIA_ADICIONAL,140591,Generado,111113612603105,2026-07-15 16:51:39,[object Object]
574,spaces://fooaxstorage/Garantia_Adicional/retiro_grupal/111113612603105_20260715170252_59_centro_10_TENEXPAM.pdf,Garantia_Adicional/retiro_grupal/111113612603105_20260715170252_59_centro_10_TENEXPAM.pdf,RETIRO_GARANTIA_ADICIONAL_GRUPAL,GARANTIA_ADICIONAL,140483,Generado,111113612603105,2026-07-15 17:02:52,[object Object]
575,spaces://fooaxstorage/Garantia_Adicional/retiro_grupal/111113612603105_20260715181956_760_centro_24_LA_CONSENTIDA.pdf,Garantia_Adicional/retiro_grupal/111113612603105_20260715181956_760_centro_24_LA_CONSENTIDA.pdf,RETIRO_GARANTIA_ADICIONAL_GRUPAL,GARANTIA_ADICIONAL,140780,Generado,111113612603105,2026-07-15 18:19:56,[object Object]
576,spaces://fooaxstorage/Garantia_Adicional/retiro_grupal/111113612603105_20260715191030_597_centro_32_VERINIEL.pdf,Garantia_Adicional/retiro_grupal/111113612603105_20260715191030_597_centro_32_VERINIEL.pdf,RETIRO_GARANTIA_ADICIONAL_GRUPAL,GARANTIA_ADICIONAL,140471,Generado,111113612603105,2026-07-15 19:10:30,[object Object]
577,spaces://fooaxstorage/Garantia_Adicional/retiro_grupal/111113612603105_20260715192909_358_centro_33_24_DE_FEBRERO.pdf,Garantia_Adicional/retiro_grupal/111113612603105_20260715192909_358_centro_33_24_DE_FEBRERO.pdf,RETIRO_GARANTIA_ADICIONAL_GRUPAL,GARANTIA_ADICIONAL,140548,Generado,111113612603105,2026-07-15 19:29:09,[object Object]
578,spaces://fooaxstorage/Garantia_Adicional/retiro_grupal/111113612603105_20260715193741_292_centro_47_GHANIMA.pdf,Garantia_Adicional/retiro_grupal/111113612603105_20260715193741_292_centro_47_GHANIMA.pdf,RETIRO_GARANTIA_ADICIONAL_GRUPAL,GARANTIA_ADICIONAL,140489,Generado,111113612603105,2026-07-15 19:37:41,[object Object]
579,spaces://fooaxstorage/Garantia_Adicional/retiro_individual/111113612603105_20260715194627_707.pdf,Garantia_Adicional/retiro_individual/111113612603105_20260715194627_707.pdf,RETIRO_GARANTIA_ADICIONAL_INDIVIDUAL,GARANTIA_ADICIONAL,140452,Generado,111113612603105,2026-07-15 19:46:27,[object Object]
580,spaces://fooaxstorage/Garantia_Adicional/retiro_individual/111113612603105_20260715194833_238.pdf,Garantia_Adicional/retiro_individual/111113612603105_20260715194833_238.pdf,RETIRO_GARANTIA_ADICIONAL_INDIVIDUAL,GARANTIA_ADICIONAL,140409,Generado,111113612603105,2026-07-15 19:48:33,[object Object]
581,spaces://fooaxstorage/Prestamos/pagare_grupal/111113612004634_20260716175505_221.pdf,Prestamos/pagare_grupal/111113612004634_20260716175505_221.pdf,PAGARE_GRUPAL,PRESTAMOS,9918,Generado,111113612004634,2026-07-16 17:55:05,[object Object]
582,spaces://fooaxstorage/Prestamos/pagare_grupal/111113612004634_20260716175515_181.pdf,Prestamos/pagare_grupal/111113612004634_20260716175515_181.pdf,PAGARE_GRUPAL,PRESTAMOS,9882,Generado,111113612004634,2026-07-16 17:55:15,[object Object]
583,spaces://fooaxstorage/Prestamos/pagare_grupal/111113612004634_20260716232613_754.pdf,Prestamos/pagare_grupal/111113612004634_20260716232613_754.pdf,PAGARE_GRUPAL,PRESTAMOS,10082,Generado,111113612004634,2026-07-16 23:26:13,[object Object]
584,spaces://fooaxstorage/Prestamos/pagare_grupal/111113612004634_20260716234021_297.pdf,Prestamos/pagare_grupal/111113612004634_20260716234021_297.pdf,PAGARE_GRUPAL,PRESTAMOS,10091,Generado,111113612004634,2026-07-16 23:40:21,[object Object]
585,spaces://fooaxstorage/Prestamos/pagare_grupal/111113612004634_20260716235540_674.pdf,Prestamos/pagare_grupal/111113612004634_20260716235540_674.pdf,PAGARE_GRUPAL,PRESTAMOS,10069,Generado,111113612004634,2026-07-16 23:55:40,[object Object]
586,spaces://fooaxstorage/Prestamos/pagare_grupal/111113612004634_20260717193012_695.pdf,Prestamos/pagare_grupal/111113612004634_20260717193012_695.pdf,PAGARE_GRUPAL,PRESTAMOS,9907,Generado,111113612004634,2026-07-17 19:30:12,[object Object]
587,spaces://fooaxstorage/Prestamos/pagare_grupal/111113612004634_20260717194243_923.pdf,Prestamos/pagare_grupal/111113612004634_20260717194243_923.pdf,PAGARE_GRUPAL,PRESTAMOS,9871,Generado,111113612004634,2026-07-17 19:42:43,[object Object]
588,spaces://fooaxstorage/Prestamos/pagare_individual/111113612004634_20260717195437_996.pdf,Prestamos/pagare_individual/111113612004634_20260717195437_996.pdf,PAGARE_INDIVIDUAL,PRESTAMOS,11527,Generado,111113612004634,2026-07-17 19:54:37,[object Object]
589,/pagares/loans/2090,pagare_prestamo_2090.pdf,PDF,PAGARE_LOAN,,Generado,111113612004634,2026-07-17 19:54:37,[object Object]
590,spaces://fooaxstorage/Prestamos/pagare_individual/111113612004634_20260717200714_539.pdf,Prestamos/pagare_individual/111113612004634_20260717200714_539.pdf,PAGARE_INDIVIDUAL,PRESTAMOS,11515,Generado,111113612004634,2026-07-17 20:07:14,[object Object]
591,/pagares/loans/2091,pagare_prestamo_2091.pdf,PDF,PAGARE_LOAN,,Generado,111113612004634,2026-07-17 20:07:14,[object Object]
592,spaces://fooaxstorage/Prestamos/pagare_grupal/111113612004634_20260717202031_945.pdf,Prestamos/pagare_grupal/111113612004634_20260717202031_945.pdf,PAGARE_GRUPAL,PRESTAMOS,10056,Generado,111113612004634,2026-07-17 20:20:31,[object Object]
593,spaces://fooaxstorage/Prestamos/pagare_grupal/111113612004634_20260717202851_386.pdf,Prestamos/pagare_grupal/111113612004634_20260717202851_386.pdf,PAGARE_GRUPAL,PRESTAMOS,9898,Generado,111113612004634,2026-07-17 20:28:51,[object Object]
594,spaces://fooaxstorage/Prestamos/pagare_grupal/111113612004634_20260717203809_788.pdf,Prestamos/pagare_grupal/111113612004634_20260717203809_788.pdf,PAGARE_GRUPAL,PRESTAMOS,9897,Generado,111113612004634,2026-07-17 20:38:09,[object Object]
595,spaces://fooaxstorage/Prestamos/pagare_grupal/111113612004634_20260717212302_51.pdf,Prestamos/pagare_grupal/111113612004634_20260717212302_51.pdf,PAGARE_GRUPAL,PRESTAMOS,9896,Generado,111113612004634,2026-07-17 21:23:02,[object Object]
596,spaces://fooaxstorage/Prestamos/pagare_grupal/111113612004634_20260717212749_842.pdf,Prestamos/pagare_grupal/111113612004634_20260717212749_842.pdf,PAGARE_GRUPAL,PRESTAMOS,9912,Generado,111113612004634,2026-07-17 21:27:49,[object Object]
597,spaces://fooaxstorage/Prestamos/pagare_grupal/111113612004634_20260717213944_80.pdf,Prestamos/pagare_grupal/111113612004634_20260717213944_80.pdf,PAGARE_GRUPAL,PRESTAMOS,9908,Generado,111113612004634,2026-07-17 21:39:45,[object Object]
598,spaces://fooaxstorage/Prestamos/pagare_grupal/111113612004634_20260717215120_452.pdf,Prestamos/pagare_grupal/111113612004634_20260717215120_452.pdf,PAGARE_GRUPAL,PRESTAMOS,9882,Generado,111113612004634,2026-07-17 21:51:20,[object Object]
599,spaces://fooaxstorage/Creditos/pagare_centro/111113612004634_20260717222025_571.pdf,Creditos/pagare_centro/111113612004634_20260717222025_571.pdf,PAGARE_CENTRO,CREDITOS,11627,Generado,111113612004634,2026-07-17 22:20:25,[object Object]
600,/pagares/centers/55,pagare_CRECER_Y_MULTIPLICAR.pdf,PDF,PAGARE_CENTER,,Generado,111113612004634,2026-07-17 22:20:25,[object Object]
601,spaces://fooaxstorage/Creditos/pagare_centro/111113612004634_20260717230413_479.pdf,Creditos/pagare_centro/111113612004634_20260717230413_479.pdf,PAGARE_CENTRO,CREDITOS,22651,Generado,111113612004634,2026-07-17 23:04:14,[object Object]
602,/pagares/centers/24,pagare_LA_CONSENTIDA.pdf,PDF,PAGARE_CENTER,,Generado,111113612004634,2026-07-17 23:04:14,[object Object]
603,spaces://fooaxstorage/Creditos/pagare_centro/111113612004634_20260717230621_327.pdf,Creditos/pagare_centro/111113612004634_20260717230621_327.pdf,PAGARE_CENTRO,CREDITOS,22625,Generado,111113612004634,2026-07-17 23:06:21,[object Object]
604,/pagares/centers/24,pagare_LA_CONSENTIDA.pdf,PDF,PAGARE_CENTER,,Generado,111113612004634,2026-07-17 23:06:21,[object Object]
605,spaces://fooaxstorage/Prestamos/pagare_grupal/111113612004634_20260717231321_898.pdf,Prestamos/pagare_grupal/111113612004634_20260717231321_898.pdf,PAGARE_GRUPAL,PRESTAMOS,11391,Generado,111113612004634,2026-07-17 23:13:22,[object Object]
606,spaces://fooaxstorage/Prestamos/pagare_individual/111113612004634_20260720164319_756.pdf,Prestamos/pagare_individual/111113612004634_20260720164319_756.pdf,PAGARE_INDIVIDUAL,PRESTAMOS,11475,Generado,111113612004634,2026-07-20 16:43:19,[object Object]
607,/pagares/loans/2091,pagare_prestamo_2091.pdf,PDF,PAGARE_LOAN,,Generado,111113612004634,2026-07-20 16:43:19,[object Object]
608,spaces://fooaxstorage/Garantia_Adicional/retiro_grupal/111113612603105_20260721153822_898_centro_22_TETICHE.pdf,Garantia_Adicional/retiro_grupal/111113612603105_20260721153822_898_centro_22_TETICHE.pdf,RETIRO_GARANTIA_ADICIONAL_GRUPAL,GARANTIA_ADICIONAL,140559,Generado,111113612603105,2026-07-21 15:38:22,[object Object]
609,spaces://fooaxstorage/Garantia_Adicional/retiro_grupal/111113612603105_20260721161212_226_centro_26_SAN_PABLO_HUITZO.pdf,Garantia_Adicional/retiro_grupal/111113612603105_20260721161212_226_centro_26_SAN_PABLO_HUITZO.pdf,RETIRO_GARANTIA_ADICIONAL_GRUPAL,GARANTIA_ADICIONAL,140611,Generado,111113612603105,2026-07-21 16:12:12,[object Object]
610,spaces://fooaxstorage/Garantia_Adicional/retiro_grupal/111113612603105_20260721164632_837_centro_27_FRUTOS_DE_DINERO.pdf,Garantia_Adicional/retiro_grupal/111113612603105_20260721164632_837_centro_27_FRUTOS_DE_DINERO.pdf,RETIRO_GARANTIA_ADICIONAL_GRUPAL,GARANTIA_ADICIONAL,142692,Generado,111113612603105,2026-07-21 16:46:32,[object Object]
611,spaces://fooaxstorage/Garantia_Adicional/retiro_grupal/111113612603105_20260721165258_66_centro_10_TENEXPAM.pdf,Garantia_Adicional/retiro_grupal/111113612603105_20260721165258_66_centro_10_TENEXPAM.pdf,RETIRO_GARANTIA_ADICIONAL_GRUPAL,GARANTIA_ADICIONAL,140527,Generado,111113612603105,2026-07-21 16:52:58,[object Object]
612,spaces://fooaxstorage/Garantia_Adicional/retiro_grupal/111113612603105_20260721171012_202_centro_1_BONI_BACUM.pdf,Garantia_Adicional/retiro_grupal/111113612603105_20260721171012_202_centro_1_BONI_BACUM.pdf,RETIRO_GARANTIA_ADICIONAL_GRUPAL,GARANTIA_ADICIONAL,140526,Generado,111113612603105,2026-07-21 17:10:12,[object Object]
613,spaces://fooaxstorage/Creditos/pagare_centro/111113612004634_20260721185555_471.pdf,Creditos/pagare_centro/111113612004634_20260721185555_471.pdf,PAGARE_CENTRO,CREDITOS,18646,Generado,111113612004634,2026-07-21 18:55:55,[object Object]
614,/pagares/centers/1,pagare_BONI_BACUM.pdf,PDF,PAGARE_CENTER,,Generado,111113612004634,2026-07-21 18:55:55,[object Object]
615,spaces://fooaxstorage/Creditos/pagare_centro/111113612004634_20260722132218_696.pdf,Creditos/pagare_centro/111113612004634_20260722132218_696.pdf,PAGARE_CENTRO,CREDITOS,14061,Generado,111113612004634,2026-07-22 13:22:19,[object Object]
616,/pagares/centers/22,pagare_TETICHE.pdf,PDF,PAGARE_CENTER,,Generado,111113612004634,2026-07-22 13:22:19,[object Object]
617,spaces://fooaxstorage/Prestamos/pagare_grupal/111113612004634_20260722203319_739.pdf,Prestamos/pagare_grupal/111113612004634_20260722203319_739.pdf,PAGARE_GRUPAL,PRESTAMOS,11287,Generado,111113612004634,2026-07-22 20:33:19,[object Object]
618,spaces://fooaxstorage/Prestamos/pagare_grupal/111113612004634_20260722205514_946.pdf,Prestamos/pagare_grupal/111113612004634_20260722205514_946.pdf,PAGARE_GRUPAL,PRESTAMOS,9893,Generado,111113612004634,2026-07-22 20:55:15,[object Object]
619,spaces://fooaxstorage/Prestamos/pagare_grupal/111113612004634_20260722213134_948.pdf,Prestamos/pagare_grupal/111113612004634_20260722213134_948.pdf,PAGARE_GRUPAL,PRESTAMOS,11213,Generado,111113612004634,2026-07-22 21:31:34,[object Object]
620,spaces://fooaxstorage/Prestamos/pagare_grupal/111113612004634_20260722221830_410.pdf,Prestamos/pagare_grupal/111113612004634_20260722221830_410.pdf,PAGARE_GRUPAL,PRESTAMOS,10215,Generado,111113612004634,2026-07-22 22:18:30,[object Object]
621,spaces://fooaxstorage/Prestamos/pagare_grupal/111113612004634_20260723142048_718.pdf,Prestamos/pagare_grupal/111113612004634_20260723142048_718.pdf,PAGARE_GRUPAL,PRESTAMOS,10276,Generado,111113612004634,2026-07-23 14:20:48,[object Object]
622,spaces://fooaxstorage/Prestamos/pagare_grupal/111113612004634_20260723144814_288.pdf,Prestamos/pagare_grupal/111113612004634_20260723144814_288.pdf,PAGARE_GRUPAL,PRESTAMOS,10072,Generado,111113612004634,2026-07-23 14:48:14,[object Object]
623,spaces://fooaxstorage/Prestamos/pagare_grupal/111113612004634_20260723230656_165.pdf,Prestamos/pagare_grupal/111113612004634_20260723230656_165.pdf,PAGARE_GRUPAL,PRESTAMOS,10030,Generado,111113612004634,2026-07-23 23:06:56,[object Object]
624,spaces://fooaxstorage/Prestamos/pagare_grupal/111113612004634_20260723234114_747.pdf,Prestamos/pagare_grupal/111113612004634_20260723234114_747.pdf,PAGARE_GRUPAL,PRESTAMOS,10038,Generado,111113612004634,2026-07-23 23:41:14,[object Object]
625,spaces://fooaxstorage/Prestamos/pagare_grupal/111113612004634_20260724162213_965.pdf,Prestamos/pagare_grupal/111113612004634_20260724162213_965.pdf,PAGARE_GRUPAL,PRESTAMOS,9903,Generado,111113612004634,2026-07-24 16:22:13,[object Object]
626,spaces://fooaxstorage/Prestamos/pagare_grupal/111113612004634_20260724163206_596.pdf,Prestamos/pagare_grupal/111113612004634_20260724163206_596.pdf,PAGARE_GRUPAL,PRESTAMOS,9896,Generado,111113612004634,2026-07-24 16:32:06,[object Object]
627,spaces://fooaxstorage/Prestamos/pagare_grupal/111113612004634_20260724164407_279.pdf,Prestamos/pagare_grupal/111113612004634_20260724164407_279.pdf,PAGARE_GRUPAL,PRESTAMOS,9886,Generado,111113612004634,2026-07-24 16:44:07,[object Object]
628,spaces://fooaxstorage/Prestamos/pagare_grupal/111113612004634_20260724171938_241.pdf,Prestamos/pagare_grupal/111113612004634_20260724171938_241.pdf,PAGARE_GRUPAL,PRESTAMOS,10347,Generado,111113612004634,2026-07-24 17:19:38,[object Object]
