id_mora,fecha_mora,dias_mora,monto_multa,estatus,fecha_creacion,fecha_actualizacion,id_prestamos,monto_mora_pagado,fecha_pago_mora,id_usuario_pago,id_pago,metodo_pago_mora,referencia_pago_mora
1,2026-03-29,211,413.56,Pendiente,2026-03-29 02:00:00,2026-07-25 02:00:00,913,0.00,,,1700,,
2,2026-03-29,204,399.84,Pendiente,2026-03-29 02:00:00,2026-07-25 02:00:00,913,0.00,,,1701,,
3,2026-03-29,6,4.17,Pagado,2026-03-29 02:00:00,2026-04-13 23:18:31,933,4.17,2026-04-13 23:18:31,111113612004634,2226,Efectivo,
4,2026-03-29,6,3.33,Pagado,2026-03-29 02:00:00,2026-04-07 15:54:37,1113,3.33,2026-04-07 15:54:37,111113612004634,5169,Efectivo,
5,2026-03-29,6,4.32,Pagado,2026-03-29 02:00:00,2026-04-07 21:42:36,1114,4.32,2026-04-07 21:42:36,111113612004634,5188,Efectivo,
6,2026-03-29,6,4.32,Pagado,2026-03-29 02:00:00,2026-04-07 21:44:08,1115,4.32,2026-04-07 21:44:08,111113612004634,5206,Efectivo,
7,2026-03-29,6,4.32,Pagado,2026-03-29 02:00:00,2026-04-07 21:45:29,1116,4.32,2026-04-07 21:45:29,111113612004634,5224,Efectivo,
8,2026-03-29,6,10.83,Pagado,2026-03-29 02:00:00,2026-04-15 18:15:49,1127,10.83,2026-04-15 18:15:49,111113612004634,5481,Efectivo,
9,2026-03-29,6,10.83,Pagado,2026-03-29 02:00:00,2026-04-15 18:17:14,1129,10.83,2026-04-15 18:17:14,111113612004634,5529,Efectivo,
10,2026-03-29,6,4.80,Pagado,2026-03-29 02:00:00,2026-04-14 17:35:09,1131,4.80,2026-04-14 17:35:09,111113612004634,5602,Efectivo,
11,2026-03-29,6,11.76,Pagado,2026-03-29 02:00:00,2026-04-14 17:36:18,1132,11.76,2026-04-14 17:36:18,111113612004634,5626,Efectivo,
12,2026-03-29,6,11.76,Pagado,2026-03-29 02:00:00,2026-04-08 18:15:12,1136,11.76,2026-04-08 18:15:12,111113612004634,5723,Efectivo,
13,2026-03-29,6,8.32,Pagado,2026-03-29 02:00:00,2026-04-08 18:16:37,1137,8.32,2026-04-08 18:16:37,111113612004634,5769,Efectivo,
14,2026-03-29,6,14.40,Pagado,2026-03-29 02:00:00,2026-04-08 18:18:57,1138,14.40,2026-04-08 18:18:57,111113612004634,5795,Efectivo,
15,2026-03-29,6,8.32,Pagado,2026-03-29 02:00:00,2026-04-08 18:20:36,1139,8.32,2026-04-08 18:20:36,111113612004634,5841,Efectivo,
16,2026-03-29,6,14.40,Pagado,2026-03-29 02:00:00,2026-04-08 18:21:39,1140,14.40,2026-04-08 18:21:39,111113612004634,5867,Efectivo,
17,2026-03-29,6,11.76,Pagado,2026-03-29 02:00:00,2026-04-08 18:22:34,1141,11.76,2026-04-08 18:22:34,111113612004634,5891,Efectivo,
18,2026-03-29,6,4.80,Pagado,2026-03-29 02:00:00,2026-04-08 18:23:25,1142,4.80,2026-04-08 18:23:25,111113612004634,5915,Efectivo,
19,2026-03-29,6,6.00,Pagado,2026-03-29 02:00:00,2026-04-08 18:26:33,1145,6.00,2026-04-08 18:26:33,111113612004634,5984,Efectivo,
20,2026-03-29,6,11.76,Pagado,2026-03-29 02:00:00,2026-04-08 18:27:43,1146,11.76,2026-04-08 18:27:43,111113612004634,6003,Efectivo,
21,2026-03-29,6,3.60,Pagado,2026-03-29 02:00:00,2026-04-08 18:29:06,1147,3.60,2026-04-08 18:29:06,111113612004634,6033,Efectivo,
22,2026-03-29,6,28.94,Pagado,2026-03-29 02:00:00,2026-04-09 17:08:02,1148,28.94,2026-04-09 17:08:02,111113612004634,6049,Efectivo,
23,2026-03-29,4,9.41,Pendiente,2026-03-29 02:00:00,2026-04-01 13:54:49,1149,0.00,,,6089,,
24,2026-03-29,4,7.68,Pendiente,2026-03-29 02:00:00,2026-04-01 13:54:49,1150,0.00,,,6100,,
25,2026-03-29,6,17.28,Pagado,2026-03-29 02:00:00,2026-04-09 17:10:51,1151,17.28,2026-04-09 17:10:51,111113612004634,6153,Efectivo,
26,2026-03-29,6,17.28,Pagado,2026-03-29 02:00:00,2026-04-09 17:12:10,1152,17.28,2026-04-09 17:12:10,111113612004634,6165,Efectivo,
27,2026-03-29,6,6.40,Pagado,2026-03-29 02:00:00,2026-04-09 17:13:43,1153,6.40,2026-04-09 17:13:43,111113612004634,6206,Efectivo,
28,2026-03-29,6,14.40,Pagado,2026-03-29 02:00:00,2026-04-09 17:15:23,1154,14.40,2026-04-09 17:15:23,111113612004634,6231,Efectivo,
29,2026-03-29,6,17.36,Pagado,2026-03-29 02:00:00,2026-04-09 17:17:08,1155,17.36,2026-04-09 17:17:08,111113612004634,6266,Efectivo,
30,2026-03-29,6,14.12,Pagado,2026-03-29 02:00:00,2026-04-09 17:18:23,1156,14.12,2026-04-09 17:18:23,111113612004634,6279,Efectivo,
31,2026-03-29,6,6.40,Pagado,2026-03-29 02:00:00,2026-04-09 17:19:10,1157,6.40,2026-04-09 17:19:10,111113612004634,6304,Efectivo,
32,2026-03-29,6,14.12,Pagado,2026-03-29 02:00:00,2026-04-09 17:21:51,1158,14.12,2026-04-09 17:21:51,111113612004634,6346,Efectivo,
33,2026-03-29,6,14.12,Pagado,2026-03-29 02:00:00,2026-04-09 17:23:20,1160,14.12,2026-04-09 17:23:20,111113612004634,6419,Efectivo,
34,2026-03-29,6,9.60,Pagado,2026-03-29 02:00:00,2026-04-09 17:26:49,1162,9.60,2026-04-09 17:26:49,111113612004634,6455,Efectivo,
35,2026-03-29,6,17.28,Pagado,2026-03-29 02:00:00,2026-04-09 17:28:13,1163,17.28,2026-04-09 17:28:13,111113612004634,6498,Efectivo,
36,2026-03-29,6,6.00,Pagado,2026-03-29 02:00:00,2026-04-09 17:29:30,1164,6.00,2026-04-09 17:29:30,111113612004634,6521,Efectivo,
37,2026-03-29,6,17.28,Pagado,2026-03-29 02:00:00,2026-04-09 17:30:13,1165,17.28,2026-04-09 17:30:13,111113612004634,6534,Efectivo,
38,2026-03-29,6,8.64,Pagado,2026-03-29 02:00:00,2026-04-09 17:32:44,1167,8.64,2026-04-09 17:32:44,111113612004634,6562,Efectivo,
39,2026-03-29,6,5.76,Pagado,2026-03-29 02:00:00,2026-04-09 17:33:42,1168,5.76,2026-04-09 17:33:42,111113612004634,6587,Efectivo,
40,2026-03-29,6,4.32,Pagado,2026-03-29 02:00:00,2026-04-09 17:34:46,1169,4.32,2026-04-09 17:34:46,111113612004634,6605,Efectivo,
41,2026-03-29,6,5.76,Pagado,2026-03-29 02:00:00,2026-04-09 17:36:51,1170,5.76,2026-04-09 17:36:51,111113612004634,6622,Efectivo,
42,2026-03-29,6,8.64,Pagado,2026-03-29 02:00:00,2026-04-09 17:37:35,1171,8.64,2026-04-09 17:37:35,111113612004634,6640,Efectivo,
43,2026-03-29,6,11.52,Pagado,2026-03-29 02:00:00,2026-04-09 17:39:18,1172,11.52,2026-04-09 17:39:18,111113612004634,6660,Efectivo,
44,2026-03-29,6,11.52,Pagado,2026-03-29 02:00:00,2026-04-09 17:40:50,1173,11.52,2026-04-09 17:40:50,111113612004634,6680,Efectivo,
45,2026-03-29,6,14.12,Pagado,2026-03-29 02:00:00,2026-04-09 17:42:58,1174,14.12,2026-04-09 17:42:58,111113612004634,6698,Efectivo,
46,2026-03-29,6,9.60,Pagado,2026-03-29 02:00:00,2026-04-09 17:42:01,1175,9.60,2026-04-09 17:42:01,111113612004634,6710,Efectivo,
47,2026-03-29,6,14.12,Pagado,2026-03-29 02:00:00,2026-04-09 17:44:18,1176,14.12,2026-04-09 17:44:18,111113612004634,6764,Efectivo,
48,2026-03-29,6,4.32,Pagado,2026-03-29 02:00:00,2026-04-09 17:45:27,1177,4.32,2026-04-09 17:45:27,111113612004634,6781,Efectivo,
49,2026-03-29,6,4.32,Pagado,2026-03-29 02:00:00,2026-04-09 17:46:36,1178,4.32,2026-04-09 17:46:36,111113612004634,6798,Efectivo,
50,2026-03-29,6,10.80,Pagado,2026-03-29 02:00:00,2026-04-09 17:47:39,1179,10.80,2026-04-09 17:47:39,111113612004634,6826,Efectivo,
51,2026-03-29,6,11.76,Pagado,2026-03-29 02:00:00,2026-04-07 19:59:52,1180,11.76,2026-04-07 19:59:52,111113612004634,6841,Efectivo,
52,2026-03-29,6,11.76,Pagado,2026-03-29 02:00:00,2026-04-07 20:03:07,1182,11.76,2026-04-07 20:03:07,111113612004634,6880,Efectivo,
53,2026-03-29,6,11.76,Pagado,2026-03-29 02:00:00,2026-04-07 20:06:21,1183,11.76,2026-04-07 20:06:21,111113612004634,6919,Efectivo,
54,2026-03-29,6,6.00,Pagado,2026-03-29 02:00:00,2026-04-07 20:05:03,1184,6.00,2026-04-07 20:05:03,111113612004634,6935,Efectivo,
55,2026-03-29,6,11.76,Pagado,2026-03-29 02:00:00,2026-04-07 20:09:52,1185,11.76,2026-04-07 20:09:52,111113612004634,6959,Efectivo,
56,2026-03-29,4,4.00,Pagado,2026-03-29 02:00:00,2026-04-07 20:09:11,1186,4.00,2026-04-07 20:09:11,111113612004634,6974,Efectivo,
57,2026-03-29,6,11.76,Pagado,2026-03-29 02:00:00,2026-04-07 20:12:46,1187,11.76,2026-04-07 20:12:46,111113612004634,6992,Efectivo,
58,2026-03-29,6,4.80,Pagado,2026-03-29 02:00:00,2026-04-07 20:16:35,1188,4.80,2026-04-07 20:16:35,111113612004634,7008,Efectivo,
59,2026-03-29,6,4.80,Pagado,2026-03-29 02:00:00,2026-04-07 20:18:23,1189,4.80,2026-04-07 20:18:23,111113612004634,7028,Efectivo,
60,2026-03-29,5,9.60,Pendiente,2026-03-29 02:00:00,2026-03-31 02:00:00,1191,0.00,,,7085,,
61,2026-03-29,6,11.52,Pendiente,2026-03-29 02:00:00,2026-04-01 13:54:49,1192,0.00,,,7103,,
62,2026-03-29,6,8.64,Pendiente,2026-03-29 02:00:00,2026-04-01 13:54:49,1193,0.00,,,7121,,
63,2026-03-29,6,7.92,Pendiente,2026-03-29 02:00:00,2026-04-01 13:54:49,1194,0.00,,,7139,,
64,2026-03-29,6,11.52,Pagado,2026-03-29 02:00:00,2026-04-08 18:46:38,1195,11.52,2026-04-08 18:46:38,111113612004634,7157,Efectivo,
65,2026-03-29,6,5.76,Pagado,2026-03-29 02:00:00,2026-04-08 18:47:31,1196,5.76,2026-04-08 18:47:31,111113612004634,7166,Efectivo,
66,2026-03-29,6,7.20,Pagado,2026-03-29 02:00:00,2026-04-08 18:49:20,1197,7.20,2026-04-08 18:49:20,111113612004634,7189,Efectivo,
67,2026-03-29,6,6.40,Pagado,2026-03-29 02:00:00,2026-04-08 18:31:44,1199,6.40,2026-04-08 18:31:44,111113612004634,7236,Efectivo,
68,2026-03-29,6,7.20,Pagado,2026-03-29 02:00:00,2026-04-08 18:33:21,1200,7.20,2026-04-08 18:33:21,111113612004634,7268,Efectivo,
69,2026-03-29,70,42.00,Pagado,2026-03-29 02:00:00,2026-06-06 19:22:13,1201,42.00,2026-06-06 19:22:13,111113612607048,7306,Efectivo,
70,2026-03-29,6,3.60,Pagado,2026-03-29 02:00:00,2026-04-08 18:34:43,1202,3.60,2026-04-08 18:34:43,111113612004634,7324,Efectivo,
71,2026-03-29,6,24.12,Pagado,2026-03-29 02:00:00,2026-04-14 17:41:11,1233,24.12,2026-04-14 17:41:11,111113612004634,7422,Efectivo,
72,2026-03-29,6,11.76,Pagado,2026-03-29 02:00:00,2026-04-14 17:40:14,1234,11.76,2026-04-14 17:40:14,111113612004634,7450,Efectivo,
73,2026-03-29,6,11.76,Pagado,2026-03-29 02:00:00,2026-04-14 17:43:29,1236,11.76,2026-04-14 17:43:29,111113612004634,7495,Efectivo,
74,2026-03-29,6,15.63,Pagado,2026-03-29 02:00:00,2026-04-15 18:33:28,1237,15.63,2026-04-15 18:33:28,111113612004634,7513,Efectivo,
75,2026-03-29,6,11.76,Pagado,2026-03-29 02:00:00,2026-04-14 17:46:35,1238,11.76,2026-04-14 17:46:35,111113612004634,7560,Efectivo,
76,2026-03-29,6,7.20,Pagado,2026-03-29 02:00:00,2026-04-14 17:48:00,1239,7.20,2026-04-14 17:48:00,111113612004634,7581,Efectivo,
77,2026-03-29,6,7.20,Pagado,2026-03-29 02:00:00,2026-04-14 17:49:22,1240,7.20,2026-04-14 17:49:22,111113612004634,7605,Efectivo,
78,2026-03-29,6,14.40,Pagado,2026-03-29 02:00:00,2026-04-14 17:50:46,1241,14.40,2026-04-14 17:50:46,111113612004634,7632,Efectivo,
79,2026-03-29,6,6.40,Pagado,2026-03-29 02:00:00,2026-04-14 17:51:57,1242,6.40,2026-04-14 17:51:57,111113612004634,7665,Efectivo,
80,2026-03-29,6,38.60,Pagado,2026-03-29 02:00:00,2026-04-14 17:57:51,1246,38.60,2026-04-14 17:57:51,111113612004634,7795,Efectivo,
81,2026-03-29,6,9.60,Pagado,2026-03-29 02:00:00,2026-04-14 18:00:04,1248,9.60,2026-04-14 18:00:04,111113612004634,7859,Efectivo,
82,2026-03-29,6,6.40,Pagado,2026-03-29 02:00:00,2026-04-14 18:10:39,1256,6.40,2026-04-14 18:10:39,111113612004634,8070,Efectivo,
83,2026-03-29,6,11.52,Pagado,2026-03-29 02:00:00,2026-04-14 18:29:10,1259,11.52,2026-04-14 18:29:10,111113612004634,8168,Efectivo,
84,2026-03-29,6,13.20,Pagado,2026-03-29 02:00:00,2026-04-14 18:35:07,1260,13.20,2026-04-14 18:35:07,111113612004634,8216,Efectivo,
85,2026-03-29,6,9.60,Pagado,2026-03-29 02:00:00,2026-04-14 18:36:47,1261,9.60,2026-04-14 18:36:47,111113612004634,8240,Efectivo,
86,2026-03-29,6,9.60,Pagado,2026-03-29 02:00:00,2026-04-14 18:37:51,1263,9.60,2026-04-14 18:37:51,111113612004634,8296,Efectivo,
87,2026-03-29,6,15.60,Pagado,2026-03-29 02:00:00,2026-04-14 18:39:10,1264,15.60,2026-04-14 18:39:10,111113612004634,8326,Efectivo,
88,2026-03-29,6,10.80,Pagado,2026-03-29 02:00:00,2026-04-14 18:40:38,1266,10.80,2026-04-14 18:40:38,111113612004634,8396,Efectivo,
89,2026-03-29,6,11.76,Pagado,2026-03-29 02:00:00,2026-04-14 18:41:46,1267,11.76,2026-04-14 18:41:46,111113612004634,8420,Efectivo,
90,2026-03-29,6,9.60,Pagado,2026-03-29 02:00:00,2026-04-14 18:42:39,1268,9.60,2026-04-14 18:42:39,111113612004634,8439,Efectivo,
91,2026-03-29,6,9.00,Pagado,2026-03-29 02:00:00,2026-04-14 18:43:42,1269,9.00,2026-04-14 18:43:42,111113612004634,8497,Efectivo,
92,2026-03-29,6,15.60,Pagado,2026-03-29 02:00:00,2026-04-14 18:47:40,1272,15.60,2026-04-14 18:47:40,111113612004634,8587,Efectivo,
93,2026-03-29,6,15.60,Pagado,2026-03-29 02:00:00,2026-04-14 18:48:56,1274,15.60,2026-04-14 18:48:56,111113612004634,8658,Efectivo,
94,2026-03-29,6,15.60,Pagado,2026-03-29 02:00:00,2026-04-14 18:53:06,1279,15.60,2026-04-14 18:53:06,111113612004634,8831,Efectivo,
95,2026-03-29,6,6.40,Pagado,2026-03-29 02:00:00,2026-04-14 18:56:04,1281,6.40,2026-04-14 18:56:04,111113612004634,8907,Efectivo,
96,2026-03-29,6,10.80,Pagado,2026-03-29 02:00:00,2026-04-14 18:57:03,1282,10.80,2026-04-14 18:57:03,111113612004634,8928,Efectivo,
97,2026-03-29,6,6.00,Pagado,2026-03-29 02:00:00,2026-04-14 18:57:58,1283,6.00,2026-04-14 18:57:58,111113612004634,8958,Efectivo,
98,2026-03-29,6,8.40,Pagado,2026-03-29 02:00:00,2026-04-14 18:59:35,1284,8.40,2026-04-14 18:59:35,111113612004634,8965,Efectivo,
99,2026-03-29,6,7.20,Pagado,2026-03-29 02:00:00,2026-04-14 19:00:34,1285,7.20,2026-04-14 19:00:34,111113612004634,8989,Efectivo,
100,2026-03-29,6,7.20,Pagado,2026-03-29 02:00:00,2026-04-14 19:01:34,1286,7.20,2026-04-14 19:01:34,111113612004634,9015,Efectivo,
128,2026-03-30,6,7.20,Pagado,2026-03-30 02:00:00,2026-04-08 18:25:11,1144,7.20,2026-04-08 18:25:11,111113612004634,5970,Efectivo,
129,2026-03-30,6,5.76,Pagado,2026-03-30 02:00:00,2026-04-08 18:51:03,1198,5.76,2026-04-08 18:51:03,111113612004634,7205,Efectivo,
130,2026-03-30,6,4.80,Pagado,2026-03-30 02:00:00,2026-04-14 17:42:31,1235,4.80,2026-04-14 17:42:31,111113612004634,7481,Efectivo,
131,2026-03-30,6,15.60,Pagado,2026-03-30 02:00:00,2026-04-10 20:23:50,1243,15.60,2026-04-10 20:23:50,111113612004634,7707,Efectivo,
132,2026-03-30,6,9.60,Pagado,2026-03-30 02:00:00,2026-04-15 18:38:32,1244,9.60,2026-04-15 18:38:32,111113612004634,7722,Efectivo,
133,2026-03-30,6,24.12,Pagado,2026-03-30 02:00:00,2026-04-14 17:56:47,1245,24.12,2026-04-14 17:56:47,111113612004634,7779,Efectivo,
134,2026-03-30,6,11.76,Pagado,2026-03-30 02:00:00,2026-04-14 17:59:15,1247,11.76,2026-04-14 17:59:15,111113612004634,7827,Efectivo,
135,2026-03-30,6,8.40,Pagado,2026-03-30 02:00:00,2026-04-14 18:01:23,1249,8.40,2026-04-14 18:01:23,111113612004634,7899,Efectivo,
136,2026-03-30,6,7.20,Pagado,2026-03-30 02:00:00,2026-04-14 18:02:53,1250,7.20,2026-04-14 18:02:53,111113612004634,7923,Efectivo,
137,2026-03-30,6,7.20,Pagado,2026-03-30 02:00:00,2026-04-14 18:08:10,1253,7.20,2026-04-14 18:08:10,111113612004634,8007,Efectivo,
138,2026-03-30,6,7.20,Pagado,2026-03-30 02:00:00,2026-04-14 18:09:34,1254,7.20,2026-04-14 18:09:34,111113612004634,8031,Efectivo,
139,2026-03-30,6,8.40,Pagado,2026-03-30 02:00:00,2026-04-14 18:11:45,1255,8.40,2026-04-14 18:11:45,111113612004634,8049,Efectivo,
140,2026-03-30,6,4.80,Pagado,2026-03-30 02:00:00,2026-04-14 18:13:09,1257,4.80,2026-04-14 18:13:09,111113612004634,8121,Efectivo,
141,2026-03-30,6,11.76,Pagado,2026-03-30 02:00:00,2026-04-14 18:30:59,1258,11.76,2026-04-14 18:30:59,111113612004634,8154,Efectivo,
142,2026-03-30,6,6.40,Pagado,2026-03-30 02:00:00,2026-04-15 18:56:04,1265,6.40,2026-04-15 18:56:04,111113612004634,8365,Efectivo,
143,2026-03-30,6,15.60,Pagado,2026-03-30 02:00:00,2026-04-14 18:45:01,1270,15.60,2026-04-14 18:45:01,111113612004634,8516,Efectivo,
144,2026-03-30,6,9.60,Pagado,2026-03-30 02:00:00,2026-04-14 18:46:29,1271,9.60,2026-04-14 18:46:29,111113612004634,8554,Efectivo,
145,2026-03-30,6,6.40,Pagado,2026-03-30 02:00:00,2026-04-09 21:00:12,1273,6.40,2026-04-09 21:00:12,111113612004634,8646,Efectivo,
146,2026-03-30,6,9.60,Pagado,2026-03-30 02:00:00,2026-04-14 18:50:17,1275,9.60,2026-04-14 18:50:17,111113612004634,8686,Efectivo,
147,2026-03-30,6,28.94,Pagado,2026-03-30 02:00:00,2026-04-15 19:01:09,1276,28.94,2026-04-15 19:01:09,111113612004634,8738,Efectivo,
148,2026-03-30,6,14.40,Pagado,2026-03-30 02:00:00,2026-04-10 22:49:32,1277,14.40,2026-04-10 22:49:32,111113612004634,8778,Efectivo,
149,2026-03-30,6,6.40,Pagado,2026-03-30 02:00:00,2026-04-15 19:02:29,1278,6.40,2026-04-15 19:02:29,111113612004634,8807,Efectivo,
150,2026-03-30,6,11.76,Pagado,2026-03-30 02:00:00,2026-04-14 18:54:48,1280,11.76,2026-04-14 18:54:48,111113612004634,8871,Efectivo,
151,2026-03-30,4,3.20,Pagado,2026-03-30 02:00:00,2026-04-14 19:02:36,1287,3.20,2026-04-14 19:02:36,111113612004634,9056,Efectivo,
152,2026-03-30,6,4.80,Pagado,2026-03-30 02:00:00,2026-04-14 19:03:32,1288,4.80,2026-04-14 19:03:32,111113612004634,9065,Efectivo,
153,2026-03-30,6,10.80,Pagado,2026-03-30 02:00:00,2026-04-14 19:06:34,1290,10.80,2026-04-14 19:06:34,111113612004634,9117,Efectivo,
154,2026-03-30,6,9.60,Pagado,2026-03-30 02:00:00,2026-04-14 19:07:45,1291,9.60,2026-04-14 19:07:45,111113612004634,9178,Efectivo,
155,2026-03-30,6,15.60,Pagado,2026-03-30 02:00:00,2026-04-14 19:09:42,1292,15.60,2026-04-14 19:09:42,111113612004634,9204,Efectivo,
156,2026-03-30,6,8.00,Pagado,2026-03-30 02:00:00,2026-04-14 19:08:38,1293,8.00,2026-04-14 19:08:38,111113612004634,9215,Efectivo,
157,2026-03-30,6,24.12,Pagado,2026-03-30 02:00:00,2026-04-14 19:11:02,1294,24.12,2026-04-14 19:11:02,111113612004634,9250,Efectivo,
158,2026-03-30,6,18.75,Pagado,2026-03-30 02:00:00,2026-04-15 19:49:37,1295,18.75,2026-04-15 19:49:37,111113612004634,9256,Efectivo,
159,2026-03-30,6,24.12,Pagado,2026-03-30 02:00:00,2026-04-14 19:13:19,1296,24.12,2026-04-14 19:13:19,111113612004634,9295,Efectivo,
160,2026-03-30,6,9.60,Pagado,2026-03-30 02:00:00,2026-04-14 19:15:59,1299,9.60,2026-04-14 19:15:59,111113612004634,9403,Efectivo,
161,2026-03-30,6,33.77,Pagado,2026-03-30 02:00:00,2026-04-14 19:17:59,1300,33.77,2026-04-14 19:17:59,111113612004634,9426,Efectivo,
162,2026-03-30,4,4.00,Pagado,2026-03-30 02:00:00,2026-04-14 19:20:39,1301,4.00,2026-04-14 19:20:39,111113612004634,9466,Efectivo,
163,2026-03-30,5,8.54,Pendiente,2026-03-30 02:00:00,2026-04-02 02:00:00,1303,0.00,,,9496,,
164,2026-03-30,6,11.76,Pagado,2026-03-30 02:00:00,2026-04-14 19:22:43,1304,11.76,2026-04-14 19:22:43,111113612004634,9549,Efectivo,
165,2026-03-30,6,8.00,Pagado,2026-03-30 02:00:00,2026-04-14 19:21:50,1305,8.00,2026-04-14 19:21:50,111113612004634,9571,Efectivo,
166,2026-03-30,6,14.40,Pagado,2026-03-30 02:00:00,2026-04-14 19:24:44,1306,14.40,2026-04-14 19:24:44,111113612004634,9585,Efectivo,
167,2026-03-30,6,14.40,Pagado,2026-03-30 02:00:00,2026-04-14 19:26:20,1307,14.40,2026-04-14 19:26:20,111113612004634,9605,Efectivo,
168,2026-03-30,6,6.40,Pagado,2026-03-30 02:00:00,2026-04-14 19:27:02,1308,6.40,2026-04-14 19:27:02,111113612004634,9636,Efectivo,
169,2026-03-30,6,11.76,Pagado,2026-03-30 02:00:00,2026-04-14 19:28:27,1309,11.76,2026-04-14 19:28:27,111113612004634,9684,Efectivo,
170,2026-03-30,6,6.40,Pagado,2026-03-30 02:00:00,2026-04-14 19:29:41,1310,6.40,2026-04-14 19:29:41,111113612004634,9722,Efectivo,
171,2026-03-30,6,11.76,Pagado,2026-03-30 02:00:00,2026-04-14 19:31:55,1312,11.76,2026-04-14 19:31:55,111113612004634,9783,Efectivo,
172,2026-03-30,6,6.00,Pagado,2026-03-30 02:00:00,2026-04-14 19:34:17,1314,6.00,2026-04-14 19:34:17,111113612004634,9860,Efectivo,
173,2026-03-30,6,8.40,Pagado,2026-03-30 02:00:00,2026-04-14 19:35:33,1315,8.40,2026-04-14 19:35:33,111113612004634,9879,Efectivo,
174,2026-03-30,6,10.80,Pagado,2026-03-30 02:00:00,2026-04-14 19:36:58,1316,10.80,2026-04-14 19:36:58,111113612004634,9909,Efectivo,
175,2026-03-30,6,8.00,Pagado,2026-03-30 02:00:00,2026-04-14 19:36:30,1317,8.00,2026-04-14 19:36:30,111113612004634,9926,Efectivo,
176,2026-03-30,6,9.60,Pagado,2026-03-30 02:00:00,2026-04-14 19:38:44,1318,9.60,2026-04-14 19:38:44,111113612004634,9946,Efectivo,
177,2026-03-30,6,9.60,Pagado,2026-03-30 02:00:00,2026-04-14 19:38:10,1319,9.60,2026-04-14 19:38:10,111113612004634,9962,Efectivo,
178,2026-03-30,6,9.60,Pagado,2026-03-30 02:00:00,2026-04-14 19:39:42,1320,9.60,2026-04-14 19:39:42,111113612004634,10018,Efectivo,
179,2026-03-30,6,14.40,Pagado,2026-03-30 02:00:00,2026-04-14 19:41:25,1321,14.40,2026-04-14 19:41:25,111113612004634,10042,Efectivo,
180,2026-03-30,6,11.52,Pagado,2026-03-30 02:00:00,2026-04-14 19:40:42,1322,11.52,2026-04-14 19:40:42,111113612004634,10062,Efectivo,
181,2026-03-30,6,14.40,Pagado,2026-03-30 02:00:00,2026-04-14 19:44:38,1323,14.40,2026-04-14 19:44:38,111113612004634,10114,Efectivo,
182,2026-03-30,4,7.84,Pendiente,2026-03-30 02:00:00,2026-04-01 22:30:29,1324,0.00,,,10145,,
183,2026-03-30,4,7.84,Pendiente,2026-03-30 02:00:00,2026-04-01 22:30:29,1326,0.00,,,10217,,
184,2026-03-30,6,6.40,Pagado,2026-03-30 02:00:00,2026-04-08 19:02:12,1327,6.40,2026-04-08 19:02:12,111113612004634,10228,Efectivo,
185,2026-03-30,4,7.84,Pendiente,2026-03-30 02:00:00,2026-04-01 22:30:29,1328,0.00,,,10289,,
186,2026-03-30,6,8.00,Pagado,2026-03-30 02:00:00,2026-04-08 19:04:06,1329,8.00,2026-04-08 19:04:06,111113612004634,10298,Efectivo,
187,2026-03-30,4,7.84,Pendiente,2026-03-30 02:00:00,2026-04-01 22:30:29,1330,0.00,,,10326,,
188,2026-03-30,6,8.00,Pagado,2026-03-30 02:00:00,2026-04-08 19:05:43,1358,8.00,2026-04-08 19:05:43,111113612004634,10339,Efectivo,
189,2026-03-30,4,7.84,Pendiente,2026-03-30 02:00:00,2026-04-01 22:30:29,1360,0.00,,,10411,,
190,2026-03-30,6,8.00,Pagado,2026-03-30 02:00:00,2026-04-08 19:08:40,1361,8.00,2026-04-08 19:08:40,111113612004634,10424,Efectivo,
191,2026-03-30,6,10.88,Pagado,2026-03-30 02:00:00,2026-04-01 22:43:06,1362,10.88,2026-04-01 22:43:06,111113612004634,10441,Efectivo,
192,2026-03-30,6,7.20,Pagado,2026-03-30 02:00:00,2026-04-08 19:14:15,1363,7.20,2026-04-08 19:14:15,111113612004634,10489,Efectivo,
193,2026-03-30,6,4.80,Pagado,2026-03-30 02:00:00,2026-04-08 19:15:40,1364,4.80,2026-04-08 19:15:40,111113612004634,10507,Efectivo,
194,2026-03-30,6,4.80,Pagado,2026-03-30 02:00:00,2026-04-08 19:17:08,1365,4.80,2026-04-08 19:17:08,111113612004634,10531,Efectivo,
195,2026-03-30,6,8.40,Pagado,2026-03-30 02:00:00,2026-04-08 19:20:18,1368,8.40,2026-04-08 19:20:18,111113612004634,10601,Efectivo,
196,2026-03-30,6,11.76,Pagado,2026-03-30 02:00:00,2026-04-07 20:24:17,1369,11.76,2026-04-07 20:24:17,111113612004634,10638,Efectivo,
197,2026-03-30,1,1.60,Pagado,2026-03-30 02:00:00,2026-04-07 20:23:22,1370,1.60,2026-04-07 20:23:22,111113612004634,10691,Efectivo,
198,2026-03-30,6,7.20,Pagado,2026-03-30 02:00:00,2026-04-07 20:27:14,1371,7.20,2026-04-07 20:27:14,111113612004634,10710,Efectivo,
199,2026-03-30,6,9.60,Pagado,2026-03-30 02:00:00,2026-04-07 20:28:24,1372,9.60,2026-04-07 20:28:24,111113612004634,10734,Efectivo,
200,2026-03-30,6,10.80,Pagado,2026-03-30 02:00:00,2026-04-07 20:29:46,1373,10.80,2026-04-07 20:29:46,111113612004634,10758,Efectivo,
201,2026-03-30,6,3.60,Pagado,2026-03-30 02:00:00,2026-04-07 20:30:55,1374,3.60,2026-04-07 20:30:55,111113612004634,10782,Efectivo,
202,2026-03-30,6,6.40,Pagado,2026-03-30 02:00:00,2026-04-08 19:24:41,1388,6.40,2026-04-08 19:24:41,111113612004634,11239,Efectivo,
203,2026-03-30,6,8.00,Pagado,2026-03-30 02:00:00,2026-04-08 19:26:52,1390,8.00,2026-04-08 19:26:52,111113612004634,11290,Efectivo,
204,2026-03-30,6,9.60,Pagado,2026-03-30 02:00:00,2026-04-08 19:29:05,1392,9.60,2026-04-08 19:29:05,111113612004634,11343,Efectivo,
205,2026-03-30,120,72.00,Pendiente,2026-03-30 02:00:00,2026-07-25 02:00:00,1531,0.00,,,14458,,
255,2026-04-01,6,8.17,Pendiente,2026-04-01 02:00:00,2026-04-06 17:48:35,852,0.00,,,,,
256,2026-04-01,6,3.33,Pagado,2026-04-01 02:00:00,2026-04-07 15:59:08,1123,3.33,2026-04-07 15:59:08,111113612004634,5409,Efectivo,
257,2026-04-01,6,3.33,Pagado,2026-04-01 02:00:00,2026-04-07 16:00:01,1124,3.33,2026-04-07 16:00:01,111113612004634,5427,Efectivo,
258,2026-04-01,6,3.33,Pagado,2026-04-01 02:00:00,2026-04-07 16:01:00,1125,3.33,2026-04-07 16:01:00,111113612004634,5445,Efectivo,
259,2026-04-01,6,3.33,Pagado,2026-04-01 02:00:00,2026-04-07 16:01:37,1126,3.33,2026-04-07 16:01:37,111113612004634,5463,Efectivo,
260,2026-04-01,6,4.80,Pagado,2026-04-01 02:00:00,2026-04-06 23:27:05,1406,4.80,2026-04-06 23:27:05,111113612004634,11662,Efectivo,
261,2026-04-01,6,4.80,Pagado,2026-04-01 02:00:00,2026-04-06 23:28:03,1407,4.80,2026-04-06 23:28:03,111113612004634,11686,Efectivo,
262,2026-04-01,6,8.17,Pagado,2026-04-01 02:00:00,2026-04-07 16:07:32,1412,8.17,2026-04-07 16:07:32,111113612004634,11777,Efectivo,
263,2026-04-01,6,8.17,Pagado,2026-04-01 02:00:00,2026-04-07 16:08:52,1415,8.17,2026-04-07 16:08:52,111113612004634,11838,Efectivo,
264,2026-04-01,6,8.17,Pagado,2026-04-01 02:00:00,2026-06-30 05:32:51,1416,8.17,2026-06-17 17:52:56,11119423046816,11862,Efectivo,
265,2026-04-01,6,8.17,Pagado,2026-04-01 02:00:00,2026-04-07 16:10:21,1417,8.17,2026-04-07 16:10:21,111113612004634,11886,Efectivo,
270,2026-04-02,6,4.62,Pagado,2026-04-02 02:00:00,2026-04-08 15:30:04,994,4.62,2026-04-08 15:30:04,111113612004634,2988,Efectivo,
271,2026-04-02,6,10.00,Pagado,2026-04-02 02:00:00,2026-04-08 15:59:28,1181,10.00,2026-04-08 15:59:28,111113612004634,6855,Efectivo,
272,2026-04-02,6,8.90,Pendiente,2026-04-02 02:00:00,2026-04-07 02:00:00,1539,0.00,,,14660,,
273,2026-04-03,5,4.00,Pagado,2026-04-03 02:00:00,2026-04-07 19:30:10,1117,4.00,2026-04-07 19:30:10,111113612004634,5242,Efectivo,
274,2026-04-03,5,4.00,Pagado,2026-04-03 02:00:00,2026-04-07 19:32:01,1118,4.00,2026-04-07 19:32:01,111113612004634,5266,Efectivo,
276,2026-04-03,5,4.00,Pagado,2026-04-03 02:00:00,2026-04-07 19:37:03,1121,4.00,2026-04-07 19:37:03,111113612004634,5362,Efectivo,
277,2026-04-03,5,4.00,Pagado,2026-04-03 02:00:00,2026-04-07 19:38:15,1122,4.00,2026-04-07 19:38:15,111113612004634,5386,Efectivo,
278,2026-04-03,6,5.83,Pagado,2026-04-03 02:00:00,2026-04-13 21:36:10,1143,5.83,2026-04-13 21:36:10,111113612004634,5926,Efectivo,
279,2026-04-03,5,4.00,Pagado,2026-04-03 02:00:00,2026-04-07 20:14:53,1190,4.00,2026-04-07 20:14:53,111113612004634,7049,Efectivo,
280,2026-04-03,5,10.14,Pagado,2026-04-03 02:00:00,2026-04-07 20:36:48,1378,10.14,2026-04-07 20:36:48,111113612004634,10889,Efectivo,
281,2026-04-03,5,13.00,Pagado,2026-04-03 02:00:00,2026-04-07 21:15:23,1383,13.00,2026-04-07 21:15:23,111113612004634,11069,Efectivo,
282,2026-04-03,6,18.72,Pagado,2026-04-03 02:00:00,2026-04-08 19:23:34,1387,18.72,2026-04-08 19:23:34,111113612004634,11209,Efectivo,
283,2026-04-03,6,14.44,Pagado,2026-04-03 02:00:00,2026-04-13 21:59:52,1391,14.44,2026-04-13 21:59:52,111113612004634,11295,Efectivo,
284,2026-04-03,6,17.28,Pagado,2026-04-03 02:00:00,2026-04-08 19:31:04,1393,17.28,2026-04-08 19:31:04,111113612004634,11368,Efectivo,
285,2026-04-03,6,18.72,Pagado,2026-04-03 02:00:00,2026-04-08 19:56:32,1398,18.72,2026-04-08 19:56:32,111113612004634,11482,Efectivo,
286,2026-04-03,6,15.60,Pagado,2026-04-03 02:00:00,2026-04-08 20:02:54,1419,15.60,2026-04-08 20:02:54,111113612004634,11950,Efectivo,
287,2026-04-03,6,15.60,Pagado,2026-04-03 02:00:00,2026-04-08 20:04:54,1420,15.60,2026-04-08 20:04:54,111113612004634,11974,Efectivo,
288,2026-04-03,6,12.16,Pagado,2026-04-03 02:00:00,2026-04-08 20:03:44,1421,12.16,2026-04-08 20:03:44,111113612004634,11988,Efectivo,
289,2026-04-03,6,15.60,Pagado,2026-04-03 02:00:00,2026-04-08 20:05:47,1422,15.60,2026-04-08 20:05:47,111113612004634,12046,Efectivo,
290,2026-04-03,6,15.60,Pagado,2026-04-03 02:00:00,2026-04-08 20:07:40,1424,15.60,2026-04-08 20:07:40,111113612004634,12118,Efectivo,
291,2026-04-03,6,11.76,Pagado,2026-04-03 02:00:00,2026-04-08 20:09:30,1426,11.76,2026-04-08 20:09:30,111113612004634,12190,Efectivo,
292,2026-04-03,6,8.40,Pagado,2026-04-03 02:00:00,2026-04-09 17:50:59,1510,8.40,2026-04-09 17:50:59,111113612004634,13842,Efectivo,
293,2026-04-03,6,13.74,Pagado,2026-04-03 02:00:00,2026-04-08 16:20:42,1541,13.74,2026-04-08 16:20:42,111113612004634,14696,Efectivo,
294,2026-04-03,6,13.74,Pagado,2026-04-03 02:00:00,2026-04-08 16:22:07,1542,13.74,2026-04-08 16:22:07,111113612004634,14733,Efectivo,
295,2026-04-03,6,11.62,Pagado,2026-04-03 02:00:00,2026-04-08 16:25:10,1544,11.62,2026-04-08 16:25:10,111113612004634,14775,Efectivo,
296,2026-04-03,6,13.74,Pagado,2026-04-03 02:00:00,2026-04-08 16:28:20,1546,13.74,2026-04-08 16:28:20,111113612004634,14825,Efectivo,
297,2026-04-03,6,22.88,Pagado,2026-04-03 02:00:00,2026-04-08 16:32:36,1548,22.88,2026-04-08 16:32:36,111113612004634,14856,Efectivo,
298,2026-04-03,6,8.90,Pagado,2026-04-03 02:00:00,2026-04-08 16:46:38,1549,8.90,2026-04-08 16:46:38,111113612004634,14901,Efectivo,
299,2026-04-03,6,18.30,Pagado,2026-04-03 02:00:00,2026-04-08 16:54:45,1550,18.30,2026-04-08 16:54:45,111113612004634,14925,Efectivo,
300,2026-04-03,26,50.36,Pagado,2026-04-03 02:00:00,2026-04-28 16:44:09,1552,50.36,2026-04-28 16:44:09,111113612004634,14965,Efectivo,
304,2026-04-04,5,6.81,Pagado,2026-04-04 02:00:00,2026-04-08 15:08:15,878,6.81,2026-04-08 15:08:15,111113612004634,782,Efectivo,
305,2026-04-04,5,4.86,Pagado,2026-04-04 02:00:00,2026-04-08 15:09:33,883,4.86,2026-04-08 15:09:33,111113612004634,926,Efectivo,
306,2026-04-04,6,7.78,Pagado,2026-04-04 02:00:00,2026-04-10 15:01:55,894,7.78,2026-04-10 15:01:55,111113612004634,1238,Efectivo,
307,2026-04-04,6,4.44,Pagado,2026-04-04 02:00:00,2026-04-13 23:22:27,939,4.44,2026-04-13 23:22:27,111113612004634,2364,Efectivo,
308,2026-04-04,6,13.33,Pagado,2026-04-04 02:00:00,2026-04-14 16:04:22,1161,13.33,2026-04-14 16:04:22,111113612004634,6428,Efectivo,
309,2026-04-04,6,6.67,Pagado,2026-04-04 02:00:00,2026-04-14 16:07:59,1166,6.67,2026-04-14 16:07:59,111113612004634,6543,Efectivo,
310,2026-04-04,4,10.40,Pagado,2026-04-04 02:00:00,2026-04-07 20:33:04,1375,10.40,2026-04-07 20:33:04,111113612004634,10795,Efectivo,
311,2026-04-04,4,7.84,Pagado,2026-04-04 02:00:00,2026-04-07 21:11:45,1382,7.84,2026-04-07 21:11:45,111113612004634,11045,Efectivo,
312,2026-04-04,5,15.60,Pagado,2026-04-04 02:00:00,2026-04-08 19:26:19,1389,15.60,2026-04-08 19:26:19,111113612004634,11277,Efectivo,
313,2026-04-04,5,15.60,Pagado,2026-04-04 02:00:00,2026-04-08 19:32:01,1394,15.60,2026-04-08 19:32:01,111113612004634,11384,Efectivo,
314,2026-04-04,5,3.60,Pagado,2026-04-04 02:00:00,2026-04-08 19:34:59,1396,3.60,2026-04-08 19:34:59,111113612004634,11450,Efectivo,
315,2026-04-04,5,11.77,Pagado,2026-04-04 02:00:00,2026-04-08 19:57:27,1399,11.77,2026-04-08 19:57:27,111113612004634,11507,Efectivo,
316,2026-04-04,3,5.88,Pagado,2026-04-04 02:00:00,2026-04-06 23:17:44,1400,5.88,2026-04-06 23:17:44,111113612004634,11519,Efectivo,
317,2026-04-04,3,5.88,Pagado,2026-04-04 02:00:00,2026-04-06 23:19:15,1401,5.88,2026-04-06 23:19:15,111113612004634,11543,Efectivo,
318,2026-04-04,3,5.88,Pagado,2026-04-04 02:00:00,2026-04-06 23:20:32,1402,5.88,2026-04-06 23:20:32,111113612004634,11567,Efectivo,
319,2026-04-04,3,5.88,Pagado,2026-04-04 02:00:00,2026-04-06 23:22:05,1403,5.88,2026-04-06 23:22:05,111113612004634,11591,Efectivo,
320,2026-04-04,3,5.88,Pagado,2026-04-04 02:00:00,2026-04-06 23:24:02,1404,5.88,2026-04-06 23:24:02,111113612004634,11615,Efectivo,
321,2026-04-04,4,6.72,Pagado,2026-04-04 02:00:00,2026-04-07 21:32:10,1408,6.72,2026-04-07 21:32:10,111113612004634,11722,Efectivo,
322,2026-04-04,3,3.00,Pagado,2026-04-04 02:00:00,2026-04-06 23:29:04,1409,3.00,2026-04-06 23:29:04,111113612004634,11737,Efectivo,
323,2026-04-04,6,14.40,Pagado,2026-04-04 02:00:00,2026-04-09 18:37:50,1429,14.40,2026-04-09 18:37:50,111113612004634,12243,Efectivo,
324,2026-04-04,6,14.40,Pagado,2026-04-04 02:00:00,2026-04-09 18:47:56,1430,14.40,2026-04-09 18:47:56,111113612004634,12270,Efectivo,
325,2026-04-04,6,8.17,Pagado,2026-04-04 02:00:00,2026-05-06 18:27:14,1433,8.17,2026-05-06 18:27:14,111113612004634,12370,Efectivo,
326,2026-04-04,6,6.40,Pagado,2026-04-04 02:00:00,2026-04-09 19:25:31,1444,6.40,2026-04-09 19:25:31,111113612004634,12785,Efectivo,
327,2026-04-04,6,10.80,Pagado,2026-04-04 02:00:00,2026-04-09 19:32:58,1451,10.80,2026-04-09 19:32:58,111113612004634,13001,Efectivo,
328,2026-04-04,6,13.20,Pagado,2026-04-04 02:00:00,2026-04-09 19:33:57,1456,13.20,2026-04-09 19:33:57,111113612004634,13123,Efectivo,
329,2026-04-04,6,14.40,Pagado,2026-04-04 02:00:00,2026-04-09 19:38:32,1457,14.40,2026-04-09 19:38:32,111113612004634,13130,Efectivo,
330,2026-04-04,6,3.08,Pagado,2026-04-04 02:00:00,2026-04-24 21:10:08,1492,3.08,2026-04-24 21:10:08,111113612004634,13369,Efectivo,
331,2026-04-04,6,8.40,Pagado,2026-04-04 02:00:00,2026-04-09 19:57:05,1503,8.40,2026-04-09 19:57:05,111113612004634,13681,Efectivo,
332,2026-04-04,6,10.89,Pagado,2026-04-04 02:00:00,2026-04-14 16:27:54,1515,10.89,2026-04-14 16:27:54,111113612004634,13932,Efectivo,
333,2026-04-04,6,18.72,Pagado,2026-04-04 02:00:00,2026-04-09 18:20:58,1517,18.72,2026-04-09 18:20:58,111113612004634,13973,Efectivo,
334,2026-04-04,6,6.67,Pagado,2026-04-04 02:00:00,2026-04-14 16:29:49,1518,6.67,2026-04-14 16:29:49,111113612004634,13986,Efectivo,
335,2026-04-04,6,14.40,Pagado,2026-04-04 02:00:00,2026-04-09 15:49:58,1524,14.40,2026-04-09 15:49:58,111113612004634,14288,Efectivo,
336,2026-04-04,6,14.40,Pagado,2026-04-04 02:00:00,2026-04-09 16:07:04,1529,14.40,2026-04-09 16:07:04,111113612004634,14396,Efectivo,
337,2026-04-04,6,10.89,Pagado,2026-04-04 02:00:00,2026-04-14 16:34:37,1535,10.89,2026-04-14 16:34:37,111113612004634,14544,Efectivo,
338,2026-04-04,5,19.07,Pagado,2026-04-04 02:00:00,2026-04-08 16:23:45,1543,19.07,2026-04-08 16:23:45,111113612004634,14767,Efectivo,
339,2026-04-04,5,7.42,Pagado,2026-04-04 02:00:00,2026-04-08 16:57:25,1551,7.42,2026-04-08 16:57:25,111113612004634,14941,Efectivo,
340,2026-04-04,6,11.62,Pagado,2026-04-04 02:00:00,2026-04-16 18:54:30,1558,11.62,2026-04-16 18:54:30,111113612004634,15062,Efectivo,
368,2026-04-05,6,6.00,Pagado,2026-04-05 02:00:00,2026-04-14 18:05:27,1252,6.00,2026-04-14 18:05:27,111113612004634,7977,Efectivo,
369,2026-04-05,6,4.62,Pagado,2026-04-05 02:00:00,2026-04-15 18:53:01,1262,4.62,2026-04-15 18:53:01,111113612004634,8257,Efectivo,
370,2026-04-05,6,21.88,Pagado,2026-04-05 02:00:00,2026-04-15 19:47:07,1289,21.88,2026-04-15 19:47:07,111113612004634,9083,Efectivo,
371,2026-04-05,6,24.12,Pagado,2026-04-05 02:00:00,2026-04-14 19:14:41,1297,24.12,2026-04-14 19:14:41,111113612004634,9329,Efectivo,
372,2026-04-05,3,5.88,Pagado,2026-04-05 02:00:00,2026-04-07 21:04:53,1379,5.88,2026-04-07 21:04:53,111113612004634,10935,Efectivo,
373,2026-04-05,3,3.20,Pagado,2026-04-05 02:00:00,2026-04-07 21:06:22,1380,3.20,2026-04-07 21:06:22,111113612004634,10985,Efectivo,
374,2026-04-05,3,7.80,Pagado,2026-04-05 02:00:00,2026-04-07 21:24:03,1386,7.80,2026-04-07 21:24:03,111113612004634,11193,Efectivo,
375,2026-04-05,4,6.40,Pagado,2026-04-05 02:00:00,2026-04-08 19:33:10,1395,6.40,2026-04-08 19:33:10,111113612004634,11418,Efectivo,
376,2026-04-05,4,7.68,Pagado,2026-04-05 02:00:00,2026-04-08 19:53:32,1397,7.68,2026-04-08 19:53:32,111113612004634,11479,Efectivo,
377,2026-04-05,2,3.60,Pagado,2026-04-05 02:00:00,2026-04-06 23:25:18,1405,3.60,2026-04-06 23:25:18,111113612004634,11645,Efectivo,
378,2026-04-05,2,3.92,Pagado,2026-04-05 02:00:00,2026-04-06 23:32:01,1410,3.92,2026-04-06 23:32:01,111113612004634,11762,Efectivo,
379,2026-04-05,2,1.33,Pagado,2026-04-05 02:00:00,2026-04-06 23:30:22,1411,1.33,2026-04-06 23:30:22,111113612004634,11771,Efectivo,
380,2026-04-05,3,2.00,Pagado,2026-04-05 02:00:00,2026-04-07 15:34:22,1413,2.00,2026-04-07 15:34:22,111113612004634,11808,Efectivo,
381,2026-04-05,3,2.40,Pagado,2026-04-05 02:00:00,2026-04-07 15:35:26,1414,2.40,2026-04-07 15:35:26,111113612004634,11836,Efectivo,
382,2026-04-05,5,7.20,Pagado,2026-04-05 02:00:00,2026-04-09 17:48:58,1418,7.20,2026-04-09 17:48:58,111113612004634,11918,Efectivo,
383,2026-04-05,4,4.27,Pagado,2026-04-05 02:00:00,2026-04-08 20:06:20,1423,4.27,2026-04-08 20:06:20,111113612004634,12083,Efectivo,
384,2026-04-05,4,8.53,Pagado,2026-04-05 02:00:00,2026-04-08 20:08:15,1425,8.53,2026-04-08 20:08:15,111113612004634,12157,Efectivo,
385,2026-04-05,3,4.12,Pagado,2026-04-05 02:00:00,2026-04-07 21:47:37,1427,4.12,2026-04-07 21:47:37,111113612004634,12218,Efectivo,
386,2026-04-05,3,2.52,Pagado,2026-04-05 02:00:00,2026-04-07 21:49:01,1428,2.52,2026-04-07 21:49:01,111113612004634,12237,Efectivo,
387,2026-04-05,5,8.54,Pagado,2026-04-05 02:00:00,2026-04-09 18:49:02,1431,8.54,2026-04-09 18:49:02,111113612004634,12296,Efectivo,
388,2026-04-05,3,12.06,Pagado,2026-04-05 02:00:00,2026-04-07 21:28:07,1432,12.06,2026-04-07 21:28:07,111113612004634,12368,Efectivo,
389,2026-04-05,5,5.33,Pagado,2026-04-05 02:00:00,2026-04-09 19:13:34,1434,5.33,2026-04-09 19:13:34,111113612004634,12421,Efectivo,
390,2026-04-05,5,12.00,Pagado,2026-04-05 02:00:00,2026-04-09 19:18:21,1437,12.00,2026-04-09 19:18:21,111113612004634,12520,Efectivo,
391,2026-04-05,5,5.33,Pagado,2026-04-05 02:00:00,2026-04-09 19:19:14,1438,5.33,2026-04-09 19:19:14,111113612004634,12556,Efectivo,
392,2026-04-05,5,7.00,Pagado,2026-04-05 02:00:00,2026-04-09 19:20:16,1439,7.00,2026-04-09 19:20:16,111113612004634,12592,Efectivo,
393,2026-04-05,5,4.00,Pagado,2026-04-05 02:00:00,2026-04-09 19:22:25,1441,4.00,2026-04-09 19:22:25,111113612004634,12664,Efectivo,
394,2026-04-05,5,12.00,Pagado,2026-04-05 02:00:00,2026-04-09 19:24:33,1442,12.00,2026-04-09 19:24:33,111113612004634,12693,Efectivo,
395,2026-04-05,5,8.00,Pagado,2026-04-05 02:00:00,2026-04-09 19:23:33,1443,8.00,2026-04-09 19:23:33,111113612004634,12741,Efectivo,
396,2026-04-05,5,12.00,Pagado,2026-04-05 02:00:00,2026-04-09 19:26:37,1445,12.00,2026-04-09 19:26:37,111113612004634,12813,Efectivo,
397,2026-04-05,5,5.33,Pagado,2026-04-05 02:00:00,2026-04-09 19:27:37,1446,5.33,2026-04-09 19:27:37,111113612004634,12844,Efectivo,
398,2026-04-05,5,7.00,Pagado,2026-04-05 02:00:00,2026-04-09 19:28:32,1447,7.00,2026-04-09 19:28:32,111113612004634,12885,Efectivo,
399,2026-04-05,5,6.67,Pagado,2026-04-05 02:00:00,2026-04-09 19:29:08,1448,6.67,2026-04-09 19:29:08,111113612004634,12903,Efectivo,
400,2026-04-05,5,9.50,Pagado,2026-04-05 02:00:00,2026-04-09 19:30:17,1449,9.50,2026-04-09 19:30:17,111113612004634,12923,Efectivo,
401,2026-04-05,5,4.27,Pagado,2026-04-05 02:00:00,2026-04-09 19:31:06,1450,4.27,2026-04-09 19:31:06,111113612004634,12951,Efectivo,
402,2026-04-05,5,5.00,Pagado,2026-04-05 02:00:00,2026-04-09 19:32:47,1452,5.00,2026-04-09 19:32:47,111113612004634,13019,Efectivo,
403,2026-04-05,5,7.00,Pagado,2026-04-05 02:00:00,2026-04-09 19:42:28,1488,7.00,2026-04-09 19:42:28,111113612004634,13264,Efectivo,
404,2026-04-05,5,5.33,Pagado,2026-04-05 02:00:00,2026-04-09 19:41:34,1489,5.33,2026-04-09 19:41:34,111113612004634,13278,Efectivo,
405,2026-04-05,5,3.00,Pagado,2026-04-05 02:00:00,2026-04-09 19:43:18,1490,3.00,2026-04-09 19:43:18,111113612004634,13336,Efectivo,
406,2026-04-05,5,7.00,Pagado,2026-04-05 02:00:00,2026-04-09 19:44:51,1491,7.00,2026-04-09 19:44:51,111113612004634,13361,Efectivo,
407,2026-04-05,5,24.12,Pagado,2026-04-05 02:00:00,2026-04-09 19:46:04,1493,24.12,2026-04-09 19:46:04,111113612004634,13391,Efectivo,
408,2026-04-05,5,12.00,Pagado,2026-04-05 02:00:00,2026-04-09 19:47:21,1494,12.00,2026-04-09 19:47:21,111113612004634,13426,Efectivo,
409,2026-04-05,5,5.33,Pagado,2026-04-05 02:00:00,2026-04-09 19:47:40,1495,5.33,2026-04-09 19:47:40,111113612004634,13472,Efectivo,
410,2026-04-05,5,4.00,Pagado,2026-04-05 02:00:00,2026-04-09 19:51:17,1498,4.00,2026-04-09 19:51:17,111113612004634,13551,Efectivo,
411,2026-04-05,5,11.00,Pagado,2026-04-05 02:00:00,2026-04-09 19:53:25,1499,11.00,2026-04-09 19:53:25,111113612004634,13576,Efectivo,
412,2026-04-05,5,4.27,Pagado,2026-04-05 02:00:00,2026-04-09 19:52:25,1500,4.27,2026-04-09 19:52:25,111113612004634,13598,Efectivo,
413,2026-04-05,5,7.00,Pagado,2026-04-05 02:00:00,2026-04-09 19:55:30,1502,7.00,2026-04-09 19:55:30,111113612004634,13658,Efectivo,
414,2026-04-05,5,3.33,Pagado,2026-04-05 02:00:00,2026-04-09 19:56:45,1504,3.33,2026-04-09 19:56:45,111113612004634,13713,Efectivo,
415,2026-04-05,5,4.00,Pagado,2026-04-05 02:00:00,2026-04-09 19:57:38,1505,4.00,2026-04-09 19:57:38,111113612004634,13734,Efectivo,
416,2026-04-05,5,4.00,Pagado,2026-04-05 02:00:00,2026-04-09 20:00:16,1508,4.00,2026-04-09 20:00:16,111113612004634,13792,Efectivo,
417,2026-04-05,5,9.00,Pagado,2026-04-05 02:00:00,2026-04-09 17:50:01,1509,9.00,2026-04-09 17:50:01,111113612004634,13829,Efectivo,
418,2026-04-05,5,4.00,Pagado,2026-04-05 02:00:00,2026-04-09 17:53:12,1511,4.00,2026-04-09 17:53:12,111113612004634,13871,Efectivo,
419,2026-04-05,5,11.77,Pagado,2026-04-05 02:00:00,2026-04-09 18:08:23,1512,11.77,2026-04-09 18:08:23,111113612004634,13899,Efectivo,
420,2026-04-05,5,5.00,Pagado,2026-04-05 02:00:00,2026-04-09 18:07:19,1513,5.00,2026-04-09 18:07:19,111113612004634,13910,Efectivo,
421,2026-04-05,5,11.77,Pagado,2026-04-05 02:00:00,2026-04-09 18:09:10,1514,11.77,2026-04-09 18:09:10,111113612004634,13930,Efectivo,
422,2026-04-05,5,8.40,Pagado,2026-04-05 02:00:00,2026-04-09 18:12:49,1516,8.40,2026-04-09 18:12:49,111113612004634,13956,Efectivo,
423,2026-04-05,5,11.77,Pagado,2026-04-05 02:00:00,2026-04-09 18:25:01,1519,11.77,2026-04-09 18:25:01,111113612004634,14047,Efectivo,
424,2026-04-05,5,5.33,Pagado,2026-04-05 02:00:00,2026-04-09 18:21:38,1520,5.33,2026-04-09 18:21:38,111113612004634,14075,Efectivo,
425,2026-04-05,5,5.00,Pagado,2026-04-05 02:00:00,2026-04-09 15:41:35,1521,5.00,2026-04-09 15:41:35,111113612004634,14116,Efectivo,
426,2026-04-05,5,12.00,Pagado,2026-04-05 02:00:00,2026-04-09 15:45:23,1522,12.00,2026-04-09 15:45:23,111113612004634,14143,Efectivo,
427,2026-04-05,5,24.08,Pagado,2026-04-05 02:00:00,2026-04-09 15:48:01,1523,24.08,2026-04-09 15:48:01,111113612004634,14258,Efectivo,
428,2026-04-05,113,67.80,Pendiente,2026-04-05 02:00:00,2026-07-25 02:00:00,1531,0.00,,,14459,,
429,2026-04-05,5,15.60,Pagado,2026-04-05 02:00:00,2026-04-09 18:28:11,1532,15.60,2026-04-09 18:28:11,111113612004634,14473,Efectivo,
430,2026-04-05,5,6.00,Pagado,2026-04-05 02:00:00,2026-04-09 18:29:05,1534,6.00,2026-04-09 18:29:05,111113612004634,14539,Efectivo,
431,2026-04-05,4,4.80,Pendiente,2026-04-05 02:00:00,2026-04-15 05:58:15,1536,0.00,,,14577,,
432,2026-04-05,5,7.20,Pagado,2026-04-05 02:00:00,2026-04-09 18:33:08,1538,7.20,2026-04-09 18:33:08,111113612004634,14639,Efectivo,
433,2026-04-05,3,4.45,Pagado,2026-04-05 02:00:00,2026-04-07 16:14:44,1540,4.45,2026-04-07 16:14:44,111113612004634,14669,Efectivo,
434,2026-04-05,4,7.74,Pagado,2026-04-05 02:00:00,2026-04-08 16:26:38,1545,7.74,2026-04-08 16:26:38,111113612004634,14799,Efectivo,
435,2026-04-05,4,11.60,Pagado,2026-04-05 02:00:00,2026-04-08 16:31:05,1547,11.60,2026-04-08 16:31:05,111113612004634,14847,Efectivo,
436,2026-04-05,4,7.74,Pagado,2026-04-05 02:00:00,2026-04-08 20:16:09,1553,7.74,2026-04-08 20:16:09,111113612004634,14973,Efectivo,
437,2026-04-05,4,7.74,Pagado,2026-04-05 02:00:00,2026-04-08 20:17:58,1554,7.74,2026-04-08 20:17:58,111113612004634,14994,Efectivo,
438,2026-04-05,5,13.24,Pagado,2026-04-05 02:00:00,2026-04-09 18:34:34,1555,13.24,2026-04-09 18:34:34,111113612004634,15012,Efectivo,
439,2026-04-05,6,8.90,Pagado,2026-04-05 02:00:00,2026-04-15 20:07:18,1557,8.90,2026-04-15 20:07:18,111113612004634,15040,Efectivo,
494,2026-04-06,6,15.60,Pagado,2026-04-06 02:00:00,2026-04-15 19:51:45,1298,15.60,2026-04-15 19:51:45,111113612004634,9362,Efectivo,
495,2026-04-06,6,24.12,Pagado,2026-04-06 02:00:00,2026-04-14 19:31:02,1311,24.12,2026-04-14 19:31:02,111113612004634,9756,Efectivo,
496,2026-04-06,2,3.63,Pagado,2026-04-06 02:00:00,2026-04-07 20:34:35,1376,3.63,2026-04-07 20:34:35,111113612004634,10838,Efectivo,
497,2026-04-06,2,5.20,Pagado,2026-04-06 02:00:00,2026-04-07 20:38:05,1377,5.20,2026-04-07 20:38:05,111113612004634,10869,Efectivo,
498,2026-04-06,2,3.20,Pagado,2026-04-06 02:00:00,2026-04-07 21:13:58,1384,3.20,2026-04-07 21:13:58,111113612004634,11089,Efectivo,
499,2026-04-06,2,3.60,Pagado,2026-04-06 02:00:00,2026-04-07 21:18:11,1385,3.60,2026-04-07 21:18:11,111113612004634,11133,Efectivo,
500,2026-04-06,4,7.25,Pagado,2026-04-06 02:00:00,2026-04-09 19:17:12,1436,7.25,2026-04-09 19:17:12,111113612004634,12481,Efectivo,
501,2026-04-06,4,7.68,Pagado,2026-04-06 02:00:00,2026-04-09 19:21:23,1440,7.68,2026-04-09 19:21:23,111113612004634,12629,Efectivo,
502,2026-04-06,4,4.00,Pagado,2026-04-06 02:00:00,2026-04-09 19:34:53,1454,4.00,2026-04-09 19:34:53,111113612004634,13050,Efectivo,
503,2026-04-06,3,3.00,Pagado,2026-04-06 02:00:00,2026-04-09 19:39:37,1486,3.00,2026-04-09 19:39:37,111113612004634,13222,Efectivo,
504,2026-04-06,3,1.80,Pagado,2026-04-06 02:00:00,2026-04-09 19:40:54,1487,1.80,2026-04-09 19:40:54,111113612004634,13246,Efectivo,
505,2026-04-06,4,4.80,Pagado,2026-04-06 02:00:00,2026-04-09 19:49:16,1496,4.80,2026-04-09 19:49:16,111113612004634,13493,Efectivo,
506,2026-04-06,4,3.20,Pagado,2026-04-06 02:00:00,2026-04-09 19:50:09,1497,3.20,2026-04-09 19:50:09,111113612004634,13517,Efectivo,
507,2026-04-06,4,4.80,Pagado,2026-04-06 02:00:00,2026-04-09 19:54:28,1501,4.80,2026-04-09 19:54:28,111113612004634,13641,Efectivo,
508,2026-04-06,4,3.20,Pagado,2026-04-06 02:00:00,2026-04-09 19:58:28,1506,3.20,2026-04-09 19:58:28,111113612004634,13749,Efectivo,
509,2026-04-06,4,2.40,Pagado,2026-04-06 02:00:00,2026-04-09 19:59:35,1507,2.40,2026-04-09 19:59:35,111113612004634,13773,Efectivo,
510,2026-04-06,4,6.40,Pagado,2026-04-06 02:00:00,2026-04-09 15:51:55,1525,6.40,2026-04-09 15:51:55,111113612004634,14302,Efectivo,
511,2026-04-06,4,11.60,Pagado,2026-04-06 02:00:00,2026-04-09 20:39:53,1556,11.60,2026-04-09 20:39:53,111113612004634,15035,Efectivo,
525,2026-04-07,3,7.80,Pagado,2026-04-07 02:00:00,2026-04-09 19:15:41,1435,7.80,2026-04-09 19:15:41,111113612004634,12450,Efectivo,
526,2026-04-08,2,1.71,Pagado,2026-04-08 02:00:00,2026-04-09 19:36:10,1455,1.71,2026-04-09 19:36:10,111113612004634,13086,Efectivo,
527,2026-04-08,2,2.13,Pagado,2026-04-08 02:00:00,2026-04-09 19:37:29,1485,2.13,2026-04-09 19:37:29,111113612004634,13182,Efectivo,
529,2026-04-15,76,50.67,Pendiente,2026-04-15 02:00:00,2026-06-26 02:00:01,947,0.00,,,2557,,
530,2026-04-17,12,16.00,Pagado,2026-04-17 02:00:00,2026-04-28 18:21:25,1390,16.00,2026-04-28 18:21:25,111113612004634,11293,Efectivo,
531,2026-04-18,6,6.40,Pagado,2026-04-18 02:00:00,2026-05-06 18:28:22,1434,6.40,2026-05-06 18:28:22,111113612004634,12423,Efectivo,
532,2026-04-18,6,15.60,Pagado,2026-04-18 02:00:00,2026-05-06 18:29:38,1435,15.60,2026-05-06 18:29:38,111113612004634,12452,Efectivo,
533,2026-04-18,6,10.88,Pagado,2026-04-18 02:00:00,2026-05-06 18:30:15,1436,10.88,2026-05-06 18:30:15,111113612004634,12483,Efectivo,
534,2026-04-18,6,14.40,Pagado,2026-04-18 02:00:00,2026-05-06 18:31:03,1437,14.40,2026-05-06 18:31:03,111113612004634,12522,Efectivo,
535,2026-04-18,6,6.40,Pagado,2026-04-18 02:00:00,2026-05-06 18:31:37,1438,6.40,2026-05-06 18:31:37,111113612004634,12558,Efectivo,
536,2026-04-18,6,8.40,Pagado,2026-04-18 02:00:00,2026-05-06 18:32:38,1439,8.40,2026-05-06 18:32:38,111113612004634,12594,Efectivo,
537,2026-04-18,6,11.52,Pagado,2026-04-18 02:00:00,2026-05-06 18:33:24,1440,11.52,2026-05-06 18:33:24,111113612004634,12631,Efectivo,
538,2026-04-18,6,4.80,Pagado,2026-04-18 02:00:00,2026-05-06 18:34:15,1441,4.80,2026-05-06 18:34:15,111113612004634,12666,Efectivo,
539,2026-04-18,6,14.40,Pagado,2026-04-18 02:00:00,2026-05-06 18:34:59,1442,14.40,2026-05-06 18:34:59,111113612004634,12695,Efectivo,
540,2026-04-18,6,14.40,Pagado,2026-04-18 02:00:00,2026-05-06 18:38:17,1445,14.40,2026-05-06 18:38:17,111113612004634,12815,Efectivo,
541,2026-04-18,6,6.40,Pagado,2026-04-18 02:00:00,2026-05-06 18:39:03,1446,6.40,2026-05-06 18:39:03,111113612004634,12846,Efectivo,
542,2026-04-18,6,8.40,Pagado,2026-04-18 02:00:00,2026-05-06 18:40:53,1447,8.40,2026-05-06 18:40:53,111113612004634,12887,Efectivo,
543,2026-04-18,6,8.00,Pagado,2026-04-18 02:00:00,2026-05-06 18:40:04,1448,8.00,2026-05-06 18:40:04,111113612004634,12905,Efectivo,
544,2026-04-18,6,11.40,Pagado,2026-04-18 02:00:00,2026-05-06 18:41:49,1449,11.40,2026-05-06 18:41:49,111113612004634,12925,Efectivo,
545,2026-04-18,6,5.12,Pagado,2026-04-18 02:00:00,2026-05-06 18:42:33,1450,5.12,2026-05-06 18:42:33,111113612004634,12953,Efectivo,
546,2026-04-18,6,6.00,Pagado,2026-04-18 02:00:00,2026-05-06 18:46:10,1454,6.00,2026-05-06 18:46:10,111113612004634,13052,Efectivo,
547,2026-04-18,6,5.12,Pagado,2026-04-18 02:00:00,2026-05-06 18:47:05,1455,5.12,2026-05-06 18:47:05,111113612004634,13088,Efectivo,
548,2026-04-18,6,13.20,Pagado,2026-04-18 02:00:00,2026-05-06 18:48:32,1456,13.20,2026-05-06 18:48:32,111113612004634,13125,Efectivo,
549,2026-04-18,6,14.40,Pagado,2026-04-18 02:00:00,2026-05-06 18:49:34,1457,14.40,2026-05-06 18:49:34,111113612004634,13132,Efectivo,
550,2026-04-18,6,6.40,Pagado,2026-04-18 02:00:00,2026-05-06 18:50:10,1485,6.40,2026-05-06 18:50:10,111113612004634,13184,Efectivo,
551,2026-04-18,6,8.40,Pagado,2026-04-18 02:00:00,2026-04-24 22:47:48,1488,8.40,2026-04-24 22:47:48,111113612004634,13266,Efectivo,
552,2026-04-18,6,6.40,Pagado,2026-04-18 02:00:00,2026-05-06 18:52:27,1489,6.40,2026-05-06 18:52:27,111113612004634,13280,Efectivo,
553,2026-04-18,6,3.60,Pagado,2026-04-18 02:00:00,2026-05-06 18:53:57,1490,3.60,2026-05-06 18:53:57,111113612004634,13338,Efectivo,
554,2026-04-18,6,8.40,Pagado,2026-04-18 02:00:00,2026-04-24 21:10:32,1491,8.40,2026-04-24 21:10:32,111113612004634,13363,Efectivo,
555,2026-04-18,6,28.94,Pagado,2026-04-18 02:00:00,2026-05-06 18:55:47,1493,28.94,2026-05-06 18:55:47,111113612004634,13393,Efectivo,
556,2026-04-18,6,14.40,Pagado,2026-04-18 02:00:00,2026-05-06 18:57:04,1494,14.40,2026-05-06 18:57:04,111113612004634,13428,Efectivo,
557,2026-04-18,6,6.40,Pagado,2026-04-18 02:00:00,2026-05-06 18:57:41,1495,6.40,2026-05-06 18:57:41,111113612004634,13474,Efectivo,
558,2026-04-18,6,7.20,Pagado,2026-04-18 02:00:00,2026-05-06 18:58:59,1496,7.20,2026-05-06 18:58:59,111113612004634,13495,Efectivo,
559,2026-04-18,6,4.80,Pagado,2026-04-18 02:00:00,2026-05-06 19:00:15,1497,4.80,2026-05-06 19:00:15,111113612004634,13519,Efectivo,
560,2026-04-18,6,4.80,Pagado,2026-04-18 02:00:00,2026-05-06 19:01:17,1498,4.80,2026-05-06 19:01:17,111113612004634,13553,Efectivo,
561,2026-04-18,6,13.20,Pagado,2026-04-18 02:00:00,2026-05-06 19:06:50,1499,13.20,2026-05-06 19:06:50,111113612004634,13578,Efectivo,
562,2026-04-18,6,5.12,Pagado,2026-04-18 02:00:00,2026-05-06 19:06:13,1500,5.12,2026-05-06 19:06:13,111113612004634,13600,Efectivo,
563,2026-04-18,6,7.20,Pagado,2026-04-18 02:00:00,2026-05-06 19:07:48,1501,7.20,2026-05-06 19:07:48,111113612004634,13643,Efectivo,
564,2026-04-18,6,8.40,Pagado,2026-04-18 02:00:00,2026-05-06 19:08:37,1502,8.40,2026-05-06 19:08:37,111113612004634,13660,Efectivo,
565,2026-04-18,6,8.40,Pagado,2026-04-18 02:00:00,2026-05-06 19:09:32,1503,8.40,2026-05-06 19:09:32,111113612004634,13683,Efectivo,
566,2026-04-18,6,4.80,Pagado,2026-04-18 02:00:00,2026-05-06 19:10:52,1506,4.80,2026-05-06 19:10:52,111113612004634,13751,Efectivo,
567,2026-04-18,6,3.60,Pagado,2026-04-18 02:00:00,2026-05-06 19:11:48,1507,3.60,2026-05-06 19:11:48,111113612004634,13775,Efectivo,
568,2026-04-18,6,4.80,Pagado,2026-04-18 02:00:00,2026-05-06 19:12:57,1508,4.80,2026-05-06 19:12:57,111113612004634,13794,Efectivo,
569,2026-04-18,6,14.40,Pagado,2026-04-18 02:00:00,2026-05-06 18:36:27,1630,14.40,2026-05-06 18:36:27,111113612004634,15413,Efectivo,
570,2026-04-18,6,14.40,Pagado,2026-04-18 02:00:00,2026-05-06 18:45:27,1632,14.40,2026-05-06 18:45:27,111113612004634,15461,Efectivo,
571,2026-04-18,6,4.32,Pagado,2026-04-18 02:00:00,2026-05-05 19:29:02,1636,4.32,2026-05-05 19:29:02,111113612004634,15540,Efectivo,
572,2026-04-18,6,8.64,Pagado,2026-04-18 02:00:00,2026-05-05 19:28:09,1637,8.64,2026-05-05 19:28:09,111113612004634,15553,Efectivo,
573,2026-04-18,6,8.64,Pagado,2026-04-18 02:00:00,2026-05-05 19:25:44,1638,8.64,2026-05-05 19:25:44,111113612004634,15571,Efectivo,
574,2026-04-18,6,7.20,Pagado,2026-04-18 02:00:00,2026-05-05 19:27:00,1639,7.20,2026-05-05 19:27:00,111113612004634,15589,Efectivo,
575,2026-04-18,6,4.32,Pagado,2026-04-18 02:00:00,2026-05-05 19:29:50,1640,4.32,2026-05-05 19:29:50,111113612004634,15607,Efectivo,
576,2026-04-18,6,6.40,Pagado,2026-04-18 02:00:00,2026-05-06 18:44:03,1644,6.40,2026-05-06 18:44:03,111113612004634,15686,Efectivo,
594,2026-04-19,98,65.33,Pendiente,2026-04-19 02:00:00,2026-07-25 02:00:00,947,0.00,,,2558,,
595,2026-04-19,4,10.58,Pagado,2026-04-19 02:00:00,2026-04-22 18:35:25,1555,10.58,2026-04-22 18:35:25,111113612004634,15014,Efectivo,
596,2026-04-23,1,1.20,Pagado,2026-04-23 02:00:00,2026-04-23 17:15:09,1072,1.20,2026-04-23 17:15:09,111113612004634,4933,Efectivo,
597,2026-04-23,1,1.20,Pagado,2026-04-23 02:00:00,2026-04-23 17:15:34,1073,1.20,2026-04-23 17:15:34,111113612004634,4951,Efectivo,
598,2026-04-23,1,1.20,Pagado,2026-04-23 02:00:00,2026-04-23 17:15:57,1074,1.20,2026-04-23 17:15:57,111113612004634,4969,Efectivo,
599,2026-04-23,1,1.20,Pagado,2026-04-23 02:00:00,2026-04-23 17:16:22,1075,1.20,2026-04-23 17:16:22,111113612004634,4987,Efectivo,
600,2026-04-23,1,0.96,Pagado,2026-04-23 02:00:00,2026-04-23 17:16:48,1076,0.96,2026-04-23 17:16:48,111113612004634,5005,Efectivo,
601,2026-04-23,1,2.60,Pagado,2026-04-23 02:00:00,2026-04-23 17:18:36,1375,2.60,2026-04-23 17:18:36,111113612004634,10798,Efectivo,
602,2026-04-23,37,67.09,Pagado,2026-04-23 02:00:00,2026-05-29 19:25:59,1376,67.09,2026-05-29 19:25:59,111113612004634,10841,Efectivo,
603,2026-04-23,37,96.20,Pagado,2026-04-23 02:00:00,2026-05-29 19:28:40,1377,96.20,2026-05-29 19:28:40,111113612004634,10872,Efectivo,
604,2026-04-23,1,2.02,Pagado,2026-04-23 02:00:00,2026-04-23 17:18:52,1378,2.02,2026-04-23 17:18:52,111113612004634,10892,Efectivo,
605,2026-04-23,1,1.96,Pagado,2026-04-23 02:00:00,2026-04-23 17:19:19,1379,1.96,2026-04-23 17:19:19,111113612004634,10939,Efectivo,
606,2026-04-23,37,39.47,Pagado,2026-04-23 02:00:00,2026-05-29 19:31:10,1380,39.47,2026-05-29 19:31:10,111113612004634,10988,Efectivo,
607,2026-04-23,1,1.96,Pagado,2026-04-23 02:00:00,2026-04-23 17:19:43,1381,1.96,2026-04-23 17:19:43,111113612004634,11018,Efectivo,
608,2026-04-23,1,1.96,Pagado,2026-04-23 02:00:00,2026-04-23 17:20:03,1382,1.96,2026-04-23 17:20:03,111113612004634,11048,Efectivo,
609,2026-04-23,1,2.60,Pagado,2026-04-23 02:00:00,2026-04-23 17:20:28,1383,2.60,2026-04-23 17:20:28,111113612004634,11072,Efectivo,
610,2026-04-23,1,1.60,Pagado,2026-04-23 02:00:00,2026-04-23 17:20:19,1384,1.60,2026-04-23 17:20:19,111113612004634,11092,Efectivo,
611,2026-04-23,1,1.80,Pagado,2026-04-23 02:00:00,2026-04-23 17:20:47,1385,1.80,2026-04-23 17:20:47,111113612004634,11136,Efectivo,
612,2026-04-23,6,13.74,Pagado,2026-04-23 02:00:00,2026-04-28 16:38:02,1541,13.74,2026-04-28 16:38:02,111113612004634,14699,Efectivo,
613,2026-04-23,6,13.74,Pagado,2026-04-23 02:00:00,2026-04-28 16:38:38,1542,13.74,2026-04-28 16:38:38,111113612004634,14736,Efectivo,
614,2026-04-23,5,19.07,Pagado,2026-04-23 02:00:00,2026-04-27 21:49:38,1543,19.07,2026-04-27 21:49:38,111113612004634,14770,Efectivo,
615,2026-04-23,6,11.62,Pagado,2026-04-23 02:00:00,2026-04-28 16:39:33,1544,11.62,2026-04-28 16:39:33,111113612004634,14778,Efectivo,
616,2026-04-23,6,13.74,Pagado,2026-04-23 02:00:00,2026-04-28 16:40:14,1546,13.74,2026-04-28 16:40:14,111113612004634,14828,Efectivo,
617,2026-04-23,6,22.88,Pagado,2026-04-23 02:00:00,2026-04-28 16:41:14,1548,22.88,2026-04-28 16:41:14,111113612004634,14859,Efectivo,
618,2026-04-23,6,8.90,Pagado,2026-04-23 02:00:00,2026-04-28 16:43:11,1551,8.90,2026-04-28 16:43:11,111113612004634,14944,Efectivo,
619,2026-04-23,1,1.80,Pagado,2026-04-23 02:00:00,2026-04-23 15:50:29,1631,1.80,2026-04-23 15:50:29,111113612004634,15438,Efectivo,
620,2026-04-23,1,0.80,Pagado,2026-04-23 02:00:00,2026-04-23 15:27:19,1651,0.80,2026-04-23 15:27:19,111113612004634,15956,Efectivo,
621,2026-04-23,1,0.80,Pagado,2026-04-23 02:00:00,2026-04-23 15:27:55,1652,0.80,2026-04-23 15:27:55,111113612004634,15932,Efectivo,
622,2026-04-23,1,1.96,Pagado,2026-04-23 02:00:00,2026-04-23 15:56:03,1653,1.96,2026-04-23 15:56:03,111113612004634,15993,Efectivo,
623,2026-04-23,1,0.60,Pagado,2026-04-23 02:00:00,2026-04-23 15:56:39,1654,0.60,2026-04-23 15:56:39,111113612004634,16003,Efectivo,
624,2026-04-23,1,1.96,Pagado,2026-04-23 02:00:00,2026-04-23 17:21:09,1656,1.96,2026-04-23 17:21:09,111113612004634,16051,Efectivo,
625,2026-04-23,6,19.92,Pagado,2026-04-23 02:00:00,2026-04-28 16:41:59,1658,19.92,2026-04-28 16:41:59,111113612004634,16125,Efectivo,
626,2026-04-23,6,11.62,Pagado,2026-04-23 02:00:00,2026-04-28 16:42:30,1660,11.62,2026-04-28 16:42:30,111113612004634,16155,Efectivo,
627,2026-04-23,1,1.92,Pagado,2026-04-23 02:00:00,2026-04-23 17:21:58,1679,1.92,2026-04-23 17:21:58,111113612004634,16608,Efectivo,
659,2026-04-24,94,67.68,Pendiente,2026-04-24 02:00:00,2026-07-25 02:00:00,998,0.00,,,3070,,
660,2026-04-24,5,9.60,Pagado,2026-04-24 02:00:00,2026-04-28 17:33:42,1195,9.60,2026-04-28 17:33:42,111113612004634,7161,Efectivo,
661,2026-04-24,5,6.67,Pagado,2026-04-24 02:00:00,2026-04-28 18:11:53,1358,6.67,2026-04-28 18:11:53,111113612004634,10343,Efectivo,
662,2026-04-24,5,6.67,Pagado,2026-04-24 02:00:00,2026-04-28 18:21:35,1390,6.67,2026-04-28 18:21:35,111113612004634,11294,Efectivo,
663,2026-04-24,5,15.60,Pagado,2026-04-24 02:00:00,2026-04-28 18:23:30,1394,15.60,2026-04-28 18:23:30,111113612004634,11387,Efectivo,
664,2026-04-24,5,8.00,Pagado,2026-04-24 02:00:00,2026-04-28 18:24:04,1395,8.00,2026-04-28 18:24:04,111113612004634,11421,Efectivo,
665,2026-04-24,5,3.60,Pagado,2026-04-24 02:00:00,2026-04-28 18:25:07,1396,3.60,2026-04-28 18:25:07,111113612004634,11453,Efectivo,
666,2026-04-24,5,15.60,Pagado,2026-04-24 02:00:00,2026-04-28 18:28:35,1398,15.60,2026-04-28 18:28:35,111113612004634,11485,Efectivo,
667,2026-04-24,5,11.77,Pagado,2026-04-24 02:00:00,2026-04-28 18:29:36,1399,11.77,2026-04-28 18:29:36,111113612004634,11510,Efectivo,
668,2026-04-24,5,5.33,Pagado,2026-04-24 02:00:00,2026-04-28 18:42:06,1423,5.33,2026-04-28 18:42:06,111113612004634,12086,Efectivo,
669,2026-04-24,5,10.67,Pagado,2026-04-24 02:00:00,2026-04-28 18:42:52,1425,10.67,2026-04-28 18:42:52,111113612004634,12160,Efectivo,
670,2026-04-24,5,9.69,Pagado,2026-04-24 02:00:00,2026-04-28 16:44:29,1553,9.69,2026-04-28 16:44:29,111113612004634,14976,Efectivo,
671,2026-04-24,5,9.69,Pagado,2026-04-24 02:00:00,2026-04-28 16:45:38,1554,9.69,2026-04-28 16:45:38,111113612004634,14997,Efectivo,
672,2026-04-24,5,11.52,Pagado,2026-04-24 02:00:00,2026-04-28 17:32:14,1617,11.52,2026-04-28 17:32:14,111113612004634,15120,Efectivo,
673,2026-04-24,5,8.40,Pagado,2026-04-24 02:00:00,2026-04-28 17:33:08,1618,8.40,2026-04-28 17:33:08,111113612004634,15138,Efectivo,
674,2026-04-24,5,10.32,Pagado,2026-04-24 02:00:00,2026-04-28 17:31:43,1619,10.32,2026-04-28 17:31:43,111113612004634,15156,Efectivo,
675,2026-04-24,5,8.40,Pagado,2026-04-24 02:00:00,2026-04-28 17:32:42,1620,8.40,2026-04-28 17:32:42,111113612004634,15174,Efectivo,
676,2026-04-24,5,4.80,Pagado,2026-04-24 02:00:00,2026-04-28 17:36:10,1621,4.80,2026-04-28 17:36:10,111113612004634,15192,Efectivo,
677,2026-04-24,5,9.80,Pagado,2026-04-24 02:00:00,2026-04-28 17:51:10,1625,9.80,2026-04-28 17:51:10,111113612004634,15294,Efectivo,
678,2026-04-24,5,9.80,Pagado,2026-04-24 02:00:00,2026-04-28 18:09:39,1626,9.80,2026-04-28 18:09:39,111113612004634,15318,Efectivo,
679,2026-04-24,5,9.80,Pagado,2026-04-24 02:00:00,2026-04-28 18:10:59,1627,9.80,2026-04-28 18:10:59,111113612004634,15342,Efectivo,
680,2026-04-24,5,9.80,Pagado,2026-04-24 02:00:00,2026-04-28 17:40:13,1628,9.80,2026-04-28 17:40:13,111113612004634,15366,Efectivo,
681,2026-04-24,5,9.80,Pagado,2026-04-24 02:00:00,2026-04-28 18:12:53,1629,9.80,2026-04-28 18:12:53,111113612004634,15390,Efectivo,
682,2026-04-24,5,6.67,Pagado,2026-04-24 02:00:00,2026-04-28 17:01:06,1635,6.67,2026-04-28 17:01:06,111113612004634,15523,Efectivo,
683,2026-04-24,5,3.00,Pagado,2026-04-24 02:00:00,2026-04-28 17:30:31,1662,3.00,2026-04-28 17:30:31,111113612004634,16208,Efectivo,
684,2026-04-24,5,11.76,Pagado,2026-04-24 02:00:00,2026-04-28 18:27:47,1663,11.76,2026-04-28 18:27:47,111113612004634,16219,Efectivo,
685,2026-04-24,5,6.00,Pagado,2026-04-24 02:00:00,2026-04-28 18:30:36,1664,6.00,2026-04-28 18:30:36,111113612004634,16255,Efectivo,
686,2026-04-24,5,9.60,Pagado,2026-04-24 02:00:00,2026-04-28 18:31:07,1665,9.60,2026-04-28 18:31:07,111113612004634,16237,Efectivo,
687,2026-04-24,5,9.80,Pagado,2026-04-24 02:00:00,2026-04-28 18:43:49,1666,9.80,2026-04-28 18:43:49,111113612004634,16345,Efectivo,
688,2026-04-24,5,13.00,Pagado,2026-04-24 02:00:00,2026-04-28 18:40:31,1667,13.00,2026-04-28 18:40:31,111113612004634,16321,Efectivo,
689,2026-04-24,5,13.00,Pagado,2026-04-24 02:00:00,2026-04-28 18:41:00,1668,13.00,2026-04-28 18:41:00,111113612004634,16369,Efectivo,
690,2026-04-24,5,13.00,Pagado,2026-04-24 02:00:00,2026-04-28 18:41:47,1669,13.00,2026-04-28 18:41:47,111113612004634,16297,Efectivo,
691,2026-04-24,5,13.00,Pagado,2026-04-24 02:00:00,2026-04-28 18:42:33,1670,13.00,2026-04-28 18:42:33,111113612004634,16393,Efectivo,
692,2026-04-24,5,9.80,Pagado,2026-04-24 02:00:00,2026-04-28 18:43:21,1671,9.80,2026-04-28 18:43:21,111113612004634,16273,Efectivo,
693,2026-04-24,5,9.69,Pagado,2026-04-24 02:00:00,2026-04-28 16:45:07,1672,9.69,2026-04-28 16:45:07,111113612004634,16417,Efectivo,
722,2026-04-25,6,11.52,Pagado,2026-04-25 02:00:00,2026-05-05 20:46:08,1150,11.52,2026-05-05 20:46:08,111113612004634,6104,Efectivo,
723,2026-04-25,6,8.64,Pagado,2026-04-25 02:00:00,2026-05-06 18:21:32,1418,8.64,2026-05-06 18:21:32,111113612004634,11921,Efectivo,
724,2026-04-25,6,14.40,Pagado,2026-04-25 02:00:00,2026-05-06 18:24:27,1429,14.40,2026-05-06 18:24:27,111113612004634,12246,Efectivo,
725,2026-04-25,6,14.40,Pagado,2026-04-25 02:00:00,2026-05-06 18:25:39,1430,14.40,2026-05-06 18:25:39,111113612004634,12273,Efectivo,
726,2026-04-25,92,157.01,Pendiente,2026-04-25 02:00:00,2026-07-25 02:00:00,1431,0.00,,,12299,,
727,2026-04-25,6,9.60,Pagado,2026-04-25 02:00:00,2026-05-06 18:35:39,1443,9.60,2026-05-06 18:35:39,111113612004634,12744,Efectivo,
728,2026-04-25,6,6.40,Pagado,2026-04-25 02:00:00,2026-05-06 18:37:14,1444,6.40,2026-05-06 18:37:14,111113612004634,12788,Efectivo,
729,2026-04-25,5,9.00,Pagado,2026-04-25 02:00:00,2026-05-06 16:52:32,1509,9.00,2026-05-06 16:52:32,111113612004634,13832,Efectivo,
730,2026-04-25,6,4.80,Pagado,2026-04-25 02:00:00,2026-05-06 19:15:17,1511,4.80,2026-05-06 19:15:17,111113612004634,13874,Efectivo,
731,2026-04-25,12,12.00,Pagado,2026-04-25 02:00:00,2026-05-06 19:37:27,1513,12.00,2026-05-06 19:37:27,111113612004634,13913,Efectivo,
732,2026-04-25,6,10.08,Pagado,2026-04-25 02:00:00,2026-05-06 19:38:40,1516,10.08,2026-05-06 19:38:40,111113612004634,13959,Efectivo,
733,2026-04-25,6,18.72,Pagado,2026-04-25 02:00:00,2026-05-06 19:39:41,1517,18.72,2026-05-06 19:39:41,111113612004634,13976,Efectivo,
734,2026-04-25,6,6.40,Pagado,2026-04-25 02:00:00,2026-05-06 19:41:00,1520,6.40,2026-05-06 19:41:00,111113612004634,14078,Efectivo,
735,2026-04-25,1,1.00,Pagado,2026-04-25 02:00:00,2026-04-25 17:13:42,1521,1.00,2026-04-25 17:13:42,111113612004634,14119,Efectivo,
736,2026-04-25,4,9.60,Pagado,2026-04-25 02:00:00,2026-04-28 18:46:27,1522,9.60,2026-04-28 18:46:27,111113612004634,14146,Efectivo,
737,2026-04-25,4,19.26,Pagado,2026-04-25 02:00:00,2026-04-28 18:47:05,1523,19.26,2026-04-28 18:47:05,111113612004634,14261,Efectivo,
738,2026-04-25,4,6.40,Pagado,2026-04-25 02:00:00,2026-04-28 18:49:00,1525,6.40,2026-04-28 18:49:00,111113612004634,14305,Efectivo,
739,2026-04-25,4,9.60,Pagado,2026-04-25 02:00:00,2026-04-28 18:51:25,1529,9.60,2026-04-28 18:51:25,111113612004634,14399,Efectivo,
740,2026-04-25,18,21.60,Pagado,2026-04-25 02:00:00,2026-05-12 17:21:23,1534,21.60,2026-05-12 17:21:23,111113612004634,14542,Efectivo,
741,2026-04-25,6,6.40,Pagado,2026-04-25 02:00:00,2026-05-12 17:27:17,1537,6.40,2026-05-12 17:27:17,111113612004634,14609,Efectivo,
742,2026-04-25,6,8.64,Pagado,2026-04-25 02:00:00,2026-05-12 17:28:51,1538,8.64,2026-05-12 17:28:51,111113612004634,14642,Efectivo,
743,2026-04-25,6,18.72,Pagado,2026-04-25 02:00:00,2026-05-05 20:44:52,1614,18.72,2026-05-05 20:44:52,111113612004634,15071,Efectivo,
744,2026-04-25,6,8.64,Pagado,2026-04-25 02:00:00,2026-05-05 21:11:30,1615,8.64,2026-05-05 21:11:30,111113612004634,15089,Efectivo,
745,2026-04-25,6,4.00,Pagado,2026-04-25 02:00:00,2026-05-05 21:09:18,1616,4.00,2026-05-05 21:09:18,111113612004634,15107,Efectivo,
746,2026-04-25,6,4.80,Pagado,2026-04-25 02:00:00,2026-05-06 19:16:10,1673,4.80,2026-05-06 19:16:10,111113612004634,16434,Efectivo,
747,2026-04-25,1,1.49,Pagado,2026-04-25 02:00:00,2026-04-25 16:26:08,1684,1.49,2026-04-25 16:26:08,111113612004634,16719,Efectivo,
748,2026-04-25,6,14.11,Pagado,2026-04-25 02:00:00,2026-05-05 22:26:32,1685,14.11,2026-05-05 22:26:32,111113612004634,16751,Efectivo,
749,2026-04-25,6,14.11,Pagado,2026-04-25 02:00:00,2026-05-05 22:27:36,1686,14.11,2026-05-05 22:27:36,111113612004634,16769,Efectivo,
750,2026-04-25,6,8.64,Pagado,2026-04-25 02:00:00,2026-05-05 22:25:48,1687,8.64,2026-05-05 22:25:48,111113612004634,16787,Efectivo,
751,2026-04-25,6,14.11,Pagado,2026-04-25 02:00:00,2026-05-05 22:23:48,1688,14.11,2026-05-05 22:23:48,111113612004634,16805,Efectivo,
752,2026-04-25,6,14.11,Pagado,2026-04-25 02:00:00,2026-05-05 22:39:08,1689,14.11,2026-05-05 22:39:08,111113612004634,16823,Efectivo,
753,2026-04-25,6,14.40,Pagado,2026-04-25 02:00:00,2026-05-05 19:37:14,1690,14.40,2026-05-05 19:37:14,111113612004634,16841,Efectivo,
754,2026-04-25,4,3.84,Pagado,2026-04-25 02:00:00,2026-04-28 18:57:13,1692,3.84,2026-04-28 18:57:13,111113612004634,16889,Efectivo,
755,2026-04-25,6,11.76,Pagado,2026-04-25 02:00:00,2026-05-06 18:47:59,1694,11.76,2026-05-06 18:47:59,111113612004634,16925,Efectivo,
756,2026-04-25,6,8.00,Pagado,2026-04-25 02:00:00,2026-05-05 19:47:17,1695,8.00,2026-05-05 19:47:17,111113612004634,16949,Efectivo,
757,2026-04-25,6,18.72,Pagado,2026-04-25 02:00:00,2026-05-12 17:20:03,1697,18.72,2026-05-12 17:20:03,111113612004634,16986,Efectivo,
758,2026-04-25,4,3.84,Pagado,2026-04-25 02:00:00,2026-04-28 18:57:37,1699,3.84,2026-04-28 18:57:37,111113612004634,17022,Efectivo,
759,2026-04-25,6,8.64,Pagado,2026-04-25 02:00:00,2026-05-06 18:22:54,1700,8.64,2026-05-06 18:22:54,111113612004634,17053,Efectivo,
785,2026-04-26,4,8.64,Pagado,2026-04-26 02:00:00,2026-04-29 14:50:12,1060,8.64,2026-04-29 14:50:12,111113612004634,4717,Efectivo,
786,2026-04-26,19,19.00,Pagado,2026-04-26 02:00:00,2026-05-14 18:41:53,1283,19.00,2026-05-14 18:41:53,111113612004634,8962,Efectivo,
787,2026-04-26,19,76.38,Pagado,2026-04-26 02:00:00,2026-05-14 21:18:22,1294,76.38,2026-05-14 21:18:22,111113612004634,9254,Efectivo,
788,2026-04-26,6,11.52,Pagado,2026-04-26 02:00:00,2026-05-12 20:26:03,1622,11.52,2026-05-12 20:26:03,111113612004634,15210,Efectivo,
789,2026-04-26,6,11.52,Pagado,2026-04-26 02:00:00,2026-05-12 20:35:03,1623,11.52,2026-05-12 20:35:03,111113612004634,15228,Efectivo,
790,2026-04-26,6,6.00,Pagado,2026-04-26 02:00:00,2026-05-14 18:03:30,1641,6.00,2026-05-14 18:03:30,111113612004634,15626,Efectivo,
791,2026-04-26,6,4.80,Pagado,2026-04-26 02:00:00,2026-05-14 22:02:44,1642,4.80,2026-05-14 22:02:44,111113612004634,15639,Efectivo,
792,2026-04-26,6,10.80,Pagado,2026-04-26 02:00:00,2026-05-14 22:03:17,1643,10.80,2026-05-14 22:03:17,111113612004634,15663,Efectivo,
793,2026-04-26,6,17.40,Pagado,2026-04-26 02:00:00,2026-05-12 18:43:16,1676,17.40,2026-05-12 18:43:16,111113612004634,16520,Efectivo,
794,2026-04-26,6,9.60,Pagado,2026-04-26 02:00:00,2026-05-14 18:19:26,1677,9.60,2026-05-14 18:19:26,111113612004634,16536,Efectivo,
795,2026-04-26,6,15.60,Pagado,2026-04-26 02:00:00,2026-05-13 15:11:53,1682,15.60,2026-05-13 15:11:53,111113612004634,16663,Efectivo,
796,2026-04-26,6,11.76,Pagado,2026-04-26 02:00:00,2026-05-14 18:37:51,1691,11.76,2026-05-14 18:37:51,111113612004634,16865,Efectivo,
797,2026-04-26,6,9.60,Pagado,2026-04-26 02:00:00,2026-05-14 18:47:23,1696,9.60,2026-05-14 18:47:23,111113612004634,16962,Efectivo,
798,2026-04-26,5,13.00,Pagado,2026-04-26 02:00:00,2026-04-30 18:25:26,1703,13.00,2026-04-30 18:25:26,111113612004634,17120,Efectivo,
799,2026-04-26,5,8.54,Pagado,2026-04-26 02:00:00,2026-04-30 18:26:15,1704,8.54,2026-04-30 18:26:15,111113612004634,17134,Efectivo,
800,2026-04-29,6,3.60,Pagado,2026-04-29 02:00:00,2026-05-26 16:21:51,1731,3.60,2026-05-26 16:21:51,111113612004634,17644,Efectivo,
801,2026-04-30,30,78.00,Pagado,2026-04-30 02:00:00,2026-05-29 19:25:03,1375,78.00,2026-05-29 19:25:03,111113612004634,10799,Efectivo,
802,2026-04-30,30,60.80,Pagado,2026-04-30 02:00:00,2026-05-29 19:27:15,1378,60.80,2026-05-29 19:27:15,111113612004634,10893,Efectivo,
803,2026-04-30,30,58.80,Pagado,2026-04-30 02:00:00,2026-05-29 19:30:05,1379,58.80,2026-05-29 19:30:05,111113612004634,10940,Efectivo,
804,2026-04-30,30,58.80,Pagado,2026-04-30 02:00:00,2026-05-29 19:34:17,1381,58.80,2026-05-29 19:34:17,111113612004634,11019,Efectivo,
805,2026-04-30,1,1.96,Pagado,2026-04-30 02:00:00,2026-04-30 23:06:18,1382,1.96,2026-04-30 23:06:18,111113612004634,11049,Efectivo,
806,2026-04-30,1,2.60,Pagado,2026-04-30 02:00:00,2026-04-30 23:05:39,1383,2.60,2026-04-30 23:05:39,111113612004634,11073,Efectivo,
807,2026-04-30,1,1.60,Pagado,2026-04-30 02:00:00,2026-04-30 23:05:20,1384,1.60,2026-04-30 23:05:20,111113612004634,11093,Efectivo,
808,2026-04-30,30,54.00,Pagado,2026-04-30 02:00:00,2026-05-29 19:39:20,1385,54.00,2026-05-29 19:39:20,111113612004634,11137,Efectivo,
809,2026-04-30,6,10.80,Pagado,2026-04-30 02:00:00,2026-05-12 18:37:26,1631,10.80,2026-05-12 18:37:26,111113612004634,15439,Efectivo,
810,2026-04-30,30,58.79,Pagado,2026-04-30 02:00:00,2026-05-29 19:41:28,1656,58.79,2026-05-29 19:41:28,111113612004634,16052,Efectivo,
816,2026-05-01,86,51.60,Pendiente,2026-05-01 02:00:00,2026-07-25 02:00:00,1662,0.00,,,16209,,
817,2026-05-02,11,13.20,Pagado,2026-05-02 02:00:00,2026-05-12 17:21:33,1534,13.20,2026-05-12 17:21:33,111113612004634,14543,Efectivo,
818,2026-05-02,4,4.80,Pagado,2026-05-02 02:00:00,2026-05-05 22:28:20,1720,4.80,2026-05-05 22:28:20,111113612004634,17425,Efectivo,
819,2026-05-02,5,9.80,Pagado,2026-05-02 02:00:00,2026-05-06 18:43:42,1723,9.80,2026-05-06 18:43:42,111113612004634,17493,Efectivo,
820,2026-05-02,5,5.00,Pagado,2026-05-02 02:00:00,2026-05-06 19:10:19,1724,5.00,2026-05-06 19:10:19,111113612004634,17469,Efectivo,
821,2026-05-02,4,10.40,Pagado,2026-05-02 02:00:00,2026-05-05 19:32:02,1727,10.40,2026-05-05 19:32:02,111113612004634,17554,Efectivo,
822,2026-05-02,5,4.00,Pagado,2026-05-02 02:00:00,2026-05-06 18:51:13,1728,4.00,2026-05-06 18:51:13,111113612004634,17578,Efectivo,
824,2026-05-03,12,48.24,Pagado,2026-05-03 02:00:00,2026-05-14 21:18:37,1294,48.24,2026-05-14 21:18:37,111113612004634,9255,Efectivo,
825,2026-05-03,84,740.85,Pendiente,2026-05-03 02:00:00,2026-07-25 02:00:00,1680,0.00,,,16627,,
826,2026-05-03,6,8.00,Pagado,2026-05-03 02:00:00,2026-05-13 17:22:47,1719,8.00,2026-05-13 17:22:47,111113612004634,17412,Efectivo,
827,2026-05-03,6,6.00,Pagado,2026-05-03 02:00:00,2026-05-14 18:41:17,1725,6.00,2026-05-14 18:41:17,111113612004634,17517,Efectivo,
828,2026-05-03,6,11.76,Pagado,2026-05-03 02:00:00,2026-05-14 18:07:45,1726,11.76,2026-05-14 18:07:45,111113612004634,17530,Efectivo,
829,2026-05-03,6,15.60,Pagado,2026-05-03 02:00:00,2026-05-14 18:40:03,1729,15.60,2026-05-14 18:40:03,111113612004634,17602,Efectivo,
830,2026-05-03,6,14.11,Pagado,2026-05-03 02:00:00,2026-05-12 20:42:50,1730,14.11,2026-05-12 20:42:50,111113612004634,17626,Efectivo,
831,2026-05-06,6,11.76,Pagado,2026-05-06 02:00:00,2026-05-26 15:58:56,852,11.76,2026-05-26 15:58:56,111113612004634,15763,Efectivo,
832,2026-05-06,6,11.76,Pagado,2026-05-06 02:00:00,2026-05-26 16:56:07,1400,11.76,2026-05-26 16:56:07,111113612004634,11524,Efectivo,
833,2026-05-06,6,11.76,Pagado,2026-05-06 02:00:00,2026-05-26 16:56:53,1401,11.76,2026-05-26 16:56:53,111113612004634,11548,Efectivo,
834,2026-05-06,6,11.76,Pagado,2026-05-06 02:00:00,2026-05-26 16:57:37,1402,11.76,2026-05-26 16:57:37,111113612004634,11572,Efectivo,
835,2026-05-06,6,11.76,Pagado,2026-05-06 02:00:00,2026-05-26 16:58:16,1403,11.76,2026-05-26 16:58:16,111113612004634,11596,Efectivo,
836,2026-05-06,6,11.76,Pagado,2026-05-06 02:00:00,2026-05-26 16:58:50,1404,11.76,2026-05-26 16:58:50,111113612004634,11620,Efectivo,
837,2026-05-06,6,10.80,Pagado,2026-05-06 02:00:00,2026-05-26 16:59:41,1405,10.80,2026-05-26 16:59:41,111113612004634,11650,Efectivo,
838,2026-05-06,2,2.97,Pagado,2026-05-06 02:00:00,2026-05-07 16:17:55,1540,2.97,2026-05-07 16:17:55,111113612004634,14674,Efectivo,
839,2026-05-06,1,1.96,Pagado,2026-05-06 02:00:00,2026-05-06 17:45:23,1645,1.96,2026-05-06 17:45:23,111113612004634,15738,Efectivo,
840,2026-05-06,6,6.00,Pagado,2026-05-06 02:00:00,2026-05-26 16:11:45,1646,6.00,2026-05-26 16:11:45,111113612004634,15790,Efectivo,
841,2026-05-06,6,7.20,Pagado,2026-05-06 02:00:00,2026-05-26 16:21:11,1647,7.20,2026-05-26 16:21:11,111113612004634,15807,Efectivo,
842,2026-05-06,41,60.80,Pagado,2026-05-06 02:00:00,2026-06-15 18:36:22,1674,60.80,2026-06-15 18:36:22,111113612004634,16458,Efectivo,
843,2026-05-06,6,8.93,Pagado,2026-05-06 02:00:00,2026-05-20 21:34:39,1683,8.93,2026-05-20 21:34:39,111113612004634,16689,Efectivo,
844,2026-05-06,6,5.76,Pagado,2026-05-06 02:00:00,2026-05-26 16:31:51,1693,5.76,2026-05-26 16:31:51,111113612004634,16909,Efectivo,
845,2026-05-06,6,5.76,Pagado,2026-05-06 02:00:00,2026-05-26 16:32:28,1698,5.76,2026-05-26 16:32:28,111113612004634,17006,Efectivo,
846,2026-05-06,6,10.80,Pagado,2026-05-06 02:00:00,2026-05-26 16:05:55,1702,10.80,2026-05-26 16:05:55,111113612004634,17079,Efectivo,
847,2026-05-06,6,4.00,Pagado,2026-05-06 02:00:00,2026-05-20 21:33:04,1710,4.00,2026-05-20 21:33:04,111113612004634,17274,Efectivo,
848,2026-05-06,6,5.76,Pagado,2026-05-06 02:00:00,2026-05-26 16:33:10,1711,5.76,2026-05-26 16:33:10,111113612004634,17287,Efectivo,
849,2026-05-06,6,5.76,Pagado,2026-05-06 02:00:00,2026-05-26 16:30:33,1736,5.76,2026-05-26 16:30:33,111113612004634,17756,Efectivo,
850,2026-05-06,6,4.00,Pagado,2026-05-06 02:00:00,2026-05-26 16:19:25,1737,4.00,2026-05-26 16:19:25,111113612004634,17774,Efectivo,
851,2026-05-06,6,4.80,Pagado,2026-05-06 02:00:00,2026-05-26 16:23:00,1744,4.80,2026-05-26 16:23:00,111113612004634,17929,Efectivo,
862,2026-05-07,58,83.52,Pagado,2026-05-07 02:00:00,2026-07-03 21:10:32,996,83.52,2026-07-03 21:10:32,111113612004634,3035,Efectivo,
863,2026-05-07,80,57.60,Pendiente,2026-05-07 02:00:00,2026-07-25 02:00:00,998,0.00,,,3072,,
864,2026-05-07,6,7.00,Pagado,2026-05-07 02:00:00,2026-05-12 18:33:44,1006,7.00,2026-05-12 18:33:44,111113612004634,3253,Efectivo,
865,2026-05-07,23,18.40,Pagado,2026-05-07 02:00:00,2026-05-29 18:27:50,1117,18.40,2026-05-29 18:27:50,111113612004634,5247,Efectivo,
866,2026-05-07,23,18.40,Pagado,2026-05-07 02:00:00,2026-05-29 18:29:40,1118,18.40,2026-05-29 18:29:40,111113612004634,5271,Efectivo,
867,2026-05-07,23,18.40,Pagado,2026-05-07 02:00:00,2026-05-29 18:31:19,1121,18.40,2026-05-29 18:31:19,111113612004634,5367,Efectivo,
868,2026-05-07,23,18.40,Pagado,2026-05-07 02:00:00,2026-05-29 18:32:32,1122,18.40,2026-05-29 18:32:32,111113612004634,5391,Efectivo,
869,2026-05-07,23,18.40,Pagado,2026-05-07 02:00:00,2026-05-29 19:17:52,1190,18.40,2026-05-29 19:17:52,111113612004634,7054,Efectivo,
870,2026-05-07,1,1.96,Pagado,2026-05-07 02:00:00,2026-05-07 17:21:51,1369,1.96,2026-05-07 17:21:51,111113612004634,10644,Efectivo,
871,2026-05-07,1,1.20,Pendiente,2026-05-07 02:00:00,2026-05-07 15:14:19,1371,0.00,,,10716,,
872,2026-05-07,1,1.60,Pendiente,2026-05-07 02:00:00,2026-05-07 15:14:19,1372,0.00,,,10740,,
873,2026-05-07,1,1.80,Pendiente,2026-05-07 02:00:00,2026-05-07 15:14:19,1373,0.00,,,10764,,
874,2026-05-07,1,0.60,Pendiente,2026-05-07 02:00:00,2026-05-07 15:14:19,1374,0.00,,,10788,,
875,2026-05-07,80,128.00,Pendiente,2026-05-07 02:00:00,2026-07-25 02:00:00,1384,0.00,,,11094,,
876,2026-05-07,27,61.83,Pagado,2026-05-07 02:00:00,2026-06-02 17:19:52,1541,61.83,2026-06-02 17:19:52,111113612004634,14701,Efectivo,
877,2026-05-07,40,77.47,Pagado,2026-05-07 02:00:00,2026-06-15 19:05:52,1544,77.47,2026-06-15 19:05:52,11119423046816,14780,Efectivo,
878,2026-05-07,29,66.41,Pagado,2026-05-07 02:00:00,2026-06-04 22:14:19,1546,66.41,2026-06-04 22:14:19,111113612004634,14830,Efectivo,
879,2026-05-07,40,152.53,Pagado,2026-05-07 02:00:00,2026-06-15 19:11:44,1548,152.53,2026-06-15 19:11:44,11119423046816,14861,Efectivo,
880,2026-05-07,57,84.55,Pagado,2026-05-07 02:00:00,2026-07-02 21:05:30,1551,84.55,2026-07-02 21:05:30,111113612004634,14946,Efectivo,
881,2026-05-07,21,44.80,Pagado,2026-05-07 02:00:00,2026-05-27 15:00:31,1624,44.80,2026-05-27 15:00:31,111113612004634,15248,Efectivo,
882,2026-05-07,21,41.15,Pagado,2026-05-07 02:00:00,2026-05-27 15:12:28,1633,41.15,2026-05-27 15:12:28,111113612004634,15488,Efectivo,
883,2026-05-07,23,22.99,Pagado,2026-05-07 02:00:00,2026-05-29 18:27:00,1634,22.99,2026-05-29 18:27:00,111113612004634,15512,Efectivo,
884,2026-05-07,21,29.12,Pagado,2026-05-07 02:00:00,2026-05-27 15:05:05,1649,29.12,2026-05-27 15:05:05,111113612004634,15844,Efectivo,
885,2026-05-07,21,16.80,Pagado,2026-05-07 02:00:00,2026-05-27 18:51:49,1651,16.80,2026-05-27 18:51:49,111113612004634,15958,Efectivo,
886,2026-05-07,21,16.80,Pagado,2026-05-07 02:00:00,2026-05-27 18:41:41,1652,16.80,2026-05-27 18:41:41,111113612004634,15934,Efectivo,
887,2026-05-07,80,156.77,Pendiente,2026-05-07 02:00:00,2026-07-25 02:00:00,1653,0.00,,,15995,,
888,2026-05-07,6,3.60,Pagado,2026-05-07 02:00:00,2026-05-12 18:39:23,1654,3.60,2026-05-12 18:39:23,111113612004634,16005,Efectivo,
889,2026-05-07,23,55.19,Pagado,2026-05-07 02:00:00,2026-05-29 18:33:34,1655,55.19,2026-05-29 18:33:34,111113612004634,16031,Efectivo,
890,2026-05-07,23,41.71,Pagado,2026-05-07 02:00:00,2026-05-29 18:34:26,1657,41.71,2026-05-29 18:34:26,111113612004634,16095,Efectivo,
891,2026-05-07,40,132.80,Pagado,2026-05-07 02:00:00,2026-06-15 19:13:18,1658,132.80,2026-06-15 19:13:18,11119423046816,16127,Efectivo,
892,2026-05-07,40,77.47,Pagado,2026-05-07 02:00:00,2026-06-15 19:14:45,1660,77.47,2026-06-15 19:14:45,11119423046816,16157,Efectivo,
893,2026-05-07,1,1.81,Pagado,2026-05-07 02:00:00,2026-05-07 17:21:29,1675,1.81,2026-05-07 17:21:29,111113612004634,16474,Efectivo,
894,2026-05-07,23,55.19,Pagado,2026-05-07 02:00:00,2026-05-29 19:12:03,1678,55.19,2026-05-29 19:12:03,111113612004634,16586,Efectivo,
895,2026-05-07,28,53.76,Pagado,2026-05-07 02:00:00,2026-06-03 16:48:02,1679,53.76,2026-06-03 16:48:02,111113612607048,16610,Efectivo,
896,2026-05-07,23,30.66,Pagado,2026-05-07 02:00:00,2026-05-29 19:02:20,1681,30.66,2026-05-29 19:02:20,111113612004634,16652,Efectivo,
897,2026-05-07,23,45.07,Pagado,2026-05-07 02:00:00,2026-05-29 19:11:06,1705,45.07,2026-05-29 19:11:06,111113612004634,17176,Efectivo,
898,2026-05-07,23,15.33,Pagado,2026-05-07 02:00:00,2026-05-29 19:15:24,1706,15.33,2026-05-29 19:15:24,111113612004634,17200,Efectivo,
899,2026-05-07,21,54.59,Pagado,2026-05-07 02:00:00,2026-05-27 15:02:24,1707,54.59,2026-05-27 15:02:24,111113612004634,17213,Efectivo,
900,2026-05-07,6,6.00,Pagado,2026-05-07 02:00:00,2026-05-12 18:38:26,1712,6.00,2026-05-12 18:38:26,111113612004634,17305,Efectivo,
901,2026-05-07,23,18.40,Pagado,2026-05-07 02:00:00,2026-05-29 18:36:21,1718,18.40,2026-05-29 18:36:21,111113612004634,17389,Efectivo,
902,2026-05-07,40,152.51,Pagado,2026-05-07 02:00:00,2026-06-15 19:16:07,1732,152.51,2026-06-15 19:16:07,11119423046816,17668,Efectivo,
903,2026-05-07,40,116.00,Pagado,2026-05-07 02:00:00,2026-06-15 19:10:28,1734,116.00,2026-06-15 19:10:28,11119423046816,17724,Efectivo,
904,2026-05-07,40,116.00,Pagado,2026-05-07 02:00:00,2026-06-15 19:07:26,1735,116.00,2026-06-15 19:07:26,11119423046816,17740,Efectivo,
905,2026-05-07,21,33.60,Pagado,2026-05-07 02:00:00,2026-05-27 18:46:33,1740,33.60,2026-05-27 18:46:33,111113612004634,17843,Efectivo,
906,2026-05-07,23,13.80,Pagado,2026-05-07 02:00:00,2026-05-29 18:37:22,1742,13.80,2026-05-29 18:37:22,111113612004634,17881,Efectivo,
907,2026-05-07,23,13.80,Pagado,2026-05-07 02:00:00,2026-05-29 18:38:18,1743,13.80,2026-05-29 18:38:18,111113612004634,17905,Efectivo,
908,2026-05-07,21,29.40,Pagado,2026-05-07 02:00:00,2026-05-27 15:33:27,1745,29.40,2026-05-27 15:33:27,111113612004634,17953,Efectivo,
909,2026-05-07,80,172.80,Pendiente,2026-05-07 02:00:00,2026-07-25 02:00:00,1750,0.00,,,18067,,
910,2026-05-07,23,22.99,Pagado,2026-05-07 02:00:00,2026-05-29 18:28:47,1752,22.99,2026-05-29 18:28:47,111113612004634,18109,Efectivo,
911,2026-05-07,80,115.20,Pendiente,2026-05-07 02:00:00,2026-07-25 02:00:00,1759,0.00,,,18256,,
925,2026-05-08,27,43.20,Pagado,2026-05-08 02:00:00,2026-06-03 18:13:44,1367,43.20,2026-06-03 18:13:44,111113612607048,10596,Efectivo,
926,2026-05-08,6,18.72,Pagado,2026-05-08 02:00:00,2026-05-15 21:18:41,1394,18.72,2026-05-15 21:18:41,111113612004634,11389,Efectivo,
927,2026-05-08,6,9.60,Pagado,2026-05-08 02:00:00,2026-05-15 21:20:02,1395,9.60,2026-05-15 21:20:02,111113612004634,11423,Efectivo,
928,2026-05-08,35,25.20,Pagado,2026-05-08 02:00:00,2026-06-11 18:19:56,1396,25.20,2026-06-11 18:19:56,111113612004634,11455,Efectivo,
929,2026-05-08,41,127.92,Pagado,2026-05-08 02:00:00,2026-06-17 19:34:57,1398,127.92,2026-06-17 19:34:57,11119423046816,11487,Efectivo,
930,2026-05-08,6,6.40,Pagado,2026-05-08 02:00:00,2026-05-14 14:56:14,1423,6.40,2026-05-14 14:56:14,111113612004634,12088,Efectivo,
931,2026-05-08,21,44.80,Pagado,2026-05-08 02:00:00,2026-05-28 15:18:24,1425,44.80,2026-05-28 15:18:24,111113612004634,12162,Efectivo,
932,2026-05-08,30,69.12,Pagado,2026-05-08 02:00:00,2026-06-06 19:18:37,1617,69.12,2026-06-06 19:18:37,111113612607048,15122,Efectivo,
933,2026-05-08,30,50.40,Pagado,2026-05-08 02:00:00,2026-06-06 19:19:32,1618,50.40,2026-06-06 19:19:32,111113612607048,15140,Efectivo,
934,2026-05-08,27,55.73,Pagado,2026-05-08 02:00:00,2026-06-03 17:36:28,1619,55.73,2026-06-03 17:36:28,111113612607048,15158,Efectivo,
935,2026-05-08,27,45.36,Pagado,2026-05-08 02:00:00,2026-06-03 17:40:04,1620,45.36,2026-06-03 17:40:04,111113612607048,15176,Efectivo,
936,2026-05-08,27,25.92,Pagado,2026-05-08 02:00:00,2026-06-03 17:57:06,1621,25.92,2026-06-03 17:57:06,111113612607048,15194,Efectivo,
937,2026-05-08,27,52.91,Pagado,2026-05-08 02:00:00,2026-06-03 18:00:29,1625,52.91,2026-06-03 18:00:29,111113612607048,15296,Efectivo,
938,2026-05-08,30,58.79,Pagado,2026-05-08 02:00:00,2026-06-06 19:26:57,1626,58.79,2026-06-06 19:26:57,111113612607048,15320,Efectivo,
939,2026-05-08,28,54.87,Pagado,2026-05-08 02:00:00,2026-06-04 18:38:12,1627,54.87,2026-06-04 18:38:12,111113612004634,15344,Efectivo,
940,2026-05-08,27,52.91,Pagado,2026-05-08 02:00:00,2026-06-03 17:58:35,1628,52.91,2026-06-03 17:58:35,111113612607048,15368,Efectivo,
941,2026-05-08,30,58.79,Pagado,2026-05-08 02:00:00,2026-06-06 19:37:56,1629,58.79,2026-06-06 19:37:56,111113612607048,15392,Efectivo,
942,2026-05-08,29,38.66,Pagado,2026-05-08 02:00:00,2026-06-05 20:39:59,1635,38.66,2026-06-05 20:39:59,111113612004634,15525,Efectivo,
943,2026-05-08,41,96.43,Pagado,2026-05-08 02:00:00,2026-06-17 19:32:38,1663,96.43,2026-06-17 19:32:38,11119423046816,16221,Efectivo,
944,2026-05-08,27,32.40,Pagado,2026-05-08 02:00:00,2026-06-03 18:14:53,1664,32.40,2026-06-03 18:14:53,111113612607048,16257,Efectivo,
945,2026-05-08,41,78.72,Pagado,2026-05-08 02:00:00,2026-06-17 19:39:36,1665,78.72,2026-06-17 19:39:36,11119423046816,16239,Efectivo,
946,2026-05-08,27,52.91,Pagado,2026-05-08 02:00:00,2026-06-03 18:22:22,1666,52.91,2026-06-03 18:22:22,111113612607048,16347,Efectivo,
947,2026-05-08,27,70.19,Pagado,2026-05-08 02:00:00,2026-06-03 18:16:08,1667,70.19,2026-06-03 18:16:08,111113612607048,16323,Efectivo,
948,2026-05-08,27,70.19,Pagado,2026-05-08 02:00:00,2026-06-03 18:17:24,1668,70.19,2026-06-03 18:17:24,111113612607048,16371,Efectivo,
949,2026-05-08,6,15.60,Pagado,2026-05-08 02:00:00,2026-05-14 14:55:51,1669,15.60,2026-05-14 14:55:51,111113612004634,16299,Efectivo,
950,2026-05-08,21,54.59,Pagado,2026-05-08 02:00:00,2026-05-28 15:17:14,1670,54.59,2026-05-28 15:17:14,111113612004634,16395,Efectivo,
951,2026-05-08,27,52.91,Pagado,2026-05-08 02:00:00,2026-06-03 18:21:10,1671,52.91,2026-06-03 18:21:10,111113612607048,16275,Efectivo,
952,2026-05-08,39,75.53,Pagado,2026-05-08 02:00:00,2026-06-15 19:20:21,1672,75.53,2026-06-15 19:20:21,11119423046816,16419,Efectivo,
953,2026-05-08,41,127.92,Pagado,2026-05-08 02:00:00,2026-06-17 19:22:27,1701,127.92,2026-06-17 19:22:27,11119423046816,17061,Efectivo,
954,2026-05-08,41,40.99,Pagado,2026-05-08 02:00:00,2026-06-17 19:31:28,1709,40.99,2026-06-17 19:31:28,11119423046816,17261,Efectivo,
955,2026-05-08,27,37.80,Pagado,2026-05-08 02:00:00,2026-06-03 18:12:35,1714,37.80,2026-06-03 18:12:35,111113612607048,17329,Efectivo,
956,2026-05-08,35,34.99,Pagado,2026-05-08 02:00:00,2026-06-11 18:18:51,1721,34.99,2026-06-11 18:18:51,111113612004634,17444,Efectivo,
957,2026-05-08,27,35.99,Pagado,2026-05-08 02:00:00,2026-06-03 18:03:36,1741,35.99,2026-06-03 18:03:36,111113612607048,17867,Efectivo,
958,2026-05-08,27,63.50,Pagado,2026-05-08 02:00:00,2026-06-03 17:12:23,1748,63.50,2026-06-03 17:12:23,111113612607048,18025,Efectivo,
959,2026-05-08,27,63.50,Pagado,2026-05-08 02:00:00,2026-06-03 17:10:32,1754,63.50,2026-06-03 17:10:32,111113612607048,18146,Efectivo,
960,2026-05-08,41,78.72,Pagado,2026-05-08 02:00:00,2026-06-17 19:37:43,1758,78.72,2026-06-17 19:37:43,11119423046816,18238,Efectivo,
961,2026-05-08,27,46.08,Pagado,2026-05-08 02:00:00,2026-06-03 18:01:59,1760,46.08,2026-06-03 18:01:59,111113612607048,18274,Efectivo,
988,2026-05-09,40,64.00,Pagado,2026-05-09 02:00:00,2026-06-17 19:50:19,1525,64.00,2026-06-17 19:50:19,11119423046816,14307,Efectivo,
989,2026-05-09,40,96.00,Pagado,2026-05-09 02:00:00,2026-06-17 19:55:01,1529,96.00,2026-06-17 19:55:01,11119423046816,14401,Efectivo,
990,2026-05-09,26,24.96,Pagado,2026-05-09 02:00:00,2026-06-03 18:37:07,1692,24.96,2026-06-03 18:37:07,111113612607048,16891,Efectivo,
991,2026-05-09,26,24.96,Pagado,2026-05-09 02:00:00,2026-06-03 18:38:13,1699,24.96,2026-06-03 18:38:13,111113612607048,17024,Efectivo,
992,2026-05-09,26,61.15,Pagado,2026-05-09 02:00:00,2026-06-03 18:25:46,1715,61.15,2026-06-03 18:25:46,111113612607048,17353,Efectivo,
993,2026-05-09,26,37.44,Pagado,2026-05-09 02:00:00,2026-06-03 18:29:29,1716,37.44,2026-06-03 18:29:29,111113612607048,17371,Efectivo,
994,2026-05-09,26,43.68,Pagado,2026-05-09 02:00:00,2026-06-03 18:26:51,1755,43.68,2026-06-03 18:26:51,111113612607048,18164,Efectivo,
995,2026-05-09,78,92.87,Pendiente,2026-05-09 02:00:00,2026-07-25 02:00:00,1756,0.00,,,18182,,
1003,2026-05-10,3,10.58,Pagado,2026-05-10 02:00:00,2026-05-12 18:44:05,1733,10.58,2026-05-12 18:44:05,111113612004634,17700,Efectivo,
1004,2026-05-10,3,3.60,Pagado,2026-05-10 02:00:00,2026-05-12 20:45:32,1746,3.60,2026-05-12 20:45:32,111113612004634,17977,Efectivo,
1005,2026-05-10,3,3.60,Pagado,2026-05-10 02:00:00,2026-05-12 20:50:20,1747,3.60,2026-05-12 20:50:20,111113612004634,18001,Efectivo,
1006,2026-05-10,5,5.00,Pagado,2026-05-10 02:00:00,2026-05-14 18:45:59,1757,5.00,2026-05-14 18:45:59,111113612004634,18214,Efectivo,
1010,2026-05-13,62,31.00,Pagado,2026-05-13 02:00:00,2026-06-26 15:49:21,977,31.00,2026-06-26 15:49:21,111113612004634,2619,Efectivo,
1011,2026-05-13,75,90.00,Pendiente,2026-05-13 02:00:00,2026-06-24 00:48:42,1536,0.00,,,14578,,
1012,2026-05-13,99,118.80,Pendiente,2026-05-13 02:00:00,2026-07-25 02:00:00,1536,0.00,,,14579,,
1013,2026-05-13,1,1.96,Pagado,2026-05-13 02:00:00,2026-05-13 15:58:38,1645,1.96,2026-05-13 15:58:38,111113612004634,15739,Efectivo,
1014,2026-05-13,6,7.20,Pagado,2026-05-13 02:00:00,2026-05-26 16:14:03,1765,7.20,2026-05-26 16:14:03,111113612004634,18434,Efectivo,
1015,2026-05-13,6,8.00,Pagado,2026-05-13 02:00:00,2026-05-26 17:05:16,1766,8.00,2026-05-26 17:05:16,111113612004634,18458,Efectivo,
1016,2026-05-13,6,6.00,Pagado,2026-05-13 02:00:00,2026-05-26 17:06:57,1767,6.00,2026-05-26 17:06:57,111113612004634,18471,Efectivo,
1017,2026-05-13,34,50.42,Pagado,2026-05-13 02:00:00,2026-06-15 18:58:48,1768,50.42,2026-06-15 18:58:48,11119423046816,18484,Efectivo,
1018,2026-05-13,6,4.32,Pagado,2026-05-13 02:00:00,2026-05-26 16:34:15,1779,4.32,2026-05-26 16:34:15,111113612004634,18700,Efectivo,
1019,2026-05-13,6,4.00,Pagado,2026-05-13 02:00:00,2026-05-20 21:36:20,1780,4.00,2026-05-20 21:36:20,111113612004634,18718,Efectivo,
1020,2026-05-13,190,410.40,Pendiente,2026-05-13 02:00:00,2026-07-25 02:00:00,1825,0.00,,,19703,,
1021,2026-05-13,183,395.28,Pendiente,2026-05-13 02:00:00,2026-07-25 02:00:00,1825,0.00,,,19704,,
1022,2026-05-13,155,154.95,Pendiente,2026-05-13 02:00:00,2026-07-25 02:00:00,1828,0.00,,,19762,,
1023,2026-05-13,148,147.95,Pendiente,2026-05-13 02:00:00,2026-07-25 02:00:00,1828,0.00,,,19763,,
1024,2026-05-13,162,272.16,Pendiente,2026-05-13 02:00:00,2026-07-25 02:00:00,1829,0.00,,,19781,,
1025,2026-05-13,155,260.40,Pendiente,2026-05-13 02:00:00,2026-07-25 02:00:00,1829,0.00,,,19782,,
1041,2026-05-14,51,73.44,Pagado,2026-05-14 02:00:00,2026-07-03 21:11:48,996,73.44,2026-07-03 21:11:48,111113612004634,3036,Efectivo,
1042,2026-05-14,16,29.01,Pagado,2026-05-14 02:00:00,2026-05-29 19:20:45,1675,29.01,2026-05-29 19:20:45,111113612004634,16475,Efectivo,
1043,2026-05-14,33,150.98,Pagado,2026-05-14 02:00:00,2026-06-15 19:04:19,1761,150.98,2026-06-15 19:04:19,11119423046816,18322,Efectivo,
1044,2026-05-14,33,100.65,Pagado,2026-05-14 02:00:00,2026-06-15 19:03:02,1769,100.65,2026-06-15 19:03:02,11119423046816,18500,Efectivo,
1045,2026-05-14,16,12.80,Pagado,2026-05-14 02:00:00,2026-05-29 18:44:37,1770,12.80,2026-05-29 18:44:37,111113612004634,18532,Efectivo,
1046,2026-05-14,6,14.40,Pagado,2026-05-14 02:00:00,2026-05-26 18:55:38,1771,14.40,2026-05-26 18:55:38,111113612004634,18556,Efectivo,
1047,2026-05-14,73,87.60,Pendiente,2026-05-14 02:00:00,2026-07-25 02:00:00,1774,0.00,,,18614,,
1048,2026-05-14,16,31.35,Pagado,2026-05-14 02:00:00,2026-05-29 19:36:29,1784,31.35,2026-05-29 19:36:29,111113612004634,18780,Efectivo,
1049,2026-05-14,16,31.35,Pagado,2026-05-14 02:00:00,2026-05-29 19:37:34,1785,31.35,2026-05-29 19:37:34,111113612004634,18804,Efectivo,
1056,2026-05-15,20,32.00,Pendiente,2026-05-15 02:00:00,2026-06-03 02:00:01,1367,0.00,,,10597,,
1057,2026-05-15,32,47.46,Pagado,2026-05-15 02:00:00,2026-06-15 19:18:00,1772,47.46,2026-06-15 19:18:00,11119423046816,18580,Efectivo,
1058,2026-05-15,34,79.97,Pagado,2026-05-15 02:00:00,2026-06-17 19:36:35,1773,79.97,2026-06-17 19:36:35,11119423046816,18596,Efectivo,
1059,2026-05-15,20,13.33,Pagado,2026-05-15 02:00:00,2026-06-03 17:01:24,1777,13.33,2026-06-03 17:01:24,111113612607048,18674,Efectivo,
1060,2026-05-15,72,71.98,Pendiente,2026-05-15 02:00:00,2026-07-25 02:00:01,1778,0.00,,,18687,,
1063,2026-05-16,14,36.40,Pagado,2026-05-16 02:00:00,2026-05-30 18:07:53,1037,36.40,2026-05-30 18:07:53,111113612004634,4102,Efectivo,
1064,2026-05-16,71,204.48,Pendiente,2026-05-16 02:00:00,2026-07-25 02:00:01,1151,0.00,,,6160,,
1065,2026-05-16,71,75.73,Pendiente,2026-05-16 02:00:00,2026-07-25 02:00:01,1159,0.00,,,6392,,
1066,2026-05-16,71,204.48,Pendiente,2026-05-16 02:00:00,2026-07-25 02:00:01,1165,0.00,,,6541,,
1067,2026-05-16,71,51.12,Pendiente,2026-05-16 02:00:00,2026-07-25 02:00:01,1178,0.00,,,6805,,
1068,2026-05-16,19,25.33,Pagado,2026-05-16 02:00:00,2026-06-03 20:48:15,1448,25.33,2026-06-03 20:48:15,111113612607048,12909,Efectivo,
1069,2026-05-16,71,105.67,Pendiente,2026-05-16 02:00:00,2026-07-25 02:00:01,1684,0.00,,,16722,,
1070,2026-05-16,19,22.80,Pagado,2026-05-16 02:00:00,2026-06-03 19:22:18,1720,22.80,2026-06-03 19:22:18,111113612607048,17427,Efectivo,
1071,2026-05-16,71,139.14,Pendiente,2026-05-16 02:00:00,2026-07-25 02:00:01,1723,0.00,,,17495,,
1072,2026-05-16,19,19.00,Pagado,2026-05-16 02:00:00,2026-06-03 21:03:45,1724,19.00,2026-06-03 21:03:45,111113612607048,17471,Efectivo,
1073,2026-05-16,19,49.39,Pagado,2026-05-16 02:00:00,2026-06-03 18:47:26,1727,49.39,2026-06-03 18:47:26,111113612607048,17556,Efectivo,
1074,2026-05-16,19,15.20,Pagado,2026-05-16 02:00:00,2026-06-03 20:54:12,1728,15.20,2026-06-03 20:54:12,111113612607048,17580,Efectivo,
1075,2026-05-16,19,45.59,Pagado,2026-05-16 02:00:00,2026-06-03 18:54:48,1738,45.59,2026-06-03 18:54:48,111113612607048,17788,Efectivo,
1076,2026-05-16,19,56.56,Pagado,2026-05-16 02:00:00,2026-06-03 18:48:21,1739,56.56,2026-06-03 18:48:21,111113612607048,17812,Efectivo,
1077,2026-05-16,19,30.40,Pagado,2026-05-16 02:00:00,2026-06-03 20:56:33,1749,30.40,2026-06-03 20:56:33,111113612607048,18044,Efectivo,
1078,2026-05-16,19,49.39,Pagado,2026-05-16 02:00:00,2026-06-03 18:53:51,1751,49.39,2026-06-03 18:53:51,111113612607048,18086,Efectivo,
1079,2026-05-16,71,139.14,Pendiente,2026-05-16 02:00:00,2026-07-25 02:00:01,1753,0.00,,,18123,,
1080,2026-05-16,19,41.04,Pagado,2026-05-16 02:00:00,2026-06-03 19:46:17,1775,41.04,2026-06-03 19:46:17,111113612607048,18632,Efectivo,
1081,2026-05-16,19,27.36,Pagado,2026-05-16 02:00:00,2026-06-03 18:30:42,1781,27.36,2026-06-03 18:30:42,111113612607048,18731,Efectivo,
1082,2026-05-16,19,43.78,Pagado,2026-05-16 02:00:00,2026-06-03 18:27:55,1782,43.78,2026-06-03 18:27:55,111113612607048,18749,Efectivo,
1094,2026-05-20,6,11.76,Pagado,2026-05-20 02:00:00,2026-05-26 15:57:48,1645,11.76,2026-05-26 15:57:48,111113612004634,15740,Efectivo,
1095,2026-05-20,6,11.76,Pagado,2026-05-20 02:00:00,2026-05-26 17:03:10,1786,11.76,2026-05-26 17:03:10,111113612004634,18830,Efectivo,
1096,2026-05-20,6,6.00,Pagado,2026-05-20 02:00:00,2026-05-26 16:13:05,1787,6.00,2026-05-26 16:13:05,111113612004634,18854,Efectivo,
1097,2026-05-20,6,5.76,Pagado,2026-05-20 02:00:00,2026-05-26 16:34:55,1788,5.76,2026-05-26 16:34:55,111113612004634,18878,Efectivo,
1098,2026-05-20,6,5.76,Pagado,2026-05-20 02:00:00,2026-05-26 16:35:34,1791,5.76,2026-05-26 16:35:34,111113612004634,18938,Efectivo,
1099,2026-05-20,6,8.64,Pagado,2026-05-20 02:00:00,2026-05-26 16:31:13,1792,8.64,2026-05-26 16:31:13,111113612004634,18956,Efectivo,
1100,2026-05-20,6,7.20,Pagado,2026-05-20 02:00:00,2026-05-26 16:16:03,1794,7.20,2026-05-26 16:16:03,111113612004634,18990,Efectivo,
1101,2026-05-20,27,52.29,Pagado,2026-05-20 02:00:00,2026-06-15 18:35:09,1795,52.29,2026-06-15 18:35:09,111113612004634,19014,Efectivo,
1102,2026-05-20,27,40.04,Pagado,2026-05-20 02:00:00,2026-06-15 18:34:04,1797,40.04,2026-06-15 18:34:04,111113612004634,19054,Efectivo,
1109,2026-05-21,66,66.00,Pendiente,2026-05-21 02:00:00,2026-07-25 02:00:01,1004,0.00,,,3216,,
1110,2026-05-21,66,126.72,Pendiente,2026-05-21 02:00:00,2026-07-25 02:00:01,1790,0.00,,,18920,,
1111,2026-05-21,26,38.56,Pagado,2026-05-21 02:00:00,2026-06-15 19:01:37,1798,38.56,2026-06-15 19:01:37,11119423046816,19070,Efectivo,
1112,2026-05-21,9,17.64,Pagado,2026-05-21 02:00:00,2026-05-29 19:19:32,1799,17.64,2026-05-29 19:19:32,111113612004634,19086,Efectivo,
1113,2026-05-21,9,14.40,Pagado,2026-05-21 02:00:00,2026-05-29 19:21:55,1800,14.40,2026-05-29 19:21:55,111113612004634,19110,Efectivo,
1114,2026-05-21,9,17.64,Pagado,2026-05-21 02:00:00,2026-05-29 19:22:34,1801,17.64,2026-05-29 19:22:34,111113612004634,19134,Efectivo,
1115,2026-05-21,9,10.80,Pagado,2026-05-21 02:00:00,2026-05-29 19:23:20,1802,10.80,2026-05-29 19:23:20,111113612004634,19158,Efectivo,
1116,2026-05-21,9,5.40,Pagado,2026-05-21 02:00:00,2026-05-29 19:23:57,1803,5.40,2026-05-29 19:23:57,111113612004634,19182,Efectivo,
1117,2026-05-21,9,12.00,Pagado,2026-05-21 02:00:00,2026-05-29 18:30:48,1809,12.00,2026-05-29 18:30:48,111113612004634,19328,Efectivo,
1118,2026-05-21,7,4.67,Pagado,2026-05-21 02:00:00,2026-05-27 18:33:53,1810,4.67,2026-05-27 18:33:53,111113612004634,19341,Efectivo,
1119,2026-05-21,7,18.20,Pagado,2026-05-21 02:00:00,2026-05-27 15:00:00,1818,18.20,2026-05-27 15:00:00,111113612004634,19491,Efectivo,
1124,2026-05-22,25,48.42,Pagado,2026-05-22 02:00:00,2026-06-15 19:19:14,1793,48.42,2026-06-15 19:19:14,11119423046816,18974,Efectivo,
1125,2026-05-22,13,8.67,Pagado,2026-05-22 02:00:00,2026-06-03 17:43:04,1813,8.67,2026-06-03 17:43:04,111113612607048,19380,Efectivo,
1126,2026-05-22,27,51.84,Pagado,2026-05-22 02:00:00,2026-06-17 19:26:27,1814,51.84,2026-06-17 19:26:27,11119423046816,19393,Efectivo,
1127,2026-05-22,65,65.00,Pendiente,2026-05-22 02:00:00,2026-07-25 02:00:01,1819,0.00,,,19515,,
1128,2026-05-22,65,155.98,Pendiente,2026-05-22 02:00:00,2026-07-25 02:00:01,1820,0.00,,,19539,,
1129,2026-05-22,65,104.00,Pendiente,2026-05-22 02:00:00,2026-07-25 02:00:01,1821,0.00,,,19563,,
1130,2026-05-22,65,91.00,Pendiente,2026-05-22 02:00:00,2026-07-25 02:00:01,1822,0.00,,,19587,,
1131,2026-05-23,8,20.80,Pagado,2026-05-23 02:00:00,2026-05-30 18:08:10,1037,20.80,2026-05-30 18:08:10,111113612004634,4103,Efectivo,
1132,2026-05-23,64,184.32,Pendiente,2026-05-23 02:00:00,2026-07-25 02:00:01,1151,0.00,,,6161,,
1133,2026-05-23,64,184.32,Pendiente,2026-05-23 02:00:00,2026-07-25 02:00:01,1165,0.00,,,6542,,
1134,2026-05-23,64,46.08,Pendiente,2026-05-23 02:00:00,2026-07-25 02:00:01,1178,0.00,,,6806,,
1135,2026-05-23,12,16.00,Pagado,2026-05-23 02:00:00,2026-06-03 20:48:26,1448,16.00,2026-06-03 20:48:26,111113612607048,12910,Efectivo,
1136,2026-05-23,33,63.36,Pendiente,2026-05-23 02:00:00,2026-06-24 00:48:43,1533,0.00,,,14497,,
1137,2026-05-23,12,16.80,Pagado,2026-05-23 02:00:00,2026-06-03 19:25:44,1789,16.80,2026-06-03 19:25:44,111113612607048,18896,Efectivo,
1138,2026-05-23,12,8.00,Pagado,2026-05-23 02:00:00,2026-06-03 17:39:17,1807,8.00,2026-06-03 17:39:17,111113612607048,19267,Efectivo,
1139,2026-05-23,12,19.20,Pagado,2026-05-23 02:00:00,2026-06-03 19:06:03,1808,19.20,2026-06-03 19:06:03,111113612607048,19280,Efectivo,
1140,2026-05-23,64,85.31,Pendiente,2026-05-23 02:00:00,2026-07-25 02:00:01,1817,0.00,,,19478,,
1141,2026-05-23,33,102.96,Pagado,2026-05-23 02:00:00,2026-06-24 20:20:35,1830,102.96,2026-06-24 20:20:35,111113612004634,19798,Efectivo,
1142,2026-05-23,33,35.20,Pendiente,2026-05-23 02:00:00,2026-06-24 00:48:43,1832,0.00,,,19885,,
1146,2026-05-24,23,13.80,Pagado,2026-05-24 02:00:00,2026-06-15 18:29:53,979,13.80,2026-06-15 18:29:53,111113612004634,2666,Efectivo,
1147,2026-05-24,23,13.80,Pagado,2026-05-24 02:00:00,2026-06-15 18:30:21,980,13.80,2026-06-15 18:30:21,111113612004634,2690,Efectivo,
1148,2026-05-24,23,13.80,Pagado,2026-05-24 02:00:00,2026-06-15 18:30:56,981,13.80,2026-06-15 18:30:56,111113612004634,2714,Efectivo,
1149,2026-05-24,14,18.67,Pagado,2026-05-24 02:00:00,2026-06-06 18:38:17,1293,18.67,2026-06-06 18:38:17,111113612607048,9223,Efectivo,
1150,2026-05-24,12,16.00,Pagado,2026-05-24 02:00:00,2026-06-04 21:54:21,1317,16.00,2026-06-04 21:54:21,111113612004634,9934,Efectivo,
1151,2026-05-24,14,23.89,Pagado,2026-05-24 02:00:00,2026-06-06 19:13:53,1704,23.89,2026-06-06 19:13:53,111113612607048,17138,Efectivo,
1152,2026-05-24,23,81.14,Pagado,2026-05-24 02:00:00,2026-06-15 19:26:13,1733,81.14,2026-06-15 19:26:13,11119423046816,17702,Efectivo,
1153,2026-05-24,63,75.60,Pendiente,2026-05-24 02:00:00,2026-07-25 02:00:01,1746,0.00,,,17979,,
1154,2026-05-24,63,75.60,Pendiente,2026-05-24 02:00:00,2026-07-25 02:00:01,1747,0.00,,,18003,,
1155,2026-05-24,14,14.00,Pagado,2026-05-24 02:00:00,2026-06-06 18:25:14,1757,14.00,2026-06-06 18:25:14,111113612607048,18216,Efectivo,
1156,2026-05-24,5,10.80,Pagado,2026-05-24 02:00:00,2026-05-28 16:15:58,1762,10.80,2026-05-28 16:15:58,111113612004634,18356,Efectivo,
1157,2026-05-24,12,15.36,Pagado,2026-05-24 02:00:00,2026-06-04 21:53:39,1763,15.36,2026-06-04 21:53:39,111113612004634,18374,Efectivo,
1158,2026-05-24,14,18.66,Pagado,2026-05-24 02:00:00,2026-06-06 18:40:31,1764,18.66,2026-06-06 18:40:31,111113612607048,18422,Efectivo,
1159,2026-05-24,14,36.40,Pagado,2026-05-24 02:00:00,2026-06-06 19:12:59,1776,36.40,2026-06-06 19:12:59,111113612607048,18651,Efectivo,
1160,2026-05-24,63,42.00,Pendiente,2026-05-24 02:00:00,2026-07-25 02:00:01,1783,0.00,,,18768,,
1161,2026-05-24,14,25.20,Pagado,2026-05-24 02:00:00,2026-06-06 17:43:45,1804,25.20,2026-06-06 17:43:45,111113612607048,19206,Efectivo,
1162,2026-05-24,14,25.20,Pagado,2026-05-24 02:00:00,2026-06-06 17:49:20,1805,25.20,2026-06-06 17:49:20,111113612607048,19230,Efectivo,
1163,2026-05-24,14,14.00,Pagado,2026-05-24 02:00:00,2026-06-06 17:26:08,1806,14.00,2026-06-06 17:26:08,111113612607048,19254,Efectivo,
1164,2026-05-24,13,13.00,Pagado,2026-05-24 02:00:00,2026-06-05 22:39:36,1811,13.00,2026-06-05 22:39:36,111113612004634,19354,Efectivo,
1165,2026-05-24,11,14.66,Pagado,2026-05-24 02:00:00,2026-06-03 20:24:22,1812,14.66,2026-06-03 20:24:22,111113612607048,19367,Efectivo,
1166,2026-05-24,14,9.33,Pagado,2026-05-24 02:00:00,2026-06-06 18:22:39,1815,9.33,2026-06-06 18:22:39,111113612607048,19441,Efectivo,
1167,2026-05-24,14,33.60,Pagado,2026-05-24 02:00:00,2026-06-06 17:31:33,1816,33.60,2026-06-06 17:31:33,111113612607048,19454,Efectivo,
1168,2026-05-24,14,11.20,Pagado,2026-05-24 02:00:00,2026-06-06 18:27:51,1823,11.20,2026-06-06 18:27:51,111113612607048,19611,Efectivo,
1177,2026-05-27,20,29.66,Pagado,2026-05-27 02:00:00,2026-06-15 19:00:03,1834,29.66,2026-06-15 19:00:03,11119423046816,19925,Efectivo,
1178,2026-05-27,20,29.66,Pagado,2026-05-27 02:00:00,2026-06-15 19:00:52,1842,29.66,2026-06-15 19:00:52,11119423046816,20110,Efectivo,
1180,2026-05-27,386,926.40,Pagado,2026-05-27 14:28:28,2026-05-27 15:19:35,886,926.40,2026-05-27 15:19:35,111113612004634,1027,Efectivo,
1181,2026-05-27,379,909.60,Pendiente,2026-05-27 14:28:28,2026-05-27 14:28:28,886,0.00,,,1028,,
1182,2026-05-27,372,892.80,Pendiente,2026-05-27 14:28:28,2026-05-27 14:28:28,886,0.00,,,1029,,
1183,2026-05-27,379,530.60,Pagado,2026-05-27 14:28:28,2026-06-06 17:40:42,1251,530.60,2026-06-06 17:40:42,111113612607048,7953,Efectivo,
1184,2026-05-27,365,876.00,Pendiente,2026-05-27 14:28:28,2026-05-27 14:28:28,886,0.00,,,1030,,
1185,2026-05-27,372,520.80,Pagado,2026-05-27 14:28:28,2026-06-06 17:40:53,1251,520.80,2026-06-06 17:40:53,111113612607048,7954,Efectivo,
1186,2026-05-27,358,859.20,Pendiente,2026-05-27 14:28:28,2026-05-27 14:28:28,886,0.00,,,1031,,
1187,2026-05-27,365,511.00,Pagado,2026-05-27 14:28:28,2026-06-06 17:41:03,1251,511.00,2026-06-06 17:41:03,111113612607048,7955,Efectivo,
1188,2026-05-27,410,984.00,Pendiente,2026-05-27 14:28:28,2026-07-25 02:00:00,886,0.00,,,1032,,
1189,2026-05-27,358,501.20,Pagado,2026-05-27 14:28:28,2026-06-06 17:41:13,1251,501.20,2026-06-06 17:41:13,111113612607048,7956,Efectivo,
1190,2026-05-27,403,967.20,Pendiente,2026-05-27 14:28:28,2026-07-25 02:00:00,886,0.00,,,1033,,
1191,2026-05-27,400,560.00,Pendiente,2026-05-27 14:28:28,2026-07-25 02:00:00,1251,0.00,,,7957,,
1192,2026-05-27,396,950.40,Pendiente,2026-05-27 14:28:28,2026-07-25 02:00:00,886,0.00,,,1034,,
1193,2026-05-27,393,550.20,Pendiente,2026-05-27 14:28:28,2026-07-25 02:00:00,1251,0.00,,,7958,,
1194,2026-05-27,389,933.60,Pendiente,2026-05-27 14:28:28,2026-07-25 02:00:00,886,0.00,,,1035,,
1195,2026-05-27,386,540.40,Pendiente,2026-05-27 14:28:28,2026-07-25 02:00:00,1251,0.00,,,7959,,
1196,2026-05-27,382,916.80,Pendiente,2026-05-27 14:28:28,2026-07-25 02:00:00,886,0.00,,,1036,,
1197,2026-05-27,379,530.60,Pendiente,2026-05-27 14:28:28,2026-07-25 02:00:00,1251,0.00,,,7960,,
1198,2026-05-27,375,900.00,Pendiente,2026-05-27 14:28:28,2026-07-25 02:00:00,886,0.00,,,1037,,
1199,2026-05-27,372,520.80,Pendiente,2026-05-27 14:28:28,2026-07-25 02:00:00,1251,0.00,,,7961,,
1200,2026-05-27,368,883.20,Pendiente,2026-05-27 14:28:28,2026-07-25 02:00:00,886,0.00,,,1038,,
1201,2026-05-27,365,511.00,Pendiente,2026-05-27 14:28:28,2026-07-25 02:00:00,1251,0.00,,,7962,,
1202,2026-05-27,361,866.40,Pendiente,2026-05-27 14:28:28,2026-07-25 02:00:00,886,0.00,,,1039,,
1203,2026-05-27,358,501.20,Pendiente,2026-05-27 14:28:28,2026-07-25 02:00:00,1251,0.00,,,7963,,
1204,2026-05-27,354,849.60,Pendiente,2026-05-27 14:28:28,2026-07-25 02:00:00,886,0.00,,,1040,,
1205,2026-05-27,351,491.40,Pendiente,2026-05-27 14:28:28,2026-07-25 02:00:00,1251,0.00,,,7964,,
1206,2026-05-27,347,832.80,Pendiente,2026-05-27 14:28:28,2026-07-25 02:00:00,886,0.00,,,1041,,
1207,2026-05-27,344,481.60,Pendiente,2026-05-27 14:28:28,2026-07-25 02:00:00,1251,0.00,,,7965,,
1208,2026-05-27,340,816.00,Pendiente,2026-05-27 14:28:28,2026-07-25 02:00:00,886,0.00,,,1042,,
1209,2026-05-27,337,471.80,Pendiente,2026-05-27 14:28:28,2026-07-25 02:00:00,1251,0.00,,,7966,,
1210,2026-05-27,333,799.20,Pendiente,2026-05-27 14:28:28,2026-07-25 02:00:00,886,0.00,,,1043,,
1211,2026-05-27,330,462.00,Pendiente,2026-05-27 14:28:28,2026-07-25 02:00:00,1251,0.00,,,7967,,
1212,2026-05-27,326,782.40,Pendiente,2026-05-27 14:28:28,2026-07-25 02:00:00,886,0.00,,,1044,,
1213,2026-05-27,323,452.20,Pendiente,2026-05-27 14:28:28,2026-07-25 02:00:00,1251,0.00,,,7968,,
1214,2026-05-27,319,765.60,Pendiente,2026-05-27 14:28:28,2026-07-25 02:00:00,886,0.00,,,1045,,
1215,2026-05-27,260,62.40,Pendiente,2026-05-27 14:28:28,2026-07-25 02:00:00,1825,0.00,,,19726,,
1216,2026-05-27,233,326.20,Pendiente,2026-05-27 14:28:28,2026-07-25 02:00:00,1203,0.00,,,7350,,
1217,2026-05-27,226,316.40,Pendiente,2026-05-27 14:28:28,2026-07-25 02:00:00,1203,0.00,,,7351,,
1218,2026-05-27,219,306.60,Pendiente,2026-05-27 14:28:28,2026-07-25 02:00:00,1203,0.00,,,7352,,
1219,2026-05-27,212,296.80,Pendiente,2026-05-27 14:28:28,2026-07-25 02:00:00,1203,0.00,,,7353,,
1220,2026-05-27,205,287.00,Pendiente,2026-05-27 14:28:28,2026-07-25 02:00:00,1203,0.00,,,7354,,
1221,2026-05-27,204,399.84,Pendiente,2026-05-27 14:28:28,2026-07-25 02:00:00,910,0.00,,,1589,,
1222,2026-05-27,198,277.20,Pendiente,2026-05-27 14:28:28,2026-07-25 02:00:00,1203,0.00,,,7355,,
1223,2026-05-27,197,291.56,Pendiente,2026-05-27 14:28:28,2026-07-25 02:00:00,1825,0.00,,,19728,,
1224,2026-05-27,197,386.12,Pendiente,2026-05-27 14:28:28,2026-07-25 02:00:00,910,0.00,,,1590,,
1225,2026-05-27,196,196.00,Pendiente,2026-05-27 14:28:28,2026-07-25 02:00:00,1231,0.00,,,7379,,
1226,2026-05-27,191,267.40,Pendiente,2026-05-27 14:28:28,2026-07-25 02:00:00,1203,0.00,,,7356,,
1227,2026-05-27,190,200.13,Pendiente,2026-05-27 14:28:28,2026-07-25 02:00:00,1826,0.00,,,19729,,
1228,2026-05-27,190,372.40,Pendiente,2026-05-27 14:28:28,2026-07-25 02:00:00,910,0.00,,,1591,,
1229,2026-05-27,159,311.64,Pendiente,2026-05-27 14:28:28,2026-06-24 00:48:42,914,0.00,,,1720,,
1230,2026-05-27,189,189.00,Pendiente,2026-05-27 14:28:28,2026-07-25 02:00:00,1231,0.00,,,7380,,
1231,2026-05-27,184,257.60,Pendiente,2026-05-27 14:28:28,2026-07-25 02:00:00,1203,0.00,,,7357,,
1232,2026-05-27,183,124.44,Pendiente,2026-05-27 14:28:28,2026-07-25 02:00:00,1827,0.00,,,19748,,
1233,2026-05-27,183,195.20,Pendiente,2026-05-27 14:28:28,2026-07-25 02:00:00,1826,0.00,,,19666,,
1234,2026-05-27,183,358.68,Pendiente,2026-05-27 14:28:28,2026-07-25 02:00:00,910,0.00,,,1592,,
1235,2026-05-27,183,358.68,Pendiente,2026-05-27 14:28:28,2026-07-25 02:00:00,914,0.00,,,1721,,
1236,2026-05-27,182,436.80,Pendiente,2026-05-27 14:28:28,2026-07-25 02:00:00,1232,0.00,,,7405,,
1237,2026-05-27,182,182.00,Pendiente,2026-05-27 14:28:28,2026-07-25 02:00:00,1231,0.00,,,7381,,
1238,2026-05-27,177,247.80,Pendiente,2026-05-27 14:28:28,2026-07-25 02:00:00,1203,0.00,,,7358,,
1239,2026-05-27,176,187.73,Pendiente,2026-05-27 14:28:28,2026-07-25 02:00:00,1826,0.00,,,19667,,
1240,2026-05-27,176,344.96,Pendiente,2026-05-27 14:28:28,2026-07-25 02:00:00,910,0.00,,,1593,,
1241,2026-05-27,176,281.60,Pendiente,2026-05-27 14:28:28,2026-07-25 02:00:00,911,0.00,,,1637,,
1242,2026-05-27,176,344.96,Pendiente,2026-05-27 14:28:28,2026-07-25 02:00:00,914,0.00,,,1722,,
1243,2026-05-27,175,420.00,Pendiente,2026-05-27 14:28:28,2026-07-25 02:00:00,1232,0.00,,,7406,,
1244,2026-05-27,175,175.00,Pendiente,2026-05-27 14:28:28,2026-07-25 02:00:00,1231,0.00,,,7382,,
1245,2026-05-27,170,238.00,Pendiente,2026-05-27 14:28:28,2026-07-25 02:00:00,1203,0.00,,,7359,,
1246,2026-05-27,169,331.24,Pendiente,2026-05-27 14:28:28,2026-07-25 02:00:00,910,0.00,,,1594,,
1247,2026-05-27,169,270.40,Pendiente,2026-05-27 14:28:28,2026-07-25 02:00:00,911,0.00,,,1638,,
1248,2026-05-27,169,331.24,Pendiente,2026-05-27 14:28:28,2026-07-25 02:00:00,914,0.00,,,1723,,
1249,2026-05-27,168,403.20,Pendiente,2026-05-27 14:28:28,2026-07-25 02:00:00,1232,0.00,,,7407,,
1250,2026-05-27,168,168.00,Pendiente,2026-05-27 14:28:28,2026-07-25 02:00:00,1231,0.00,,,7383,,
1251,2026-05-27,163,228.20,Pendiente,2026-05-27 14:28:28,2026-07-25 02:00:00,1203,0.00,,,7360,,
1252,2026-05-27,162,161.41,Pendiente,2026-05-27 14:28:28,2026-07-25 02:00:00,1828,0.00,,,19764,,
1253,2026-05-27,162,28.08,Pendiente,2026-05-27 14:28:28,2026-07-25 02:00:00,1827,0.00,,,19749,,
1254,2026-05-27,162,317.52,Pendiente,2026-05-27 14:28:28,2026-07-25 02:00:00,910,0.00,,,1595,,
1255,2026-05-27,162,259.20,Pendiente,2026-05-27 14:28:28,2026-07-25 02:00:00,911,0.00,,,1639,,
1256,2026-05-27,162,317.52,Pendiente,2026-05-27 14:28:28,2026-07-25 02:00:00,914,0.00,,,1724,,
1257,2026-05-27,161,386.40,Pendiente,2026-05-27 14:28:28,2026-07-25 02:00:00,1232,0.00,,,7408,,
1258,2026-05-27,161,161.00,Pendiente,2026-05-27 14:28:28,2026-07-25 02:00:00,1231,0.00,,,7384,,
1259,2026-05-27,124,267.84,Pendiente,2026-05-27 14:28:28,2026-06-24 00:48:42,1830,0.00,,,19849,,
1260,2026-05-27,155,43.40,Pendiente,2026-05-27 14:28:28,2026-07-25 02:00:00,1827,0.00,,,19750,,
1261,2026-05-27,155,165.33,Pendiente,2026-05-27 14:28:28,2026-07-25 02:00:00,1826,0.00,,,19670,,
1262,2026-05-27,155,303.80,Pendiente,2026-05-27 14:28:28,2026-07-25 02:00:00,910,0.00,,,1596,,
1263,2026-05-27,155,248.00,Pendiente,2026-05-27 14:28:28,2026-07-25 02:00:00,911,0.00,,,1640,,
1264,2026-05-27,155,303.80,Pendiente,2026-05-27 14:28:28,2026-07-25 02:00:00,914,0.00,,,1725,,
1265,2026-05-27,117,252.72,Pendiente,2026-05-27 14:28:28,2026-06-24 00:48:42,1830,0.00,,,19850,,
1266,2026-05-27,148,213.12,Pendiente,2026-05-27 14:28:28,2026-07-25 02:00:00,1827,0.00,,,19742,,
1267,2026-05-27,148,157.87,Pendiente,2026-05-27 14:28:28,2026-07-25 02:00:00,1826,0.00,,,19671,,
1268,2026-05-27,148,157.87,Pendiente,2026-05-27 14:28:28,2026-07-25 02:00:00,909,0.00,,,1554,,
1269,2026-05-27,148,290.08,Pendiente,2026-05-27 14:28:28,2026-07-25 02:00:00,910,0.00,,,1597,,
1270,2026-05-27,148,236.80,Pendiente,2026-05-27 14:28:28,2026-07-25 02:00:00,911,0.00,,,1641,,
1271,2026-05-27,141,203.04,Pendiente,2026-05-27 14:28:28,2026-07-25 02:00:00,1827,0.00,,,19743,,
1272,2026-05-27,141,150.40,Pendiente,2026-05-27 14:28:28,2026-07-25 02:00:00,1826,0.00,,,19672,,
1273,2026-05-27,141,150.40,Pendiente,2026-05-27 14:28:28,2026-07-25 02:00:00,909,0.00,,,1555,,
1274,2026-05-27,141,276.36,Pendiente,2026-05-27 14:28:28,2026-07-25 02:00:00,910,0.00,,,1598,,
1275,2026-05-27,141,225.60,Pendiente,2026-05-27 14:28:28,2026-07-25 02:00:00,911,0.00,,,1642,,
1276,2026-05-27,141,188.00,Pendiente,2026-05-27 14:28:28,2026-07-25 02:00:00,1530,0.00,,,16431,,
1277,2026-05-27,134,192.96,Pendiente,2026-05-27 14:28:28,2026-07-25 02:00:00,1827,0.00,,,19744,,
1278,2026-05-27,134,142.93,Pendiente,2026-05-27 14:28:28,2026-07-25 02:00:00,1826,0.00,,,19673,,
1279,2026-05-27,134,142.93,Pendiente,2026-05-27 14:28:28,2026-07-25 02:00:00,909,0.00,,,1556,,
1280,2026-05-27,134,262.64,Pendiente,2026-05-27 14:28:28,2026-07-25 02:00:00,910,0.00,,,1599,,
1281,2026-05-27,134,214.40,Pendiente,2026-05-27 14:28:28,2026-07-25 02:00:00,911,0.00,,,1643,,
1282,2026-05-27,134,214.40,Pendiente,2026-05-27 14:28:28,2026-07-25 02:00:00,1530,0.00,,,14432,,
1283,2026-05-27,134,80.40,Pendiente,2026-05-27 14:28:28,2026-07-25 02:00:00,1527,0.00,,,14349,,
1284,2026-05-27,127,182.88,Pendiente,2026-05-27 14:28:28,2026-07-25 02:00:00,1827,0.00,,,19745,,
1285,2026-05-27,127,135.47,Pendiente,2026-05-27 14:28:28,2026-07-25 02:00:00,1826,0.00,,,19674,,
1286,2026-05-27,127,135.47,Pendiente,2026-05-27 14:28:28,2026-07-25 02:00:00,909,0.00,,,1557,,
1287,2026-05-27,127,248.92,Pendiente,2026-05-27 14:28:28,2026-07-25 02:00:00,910,0.00,,,1600,,
1288,2026-05-27,127,203.20,Pendiente,2026-05-27 14:28:28,2026-07-25 02:00:00,911,0.00,,,1644,,
1289,2026-05-27,96,188.16,Pagado,2026-05-27 14:28:28,2026-06-24 15:26:23,912,188.16,2026-06-24 15:26:23,111113612004634,1667,Efectivo,
1290,2026-05-27,127,203.20,Pendiente,2026-05-27 14:28:28,2026-07-25 02:00:00,1530,0.00,,,14433,,
1291,2026-05-27,127,76.20,Pendiente,2026-05-27 14:28:28,2026-07-25 02:00:00,1527,0.00,,,14350,,
1292,2026-05-27,120,172.80,Pendiente,2026-05-27 14:28:28,2026-07-25 02:00:00,1827,0.00,,,19746,,
1293,2026-05-27,120,128.00,Pendiente,2026-05-27 14:28:28,2026-07-25 02:00:00,1826,0.00,,,19675,,
1294,2026-05-27,120,128.00,Pendiente,2026-05-27 14:28:28,2026-07-25 02:00:00,909,0.00,,,1558,,
1295,2026-05-27,120,235.20,Pendiente,2026-05-27 14:28:28,2026-07-25 02:00:00,910,0.00,,,1601,,
1296,2026-05-27,120,192.00,Pendiente,2026-05-27 14:28:28,2026-07-25 02:00:00,911,0.00,,,1645,,
1297,2026-05-27,89,174.44,Pagado,2026-05-27 14:28:28,2026-06-24 15:26:33,912,174.44,2026-06-24 15:26:33,111113612004634,1668,Efectivo,
1298,2026-05-27,120,68.80,Pendiente,2026-05-27 14:28:28,2026-07-25 02:00:00,1536,0.00,,,19638,,
1299,2026-05-27,120,192.00,Pendiente,2026-05-27 14:28:28,2026-07-25 02:00:00,1530,0.00,,,14434,,
1300,2026-05-27,120,72.00,Pendiente,2026-05-27 14:28:28,2026-07-25 02:00:00,1528,0.00,,,14375,,
1301,2026-05-27,120,72.00,Pendiente,2026-05-27 14:28:28,2026-07-25 02:00:00,1527,0.00,,,14351,,
1302,2026-05-27,113,162.72,Pendiente,2026-05-27 14:28:28,2026-07-25 02:00:00,1827,0.00,,,19747,,
1303,2026-05-27,113,120.53,Pendiente,2026-05-27 14:28:28,2026-07-25 02:00:00,1826,0.00,,,19676,,
1304,2026-05-27,113,120.53,Pendiente,2026-05-27 14:28:28,2026-07-25 02:00:00,909,0.00,,,1559,,
1305,2026-05-27,113,221.48,Pendiente,2026-05-27 14:28:28,2026-07-25 02:00:00,910,0.00,,,1602,,
1306,2026-05-27,113,180.80,Pendiente,2026-05-27 14:28:28,2026-07-25 02:00:00,911,0.00,,,1646,,
1307,2026-05-27,82,160.72,Pagado,2026-05-27 14:28:28,2026-06-24 15:26:43,912,160.72,2026-06-24 15:26:43,111113612004634,1669,Efectivo,
1308,2026-05-27,113,1.81,Pendiente,2026-05-27 14:28:28,2026-07-25 02:00:00,1536,0.00,,,19637,,
1309,2026-05-27,113,180.80,Pendiente,2026-05-27 14:28:28,2026-07-25 02:00:00,1530,0.00,,,14435,,
1310,2026-05-27,113,67.80,Pendiente,2026-05-27 14:28:28,2026-07-25 02:00:00,1528,0.00,,,14376,,
1311,2026-05-27,113,67.80,Pendiente,2026-05-27 14:28:28,2026-07-25 02:00:00,1527,0.00,,,14352,,
1312,2026-05-27,112,197.12,Pendiente,2026-05-27 14:28:28,2026-07-25 02:00:00,942,0.00,,,17102,,
1313,2026-05-27,112,249.95,Pendiente,2026-05-27 14:28:28,2026-07-25 02:00:00,943,0.00,,,2455,,
1314,2026-05-27,63,37.80,Pagado,2026-05-27 14:28:28,2026-06-06 19:22:23,1201,37.80,2026-06-06 19:22:23,111113612607048,7307,Efectivo,
1315,2026-05-27,75,192.00,Pendiente,2026-05-27 14:28:28,2026-06-24 00:48:43,1830,0.00,,,19851,,
1316,2026-05-27,106,113.07,Pendiente,2026-05-27 14:28:28,2026-07-25 02:00:00,1826,0.00,,,19677,,
1317,2026-05-27,106,113.07,Pendiente,2026-05-27 14:28:28,2026-07-25 02:00:00,909,0.00,,,1560,,
1318,2026-05-27,75,81.50,Pagado,2026-05-27 14:28:28,2026-06-24 21:52:31,1824,81.50,2026-06-24 21:52:31,111113612004634,19725,Efectivo,
1319,2026-05-27,106,207.76,Pendiente,2026-05-27 14:28:28,2026-07-25 02:00:00,910,0.00,,,1603,,
1320,2026-05-27,106,169.60,Pendiente,2026-05-27 14:28:28,2026-07-25 02:00:00,911,0.00,,,1647,,
1321,2026-05-27,75,147.00,Pendiente,2026-05-27 14:28:28,2026-06-24 00:48:43,912,0.00,,,1670,,
1322,2026-05-27,106,63.60,Pendiente,2026-05-27 14:28:28,2026-07-25 02:00:00,1528,0.00,,,14377,,
1323,2026-05-27,106,63.60,Pendiente,2026-05-27 14:28:28,2026-07-25 02:00:00,1527,0.00,,,14353,,
1324,2026-05-27,105,252.00,Pendiente,2026-05-27 14:28:28,2026-07-25 02:00:00,942,0.00,,,2423,,
1325,2026-05-27,105,234.33,Pendiente,2026-05-27 14:28:28,2026-07-25 02:00:00,943,0.00,,,2456,,
1326,2026-05-27,105,115.50,Pendiente,2026-05-27 14:28:28,2026-07-25 02:00:00,945,0.00,,,19907,,
1327,2026-05-27,105,205.80,Pendiente,2026-05-27 14:28:28,2026-07-25 02:00:00,946,0.00,,,2527,,
1328,2026-05-27,105,126.00,Pendiente,2026-05-27 14:28:28,2026-07-25 02:00:00,949,0.00,,,2603,,
1329,2026-05-27,105,252.00,Pendiente,2026-05-27 14:28:28,2026-07-25 02:00:00,978,0.00,,,2636,,
1330,2026-05-27,56,33.60,Pagado,2026-05-27 14:28:28,2026-06-06 19:22:33,1201,33.60,2026-06-06 19:22:33,111113612607048,7308,Efectivo,
1331,2026-05-27,99,105.60,Pendiente,2026-05-27 14:28:28,2026-07-25 02:00:00,1826,0.00,,,19678,,
1332,2026-05-27,99,105.60,Pendiente,2026-05-27 14:28:28,2026-07-25 02:00:00,909,0.00,,,1561,,
1333,2026-05-27,99,194.04,Pendiente,2026-05-27 14:28:28,2026-07-25 02:00:00,910,0.00,,,1604,,
1334,2026-05-27,99,158.40,Pendiente,2026-05-27 14:28:28,2026-07-25 02:00:00,911,0.00,,,1648,,
1335,2026-05-27,99,194.04,Pendiente,2026-05-27 14:28:28,2026-07-25 02:00:00,912,0.00,,,1671,,
1336,2026-05-27,99,59.40,Pendiente,2026-05-27 14:28:28,2026-07-25 02:00:00,1527,0.00,,,14354,,
1337,2026-05-27,98,235.20,Pendiente,2026-05-27 14:28:28,2026-07-25 02:00:00,942,0.00,,,2424,,
1338,2026-05-27,98,218.70,Pendiente,2026-05-27 14:28:28,2026-07-25 02:00:00,943,0.00,,,2457,,
1339,2026-05-27,98,176.40,Pendiente,2026-05-27 14:28:28,2026-07-25 02:00:00,945,0.00,,,2517,,
1340,2026-05-27,98,192.08,Pendiente,2026-05-27 14:28:28,2026-07-25 02:00:00,946,0.00,,,2528,,
1341,2026-05-27,98,117.60,Pendiente,2026-05-27 14:28:28,2026-07-25 02:00:00,949,0.00,,,2604,,
1342,2026-05-27,69,20.70,Pendiente,2026-05-27 14:28:28,2026-06-26 02:00:01,977,0.00,,,19908,,
1343,2026-05-27,98,235.20,Pendiente,2026-05-27 14:28:28,2026-07-25 02:00:00,978,0.00,,,2637,,
1344,2026-05-27,49,29.40,Pagado,2026-05-27 14:28:28,2026-06-06 19:22:43,1201,29.40,2026-06-06 19:22:43,111113612607048,7309,Efectivo,
1345,2026-05-27,94,47.00,Pendiente,2026-05-27 14:28:28,2026-07-25 02:00:00,995,0.00,,,17880,,
1346,2026-05-27,93,148.80,Pendiente,2026-05-27 14:28:28,2026-07-25 02:00:00,919,0.00,,,1887,,
1347,2026-05-27,44,79.79,Pagado,2026-05-27 14:28:28,2026-06-06 19:33:18,1362,79.79,2026-06-06 19:33:18,111113612607048,10445,Efectivo,
1348,2026-05-27,92,98.13,Pendiente,2026-05-27 14:28:28,2026-07-25 02:00:00,1826,0.00,,,19679,,
1349,2026-05-27,92,98.13,Pendiente,2026-05-27 14:28:28,2026-07-25 02:00:00,909,0.00,,,1562,,
1350,2026-05-27,92,180.32,Pendiente,2026-05-27 14:28:28,2026-07-25 02:00:00,910,0.00,,,1605,,
1351,2026-05-27,92,147.20,Pendiente,2026-05-27 14:28:28,2026-07-25 02:00:00,911,0.00,,,1649,,
1352,2026-05-27,61,56.12,Pendiente,2026-05-27 14:28:28,2026-06-24 00:48:43,1824,0.00,,,19723,,
1353,2026-05-27,92,180.32,Pendiente,2026-05-27 14:28:28,2026-07-25 02:00:00,912,0.00,,,1672,,
1354,2026-05-27,91,218.40,Pendiente,2026-05-27 14:28:28,2026-07-25 02:00:00,942,0.00,,,2425,,
1355,2026-05-27,91,203.08,Pendiente,2026-05-27 14:28:28,2026-07-25 02:00:00,943,0.00,,,2458,,
1356,2026-05-27,91,163.80,Pendiente,2026-05-27 14:28:28,2026-07-25 02:00:00,945,0.00,,,2518,,
1357,2026-05-27,91,178.36,Pendiente,2026-05-27 14:28:28,2026-07-25 02:00:00,946,0.00,,,2529,,
1358,2026-05-27,91,109.20,Pendiente,2026-05-27 14:28:28,2026-07-25 02:00:00,949,0.00,,,2605,,
1359,2026-05-27,91,218.40,Pendiente,2026-05-27 14:28:28,2026-07-25 02:00:00,978,0.00,,,2638,,
1360,2026-05-27,42,25.20,Pagado,2026-05-27 14:28:28,2026-06-06 19:22:55,1201,25.20,2026-06-06 19:22:55,111113612607048,7310,Efectivo,
1361,2026-05-27,87,187.92,Pendiente,2026-05-27 14:28:28,2026-07-25 02:00:00,995,0.00,,,3016,,
1362,2026-05-27,87,85.84,Pendiente,2026-05-27 14:28:28,2026-07-25 02:00:00,1001,0.00,,,19902,,
1363,2026-05-27,87,3.77,Pendiente,2026-05-27 14:28:28,2026-07-25 02:00:00,1008,0.00,,,19904,,
1364,2026-05-27,87,139.20,Pendiente,2026-05-27 14:28:28,2026-07-25 02:00:00,1009,0.00,,,3311,,
1365,2026-05-27,30,32.00,Pagado,2026-05-27 14:28:28,2026-05-29 19:31:20,1380,32.00,2026-05-29 19:31:20,111113612004634,10989,Efectivo,
1366,2026-05-27,30,78.00,Pagado,2026-05-27 14:28:28,2026-05-29 19:28:52,1377,78.00,2026-05-29 19:28:52,111113612004634,10873,Efectivo,
1367,2026-05-27,30,54.40,Pagado,2026-05-27 14:28:28,2026-05-29 19:26:08,1376,54.40,2026-05-29 19:26:08,111113612004634,10842,Efectivo,
1368,2026-05-27,86,137.60,Pendiente,2026-05-27 14:28:28,2026-07-25 02:00:00,919,0.00,,,1888,,
1369,2026-05-27,37,67.09,Pagado,2026-05-27 14:28:29,2026-06-06 19:33:28,1362,67.09,2026-06-06 19:33:28,111113612607048,10446,Efectivo,
1370,2026-05-27,85,15.87,Pendiente,2026-05-27 14:28:29,2026-07-25 02:00:00,1832,0.00,,,19900,,
1371,2026-05-27,85,90.67,Pendiente,2026-05-27 14:28:29,2026-07-25 02:00:00,1826,0.00,,,19680,,
1372,2026-05-27,85,90.67,Pendiente,2026-05-27 14:28:29,2026-07-25 02:00:00,909,0.00,,,1563,,
1373,2026-05-27,54,49.68,Pendiente,2026-05-27 14:28:29,2026-06-24 00:48:43,1824,0.00,,,19724,,
1374,2026-05-27,85,136.00,Pendiente,2026-05-27 14:28:29,2026-07-25 02:00:00,911,0.00,,,1650,,
1375,2026-05-27,85,166.60,Pendiente,2026-05-27 14:28:29,2026-07-25 02:00:00,912,0.00,,,1673,,
1376,2026-05-27,85,197.77,Pendiente,2026-05-27 14:28:29,2026-07-25 02:00:00,1614,0.00,,,18828,,
1377,2026-05-27,54,57.60,Pagado,2026-05-27 14:28:29,2026-06-24 19:59:36,1537,57.60,2026-06-24 19:59:36,111113612004634,14610,Efectivo,
1378,2026-05-27,85,51.00,Pendiente,2026-05-27 14:28:29,2026-07-25 02:00:00,1528,0.00,,,14380,,
1379,2026-05-27,85,51.00,Pendiente,2026-05-27 14:28:29,2026-07-25 02:00:00,1527,0.00,,,14356,,
1380,2026-05-27,85,145.07,Pendiente,2026-05-27 14:28:29,2026-07-25 02:00:00,1431,0.00,,,12300,,
1381,2026-05-27,84,201.60,Pendiente,2026-05-27 14:28:29,2026-07-25 02:00:00,942,0.00,,,2426,,
1382,2026-05-27,84,187.46,Pendiente,2026-05-27 14:28:29,2026-07-25 02:00:00,943,0.00,,,2459,,
1383,2026-05-27,84,151.20,Pendiente,2026-05-27 14:28:29,2026-07-25 02:00:00,945,0.00,,,2519,,
1384,2026-05-27,84,164.64,Pendiente,2026-05-27 14:28:29,2026-07-25 02:00:00,946,0.00,,,2530,,
1385,2026-05-27,84,100.80,Pendiente,2026-05-27 14:28:29,2026-07-25 02:00:00,949,0.00,,,2606,,
1386,2026-05-27,84,201.60,Pendiente,2026-05-27 14:28:29,2026-07-25 02:00:00,978,0.00,,,2639,,
1387,2026-05-27,35,21.00,Pendiente,2026-05-27 14:28:29,2026-06-06 02:00:00,1201,0.00,,,7311,,
1388,2026-05-27,21,35.83,Pagado,2026-05-27 14:28:29,2026-05-27 15:03:18,876,35.83,2026-05-27 15:03:18,111113612004634,725,Efectivo,
1389,2026-05-27,21,46.20,Pagado,2026-05-27 14:28:29,2026-05-27 15:07:18,877,46.20,2026-05-27 15:07:18,111113612004634,773,Efectivo,
1390,2026-05-27,21,41.16,Pagado,2026-05-27 14:28:29,2026-05-27 15:08:23,878,41.16,2026-05-27 15:08:23,111113612004634,787,Efectivo,
1391,2026-05-27,21,22.40,Pagado,2026-05-27 14:28:29,2026-05-27 15:09:11,879,22.40,2026-05-27 15:09:11,111113612004634,815,Efectivo,
1392,2026-05-27,21,41.16,Pagado,2026-05-27 14:28:29,2026-05-27 15:10:15,880,41.16,2026-05-27 15:10:15,111113612004634,861,Efectivo,
1393,2026-05-27,21,29.40,Pagado,2026-05-27 14:28:29,2026-05-27 15:13:49,883,29.40,2026-05-27 15:13:49,111113612004634,931,Efectivo,
1394,2026-05-27,21,22.40,Pagado,2026-05-27 14:28:29,2026-05-27 15:14:41,884,22.40,2026-05-27 15:14:41,111113612004634,964,Efectivo,
1395,2026-05-27,21,29.40,Pagado,2026-05-27 14:28:29,2026-05-27 15:17:04,885,29.40,2026-05-27 15:17:04,111113612004634,1012,Efectivo,
1396,2026-05-27,21,33.60,Pagado,2026-05-27 14:28:29,2026-05-27 15:18:04,887,33.60,2026-05-27 15:18:04,111113612004634,1064,Efectivo,
1397,2026-05-27,21,16.80,Pagado,2026-05-27 14:28:29,2026-05-27 15:34:37,889,16.80,2026-05-27 15:34:37,111113612004634,1136,Efectivo,
1398,2026-05-27,21,16.80,Pagado,2026-05-27 14:28:29,2026-05-27 15:35:48,890,16.80,2026-05-27 15:35:48,111113612004634,1160,Efectivo,
1399,2026-05-27,21,12.60,Pagado,2026-05-27 14:28:29,2026-05-27 15:36:51,891,12.60,2026-05-27 15:36:51,111113612004634,1182,Efectivo,
1400,2026-05-27,21,16.80,Pagado,2026-05-27 14:28:29,2026-05-27 15:37:48,892,16.80,2026-05-27 15:37:48,111113612004634,1200,Efectivo,
1401,2026-05-27,21,16.80,Pagado,2026-05-27 14:28:29,2026-05-27 15:44:52,893,16.80,2026-05-27 15:44:52,111113612004634,1223,Efectivo,
1402,2026-05-27,21,29.40,Pagado,2026-05-27 14:28:29,2026-05-27 15:46:43,982,29.40,2026-05-27 15:46:43,111113612004634,2730,Efectivo,
1403,2026-05-27,21,29.40,Pagado,2026-05-27 14:28:29,2026-05-27 18:34:35,983,29.40,2026-05-27 18:34:35,111113612004634,2754,Efectivo,
1404,2026-05-27,21,29.40,Pagado,2026-05-27 14:28:29,2026-05-27 18:36:23,984,29.40,2026-05-27 18:36:23,111113612004634,2778,Efectivo,
1405,2026-05-27,21,14.00,Pagado,2026-05-27 14:28:29,2026-05-27 18:35:38,985,14.00,2026-05-27 18:35:38,111113612004634,2794,Efectivo,
1406,2026-05-27,21,41.16,Pagado,2026-05-27 14:28:29,2026-05-27 18:40:20,986,41.16,2026-05-27 18:40:20,111113612004634,2814,Efectivo,
1407,2026-05-27,21,14.00,Pagado,2026-05-27 14:28:29,2026-05-27 18:37:44,987,14.00,2026-05-27 18:37:44,111113612004634,2832,Efectivo,
1408,2026-05-27,21,16.80,Pagado,2026-05-27 14:28:29,2026-05-27 18:42:57,988,16.80,2026-05-27 18:42:57,111113612004634,2851,Efectivo,
1409,2026-05-27,21,31.50,Pagado,2026-05-27 14:28:29,2026-05-27 18:47:51,990,31.50,2026-05-27 18:47:51,111113612004634,2891,Efectivo,
1410,2026-05-27,80,85.33,Pendiente,2026-05-27 14:28:29,2026-07-25 02:00:00,992,0.00,,,2936,,
1411,2026-05-27,80,80.00,Pendiente,2026-05-27 14:28:29,2026-07-25 02:00:00,994,0.00,,,2993,,
1412,2026-05-27,80,172.80,Pendiente,2026-05-27 14:28:29,2026-07-25 02:00:00,995,0.00,,,3017,,
1413,2026-05-27,80,57.60,Pendiente,2026-05-27 14:28:29,2026-07-25 02:00:00,1000,0.00,,,3106,,
1414,2026-05-27,80,192.00,Pendiente,2026-05-27 14:28:29,2026-07-25 02:00:00,1001,0.00,,,3128,,
1415,2026-05-27,80,153.60,Pendiente,2026-05-27 14:28:29,2026-07-25 02:00:00,1002,0.00,,,3144,,
1416,2026-05-27,23,45.07,Pagado,2026-05-27 14:28:29,2026-05-29 19:41:37,1656,45.07,2026-05-29 19:41:37,111113612004634,16053,Efectivo,
1417,2026-05-27,80,156.80,Pendiente,2026-05-27 14:28:29,2026-07-25 02:00:00,1008,0.00,,,3298,,
1418,2026-05-27,80,128.00,Pendiente,2026-05-27 14:28:29,2026-07-25 02:00:00,1009,0.00,,,3312,,
1419,2026-05-27,21,22.40,Pagado,2026-05-27 14:28:29,2026-05-27 15:11:00,1650,22.40,2026-05-27 15:11:00,111113612004634,15896,Efectivo,
1420,2026-05-27,23,16.56,Pagado,2026-05-27 14:28:29,2026-05-29 18:23:38,1114,16.56,2026-05-29 18:23:38,111113612004634,5194,Efectivo,
1421,2026-05-27,23,16.56,Pagado,2026-05-27 14:28:29,2026-05-29 18:24:32,1115,16.56,2026-05-29 18:24:32,111113612004634,5212,Efectivo,
1422,2026-05-27,23,16.56,Pagado,2026-05-27 14:28:29,2026-05-29 18:25:34,1116,16.56,2026-05-29 18:25:34,111113612004634,5230,Efectivo,
1423,2026-05-27,23,41.40,Pagado,2026-05-27 14:28:29,2026-05-29 19:39:30,1385,41.40,2026-05-29 19:39:30,111113612004634,11138,Efectivo,
1424,2026-05-27,23,45.08,Pagado,2026-05-27 14:28:29,2026-05-29 19:34:26,1381,45.08,2026-05-29 19:34:26,111113612004634,11020,Efectivo,
1425,2026-05-27,23,24.53,Pagado,2026-05-27 14:28:29,2026-05-29 19:31:29,1380,24.53,2026-05-29 19:31:29,111113612004634,10990,Efectivo,
1426,2026-05-27,23,45.08,Pagado,2026-05-27 14:28:29,2026-05-29 19:30:16,1379,45.08,2026-05-29 19:30:16,111113612004634,10941,Efectivo,
1427,2026-05-27,23,46.61,Pagado,2026-05-27 14:28:29,2026-05-29 19:27:24,1378,46.61,2026-05-29 19:27:24,111113612004634,10894,Efectivo,
1428,2026-05-27,23,59.80,Pagado,2026-05-27 14:28:29,2026-05-29 19:29:05,1377,59.80,2026-05-29 19:29:05,111113612004634,10874,Efectivo,
1429,2026-05-27,23,41.71,Pagado,2026-05-27 14:28:29,2026-05-29 19:26:17,1376,41.71,2026-05-29 19:26:17,111113612004634,10843,Efectivo,
1430,2026-05-27,23,59.80,Pagado,2026-05-27 14:28:29,2026-05-29 19:25:11,1375,59.80,2026-05-29 19:25:11,111113612004634,10800,Efectivo,
1431,2026-05-27,23,45.08,Pagado,2026-05-27 14:28:29,2026-05-29 19:05:47,1180,45.08,2026-05-29 19:05:47,111113612004634,6847,Efectivo,
1432,2026-05-27,23,55.20,Pagado,2026-05-27 14:28:29,2026-05-29 19:08:54,1181,55.20,2026-05-29 19:08:54,111113612004634,6860,Efectivo,
1433,2026-05-27,23,45.08,Pagado,2026-05-27 14:28:29,2026-05-29 19:10:08,1182,45.08,2026-05-29 19:10:08,111113612004634,6886,Efectivo,
1434,2026-05-27,23,18.40,Pagado,2026-05-27 14:28:29,2026-05-29 19:13:56,1188,18.40,2026-05-29 19:13:56,111113612004634,7014,Efectivo,
1435,2026-05-27,23,18.40,Pagado,2026-05-27 14:28:29,2026-05-29 19:16:32,1189,18.40,2026-05-29 19:16:32,111113612004634,7034,Efectivo,
1436,2026-05-27,30,50.40,Pagado,2026-05-27 14:28:29,2026-06-06 19:16:27,894,50.40,2026-06-06 19:16:27,111113612607048,1243,Efectivo,
1437,2026-05-27,27,58.32,Pagado,2026-05-27 14:28:29,2026-06-03 17:08:40,896,58.32,2026-06-03 17:08:40,111113612607048,1280,Efectivo,
1438,2026-05-27,27,25.92,Pagado,2026-05-27 14:28:29,2026-06-03 17:17:39,902,25.92,2026-06-03 17:17:39,111113612607048,1398,Efectivo,
1439,2026-05-27,27,32.40,Pagado,2026-05-27 14:28:29,2026-06-03 17:22:45,903,32.40,2026-06-03 17:22:45,111113612607048,1417,Efectivo,
1440,2026-05-27,27,84.24,Pagado,2026-05-27 14:28:29,2026-06-03 17:29:50,904,84.24,2026-06-03 17:29:50,111113612607048,1435,Efectivo,
1441,2026-05-27,29,69.60,Pagado,2026-05-27 14:28:29,2026-06-05 20:32:05,915,69.60,2026-06-05 20:32:05,111113612004634,1745,Efectivo,
1442,2026-05-27,29,52.59,Pagado,2026-05-27 14:28:29,2026-06-05 20:31:03,916,52.59,2026-06-05 20:31:03,111113612004634,1778,Efectivo,
1443,2026-05-27,29,69.60,Pagado,2026-05-27 14:28:29,2026-06-05 20:33:13,917,69.60,2026-06-05 20:33:13,111113612004634,1817,Efectivo,
1444,2026-05-27,29,52.59,Pagado,2026-05-27 14:28:29,2026-06-05 20:34:09,918,52.59,2026-06-05 20:34:09,111113612004634,1853,Efectivo,
1445,2026-05-27,79,126.40,Pendiente,2026-05-27 14:28:29,2026-07-25 02:00:00,919,0.00,,,1889,,
1446,2026-05-27,29,69.60,Pagado,2026-05-27 14:28:29,2026-06-05 20:37:08,920,69.60,2026-06-05 20:37:08,111113612004634,1913,Efectivo,
1447,2026-05-27,29,56.84,Pagado,2026-05-27 14:28:29,2026-06-05 20:38:49,922,56.84,2026-06-05 20:38:49,111113612004634,1985,Efectivo,
1448,2026-05-27,29,38.67,Pagado,2026-05-27 14:28:29,2026-06-05 20:38:13,923,38.67,2026-06-05 20:38:13,111113612004634,2000,Efectivo,
1449,2026-05-27,29,52.20,Pagado,2026-05-27 14:28:29,2026-06-05 20:41:03,924,52.20,2026-06-05 20:41:03,111113612004634,2021,Efectivo,
1450,2026-05-27,29,56.84,Pagado,2026-05-27 14:28:29,2026-06-05 20:42:37,926,56.84,2026-06-05 20:42:37,111113612004634,2058,Efectivo,
1451,2026-05-27,29,56.84,Pagado,2026-05-27 14:28:29,2026-06-05 20:44:03,927,56.84,2026-06-05 20:44:03,111113612004634,2079,Efectivo,
1452,2026-05-27,29,30.93,Pagado,2026-05-27 14:28:29,2026-06-05 20:45:15,928,30.93,2026-06-05 20:45:15,111113612004634,2111,Efectivo,
1453,2026-05-27,41,24.60,Pendiente,2026-05-27 14:28:29,2026-06-17 02:00:01,1662,0.00,,,16210,,
1454,2026-05-27,22,43.12,Pagado,2026-05-27 14:28:29,2026-05-29 22:48:45,1136,43.12,2026-05-29 22:48:45,111113612004634,5729,Efectivo,
1455,2026-05-27,22,52.80,Pagado,2026-05-27 14:28:29,2026-05-29 22:50:18,1138,52.80,2026-05-29 22:50:18,111113612004634,5801,Efectivo,
1456,2026-05-27,79,160.11,Pendiente,2026-05-27 14:28:29,2026-07-25 02:00:00,1421,0.00,,,11993,,
1457,2026-05-27,41,127.92,Pagado,2026-05-27 14:28:29,2026-06-17 19:27:18,1391,127.92,2026-06-17 19:27:18,11119423046816,11300,Efectivo,
1458,2026-05-27,35,35.00,Pagado,2026-05-27 14:28:29,2026-06-11 14:08:03,1145,35.00,2026-06-11 14:08:03,111113612004634,5990,Efectivo,
1459,2026-05-27,41,43.73,Pagado,2026-05-27 14:28:29,2026-06-17 19:24:20,1388,43.73,2026-06-17 19:24:20,11119423046816,11245,Efectivo,
1460,2026-05-27,79,154.84,Pendiente,2026-05-27 14:28:29,2026-07-25 02:00:00,1146,0.00,,,6009,,
1461,2026-05-27,35,21.00,Pagado,2026-05-27 14:28:29,2026-06-11 14:09:09,1147,21.00,2026-06-11 14:09:09,111113612004634,6039,Efectivo,
1462,2026-05-27,27,21.60,Pagado,2026-05-27 14:28:29,2026-06-03 18:11:23,1365,21.60,2026-06-03 18:11:23,111113612607048,10537,Efectivo,
1463,2026-05-27,27,21.60,Pagado,2026-05-27 14:28:29,2026-06-03 18:10:16,1364,21.60,2026-06-03 18:10:16,111113612607048,10513,Efectivo,
1464,2026-05-27,30,36.00,Pagado,2026-05-27 14:28:29,2026-06-06 19:43:54,1363,36.00,2026-06-06 19:43:54,111113612607048,10495,Efectivo,
1465,2026-05-27,30,54.40,Pagado,2026-05-27 14:28:29,2026-06-06 19:33:38,1362,54.40,2026-06-06 19:33:38,111113612607048,10447,Efectivo,
1466,2026-05-27,30,40.00,Pagado,2026-05-27 14:28:29,2026-06-06 19:28:14,1329,40.00,2026-06-06 19:28:14,111113612607048,10304,Efectivo,
1467,2026-05-27,30,32.00,Pagado,2026-05-27 14:28:29,2026-06-06 19:25:15,1327,32.00,2026-06-06 19:25:15,111113612607048,10234,Efectivo,
1468,2026-05-27,30,32.00,Pagado,2026-05-27 14:28:29,2026-06-06 19:23:50,1325,32.00,2026-06-06 19:23:50,111113612607048,10182,Efectivo,
1469,2026-05-27,27,25.92,Pagado,2026-05-27 14:28:29,2026-06-03 17:49:06,1196,25.92,2026-06-03 17:49:06,111113612607048,7172,Efectivo,
1470,2026-05-27,27,32.40,Pagado,2026-05-27 14:28:29,2026-06-03 17:53:32,1197,32.40,2026-06-03 17:53:32,111113612607048,7195,Efectivo,
1471,2026-05-27,27,25.92,Pagado,2026-05-27 14:28:29,2026-06-03 17:55:45,1198,25.92,2026-06-03 17:55:45,111113612607048,7211,Efectivo,
1472,2026-05-27,41,49.20,Pagado,2026-05-27 14:28:29,2026-06-17 19:04:56,1200,49.20,2026-06-17 19:04:56,11119423046816,7274,Efectivo,
1473,2026-05-27,41,24.60,Pagado,2026-05-27 14:28:29,2026-06-17 19:17:19,1202,24.60,2026-06-17 19:17:19,11119423046816,7330,Efectivo,
1474,2026-05-27,78,83.20,Pendiente,2026-05-27 14:28:29,2026-07-25 02:00:00,1826,0.00,,,19681,,
1475,2026-05-27,78,83.20,Pendiente,2026-05-27 14:28:29,2026-07-25 02:00:00,909,0.00,,,1564,,
1476,2026-05-27,78,124.80,Pendiente,2026-05-27 14:28:29,2026-07-25 02:00:00,911,0.00,,,1651,,
1477,2026-05-27,78,152.88,Pendiente,2026-05-27 14:28:29,2026-07-25 02:00:00,912,0.00,,,1674,,
1478,2026-05-27,78,83.20,Pendiente,2026-05-27 14:28:29,2026-07-25 02:00:00,933,0.00,,,2232,,
1479,2026-05-27,26,24.96,Pagado,2026-05-27 14:28:29,2026-06-03 18:31:36,938,24.96,2026-06-03 18:31:36,111113612607048,2353,Efectivo,
1480,2026-05-27,26,24.96,Pagado,2026-05-27 14:28:29,2026-06-03 18:32:34,939,24.96,2026-06-03 18:32:34,111113612607048,2369,Efectivo,
1481,2026-05-27,26,18.72,Pagado,2026-05-27 14:28:29,2026-06-03 18:33:54,940,18.72,2026-06-03 18:33:54,111113612607048,2391,Efectivo,
1482,2026-05-27,26,24.96,Pagado,2026-05-27 14:28:29,2026-06-03 18:35:39,941,24.96,2026-06-03 18:35:39,111113612607048,2409,Efectivo,
1483,2026-05-27,78,139.10,Pendiente,2026-05-27 14:28:29,2026-07-25 02:00:00,1614,0.00,,,18829,,
1484,2026-05-27,40,24.00,Pagado,2026-05-27 14:28:29,2026-06-17 20:09:21,1528,24.00,2026-06-17 20:09:21,11119423046816,14381,Efectivo,
1485,2026-05-27,40,24.00,Pagado,2026-05-27 14:28:29,2026-06-17 20:08:37,1527,24.00,2026-06-17 20:08:37,11119423046816,14357,Efectivo,
1486,2026-05-27,40,48.00,Pagado,2026-05-27 14:28:29,2026-06-17 20:06:54,1526,48.00,2026-06-17 20:06:54,11119423046816,14333,Efectivo,
1487,2026-05-27,78,133.12,Pendiente,2026-05-27 14:28:29,2026-07-25 02:00:00,1431,0.00,,,12301,,
1488,2026-05-27,78,149.76,Pendiente,2026-05-27 14:28:29,2026-07-25 02:00:00,1150,0.00,,,6106,,
1489,2026-05-27,78,183.56,Pendiente,2026-05-27 14:28:29,2026-07-25 02:00:00,1156,0.00,,,6285,,
1490,2026-05-27,78,83.20,Pendiente,2026-05-27 14:28:29,2026-07-25 02:00:00,1157,0.00,,,6310,,
1491,2026-05-27,78,183.56,Pendiente,2026-05-27 14:28:29,2026-07-25 02:00:00,1158,0.00,,,6352,,
1492,2026-05-27,78,183.56,Pendiente,2026-05-27 14:28:29,2026-07-25 02:00:00,1160,0.00,,,6425,,
1493,2026-05-27,78,112.32,Pendiente,2026-05-27 14:28:29,2026-07-25 02:00:00,1171,0.00,,,6646,,
1494,2026-05-27,77,184.80,Pendiente,2026-05-27 14:28:29,2026-07-25 02:00:00,942,0.00,,,2427,,
1495,2026-05-27,77,171.84,Pendiente,2026-05-27 14:28:29,2026-07-25 02:00:00,943,0.00,,,2460,,
1496,2026-05-27,77,138.60,Pendiente,2026-05-27 14:28:29,2026-07-25 02:00:00,945,0.00,,,2520,,
1497,2026-05-27,77,150.92,Pendiente,2026-05-27 14:28:29,2026-07-25 02:00:00,946,0.00,,,2531,,
1498,2026-05-27,77,184.80,Pendiente,2026-05-27 14:28:29,2026-07-25 02:00:00,978,0.00,,,2640,,
1499,2026-05-27,77,679.11,Pendiente,2026-05-27 14:28:29,2026-07-25 02:00:00,1680,0.00,,,16628,,
1500,2026-05-27,28,16.80,Pendiente,2026-05-27 14:28:29,2026-06-06 02:00:01,1201,0.00,,,7312,,
1501,2026-05-27,34,50.42,Pagado,2026-05-27 14:28:29,2026-06-15 18:36:31,1674,50.42,2026-06-15 18:36:31,111113612004634,16459,Efectivo,
1502,2026-05-27,14,23.89,Pagado,2026-05-27 14:28:29,2026-05-27 15:03:32,876,23.89,2026-05-27 15:03:32,111113612004634,726,Efectivo,
1503,2026-05-27,73,105.12,Pendiente,2026-05-27 14:28:29,2026-07-25 02:00:01,1759,0.00,,,18257,,
1504,2026-05-27,16,15.99,Pagado,2026-05-27 14:28:29,2026-05-29 18:28:59,1752,15.99,2026-05-29 18:28:59,111113612004634,18110,Efectivo,
1505,2026-05-27,73,157.68,Pendiente,2026-05-27 14:28:29,2026-07-25 02:00:00,1750,0.00,,,18068,,
1506,2026-05-27,14,19.60,Pagado,2026-05-27 14:28:29,2026-05-27 15:33:38,1745,19.60,2026-05-27 15:33:38,111113612004634,17954,Efectivo,
1507,2026-05-27,16,9.60,Pagado,2026-05-27 14:28:29,2026-05-29 18:38:37,1743,9.60,2026-05-29 18:38:37,111113612004634,17906,Efectivo,
1508,2026-05-27,16,9.60,Pagado,2026-05-27 14:28:29,2026-05-29 18:37:31,1742,9.60,2026-05-29 18:37:31,111113612004634,17882,Efectivo,
1509,2026-05-27,14,22.40,Pagado,2026-05-27 14:28:29,2026-05-27 18:46:45,1740,22.40,2026-05-27 18:46:45,111113612004634,17844,Efectivo,
1510,2026-05-27,33,95.70,Pagado,2026-05-27 14:28:29,2026-06-15 19:07:35,1735,95.70,2026-06-15 19:07:35,11119423046816,17741,Efectivo,
1511,2026-05-27,33,95.70,Pagado,2026-05-27 14:28:29,2026-06-15 19:10:37,1734,95.70,2026-06-15 19:10:37,11119423046816,17725,Efectivo,
1512,2026-05-27,33,125.82,Pagado,2026-05-27 14:28:29,2026-06-15 19:16:18,1732,125.82,2026-06-15 19:16:18,11119423046816,17669,Efectivo,
1513,2026-05-27,16,12.80,Pagado,2026-05-27 14:28:29,2026-05-29 18:36:32,1718,12.80,2026-05-29 18:36:32,111113612004634,17390,Efectivo,
1514,2026-05-27,14,36.40,Pagado,2026-05-27 14:28:29,2026-05-27 15:02:35,1707,36.40,2026-05-27 15:02:35,111113612004634,17214,Efectivo,
1515,2026-05-27,16,10.67,Pagado,2026-05-27 14:28:29,2026-05-29 19:15:35,1706,10.67,2026-05-29 19:15:35,111113612004634,17201,Efectivo,
1516,2026-05-27,16,31.35,Pagado,2026-05-27 14:28:29,2026-05-29 19:11:15,1705,31.35,2026-05-29 19:11:15,111113612004634,17177,Efectivo,
1517,2026-05-27,16,21.33,Pagado,2026-05-27 14:28:29,2026-05-29 19:02:30,1681,21.33,2026-05-29 19:02:30,111113612004634,16653,Efectivo,
1518,2026-05-27,21,40.32,Pagado,2026-05-27 14:28:29,2026-06-03 16:48:28,1679,40.32,2026-06-03 16:48:28,111113612607048,16611,Efectivo,
1519,2026-05-27,16,38.39,Pagado,2026-05-27 14:28:29,2026-05-29 19:12:17,1678,38.39,2026-05-29 19:12:17,111113612004634,16587,Efectivo,
1520,2026-05-27,33,63.91,Pagado,2026-05-27 14:28:29,2026-06-15 19:14:54,1660,63.91,2026-06-15 19:14:54,11119423046816,16158,Efectivo,
1521,2026-05-27,33,109.56,Pagado,2026-05-27 14:28:29,2026-06-15 19:13:31,1658,109.56,2026-06-15 19:13:31,11119423046816,16128,Efectivo,
1522,2026-05-27,16,29.01,Pagado,2026-05-27 14:28:29,2026-05-29 18:34:45,1657,29.01,2026-05-29 18:34:45,111113612004634,16096,Efectivo,
1523,2026-05-27,16,31.35,Pagado,2026-05-27 14:28:29,2026-05-29 19:41:46,1656,31.35,2026-05-29 19:41:46,111113612004634,16054,Efectivo,
1524,2026-05-27,16,38.39,Pagado,2026-05-27 14:28:29,2026-05-29 18:33:45,1655,38.39,2026-05-29 18:33:45,111113612004634,16032,Efectivo,
1525,2026-05-27,73,143.06,Pendiente,2026-05-27 14:28:29,2026-07-25 02:00:01,1653,0.00,,,15996,,
1526,2026-05-27,14,11.20,Pagado,2026-05-27 14:28:29,2026-05-27 18:41:54,1652,11.20,2026-05-27 18:41:54,111113612004634,15935,Efectivo,
1527,2026-05-27,14,11.20,Pagado,2026-05-27 14:28:29,2026-05-27 18:51:59,1651,11.20,2026-05-27 18:51:59,111113612004634,15959,Efectivo,
1528,2026-05-27,14,14.93,Pagado,2026-05-27 14:28:29,2026-05-27 15:11:10,1650,14.93,2026-05-27 15:11:10,111113612004634,15897,Efectivo,
1529,2026-05-27,14,19.41,Pagado,2026-05-27 14:28:29,2026-05-27 15:05:16,1649,19.41,2026-05-27 15:05:16,111113612004634,15845,Efectivo,
1530,2026-05-27,16,15.99,Pagado,2026-05-27 14:28:29,2026-05-29 18:27:10,1634,15.99,2026-05-29 18:27:10,111113612004634,15513,Efectivo,
1531,2026-05-27,14,27.44,Pagado,2026-05-27 14:28:29,2026-05-27 15:12:37,1633,27.44,2026-05-27 15:12:37,111113612004634,15489,Efectivo,
1532,2026-05-27,14,29.87,Pagado,2026-05-27 14:28:29,2026-05-27 15:00:43,1624,29.87,2026-05-27 15:00:43,111113612004634,15249,Efectivo,
1533,2026-05-27,50,74.17,Pagado,2026-05-27 14:28:29,2026-07-02 21:05:47,1551,74.17,2026-07-02 21:05:47,111113612004634,14947,Efectivo,
1534,2026-05-27,33,125.84,Pagado,2026-05-27 14:28:29,2026-06-15 19:11:59,1548,125.84,2026-06-15 19:11:59,11119423046816,14862,Efectivo,
1535,2026-05-27,22,50.38,Pagado,2026-05-27 14:28:29,2026-06-04 22:14:29,1546,50.38,2026-06-04 22:14:29,111113612004634,14831,Efectivo,
1536,2026-05-27,33,63.91,Pagado,2026-05-27 14:28:29,2026-06-15 19:06:01,1544,63.91,2026-06-15 19:06:01,11119423046816,14781,Efectivo,
1537,2026-05-27,20,45.80,Pagado,2026-05-27 14:28:29,2026-06-02 17:20:02,1541,45.80,2026-06-02 17:20:02,111113612004634,14702,Efectivo,
1538,2026-05-27,16,28.80,Pagado,2026-05-27 14:28:29,2026-05-29 19:39:39,1385,28.80,2026-05-29 19:39:39,111113612004634,11139,Efectivo,
1539,2026-05-27,73,116.80,Pendiente,2026-05-27 14:28:29,2026-07-25 02:00:00,1384,0.00,,,11095,,
1540,2026-05-27,16,31.36,Pagado,2026-05-27 14:28:29,2026-05-29 19:34:36,1381,31.36,2026-05-29 19:34:36,111113612004634,11021,Efectivo,
1541,2026-05-27,16,17.07,Pagado,2026-05-27 14:28:29,2026-05-29 19:31:38,1380,17.07,2026-05-29 19:31:38,111113612004634,10991,Efectivo,
1542,2026-05-27,16,31.36,Pagado,2026-05-27 14:28:29,2026-05-29 19:30:24,1379,31.36,2026-05-29 19:30:24,111113612004634,10942,Efectivo,
1543,2026-05-27,16,32.43,Pagado,2026-05-27 14:28:29,2026-05-29 19:27:39,1378,32.43,2026-05-29 19:27:39,111113612004634,10895,Efectivo,
1544,2026-05-27,16,41.60,Pagado,2026-05-27 14:28:29,2026-05-29 19:29:18,1377,41.60,2026-05-29 19:29:18,111113612004634,10875,Efectivo,
1545,2026-05-27,16,29.01,Pagado,2026-05-27 14:28:29,2026-05-29 19:26:32,1376,29.01,2026-05-29 19:26:32,111113612004634,10844,Efectivo,
1546,2026-05-27,16,41.60,Pagado,2026-05-27 14:28:29,2026-05-29 19:25:20,1375,41.60,2026-05-29 19:25:20,111113612004634,10801,Efectivo,
1547,2026-05-27,73,73.00,Pendiente,2026-05-27 14:28:29,2026-07-25 02:00:00,994,0.00,,,2994,,
1548,2026-05-27,14,19.60,Pagado,2026-05-27 14:28:29,2026-05-27 15:46:53,982,19.60,2026-05-27 15:46:53,111113612004634,2731,Efectivo,
1549,2026-05-27,16,12.80,Pagado,2026-05-27 14:28:29,2026-05-29 18:32:40,1122,12.80,2026-05-29 18:32:40,111113612004634,5392,Efectivo,
1550,2026-05-27,14,11.20,Pagado,2026-05-27 14:28:29,2026-05-27 15:34:49,889,11.20,2026-05-27 15:34:49,111113612004634,1137,Efectivo,
1551,2026-05-27,14,11.20,Pagado,2026-05-27 14:28:29,2026-05-27 18:43:07,988,11.20,2026-05-27 18:43:07,111113612004634,2852,Efectivo,
1552,2026-05-27,14,19.60,Pagado,2026-05-27 14:28:29,2026-05-27 18:34:44,983,19.60,2026-05-27 18:34:44,111113612004634,2755,Efectivo,
1553,2026-05-27,16,31.36,Pagado,2026-05-27 14:28:29,2026-05-29 19:06:17,1180,31.36,2026-05-29 19:06:17,111113612004634,6848,Efectivo,
1554,2026-05-27,14,19.60,Pagado,2026-05-27 14:28:29,2026-05-27 15:17:14,885,19.60,2026-05-27 15:17:14,111113612004634,1013,Efectivo,
1555,2026-05-27,14,19.60,Pagado,2026-05-27 14:28:29,2026-05-27 15:14:00,883,19.60,2026-05-27 15:14:00,111113612004634,932,Efectivo,
1556,2026-05-27,14,14.93,Pagado,2026-05-27 14:28:29,2026-05-27 15:14:53,884,14.93,2026-05-27 15:14:53,111113612004634,965,Efectivo,
1557,2026-05-27,16,12.80,Pagado,2026-05-27 14:28:29,2026-05-29 18:31:30,1121,12.80,2026-05-29 18:31:30,111113612004634,5368,Efectivo,
1558,2026-05-27,14,22.40,Pagado,2026-05-27 14:28:29,2026-05-27 15:18:16,887,22.40,2026-05-27 15:18:16,111113612004634,1065,Efectivo,
1559,2026-05-27,16,38.40,Pagado,2026-05-27 14:28:29,2026-05-29 19:09:04,1181,38.40,2026-05-29 19:09:04,111113612004634,6861,Efectivo,
1560,2026-05-27,23,38.64,Pagado,2026-05-27 14:28:29,2026-06-06 19:16:37,894,38.64,2026-06-06 19:16:37,111113612607048,1244,Efectivo,
1561,2026-05-27,20,43.20,Pagado,2026-05-27 14:28:29,2026-06-03 17:09:08,896,43.20,2026-06-03 17:09:08,111113612607048,1281,Efectivo,
1562,2026-05-27,20,19.20,Pagado,2026-05-27 14:28:29,2026-06-03 17:17:58,902,19.20,2026-06-03 17:17:58,111113612607048,1399,Efectivo,
1563,2026-05-27,20,24.00,Pagado,2026-05-27 14:28:29,2026-06-03 17:23:11,903,24.00,2026-06-03 17:23:11,111113612607048,1418,Efectivo,
1564,2026-05-27,20,62.40,Pagado,2026-05-27 14:28:29,2026-06-03 17:30:09,904,62.40,2026-06-03 17:30:09,111113612607048,1436,Efectivo,
1565,2026-05-27,22,52.80,Pagado,2026-05-27 14:28:29,2026-06-05 20:32:17,915,52.80,2026-06-05 20:32:17,111113612004634,1746,Efectivo,
1566,2026-05-27,22,39.89,Pagado,2026-05-27 14:28:29,2026-06-05 20:31:14,916,39.89,2026-06-05 20:31:14,111113612004634,1779,Efectivo,
1567,2026-05-27,22,52.80,Pagado,2026-05-27 14:28:29,2026-06-05 20:33:24,917,52.80,2026-06-05 20:33:24,111113612004634,1818,Efectivo,
1568,2026-05-27,22,39.89,Pagado,2026-05-27 14:28:29,2026-06-05 20:34:20,918,39.89,2026-06-05 20:34:20,111113612004634,1854,Efectivo,
1569,2026-05-27,72,115.20,Pendiente,2026-05-27 14:28:29,2026-07-25 02:00:01,919,0.00,,,1890,,
1570,2026-05-27,22,52.80,Pagado,2026-05-27 14:28:29,2026-06-05 20:37:17,920,52.80,2026-06-05 20:37:17,111113612004634,1914,Efectivo,
1571,2026-05-27,22,43.12,Pagado,2026-05-27 14:28:29,2026-06-05 20:39:02,922,43.12,2026-06-05 20:39:02,111113612004634,1986,Efectivo,
1572,2026-05-27,22,29.33,Pagado,2026-05-27 14:28:29,2026-06-05 20:38:27,923,29.33,2026-06-05 20:38:27,111113612004634,2001,Efectivo,
1573,2026-05-27,22,39.60,Pagado,2026-05-27 14:28:29,2026-06-05 20:41:14,924,39.60,2026-06-05 20:41:14,111113612004634,2022,Efectivo,
1574,2026-05-27,22,43.12,Pagado,2026-05-27 14:28:29,2026-06-05 20:42:48,926,43.12,2026-06-05 20:42:48,111113612004634,2059,Efectivo,
1575,2026-05-27,22,43.12,Pagado,2026-05-27 14:28:29,2026-06-05 20:44:15,927,43.12,2026-06-05 20:44:15,111113612004634,2080,Efectivo,
1576,2026-05-27,22,23.47,Pagado,2026-05-27 14:28:29,2026-06-05 20:45:26,928,23.47,2026-06-05 20:45:26,111113612004634,2112,Efectivo,
1577,2026-05-27,22,26.40,Pagado,2026-05-27 14:28:29,2026-06-05 20:47:08,931,26.40,2026-06-05 20:47:08,111113612004634,2197,Efectivo,
1578,2026-05-27,15,29.40,Pagado,2026-05-27 14:28:29,2026-05-29 22:48:59,1136,29.40,2026-05-29 22:48:59,111113612004634,5730,Efectivo,
1579,2026-05-27,15,36.00,Pagado,2026-05-27 14:28:29,2026-05-29 22:50:35,1138,36.00,2026-05-29 22:50:35,111113612004634,5802,Efectivo,
1580,2026-05-27,72,100.80,Pendiente,2026-05-27 14:28:29,2026-07-25 02:00:01,1143,0.00,,,5932,,
1581,2026-05-27,28,28.00,Pagado,2026-05-27 14:28:29,2026-06-11 14:08:12,1145,28.00,2026-06-11 14:08:12,111113612004634,5991,Efectivo,
1582,2026-05-27,72,141.12,Pendiente,2026-05-27 14:28:29,2026-07-25 02:00:01,1146,0.00,,,6010,,
1583,2026-05-27,28,16.80,Pagado,2026-05-27 14:28:29,2026-06-11 14:09:18,1147,16.80,2026-06-11 14:09:18,111113612004634,6040,Efectivo,
1584,2026-05-27,20,19.20,Pagado,2026-05-27 14:28:29,2026-06-03 17:49:53,1196,19.20,2026-06-03 17:49:53,111113612607048,7173,Efectivo,
1585,2026-05-27,20,24.00,Pagado,2026-05-27 14:28:29,2026-06-03 17:53:50,1197,24.00,2026-06-03 17:53:50,111113612607048,7196,Efectivo,
1586,2026-05-27,20,19.20,Pagado,2026-05-27 14:28:29,2026-06-03 17:55:58,1198,19.20,2026-06-03 17:55:58,111113612607048,7212,Efectivo,
1587,2026-05-27,34,36.27,Pagado,2026-05-27 14:28:29,2026-06-17 19:03:30,1199,36.27,2026-06-17 19:03:30,11119423046816,7243,Efectivo,
1588,2026-05-27,34,40.80,Pagado,2026-05-27 14:28:29,2026-06-17 19:05:05,1200,40.80,2026-06-17 19:05:05,11119423046816,7275,Efectivo,
1589,2026-05-27,34,20.40,Pagado,2026-05-27 14:28:29,2026-06-17 19:17:29,1202,20.40,2026-06-17 19:17:29,11119423046816,7331,Efectivo,
1590,2026-05-27,23,24.53,Pagado,2026-05-27 14:28:29,2026-06-06 19:23:59,1325,24.53,2026-06-06 19:23:59,111113612607048,10183,Efectivo,
1591,2026-05-27,23,24.53,Pagado,2026-05-27 14:28:29,2026-06-06 19:25:25,1327,24.53,2026-06-06 19:25:25,111113612607048,10235,Efectivo,
1592,2026-05-27,23,30.67,Pendiente,2026-05-27 14:28:29,2026-06-06 02:00:01,1329,0.00,,,10305,,
1593,2026-05-27,23,41.71,Pagado,2026-05-27 14:28:29,2026-06-06 19:33:48,1362,41.71,2026-06-06 19:33:48,111113612607048,10448,Efectivo,
1594,2026-05-27,23,27.60,Pagado,2026-05-27 14:28:29,2026-06-06 19:44:06,1363,27.60,2026-06-06 19:44:06,111113612607048,10496,Efectivo,
1595,2026-05-27,20,16.00,Pagado,2026-05-27 14:28:29,2026-06-03 18:10:27,1364,16.00,2026-06-03 18:10:27,111113612607048,10514,Efectivo,
1596,2026-05-27,20,16.00,Pagado,2026-05-27 14:28:29,2026-06-03 18:11:41,1365,16.00,2026-06-03 18:11:41,111113612607048,10538,Efectivo,
1597,2026-05-27,34,36.27,Pagado,2026-05-27 14:28:29,2026-06-17 19:24:29,1388,36.27,2026-06-17 19:24:29,11119423046816,11246,Efectivo,
1598,2026-05-27,34,106.08,Pagado,2026-05-27 14:28:29,2026-06-17 19:27:33,1391,106.08,2026-06-17 19:27:33,11119423046816,11301,Efectivo,
1599,2026-05-27,28,20.16,Pagado,2026-05-27 14:28:29,2026-06-11 18:20:05,1396,20.16,2026-06-11 18:20:05,111113612004634,11456,Efectivo,
1600,2026-05-27,34,106.08,Pagado,2026-05-27 14:28:29,2026-06-17 19:35:06,1398,106.08,2026-06-17 19:35:06,11119423046816,11488,Efectivo,
1601,2026-05-27,72,145.92,Pendiente,2026-05-27 14:28:29,2026-07-25 02:00:01,1421,0.00,,,11994,,
1602,2026-05-27,14,29.87,Pagado,2026-05-27 14:28:29,2026-05-28 15:18:37,1425,29.87,2026-05-28 15:18:37,111113612004634,12163,Efectivo,
1603,2026-05-27,23,52.99,Pagado,2026-05-27 14:28:29,2026-06-06 19:18:49,1617,52.99,2026-06-06 19:18:49,111113612607048,15123,Efectivo,
1604,2026-05-27,23,38.64,Pagado,2026-05-27 14:28:29,2026-06-06 19:19:42,1618,38.64,2026-06-06 19:19:42,111113612607048,15141,Efectivo,
1605,2026-05-27,20,41.28,Pagado,2026-05-27 14:28:29,2026-06-03 17:36:53,1619,41.28,2026-06-03 17:36:53,111113612607048,15159,Efectivo,
1606,2026-05-27,20,33.60,Pagado,2026-05-27 14:28:29,2026-06-03 17:40:21,1620,33.60,2026-06-03 17:40:21,111113612607048,15177,Efectivo,
1607,2026-05-27,20,19.20,Pagado,2026-05-27 14:28:29,2026-06-03 17:57:22,1621,19.20,2026-06-03 17:57:22,111113612607048,15195,Efectivo,
1608,2026-05-27,20,39.19,Pagado,2026-05-27 14:28:29,2026-06-03 18:00:39,1625,39.19,2026-06-03 18:00:39,111113612607048,15297,Efectivo,
1609,2026-05-27,23,45.07,Pagado,2026-05-27 14:28:29,2026-06-06 19:27:08,1626,45.07,2026-06-06 19:27:08,111113612607048,15321,Efectivo,
1610,2026-05-27,21,41.15,Pagado,2026-05-27 14:28:29,2026-06-04 18:38:23,1627,41.15,2026-06-04 18:38:23,111113612004634,15345,Efectivo,
1611,2026-05-27,20,39.19,Pagado,2026-05-27 14:28:29,2026-06-03 17:58:54,1628,39.19,2026-06-03 17:58:54,111113612607048,15369,Efectivo,
1612,2026-05-27,23,45.07,Pagado,2026-05-27 14:28:29,2026-06-06 19:38:20,1629,45.07,2026-06-06 19:38:20,111113612607048,15393,Efectivo,
1613,2026-05-27,22,29.33,Pagado,2026-05-27 14:28:29,2026-06-05 20:40:09,1635,29.33,2026-06-05 20:40:09,111113612004634,15526,Efectivo,
1614,2026-05-27,34,20.40,Pendiente,2026-05-27 14:28:29,2026-06-17 02:00:01,1662,0.00,,,16211,,
1615,2026-05-27,34,79.97,Pagado,2026-05-27 14:28:29,2026-06-17 19:32:47,1663,79.97,2026-06-17 19:32:47,11119423046816,16222,Efectivo,
1616,2026-05-27,20,24.00,Pagado,2026-05-27 14:28:29,2026-06-03 18:15:06,1664,24.00,2026-06-03 18:15:06,111113612607048,16258,Efectivo,
1617,2026-05-27,34,65.28,Pagado,2026-05-27 14:28:29,2026-06-17 19:39:50,1665,65.28,2026-06-17 19:39:50,11119423046816,16240,Efectivo,
1618,2026-05-27,20,39.19,Pagado,2026-05-27 14:28:29,2026-06-03 18:22:34,1666,39.19,2026-06-03 18:22:34,111113612607048,16348,Efectivo,
1619,2026-05-27,20,51.99,Pagado,2026-05-27 14:28:29,2026-06-03 18:16:22,1667,51.99,2026-06-03 18:16:22,111113612607048,16324,Efectivo,
1620,2026-05-27,20,51.99,Pagado,2026-05-27 14:28:29,2026-06-03 18:19:39,1668,51.99,2026-06-03 18:19:39,111113612607048,16372,Efectivo,
1621,2026-05-27,14,36.40,Pagado,2026-05-27 14:28:29,2026-05-28 15:17:28,1670,36.40,2026-05-28 15:17:28,111113612004634,16396,Efectivo,
1622,2026-05-27,20,39.19,Pagado,2026-05-27 14:28:29,2026-06-03 18:21:26,1671,39.19,2026-06-03 18:21:26,111113612607048,16276,Efectivo,
1623,2026-05-27,32,61.97,Pagado,2026-05-27 14:28:29,2026-06-15 19:20:32,1672,61.97,2026-06-15 19:20:32,11119423046816,16420,Efectivo,
1624,2026-05-27,34,106.08,Pagado,2026-05-27 14:28:29,2026-06-17 19:22:50,1701,106.08,2026-06-17 19:22:50,11119423046816,17062,Efectivo,
1625,2026-05-27,34,33.99,Pagado,2026-05-27 14:28:29,2026-06-17 19:31:38,1709,33.99,2026-06-17 19:31:38,11119423046816,17262,Efectivo,
1626,2026-05-27,20,28.00,Pagado,2026-05-27 14:28:29,2026-06-03 18:12:46,1714,28.00,2026-06-03 18:12:46,111113612607048,17330,Efectivo,
1627,2026-05-27,28,27.99,Pagado,2026-05-27 14:28:29,2026-06-11 18:19:02,1721,27.99,2026-06-11 18:19:02,111113612004634,17445,Efectivo,
1628,2026-05-27,20,26.66,Pagado,2026-05-27 14:28:29,2026-06-03 18:04:13,1741,26.66,2026-06-03 18:04:13,111113612607048,17868,Efectivo,
1629,2026-05-27,20,47.04,Pagado,2026-05-27 14:28:29,2026-06-03 17:14:57,1748,47.04,2026-06-03 17:14:57,111113612607048,18026,Efectivo,
1630,2026-05-27,20,47.04,Pagado,2026-05-27 14:28:29,2026-06-03 17:10:58,1754,47.04,2026-06-03 17:10:58,111113612607048,18147,Efectivo,
1631,2026-05-27,34,65.28,Pagado,2026-05-27 14:28:29,2026-06-17 19:37:51,1758,65.28,2026-06-17 19:37:51,11119423046816,18239,Efectivo,
1632,2026-05-27,20,34.13,Pagado,2026-05-27 14:28:29,2026-06-03 18:02:14,1760,34.13,2026-06-03 18:02:14,111113612607048,18275,Efectivo,
1633,2026-05-27,71,75.73,Pendiente,2026-05-27 14:28:29,2026-07-25 02:00:01,909,0.00,,,1565,,
1634,2026-05-27,71,113.60,Pendiente,2026-05-27 14:28:29,2026-07-25 02:00:01,911,0.00,,,1652,,
1635,2026-05-27,71,139.16,Pendiente,2026-05-27 14:28:29,2026-07-25 02:00:01,912,0.00,,,1675,,
1636,2026-05-27,71,75.73,Pendiente,2026-05-27 14:28:29,2026-07-25 02:00:01,933,0.00,,,2233,,
1637,2026-05-27,19,18.24,Pagado,2026-05-27 14:28:29,2026-06-03 18:31:47,938,18.24,2026-06-03 18:31:47,111113612607048,2354,Efectivo,
1638,2026-05-27,19,18.24,Pagado,2026-05-27 14:28:29,2026-06-03 18:32:56,939,18.24,2026-06-03 18:32:56,111113612607048,2370,Efectivo,
1639,2026-05-27,17,12.24,Pagado,2026-05-27 14:28:29,2026-06-03 18:34:40,940,12.24,2026-06-03 18:34:40,111113612607048,2392,Efectivo,
1640,2026-05-27,19,18.24,Pagado,2026-05-27 14:28:29,2026-06-03 18:35:50,941,18.24,2026-06-03 18:35:50,111113612607048,2410,Efectivo,
1641,2026-05-27,19,102.66,Pagado,2026-05-27 14:28:29,2026-06-03 18:46:28,1023,102.66,2026-06-03 18:46:28,111113612607048,3627,Efectivo,
1642,2026-05-27,33,132.66,Pagado,2026-05-27 14:28:29,2026-06-17 20:43:31,1025,132.66,2026-06-17 20:43:31,11119423046816,3685,Efectivo,
1643,2026-05-27,33,72.60,Pagado,2026-05-27 14:28:29,2026-06-17 20:23:00,1026,72.60,2026-06-17 20:23:00,11119423046816,3721,Efectivo,
1644,2026-05-27,19,26.60,Pagado,2026-05-27 14:28:29,2026-06-03 18:49:52,1028,26.60,2026-06-03 18:49:52,111113612607048,3771,Efectivo,
1645,2026-05-27,21,33.60,Pagado,2026-05-27 14:28:29,2026-06-05 23:08:17,1029,33.60,2026-06-05 23:08:17,111113612004634,3820,Efectivo,
1646,2026-05-27,29,46.40,Pagado,2026-05-27 14:28:29,2026-06-13 16:06:47,1031,46.40,2026-06-13 16:06:47,111113612004634,3892,Efectivo,
1647,2026-05-27,33,52.80,Pagado,2026-05-27 14:28:29,2026-06-17 20:25:47,1033,52.80,2026-06-17 20:25:47,11119423046816,3951,Efectivo,
1648,2026-05-27,18,101.31,Pagado,2026-05-27 14:28:29,2026-06-03 18:52:27,1034,101.31,2026-06-03 18:52:27,111113612607048,3984,Efectivo,
1649,2026-05-27,33,35.20,Pagado,2026-05-27 14:28:29,2026-06-17 20:28:37,1038,35.20,2026-06-17 20:28:37,11119423046816,4128,Efectivo,
1650,2026-05-27,33,42.24,Pagado,2026-05-27 14:28:29,2026-06-17 20:30:19,1040,42.24,2026-06-17 20:30:19,11119423046816,4187,Efectivo,
1651,2026-05-27,33,63.36,Pagado,2026-05-27 14:28:29,2026-06-17 20:31:44,1042,63.36,2026-06-17 20:31:44,11119423046816,4262,Efectivo,
1652,2026-05-27,18,43.20,Pagado,2026-05-27 14:28:29,2026-06-03 18:57:43,1043,43.20,2026-06-03 18:57:43,111113612607048,4311,Efectivo,
1653,2026-05-27,33,35.20,Pagado,2026-05-27 14:28:29,2026-06-17 20:33:36,1044,35.20,2026-06-17 20:33:36,11119423046816,4341,Efectivo,
1654,2026-05-27,18,46.80,Pagado,2026-05-27 14:28:29,2026-06-03 18:59:48,1045,46.80,2026-06-03 18:59:48,111113612607048,4381,Efectivo,
1655,2026-05-27,19,91.64,Pagado,2026-05-27 14:28:29,2026-06-03 19:03:47,1047,91.64,2026-06-03 19:03:47,111113612607048,4415,Efectivo,
1656,2026-05-27,33,59.40,Pagado,2026-05-27 14:28:29,2026-06-17 20:38:25,1050,59.40,2026-06-17 20:38:25,11119423046816,4493,Efectivo,
1657,2026-05-27,71,136.32,Pendiente,2026-05-27 14:28:29,2026-07-25 02:00:01,1150,0.00,,,6107,,
1658,2026-05-27,71,204.48,Pendiente,2026-05-27 14:28:29,2026-07-25 02:00:01,1152,0.00,,,6172,,
1659,2026-05-27,71,75.73,Pendiente,2026-05-27 14:28:29,2026-07-25 02:00:01,1153,0.00,,,6213,,
1660,2026-05-27,71,170.40,Pendiente,2026-05-27 14:28:29,2026-07-25 02:00:01,1154,0.00,,,6238,,
1661,2026-05-27,49,141.77,Pagado,2026-05-27 14:28:29,2026-07-03 21:16:53,1155,141.77,2026-07-03 21:16:53,111113612004634,6273,Efectivo,
1662,2026-05-27,71,167.09,Pendiente,2026-05-27 14:28:29,2026-07-25 02:00:01,1156,0.00,,,6286,,
1663,2026-05-27,71,75.73,Pendiente,2026-05-27 14:28:29,2026-07-25 02:00:01,1157,0.00,,,6311,,
1664,2026-05-27,71,167.09,Pendiente,2026-05-27 14:28:29,2026-07-25 02:00:01,1158,0.00,,,6353,,
1665,2026-05-27,71,167.09,Pendiente,2026-05-27 14:28:29,2026-07-25 02:00:01,1160,0.00,,,6426,,
1666,2026-05-27,71,204.48,Pendiente,2026-05-27 14:28:29,2026-07-25 02:00:01,1161,0.00,,,6434,,
1667,2026-05-27,71,113.60,Pendiente,2026-05-27 14:28:29,2026-07-25 02:00:01,1162,0.00,,,6462,,
1668,2026-05-27,71,204.48,Pendiente,2026-05-27 14:28:29,2026-07-25 02:00:01,1163,0.00,,,6505,,
1669,2026-05-27,71,102.24,Pendiente,2026-05-27 14:28:29,2026-07-25 02:00:01,1166,0.00,,,6548,,
1670,2026-05-27,71,102.24,Pendiente,2026-05-27 14:28:29,2026-07-25 02:00:01,1167,0.00,,,6569,,
1671,2026-05-27,71,68.16,Pendiente,2026-05-27 14:28:29,2026-07-25 02:00:01,1168,0.00,,,6594,,
1672,2026-05-27,71,51.12,Pendiente,2026-05-27 14:28:29,2026-07-25 02:00:01,1169,0.00,,,6612,,
1673,2026-05-27,71,68.16,Pendiente,2026-05-27 14:28:29,2026-07-25 02:00:01,1170,0.00,,,6629,,
1674,2026-05-27,71,102.24,Pendiente,2026-05-27 14:28:29,2026-07-25 02:00:01,1171,0.00,,,6647,,
1675,2026-05-27,71,113.60,Pendiente,2026-05-27 14:28:29,2026-07-25 02:00:01,1175,0.00,,,6717,,
1676,2026-05-27,18,43.20,Pagado,2026-05-27 14:28:29,2026-06-03 20:39:12,1429,43.20,2026-06-03 20:39:12,111113612607048,12249,Efectivo,
1677,2026-05-27,19,45.60,Pagado,2026-05-27 14:28:29,2026-06-03 20:40:19,1430,45.60,2026-06-03 20:40:19,111113612607048,12276,Efectivo,
1678,2026-05-27,71,121.17,Pendiente,2026-05-27 14:28:29,2026-07-25 02:00:01,1431,0.00,,,12302,,
1679,2026-05-27,19,37.24,Pagado,2026-05-27 14:28:29,2026-06-03 20:41:16,1433,37.24,2026-06-03 20:41:16,111113612607048,12376,Efectivo,
1680,2026-05-27,35,37.33,Pagado,2026-05-27 14:28:29,2026-06-19 23:01:12,1434,37.33,2026-06-19 23:01:12,111113612004634,12427,Efectivo,
1681,2026-05-27,19,49.40,Pagado,2026-05-27 14:28:29,2026-06-03 20:42:08,1435,49.40,2026-06-03 20:42:08,111113612607048,12456,Efectivo,
1682,2026-05-27,42,76.16,Pagado,2026-05-27 14:28:29,2026-06-26 22:08:33,1436,76.16,2026-06-26 22:08:33,111113612004634,12487,Efectivo,
1683,2026-05-27,19,45.60,Pagado,2026-05-27 14:28:29,2026-06-03 20:42:54,1437,45.60,2026-06-03 20:42:54,111113612607048,12526,Efectivo,
1684,2026-05-27,63,67.20,Pagado,2026-05-27 14:28:29,2026-07-17 21:47:25,1438,67.20,2026-07-17 21:47:25,111113612004634,12562,Efectivo,
1685,2026-05-27,19,26.60,Pagado,2026-05-27 14:28:29,2026-06-03 20:43:39,1439,26.60,2026-06-03 20:43:39,111113612607048,12598,Efectivo,
1686,2026-05-27,63,120.96,Pagado,2026-05-27 14:28:29,2026-07-17 22:38:55,1440,120.96,2026-07-17 22:38:55,111113612004634,12635,Efectivo,
1687,2026-05-27,19,15.20,Pagado,2026-05-27 14:28:29,2026-06-03 20:44:34,1441,15.20,2026-06-03 20:44:34,111113612607048,12670,Efectivo,
1688,2026-05-27,19,45.60,Pagado,2026-05-27 14:28:29,2026-06-03 20:46:23,1442,45.60,2026-06-03 20:46:23,111113612607048,12699,Efectivo,
1689,2026-05-27,36,57.60,Pagado,2026-05-27 14:28:29,2026-06-20 17:23:51,1443,57.60,2026-06-20 17:23:51,111113612004634,12747,Efectivo,
1690,2026-05-27,14,14.93,Pagado,2026-05-27 14:28:29,2026-05-29 23:24:11,1444,14.93,2026-05-29 23:24:11,111113612004634,12791,Efectivo,
1691,2026-05-27,71,75.73,Pendiente,2026-05-27 14:28:29,2026-07-25 02:00:01,1446,0.00,,,12850,,
1692,2026-05-27,19,26.60,Pagado,2026-05-27 14:28:29,2026-06-03 20:49:05,1447,26.60,2026-06-03 20:49:05,111113612607048,12891,Efectivo,
1693,2026-05-27,19,16.21,Pagado,2026-05-27 14:28:29,2026-06-03 20:49:57,1450,16.21,2026-06-03 20:49:57,111113612607048,12957,Efectivo,
1694,2026-05-27,17,14.51,Pagado,2026-05-27 14:28:29,2026-06-01 20:57:08,1455,14.51,2026-06-01 20:57:08,111113612004634,13092,Efectivo,
1695,2026-05-27,19,45.60,Pagado,2026-05-27 14:28:29,2026-06-03 20:53:20,1457,45.60,2026-06-03 20:53:20,111113612607048,13136,Efectivo,
1696,2026-05-27,35,37.33,Pagado,2026-05-27 14:28:29,2026-06-19 22:50:43,1485,37.33,2026-06-19 22:50:43,111113612004634,13188,Efectivo,
1697,2026-05-27,19,20.27,Pagado,2026-05-27 14:28:29,2026-06-03 20:55:06,1489,20.27,2026-06-03 20:55:06,111113612607048,13284,Efectivo,
1698,2026-05-27,71,47.33,Pendiente,2026-05-27 14:28:29,2026-07-25 02:00:01,1492,0.00,,,13375,,
1699,2026-05-27,19,91.64,Pagado,2026-05-27 14:28:29,2026-06-03 20:57:29,1493,91.64,2026-06-03 20:57:29,111113612607048,13397,Efectivo,
1700,2026-05-27,17,40.80,Pagado,2026-05-27 14:28:29,2026-06-30 05:32:51,1494,40.80,2026-06-01 20:31:43,111113612004634,13432,Efectivo,
1701,2026-05-27,17,18.13,Pagado,2026-05-27 14:28:29,2026-06-01 20:32:58,1495,18.13,2026-06-01 20:32:58,111113612004634,13478,Efectivo,
1702,2026-05-27,19,22.80,Pagado,2026-05-27 14:28:29,2026-06-03 20:58:32,1496,22.80,2026-06-03 20:58:32,111113612607048,13499,Efectivo,
1703,2026-05-27,19,15.20,Pagado,2026-05-27 14:28:29,2026-06-03 20:59:25,1497,15.20,2026-06-03 20:59:25,111113612607048,13523,Efectivo,
1704,2026-05-27,19,16.21,Pagado,2026-05-27 14:28:29,2026-06-03 21:00:21,1500,16.21,2026-06-03 21:00:21,111113612607048,13604,Efectivo,
1705,2026-05-27,17,20.40,Pagado,2026-05-27 14:28:29,2026-06-30 05:32:51,1501,20.40,2026-06-01 20:45:49,111113612004634,13647,Efectivo,
1706,2026-05-27,19,26.60,Pagado,2026-05-27 14:28:29,2026-06-03 21:01:51,1502,26.60,2026-06-03 21:01:51,111113612607048,13664,Efectivo,
1707,2026-05-27,19,26.60,Pagado,2026-05-27 14:28:29,2026-06-03 21:02:54,1503,26.60,2026-06-03 21:02:54,111113612607048,13687,Efectivo,
1708,2026-05-27,19,15.20,Pagado,2026-05-27 14:28:29,2026-06-03 21:04:44,1506,15.20,2026-06-03 21:04:44,111113612607048,13755,Efectivo,
1709,2026-05-27,19,11.40,Pagado,2026-05-27 14:28:29,2026-06-03 21:05:39,1507,11.40,2026-06-03 21:05:39,111113612607048,13779,Efectivo,
1710,2026-05-27,19,15.20,Pagado,2026-05-27 14:28:29,2026-06-03 21:06:29,1508,15.20,2026-06-03 21:06:29,111113612607048,13798,Efectivo,
1711,2026-05-27,19,26.60,Pagado,2026-05-27 14:28:29,2026-06-03 19:27:57,1510,26.60,2026-06-03 19:27:57,111113612607048,13848,Efectivo,
1712,2026-05-27,56,44.80,Pagado,2026-05-27 14:28:29,2026-07-10 19:48:19,1511,44.80,2026-07-10 19:48:19,111113612004634,13877,Efectivo,
1713,2026-05-27,45,105.90,Pagado,2026-05-27 14:28:29,2026-06-29 22:01:20,1515,105.90,2026-06-29 22:01:20,111113612004634,13938,Efectivo,
1714,2026-05-27,71,119.28,Pendiente,2026-05-27 14:28:29,2026-07-25 02:00:01,1516,0.00,,,13962,,
1715,2026-05-27,71,221.52,Pendiente,2026-05-27 14:28:29,2026-07-25 02:00:01,1517,0.00,,,13979,,
1716,2026-05-27,71,121.17,Pendiente,2026-05-27 14:28:29,2026-07-25 02:00:01,1518,0.00,,,13992,,
1717,2026-05-27,45,48.00,Pagado,2026-05-27 14:28:29,2026-06-29 22:14:26,1520,48.00,2026-06-29 22:14:26,111113612004634,14081,Efectivo,
1718,2026-05-27,33,52.80,Pagado,2026-05-27 14:28:29,2026-06-17 19:50:30,1525,52.80,2026-06-17 19:50:30,11119423046816,14308,Efectivo,
1719,2026-05-27,33,39.60,Pagado,2026-05-27 14:28:29,2026-06-17 20:07:05,1526,39.60,2026-06-17 20:07:05,11119423046816,14334,Efectivo,
1720,2026-05-27,71,42.60,Pendiente,2026-05-27 14:28:29,2026-07-25 02:00:01,1527,0.00,,,14358,,
1721,2026-05-27,71,42.60,Pendiente,2026-05-27 14:28:29,2026-07-25 02:00:01,1528,0.00,,,14382,,
1722,2026-05-27,33,79.20,Pagado,2026-05-27 14:28:29,2026-06-17 19:55:10,1529,79.20,2026-06-17 19:55:10,11119423046816,14402,Efectivo,
1723,2026-05-27,71,221.52,Pendiente,2026-05-27 14:28:29,2026-07-25 02:00:01,1614,0.00,,,15074,,
1724,2026-05-27,71,102.24,Pendiente,2026-05-27 14:28:29,2026-07-25 02:00:01,1615,0.00,,,15092,,
1725,2026-05-27,71,47.33,Pendiente,2026-05-27 14:28:29,2026-07-25 02:00:01,1616,0.00,,,15110,,
1726,2026-05-27,14,33.60,Pagado,2026-05-27 14:28:29,2026-05-29 23:23:06,1630,33.60,2026-05-29 23:23:06,111113612004634,15417,Efectivo,
1727,2026-05-27,71,170.38,Pendiente,2026-05-27 14:28:29,2026-07-25 02:00:01,1632,0.00,,,15465,,
1728,2026-05-27,19,13.68,Pagado,2026-05-27 14:28:29,2026-06-03 18:44:02,1636,13.68,2026-06-03 18:44:02,111113612607048,15544,Efectivo,
1729,2026-05-27,19,27.36,Pagado,2026-05-27 14:28:29,2026-06-03 18:43:08,1637,27.36,2026-06-03 18:43:08,111113612607048,15557,Efectivo,
1730,2026-05-27,19,27.36,Pagado,2026-05-27 14:28:29,2026-06-03 18:41:11,1638,27.36,2026-06-03 18:41:11,111113612607048,15575,Efectivo,
1731,2026-05-27,19,22.80,Pagado,2026-05-27 14:28:29,2026-06-03 18:42:07,1639,22.80,2026-06-03 18:42:07,111113612607048,15593,Efectivo,
1732,2026-05-27,19,13.68,Pagado,2026-05-27 14:28:29,2026-06-03 18:45:14,1640,13.68,2026-06-03 18:45:14,111113612607048,15611,Efectivo,
1733,2026-05-27,19,20.27,Pagado,2026-05-27 14:28:29,2026-06-03 20:50:46,1644,20.27,2026-06-03 20:50:46,111113612607048,15690,Efectivo,
1734,2026-05-27,19,15.20,Pagado,2026-05-27 14:28:29,2026-06-03 19:31:42,1673,15.20,2026-06-03 19:31:42,111113612607048,16437,Efectivo,
1735,2026-05-27,19,44.69,Pagado,2026-05-27 14:28:29,2026-06-03 19:16:15,1685,44.69,2026-06-03 19:16:15,111113612607048,16754,Efectivo,
1736,2026-05-27,19,44.69,Pagado,2026-05-27 14:28:29,2026-06-03 19:21:10,1686,44.69,2026-06-03 19:21:10,111113612607048,16772,Efectivo,
1737,2026-05-27,19,27.36,Pagado,2026-05-27 14:28:29,2026-06-03 19:15:04,1687,27.36,2026-06-03 19:15:04,111113612607048,16790,Efectivo,
1738,2026-05-27,19,44.69,Pagado,2026-05-27 14:28:29,2026-06-03 19:09:56,1688,44.69,2026-06-03 19:09:56,111113612607048,16808,Efectivo,
1739,2026-05-27,19,44.69,Pagado,2026-05-27 14:28:29,2026-06-03 19:24:38,1689,44.69,2026-06-03 19:24:38,111113612607048,16826,Efectivo,
1740,2026-05-27,19,45.59,Pagado,2026-05-27 14:28:29,2026-06-03 18:51:14,1690,45.59,2026-06-03 18:51:14,111113612607048,16844,Efectivo,
1741,2026-05-27,19,18.24,Pagado,2026-05-27 14:28:29,2026-06-03 18:37:23,1692,18.24,2026-06-03 18:37:23,111113612607048,16892,Efectivo,
1742,2026-05-27,19,37.23,Pagado,2026-05-27 14:28:29,2026-06-03 20:51:51,1694,37.23,2026-06-03 20:51:51,111113612607048,16928,Efectivo,
1743,2026-05-27,33,43.99,Pagado,2026-05-27 14:28:29,2026-06-17 20:35:02,1695,43.99,2026-06-17 20:35:02,11119423046816,16952,Efectivo,
1744,2026-05-27,19,18.24,Pagado,2026-05-27 14:28:29,2026-06-03 18:38:24,1699,18.24,2026-06-03 18:38:24,111113612607048,17025,Efectivo,
1745,2026-05-27,19,44.69,Pagado,2026-05-27 14:28:29,2026-06-03 18:25:57,1715,44.69,2026-06-03 18:25:57,111113612607048,17354,Efectivo,
1746,2026-05-27,19,27.36,Pagado,2026-05-27 14:28:29,2026-06-03 18:29:43,1716,27.36,2026-06-03 18:29:43,111113612607048,17372,Efectivo,
1747,2026-05-27,19,31.92,Pagado,2026-05-27 14:28:29,2026-06-03 18:27:02,1755,31.92,2026-06-03 18:27:02,111113612607048,18165,Efectivo,
1748,2026-05-27,71,84.54,Pendiente,2026-05-27 14:28:29,2026-07-25 02:00:01,1756,0.00,,,18183,,
1749,2026-05-27,71,75.73,Pendiente,2026-05-27 14:28:29,2026-07-25 02:00:01,1826,0.00,,,19682,,
1750,2026-05-27,71,13.25,Pendiente,2026-05-27 14:28:29,2026-07-25 02:00:01,1832,0.00,,,19901,,
1751,2026-05-27,70,168.00,Pendiente,2026-05-27 14:28:29,2026-07-25 02:00:01,942,0.00,,,2428,,
1752,2026-05-27,70,156.22,Pendiente,2026-05-27 14:28:29,2026-07-25 02:00:01,943,0.00,,,2461,,
1753,2026-05-27,70,126.00,Pendiente,2026-05-27 14:28:29,2026-07-25 02:00:01,945,0.00,,,2521,,
1754,2026-05-27,70,137.20,Pendiente,2026-05-27 14:28:29,2026-07-25 02:00:01,946,0.00,,,2532,,
1755,2026-05-27,70,168.00,Pendiente,2026-05-27 14:28:29,2026-07-25 02:00:01,978,0.00,,,2641,,
1756,2026-05-27,18,22.56,Pagado,2026-05-27 14:28:29,2026-06-03 20:16:35,1069,22.56,2026-06-03 20:16:35,111113612607048,19906,Efectivo,
1757,2026-05-27,70,617.38,Pendiente,2026-05-27 14:28:29,2026-07-25 02:00:01,1680,0.00,,,16629,,
1758,2026-05-27,27,40.04,Pagado,2026-05-27 14:28:29,2026-06-15 18:36:44,1674,40.04,2026-06-15 18:36:44,111113612004634,16460,Efectivo,
1759,2026-05-27,27,40.04,Pagado,2026-05-27 14:28:29,2026-06-15 18:58:58,1768,40.04,2026-06-15 18:58:58,11119423046816,18485,Efectivo,
1760,2026-05-27,7,11.94,Pagado,2026-05-27 14:28:29,2026-05-27 15:03:43,876,11.94,2026-05-27 15:03:43,111113612004634,727,Efectivo,
1761,2026-05-27,7,15.40,Pagado,2026-05-27 14:28:29,2026-05-27 15:07:38,877,15.40,2026-05-27 15:07:38,111113612004634,775,Efectivo,
1762,2026-05-27,7,13.72,Pagado,2026-05-27 14:28:29,2026-05-27 15:08:40,878,13.72,2026-05-27 15:08:40,111113612004634,789,Efectivo,
1763,2026-05-27,7,7.47,Pagado,2026-05-27 14:28:29,2026-05-27 15:09:29,879,7.47,2026-05-27 15:09:29,111113612004634,817,Efectivo,
1764,2026-05-27,7,13.72,Pagado,2026-05-27 14:28:29,2026-05-27 15:10:33,880,13.72,2026-05-27 15:10:33,111113612004634,863,Efectivo,
1765,2026-05-27,7,9.80,Pagado,2026-05-27 14:28:29,2026-05-27 15:14:09,883,9.80,2026-05-27 15:14:09,111113612004634,933,Efectivo,
1766,2026-05-27,7,7.47,Pagado,2026-05-27 14:28:29,2026-05-27 15:15:04,884,7.47,2026-05-27 15:15:04,111113612004634,966,Efectivo,
1767,2026-05-27,7,9.80,Pagado,2026-05-27 14:28:29,2026-05-27 15:17:23,885,9.80,2026-05-27 15:17:23,111113612004634,1014,Efectivo,
1768,2026-05-27,7,11.20,Pagado,2026-05-27 14:28:29,2026-05-27 15:18:59,887,11.20,2026-05-27 15:18:59,111113612004634,1066,Efectivo,
1769,2026-05-27,7,5.60,Pagado,2026-05-27 14:28:29,2026-05-27 15:34:59,889,5.60,2026-05-27 15:34:59,111113612004634,1138,Efectivo,
1770,2026-05-27,7,5.60,Pagado,2026-05-27 14:28:29,2026-05-27 15:36:12,890,5.60,2026-05-27 15:36:12,111113612004634,1162,Efectivo,
1771,2026-05-27,7,4.20,Pagado,2026-05-27 14:28:29,2026-05-27 15:37:09,891,4.20,2026-05-27 15:37:09,111113612004634,1184,Efectivo,
1772,2026-05-27,7,5.60,Pagado,2026-05-27 14:28:29,2026-05-27 15:38:10,892,5.60,2026-05-27 15:38:10,111113612004634,1202,Efectivo,
1773,2026-05-27,7,5.60,Pagado,2026-05-27 14:28:29,2026-05-27 15:45:09,893,5.60,2026-05-27 15:45:09,111113612004634,1225,Efectivo,
1774,2026-05-27,7,9.80,Pagado,2026-05-27 14:28:29,2026-06-30 05:32:51,982,9.80,2026-06-10 20:20:13,111113612004634,2732,Efectivo,
1775,2026-05-27,7,9.80,Pagado,2026-05-27 14:28:29,2026-05-27 18:34:54,983,9.80,2026-05-27 18:34:54,111113612004634,2756,Efectivo,
1776,2026-05-27,7,9.80,Pagado,2026-05-27 14:28:29,2026-05-27 18:37:07,984,9.80,2026-05-27 18:37:07,111113612004634,2780,Efectivo,
1777,2026-05-27,7,4.67,Pagado,2026-05-27 14:28:29,2026-05-27 18:35:55,985,4.67,2026-05-27 18:35:55,111113612004634,2796,Efectivo,
1778,2026-05-27,7,13.72,Pagado,2026-05-27 14:28:29,2026-05-27 18:40:54,986,13.72,2026-05-27 18:40:54,111113612004634,2816,Efectivo,
1779,2026-05-27,7,4.67,Pagado,2026-05-27 14:28:29,2026-05-27 18:38:01,987,4.67,2026-05-27 18:38:01,111113612004634,2834,Efectivo,
1780,2026-05-27,7,5.60,Pagado,2026-05-27 14:28:29,2026-05-27 18:43:18,988,5.60,2026-05-27 18:43:18,111113612004634,2853,Efectivo,
1781,2026-05-27,7,10.50,Pagado,2026-05-27 14:28:29,2026-05-27 18:48:12,990,10.50,2026-05-27 18:48:12,111113612004634,2893,Efectivo,
1782,2026-05-27,66,70.40,Pendiente,2026-05-27 14:28:29,2026-07-25 02:00:01,992,0.00,,,2938,,
1783,2026-05-27,66,66.00,Pendiente,2026-05-27 14:28:29,2026-07-25 02:00:01,994,0.00,,,2995,,
1784,2026-05-27,66,47.52,Pendiente,2026-05-27 14:28:29,2026-07-25 02:00:01,1000,0.00,,,3108,,
1785,2026-05-27,66,158.40,Pendiente,2026-05-27 14:28:29,2026-07-25 02:00:01,1001,0.00,,,3130,,
1786,2026-05-27,66,126.72,Pendiente,2026-05-27 14:28:29,2026-07-25 02:00:01,1002,0.00,,,3146,,
1787,2026-05-27,66,129.36,Pendiente,2026-05-27 14:28:29,2026-07-25 02:00:01,1003,0.00,,,3202,,
1788,2026-05-27,66,129.36,Pendiente,2026-05-27 14:28:29,2026-07-25 02:00:01,1005,0.00,,,3239,,
1789,2026-05-27,66,129.36,Pendiente,2026-05-27 14:28:29,2026-07-25 02:00:01,1008,0.00,,,3300,,
1790,2026-05-27,66,105.60,Pendiente,2026-05-27 14:28:29,2026-07-25 02:00:01,1009,0.00,,,3314,,
1791,2026-05-27,66,118.80,Pendiente,2026-05-27 14:28:29,2026-07-25 02:00:01,1010,0.00,,,3372,,
1792,2026-05-27,9,6.48,Pagado,2026-05-27 14:28:29,2026-05-29 18:23:56,1114,6.48,2026-05-29 18:23:56,111113612004634,5196,Efectivo,
1793,2026-05-27,9,6.48,Pagado,2026-05-27 14:28:29,2026-05-29 18:24:51,1115,6.48,2026-05-29 18:24:51,111113612004634,5214,Efectivo,
1794,2026-05-27,9,6.48,Pagado,2026-05-27 14:28:29,2026-05-29 18:25:55,1116,6.48,2026-05-29 18:25:55,111113612004634,5232,Efectivo,
1795,2026-05-27,9,7.20,Pagado,2026-05-27 14:28:29,2026-05-29 18:28:10,1117,7.20,2026-05-29 18:28:10,111113612004634,5249,Efectivo,
1796,2026-05-27,9,7.20,Pagado,2026-05-27 14:28:29,2026-05-29 18:30:00,1118,7.20,2026-05-29 18:30:00,111113612004634,5273,Efectivo,
1797,2026-05-27,9,7.20,Pagado,2026-05-27 14:28:29,2026-05-29 18:31:44,1121,7.20,2026-05-29 18:31:44,111113612004634,5369,Efectivo,
1798,2026-05-27,9,7.20,Pagado,2026-05-27 14:28:29,2026-05-29 18:32:50,1122,7.20,2026-05-29 18:32:50,111113612004634,5393,Efectivo,
1799,2026-05-27,9,17.64,Pagado,2026-05-27 14:28:29,2026-05-29 19:06:32,1180,17.64,2026-05-29 19:06:32,111113612004634,6849,Efectivo,
1800,2026-05-27,9,21.60,Pagado,2026-05-27 14:28:29,2026-05-29 19:09:15,1181,21.60,2026-05-29 19:09:15,111113612004634,6862,Efectivo,
1801,2026-05-27,9,17.64,Pagado,2026-05-27 14:28:29,2026-05-29 19:10:31,1182,17.64,2026-05-29 19:10:31,111113612004634,6888,Efectivo,
1802,2026-05-27,9,7.20,Pagado,2026-05-27 14:28:29,2026-05-29 19:14:15,1188,7.20,2026-05-29 19:14:15,111113612004634,7016,Efectivo,
1803,2026-05-27,9,7.20,Pagado,2026-05-27 14:28:29,2026-05-29 19:16:51,1189,7.20,2026-05-29 19:16:51,111113612004634,7036,Efectivo,
1804,2026-05-27,9,7.20,Pagado,2026-05-27 14:28:29,2026-05-29 19:18:12,1190,7.20,2026-05-29 19:18:12,111113612004634,7056,Efectivo,
1805,2026-05-27,9,23.40,Pagado,2026-05-27 14:28:29,2026-05-29 19:25:30,1375,23.40,2026-05-29 19:25:30,111113612004634,10802,Efectivo,
1806,2026-05-27,9,16.32,Pagado,2026-05-27 14:28:29,2026-05-29 19:26:42,1376,16.32,2026-05-29 19:26:42,111113612004634,10845,Efectivo,
1807,2026-05-27,9,23.40,Pagado,2026-05-27 14:28:29,2026-05-29 19:29:27,1377,23.40,2026-05-29 19:29:27,111113612004634,10876,Efectivo,
1808,2026-05-27,9,18.24,Pagado,2026-05-27 14:28:29,2026-05-29 19:27:50,1378,18.24,2026-05-29 19:27:50,111113612004634,10896,Efectivo,
1809,2026-05-27,9,17.64,Pagado,2026-05-27 14:28:29,2026-05-29 19:30:33,1379,17.64,2026-05-29 19:30:33,111113612004634,10943,Efectivo,
1810,2026-05-27,9,9.60,Pagado,2026-05-27 14:28:29,2026-05-29 19:31:47,1380,9.60,2026-05-29 19:31:47,111113612004634,10992,Efectivo,
1811,2026-05-27,9,17.64,Pagado,2026-05-27 14:28:29,2026-06-30 05:32:51,1381,17.64,2026-05-29 19:36:04,111113612004634,11022,Efectivo,
1812,2026-05-27,66,105.60,Pendiente,2026-05-27 14:28:29,2026-07-25 02:00:01,1384,0.00,,,11096,,
1813,2026-05-27,9,16.20,Pagado,2026-05-27 14:28:29,2026-05-29 19:40:10,1385,16.20,2026-05-29 19:40:10,111113612004634,11140,Efectivo,
1814,2026-05-27,13,29.77,Pagado,2026-05-27 14:28:29,2026-06-02 17:20:14,1541,29.77,2026-06-02 17:20:14,111113612004634,14703,Efectivo,
1815,2026-05-27,26,50.35,Pagado,2026-05-27 14:28:29,2026-06-15 19:06:10,1544,50.35,2026-06-15 19:06:10,11119423046816,14782,Efectivo,
1816,2026-05-27,15,34.35,Pagado,2026-05-27 14:28:29,2026-06-04 22:15:15,1546,34.35,2026-06-04 22:15:15,111113612004634,14832,Efectivo,
1817,2026-05-27,26,99.15,Pagado,2026-05-27 14:28:29,2026-06-15 19:12:09,1548,99.15,2026-06-15 19:12:09,11119423046816,14863,Efectivo,
1818,2026-05-27,43,63.78,Pagado,2026-05-27 14:28:29,2026-07-02 21:06:05,1551,63.78,2026-07-02 21:06:05,111113612004634,14948,Efectivo,
1819,2026-05-27,7,14.93,Pagado,2026-05-27 14:28:29,2026-05-27 15:00:54,1624,14.93,2026-05-27 15:00:54,111113612004634,15250,Efectivo,
1820,2026-05-27,66,118.80,Pendiente,2026-05-27 14:28:29,2026-07-25 02:00:01,1631,0.00,,,15442,,
1821,2026-05-27,7,13.72,Pagado,2026-05-27 14:28:29,2026-06-30 05:32:51,1633,13.72,2026-05-27 15:13:19,111113612004634,15490,Efectivo,
1822,2026-05-27,9,9.00,Pagado,2026-05-27 14:28:29,2026-05-29 18:27:21,1634,9.00,2026-05-29 18:27:21,111113612004634,15514,Efectivo,
1823,2026-05-27,7,9.71,Pagado,2026-05-27 14:28:29,2026-05-27 15:05:28,1649,9.71,2026-05-27 15:05:28,111113612004634,15846,Efectivo,
1824,2026-05-27,7,7.47,Pagado,2026-05-27 14:28:29,2026-05-27 15:11:26,1650,7.47,2026-05-27 15:11:26,111113612004634,15898,Efectivo,
1825,2026-05-27,7,5.60,Pagado,2026-05-27 14:28:29,2026-05-27 18:52:10,1651,5.60,2026-05-27 18:52:10,111113612004634,15960,Efectivo,
1826,2026-05-27,7,5.60,Pagado,2026-05-27 14:28:29,2026-05-27 18:42:05,1652,5.60,2026-05-27 18:42:05,111113612004634,15936,Efectivo,
1827,2026-05-27,66,129.34,Pendiente,2026-05-27 14:28:29,2026-07-25 02:00:01,1653,0.00,,,15997,,
1828,2026-05-27,9,21.60,Pagado,2026-05-27 14:28:29,2026-05-29 18:33:55,1655,21.60,2026-05-29 18:33:55,111113612004634,16033,Efectivo,
1829,2026-05-27,9,17.64,Pagado,2026-05-27 14:28:29,2026-05-29 19:41:55,1656,17.64,2026-05-29 19:41:55,111113612004634,16055,Efectivo,
1830,2026-05-27,9,16.32,Pagado,2026-05-27 14:28:29,2026-05-29 18:35:05,1657,16.32,2026-05-29 18:35:05,111113612004634,16097,Efectivo,
1831,2026-05-27,26,86.32,Pagado,2026-05-27 14:28:29,2026-06-15 19:13:41,1658,86.32,2026-06-15 19:13:41,11119423046816,16129,Efectivo,
1832,2026-05-27,26,50.35,Pagado,2026-05-27 14:28:29,2026-06-15 19:15:03,1660,50.35,2026-06-15 19:15:03,11119423046816,16159,Efectivo,
1833,2026-05-27,9,16.32,Pagado,2026-05-27 14:28:29,2026-05-29 19:20:56,1675,16.32,2026-05-29 19:20:56,111113612004634,16476,Efectivo,
1834,2026-05-27,9,21.60,Pagado,2026-05-27 14:28:29,2026-05-29 19:12:27,1678,21.60,2026-05-29 19:12:27,111113612004634,16588,Efectivo,
1835,2026-05-27,14,26.88,Pagado,2026-05-27 14:28:29,2026-06-03 16:48:47,1679,26.88,2026-06-03 16:48:47,111113612607048,16612,Efectivo,
1836,2026-05-27,9,12.00,Pagado,2026-05-27 14:28:29,2026-05-29 19:05:02,1681,12.00,2026-05-29 19:05:02,111113612004634,16654,Efectivo,
1837,2026-05-27,9,17.64,Pagado,2026-05-27 14:28:29,2026-05-29 19:11:26,1705,17.64,2026-05-29 19:11:26,111113612004634,17178,Efectivo,
1838,2026-05-27,9,6.00,Pagado,2026-05-27 14:28:29,2026-05-29 19:15:43,1706,6.00,2026-05-29 19:15:43,111113612004634,17202,Efectivo,
1839,2026-05-27,7,18.20,Pagado,2026-05-27 14:28:29,2026-05-27 15:02:48,1707,18.20,2026-05-27 15:02:48,111113612004634,17215,Efectivo,
1840,2026-05-27,9,7.20,Pagado,2026-05-27 14:28:29,2026-05-29 18:36:43,1718,7.20,2026-05-29 18:36:43,111113612004634,17391,Efectivo,
1841,2026-05-27,26,99.13,Pagado,2026-05-27 14:28:29,2026-06-15 19:16:29,1732,99.13,2026-06-15 19:16:29,11119423046816,17670,Efectivo,
1842,2026-05-27,26,75.40,Pagado,2026-05-27 14:28:29,2026-06-15 19:10:47,1734,75.40,2026-06-15 19:10:47,11119423046816,17726,Efectivo,
1843,2026-05-27,26,75.40,Pagado,2026-05-27 14:28:29,2026-06-15 19:07:45,1735,75.40,2026-06-15 19:07:45,11119423046816,17742,Efectivo,
1844,2026-05-27,7,11.20,Pagado,2026-05-27 14:28:29,2026-05-27 18:46:57,1740,11.20,2026-05-27 18:46:57,111113612004634,17845,Efectivo,
1845,2026-05-27,9,5.40,Pagado,2026-05-27 14:28:29,2026-05-29 18:37:41,1742,5.40,2026-05-29 18:37:41,111113612004634,17883,Efectivo,
1846,2026-05-27,9,5.40,Pagado,2026-05-27 14:28:29,2026-05-29 18:38:47,1743,5.40,2026-05-29 18:38:47,111113612004634,17907,Efectivo,
1847,2026-05-27,7,9.80,Pagado,2026-05-27 14:28:29,2026-05-27 15:33:48,1745,9.80,2026-05-27 15:33:48,111113612004634,17955,Efectivo,
1848,2026-05-27,66,142.56,Pendiente,2026-05-27 14:28:29,2026-07-25 02:00:01,1750,0.00,,,18069,,
1849,2026-05-27,9,9.00,Pagado,2026-05-27 14:28:29,2026-05-29 18:29:09,1752,9.00,2026-05-29 18:29:09,111113612004634,18111,Efectivo,
1850,2026-05-27,66,95.04,Pendiente,2026-05-27 14:28:29,2026-07-25 02:00:01,1759,0.00,,,18258,,
1851,2026-05-27,26,118.95,Pagado,2026-05-27 14:28:29,2026-06-15 19:04:33,1761,118.95,2026-06-15 19:04:33,11119423046816,18323,Efectivo,
1852,2026-05-27,26,79.30,Pagado,2026-05-27 14:28:29,2026-06-15 19:03:11,1769,79.30,2026-06-15 19:03:11,11119423046816,18501,Efectivo,
1853,2026-05-27,9,7.20,Pagado,2026-05-27 14:28:29,2026-05-29 18:44:56,1770,7.20,2026-05-29 18:44:56,111113612004634,18533,Efectivo,
1854,2026-05-27,66,79.20,Pendiente,2026-05-27 14:28:29,2026-07-25 02:00:01,1774,0.00,,,18615,,
1855,2026-05-27,9,17.64,Pagado,2026-05-27 14:28:29,2026-05-29 19:36:40,1784,17.64,2026-05-29 19:36:40,111113612004634,18781,Efectivo,
1856,2026-05-27,9,17.64,Pagado,2026-05-27 14:28:29,2026-05-29 19:37:42,1785,17.64,2026-05-29 19:37:42,111113612004634,18805,Efectivo,
1857,2026-05-27,16,26.88,Pagado,2026-05-27 14:28:29,2026-06-06 19:16:47,894,26.88,2026-06-06 19:16:47,111113612607048,1245,Efectivo,
1858,2026-05-27,13,28.08,Pagado,2026-05-27 14:28:29,2026-06-03 17:09:23,896,28.08,2026-06-03 17:09:23,111113612607048,1282,Efectivo,
1859,2026-05-27,13,12.48,Pagado,2026-05-27 14:28:29,2026-06-03 17:21:01,902,12.48,2026-06-03 17:21:01,111113612607048,1400,Efectivo,
1860,2026-05-27,13,15.60,Pendiente,2026-05-27 14:28:29,2026-06-03 02:00:02,903,0.00,,,1419,,
1861,2026-05-27,13,40.56,Pagado,2026-05-27 14:28:29,2026-06-03 17:30:26,904,40.56,2026-06-03 17:30:26,111113612607048,1437,Efectivo,
1862,2026-05-27,13,31.20,Pagado,2026-05-27 14:28:29,2026-06-05 20:32:27,915,31.20,2026-06-05 20:32:27,111113612004634,1747,Efectivo,
1863,2026-05-27,13,23.57,Pagado,2026-05-27 14:28:29,2026-06-05 20:31:24,916,23.57,2026-06-05 20:31:24,111113612004634,1780,Efectivo,
1864,2026-05-27,13,31.20,Pagado,2026-05-27 14:28:29,2026-06-05 20:33:34,917,31.20,2026-06-05 20:33:34,111113612004634,1819,Efectivo,
1865,2026-05-27,15,27.20,Pagado,2026-05-27 14:28:29,2026-06-05 20:34:29,918,27.20,2026-06-05 20:34:29,111113612004634,1855,Efectivo,
1866,2026-05-27,65,104.00,Pendiente,2026-05-27 14:28:29,2026-07-25 02:00:01,919,0.00,,,1891,,
1867,2026-05-27,15,36.00,Pagado,2026-05-27 14:28:29,2026-06-05 20:37:28,920,36.00,2026-06-05 20:37:28,111113612004634,1915,Efectivo,
1868,2026-05-27,15,29.40,Pagado,2026-05-27 14:28:29,2026-06-05 20:39:11,922,29.40,2026-06-05 20:39:11,111113612004634,1987,Efectivo,
1869,2026-05-27,15,20.00,Pagado,2026-05-27 14:28:29,2026-06-05 20:38:38,923,20.00,2026-06-05 20:38:38,111113612004634,2002,Efectivo,
1870,2026-05-27,14,25.20,Pagado,2026-05-27 14:28:29,2026-06-05 20:41:23,924,25.20,2026-06-05 20:41:23,111113612004634,2023,Efectivo,
1871,2026-05-27,15,29.40,Pagado,2026-05-27 14:28:29,2026-06-05 20:42:58,926,29.40,2026-06-05 20:42:58,111113612004634,2060,Efectivo,
1872,2026-05-27,15,29.40,Pagado,2026-05-27 14:28:29,2026-06-05 20:44:26,927,29.40,2026-06-05 20:44:26,111113612004634,2081,Efectivo,
1873,2026-05-27,15,16.00,Pagado,2026-05-27 14:28:29,2026-06-05 20:45:40,928,16.00,2026-06-05 20:45:40,111113612004634,2113,Efectivo,
1874,2026-05-27,15,18.00,Pagado,2026-05-27 14:28:29,2026-06-05 20:47:18,931,18.00,2026-06-05 20:47:18,111113612004634,2198,Efectivo,
1875,2026-05-27,8,15.68,Pagado,2026-05-27 14:28:29,2026-05-29 22:49:14,1136,15.68,2026-05-29 22:49:14,111113612004634,5731,Efectivo,
1876,2026-05-27,8,19.20,Pagado,2026-05-27 14:28:29,2026-05-29 22:50:53,1138,19.20,2026-05-29 22:50:53,111113612004634,5803,Efectivo,
1877,2026-05-27,65,91.00,Pendiente,2026-05-27 14:28:29,2026-07-25 02:00:01,1143,0.00,,,5933,,
1878,2026-05-27,21,21.00,Pagado,2026-05-27 14:28:29,2026-06-11 14:08:21,1145,21.00,2026-06-11 14:08:21,111113612004634,5992,Efectivo,
1879,2026-05-27,65,127.40,Pendiente,2026-05-27 14:28:29,2026-07-25 02:00:01,1146,0.00,,,6011,,
1880,2026-05-27,21,12.60,Pagado,2026-05-27 14:28:29,2026-06-11 14:09:30,1147,12.60,2026-06-11 14:09:30,111113612004634,6041,Efectivo,
1881,2026-05-27,13,12.48,Pagado,2026-05-27 14:28:29,2026-06-03 17:52:32,1196,12.48,2026-06-03 17:52:32,111113612607048,7174,Efectivo,
1882,2026-05-27,13,15.60,Pagado,2026-05-27 14:28:29,2026-06-03 17:54:47,1197,15.60,2026-06-03 17:54:47,111113612607048,7197,Efectivo,
1883,2026-05-27,13,12.48,Pagado,2026-05-27 14:28:29,2026-06-03 17:56:10,1198,12.48,2026-06-03 17:56:10,111113612607048,7213,Efectivo,
1884,2026-05-27,27,28.80,Pagado,2026-05-27 14:28:29,2026-06-17 19:03:39,1199,28.80,2026-06-17 19:03:39,11119423046816,7244,Efectivo,
1885,2026-05-27,27,32.40,Pagado,2026-05-27 14:28:29,2026-06-17 19:05:14,1200,32.40,2026-06-17 19:05:14,11119423046816,7276,Efectivo,
1886,2026-05-27,27,16.20,Pagado,2026-05-27 14:28:29,2026-06-17 19:17:40,1202,16.20,2026-06-17 19:17:40,11119423046816,7332,Efectivo,
1887,2026-05-27,16,17.07,Pagado,2026-05-27 14:28:29,2026-06-06 19:24:10,1325,17.07,2026-06-06 19:24:10,111113612607048,10184,Efectivo,
1888,2026-05-27,16,17.07,Pagado,2026-05-27 14:28:29,2026-06-06 19:25:35,1327,17.07,2026-06-06 19:25:35,111113612607048,10236,Efectivo,
1889,2026-05-27,15,20.00,Pagado,2026-05-27 14:28:29,2026-06-06 19:28:32,1329,20.00,2026-06-06 19:28:32,111113612607048,10306,Efectivo,
1890,2026-05-27,16,29.01,Pagado,2026-05-27 14:28:29,2026-06-06 19:33:59,1362,29.01,2026-06-06 19:33:59,111113612607048,10449,Efectivo,
1891,2026-05-27,16,19.20,Pagado,2026-05-27 14:28:29,2026-06-06 19:44:15,1363,19.20,2026-06-06 19:44:15,111113612607048,10497,Efectivo,
1892,2026-05-27,13,10.40,Pagado,2026-05-27 14:28:30,2026-06-03 18:10:40,1364,10.40,2026-06-03 18:10:40,111113612607048,10515,Efectivo,
1893,2026-05-27,13,10.40,Pagado,2026-05-27 14:28:30,2026-06-03 18:11:52,1365,10.40,2026-06-03 18:11:52,111113612607048,10539,Efectivo,
1894,2026-05-27,27,28.80,Pagado,2026-05-27 14:28:30,2026-06-17 19:24:38,1388,28.80,2026-06-17 19:24:38,11119423046816,11247,Efectivo,
1895,2026-05-27,27,84.24,Pagado,2026-05-27 14:28:30,2026-06-17 19:27:51,1391,84.24,2026-06-17 19:27:51,11119423046816,11302,Efectivo,
1896,2026-05-27,27,43.20,Pagado,2026-05-27 14:28:30,2026-06-17 19:30:04,1395,43.20,2026-06-17 19:30:04,11119423046816,11425,Efectivo,
1897,2026-05-27,21,15.12,Pagado,2026-05-27 14:28:30,2026-06-11 18:20:16,1396,15.12,2026-06-11 18:20:16,111113612004634,11457,Efectivo,
1898,2026-05-27,27,84.24,Pagado,2026-05-27 14:28:30,2026-06-17 19:35:16,1398,84.24,2026-06-17 19:35:16,11119423046816,11489,Efectivo,
1899,2026-05-27,65,131.73,Pendiente,2026-05-27 14:28:30,2026-07-25 02:00:01,1421,0.00,,,11995,,
1900,2026-05-27,7,14.93,Pagado,2026-05-27 14:28:30,2026-05-28 15:18:58,1425,14.93,2026-05-28 15:18:58,111113612004634,12164,Efectivo,
1901,2026-05-27,16,36.86,Pagado,2026-05-27 14:28:30,2026-06-06 19:20:57,1617,36.86,2026-06-06 19:20:57,111113612607048,15124,Efectivo,
1902,2026-05-27,16,26.88,Pagado,2026-05-27 14:28:30,2026-06-06 19:19:56,1618,26.88,2026-06-06 19:19:56,111113612607048,15142,Efectivo,
1903,2026-05-27,13,26.83,Pagado,2026-05-27 14:28:30,2026-06-03 17:37:24,1619,26.83,2026-06-03 17:37:24,111113612607048,15160,Efectivo,
1904,2026-05-27,13,21.84,Pagado,2026-05-27 14:28:30,2026-06-03 17:42:02,1620,21.84,2026-06-03 17:42:02,111113612607048,15178,Efectivo,
1905,2026-05-27,13,12.48,Pagado,2026-05-27 14:28:30,2026-06-03 17:57:33,1621,12.48,2026-06-03 17:57:33,111113612607048,15196,Efectivo,
1906,2026-05-27,13,25.48,Pagado,2026-05-27 14:28:30,2026-06-03 18:00:52,1625,25.48,2026-06-03 18:00:52,111113612607048,15298,Efectivo,
1907,2026-05-27,16,31.35,Pagado,2026-05-27 14:28:30,2026-06-06 19:27:20,1626,31.35,2026-06-06 19:27:20,111113612607048,15322,Efectivo,
1908,2026-05-27,14,27.44,Pagado,2026-05-27 14:28:30,2026-06-04 18:38:33,1627,27.44,2026-06-04 18:38:33,111113612004634,15346,Efectivo,
1909,2026-05-27,13,25.48,Pagado,2026-05-27 14:28:30,2026-06-03 17:59:43,1628,25.48,2026-06-03 17:59:43,111113612607048,15370,Efectivo,
1910,2026-05-27,16,31.35,Pagado,2026-05-27 14:28:30,2026-06-06 19:38:31,1629,31.35,2026-06-06 19:38:31,111113612607048,15394,Efectivo,
1911,2026-05-27,15,20.00,Pagado,2026-05-27 14:28:30,2026-06-05 20:40:19,1635,20.00,2026-06-05 20:40:19,111113612004634,15527,Efectivo,
1912,2026-05-27,27,16.20,Pendiente,2026-05-27 14:28:30,2026-06-17 02:00:02,1662,0.00,,,16212,,
1913,2026-05-27,27,63.50,Pagado,2026-05-27 14:28:30,2026-06-17 19:33:00,1663,63.50,2026-06-17 19:33:00,11119423046816,16223,Efectivo,
1914,2026-05-27,13,15.60,Pagado,2026-05-27 14:28:30,2026-06-03 18:15:19,1664,15.60,2026-06-03 18:15:19,111113612607048,16259,Efectivo,
1915,2026-05-27,27,51.84,Pagado,2026-05-27 14:28:30,2026-06-17 19:40:20,1665,51.84,2026-06-17 19:40:20,11119423046816,16241,Efectivo,
1916,2026-05-27,13,25.48,Pagado,2026-05-27 14:28:30,2026-06-03 18:22:45,1666,25.48,2026-06-03 18:22:45,111113612607048,16349,Efectivo,
1917,2026-05-27,13,33.80,Pagado,2026-05-27 14:28:30,2026-06-03 18:16:33,1667,33.80,2026-06-03 18:16:33,111113612607048,16325,Efectivo,
1918,2026-05-27,13,33.80,Pagado,2026-05-27 14:28:30,2026-06-03 18:19:53,1668,33.80,2026-06-03 18:19:53,111113612607048,16373,Efectivo,
1919,2026-05-27,65,168.98,Pendiente,2026-05-27 14:28:30,2026-07-25 02:00:01,1669,0.00,,,16301,,
1920,2026-05-27,7,18.20,Pendiente,2026-05-27 14:28:30,2026-05-28 02:00:01,1670,0.00,,,16397,,
1921,2026-05-27,13,25.48,Pagado,2026-05-27 14:28:30,2026-06-03 18:21:41,1671,25.48,2026-06-03 18:21:41,111113612607048,16277,Efectivo,
1922,2026-05-27,25,48.42,Pagado,2026-05-27 14:28:30,2026-06-15 19:20:43,1672,48.42,2026-06-15 19:20:43,11119423046816,16421,Efectivo,
1923,2026-05-27,27,84.24,Pagado,2026-05-27 14:28:30,2026-06-17 19:22:58,1701,84.24,2026-06-17 19:22:58,11119423046816,17063,Efectivo,
1924,2026-05-27,27,26.99,Pagado,2026-05-27 14:28:30,2026-06-17 19:31:47,1709,26.99,2026-06-17 19:31:47,11119423046816,17263,Efectivo,
1925,2026-05-27,13,18.20,Pagado,2026-05-27 14:28:30,2026-06-03 18:13:04,1714,18.20,2026-06-03 18:13:04,111113612607048,17331,Efectivo,
1926,2026-05-27,21,20.99,Pagado,2026-05-27 14:28:30,2026-06-11 18:19:17,1721,20.99,2026-06-11 18:19:17,111113612004634,17446,Efectivo,
1927,2026-05-27,13,17.33,Pagado,2026-05-27 14:28:30,2026-06-03 18:04:25,1741,17.33,2026-06-03 18:04:25,111113612607048,17869,Efectivo,
1928,2026-05-27,13,30.58,Pagado,2026-05-27 14:28:30,2026-06-03 17:15:21,1748,30.58,2026-06-03 17:15:21,111113612607048,18027,Efectivo,
1929,2026-05-27,13,30.58,Pagado,2026-05-27 14:28:30,2026-06-03 17:11:16,1754,30.58,2026-06-03 17:11:16,111113612607048,18148,Efectivo,
1930,2026-05-27,27,51.84,Pagado,2026-05-27 14:28:30,2026-06-17 19:38:00,1758,51.84,2026-06-17 19:38:00,11119423046816,18240,Efectivo,
1931,2026-05-27,13,22.19,Pagado,2026-05-27 14:28:30,2026-06-03 18:02:39,1760,22.19,2026-06-03 18:02:39,111113612607048,18276,Efectivo,
1932,2026-05-27,25,37.08,Pagado,2026-05-27 14:28:30,2026-06-15 19:18:10,1772,37.08,2026-06-15 19:18:10,11119423046816,18581,Efectivo,
1933,2026-05-27,27,63.50,Pagado,2026-05-27 14:28:30,2026-06-17 19:36:45,1773,63.50,2026-06-17 19:36:45,11119423046816,18597,Efectivo,
1934,2026-05-27,13,8.67,Pagado,2026-05-27 14:28:30,2026-06-03 17:06:05,1777,8.67,2026-06-03 17:06:05,111113612607048,18675,Efectivo,
1935,2026-05-27,65,64.98,Pendiente,2026-05-27 14:28:30,2026-07-25 02:00:01,1778,0.00,,,18688,,
1936,2026-05-27,64,68.27,Pendiente,2026-05-27 14:28:30,2026-07-25 02:00:01,909,0.00,,,1566,,
1937,2026-05-27,64,102.40,Pendiente,2026-05-27 14:28:30,2026-07-25 02:00:01,911,0.00,,,1653,,
1938,2026-05-27,64,125.44,Pendiente,2026-05-27 14:28:30,2026-07-25 02:00:01,912,0.00,,,1676,,
1939,2026-05-27,64,68.27,Pendiente,2026-05-27 14:28:30,2026-07-25 02:00:01,933,0.00,,,2234,,
1940,2026-05-27,12,11.52,Pagado,2026-05-27 14:28:30,2026-06-03 18:31:58,938,11.52,2026-06-03 18:31:58,111113612607048,2355,Efectivo,
1941,2026-05-27,12,11.52,Pagado,2026-05-27 14:28:30,2026-06-03 18:33:12,939,11.52,2026-06-03 18:33:12,111113612607048,2371,Efectivo,
1942,2026-05-27,12,8.64,Pagado,2026-05-27 14:28:30,2026-06-03 18:34:49,940,8.64,2026-06-03 18:34:49,111113612607048,2393,Efectivo,
1943,2026-05-27,12,11.52,Pagado,2026-05-27 14:28:30,2026-06-03 18:36:02,941,11.52,2026-06-03 18:36:02,111113612607048,2411,Efectivo,
1944,2026-05-27,12,64.84,Pagado,2026-05-27 14:28:30,2026-06-03 18:46:39,1023,64.84,2026-06-03 18:46:39,111113612607048,3628,Efectivo,
1945,2026-05-27,26,104.52,Pagado,2026-05-27 14:28:30,2026-06-17 20:43:40,1025,104.52,2026-06-17 20:43:40,11119423046816,3686,Efectivo,
1946,2026-05-27,26,57.20,Pagado,2026-05-27 14:28:30,2026-06-17 20:23:10,1026,57.20,2026-06-17 20:23:10,11119423046816,3722,Efectivo,
1947,2026-05-27,12,16.80,Pagado,2026-05-27 14:28:30,2026-06-03 18:50:02,1028,16.80,2026-06-03 18:50:02,111113612607048,3772,Efectivo,
1948,2026-05-27,14,22.40,Pagado,2026-05-27 14:28:30,2026-06-05 23:08:25,1029,22.40,2026-06-05 23:08:25,111113612004634,3821,Efectivo,
1949,2026-05-27,20,32.00,Pagado,2026-05-27 14:28:30,2026-06-13 16:06:58,1031,32.00,2026-06-13 16:06:58,111113612004634,3893,Efectivo,
1950,2026-05-27,26,41.60,Pagado,2026-05-27 14:28:30,2026-06-17 20:25:56,1033,41.60,2026-06-17 20:25:56,11119423046816,3952,Efectivo,
1951,2026-05-27,12,67.54,Pagado,2026-05-27 14:28:30,2026-06-03 18:52:42,1034,67.54,2026-06-03 18:52:42,111113612607048,3985,Efectivo,
1952,2026-05-27,26,27.73,Pagado,2026-05-27 14:28:30,2026-06-17 20:28:46,1038,27.73,2026-06-17 20:28:46,11119423046816,4129,Efectivo,
1953,2026-05-27,26,33.28,Pagado,2026-05-27 14:28:30,2026-06-17 20:30:27,1040,33.28,2026-06-17 20:30:27,11119423046816,4188,Efectivo,
1954,2026-05-27,26,49.92,Pagado,2026-05-27 14:28:30,2026-06-17 20:31:51,1042,49.92,2026-06-17 20:31:51,11119423046816,4263,Efectivo,
1955,2026-05-27,12,28.80,Pagado,2026-05-27 14:28:30,2026-06-03 18:57:54,1043,28.80,2026-06-03 18:57:54,111113612607048,4312,Efectivo,
1956,2026-05-27,26,27.73,Pagado,2026-05-27 14:28:30,2026-06-17 20:33:45,1044,27.73,2026-06-17 20:33:45,11119423046816,4342,Efectivo,
1957,2026-05-27,12,31.20,Pagado,2026-05-27 14:28:30,2026-06-03 19:00:01,1045,31.20,2026-06-03 19:00:01,111113612607048,4382,Efectivo,
1958,2026-05-27,12,57.88,Pagado,2026-05-27 14:28:30,2026-06-03 19:04:02,1047,57.88,2026-06-03 19:04:02,111113612607048,4416,Efectivo,
1959,2026-05-27,26,46.80,Pagado,2026-05-27 14:28:30,2026-06-17 20:38:38,1050,46.80,2026-06-17 20:38:38,11119423046816,4494,Efectivo,
1960,2026-05-27,64,308.69,Pendiente,2026-05-27 14:28:30,2026-07-25 02:00:01,1148,0.00,,,6057,,
1961,2026-05-27,64,122.88,Pendiente,2026-05-27 14:28:30,2026-07-25 02:00:01,1150,0.00,,,6108,,
1962,2026-05-27,64,184.32,Pendiente,2026-05-27 14:28:30,2026-07-25 02:00:01,1152,0.00,,,6173,,
1963,2026-05-27,64,68.27,Pendiente,2026-05-27 14:28:30,2026-07-25 02:00:01,1153,0.00,,,6214,,
1964,2026-05-27,64,153.60,Pendiente,2026-05-27 14:28:30,2026-07-25 02:00:01,1154,0.00,,,6239,,
1965,2026-05-27,42,121.52,Pagado,2026-05-27 14:28:30,2026-07-03 21:17:08,1155,121.52,2026-07-03 21:17:08,111113612004634,6274,Efectivo,
1966,2026-05-27,64,150.61,Pendiente,2026-05-27 14:28:30,2026-07-25 02:00:01,1156,0.00,,,6287,,
1967,2026-05-27,64,68.27,Pendiente,2026-05-27 14:28:30,2026-07-25 02:00:01,1157,0.00,,,6312,,
1968,2026-05-27,64,150.61,Pendiente,2026-05-27 14:28:30,2026-07-25 02:00:01,1158,0.00,,,6354,,
1969,2026-05-27,64,68.27,Pendiente,2026-05-27 14:28:30,2026-07-25 02:00:01,1159,0.00,,,6393,,
1970,2026-05-27,64,150.61,Pendiente,2026-05-27 14:28:30,2026-07-25 02:00:01,1160,0.00,,,6427,,
1971,2026-05-27,64,184.32,Pendiente,2026-05-27 14:28:30,2026-07-25 02:00:01,1161,0.00,,,6435,,
1972,2026-05-27,64,102.40,Pendiente,2026-05-27 14:28:30,2026-07-25 02:00:01,1162,0.00,,,6463,,
1973,2026-05-27,64,184.32,Pendiente,2026-05-27 14:28:30,2026-07-25 02:00:01,1163,0.00,,,6506,,
1974,2026-05-27,64,92.16,Pendiente,2026-05-27 14:28:30,2026-07-25 02:00:01,1166,0.00,,,6549,,
1975,2026-05-27,64,92.16,Pendiente,2026-05-27 14:28:30,2026-07-25 02:00:01,1167,0.00,,,6570,,
1976,2026-05-27,64,61.44,Pendiente,2026-05-27 14:28:30,2026-07-25 02:00:01,1168,0.00,,,6595,,
1977,2026-05-27,64,46.08,Pendiente,2026-05-27 14:28:30,2026-07-25 02:00:01,1169,0.00,,,6613,,
1978,2026-05-27,64,61.44,Pendiente,2026-05-27 14:28:30,2026-07-25 02:00:01,1170,0.00,,,6630,,
1979,2026-05-27,64,92.16,Pendiente,2026-05-27 14:28:30,2026-07-25 02:00:01,1171,0.00,,,6648,,
1980,2026-05-27,64,102.40,Pendiente,2026-05-27 14:28:30,2026-07-25 02:00:01,1175,0.00,,,6718,,
1981,2026-05-27,12,28.80,Pagado,2026-05-27 14:28:30,2026-06-03 20:39:26,1429,28.80,2026-06-03 20:39:26,111113612607048,12250,Efectivo,
1982,2026-05-27,12,28.80,Pagado,2026-05-27 14:28:30,2026-06-03 20:40:31,1430,28.80,2026-06-03 20:40:31,111113612607048,12277,Efectivo,
1983,2026-05-27,64,109.23,Pendiente,2026-05-27 14:28:30,2026-07-25 02:00:01,1431,0.00,,,12303,,
1984,2026-05-27,12,23.52,Pagado,2026-05-27 14:28:30,2026-06-03 20:41:28,1433,23.52,2026-06-03 20:41:28,111113612607048,12377,Efectivo,
1985,2026-05-27,28,29.87,Pagado,2026-05-27 14:28:30,2026-06-19 23:01:24,1434,29.87,2026-06-19 23:01:24,111113612004634,12428,Efectivo,
1986,2026-05-27,12,31.20,Pagado,2026-05-27 14:28:30,2026-06-03 20:42:18,1435,31.20,2026-06-03 20:42:18,111113612607048,12457,Efectivo,
1987,2026-05-27,35,63.47,Pagado,2026-05-27 14:28:30,2026-06-26 22:08:42,1436,63.47,2026-06-26 22:08:42,111113612004634,12488,Efectivo,
1988,2026-05-27,12,28.80,Pagado,2026-05-27 14:28:30,2026-06-03 20:43:05,1437,28.80,2026-06-03 20:43:05,111113612607048,12527,Efectivo,
1989,2026-05-27,56,59.73,Pagado,2026-05-27 14:28:30,2026-07-17 21:47:32,1438,59.73,2026-07-17 21:47:32,111113612004634,12563,Efectivo,
1990,2026-05-27,12,16.80,Pagado,2026-05-27 14:28:30,2026-06-03 20:43:49,1439,16.80,2026-06-03 20:43:49,111113612607048,12599,Efectivo,
1991,2026-05-27,56,107.52,Pagado,2026-05-27 14:28:30,2026-07-17 22:39:18,1440,107.52,2026-07-17 22:39:18,111113612004634,12636,Efectivo,
1992,2026-05-27,12,9.60,Pagado,2026-05-27 14:28:30,2026-06-03 20:45:32,1441,9.60,2026-06-03 20:45:32,111113612607048,12671,Efectivo,
1993,2026-05-27,12,28.80,Pagado,2026-05-27 14:28:30,2026-06-03 20:46:38,1442,28.80,2026-06-03 20:46:38,111113612607048,12700,Efectivo,
1994,2026-05-27,29,46.40,Pagado,2026-05-27 14:28:30,2026-06-20 17:24:03,1443,46.40,2026-06-20 17:24:03,111113612004634,12748,Efectivo,
1995,2026-05-27,7,7.47,Pagado,2026-05-27 14:28:30,2026-05-29 23:24:25,1444,7.47,2026-05-29 23:24:25,111113612004634,12792,Efectivo,
1996,2026-05-27,64,68.27,Pendiente,2026-05-27 14:28:30,2026-07-25 02:00:01,1446,0.00,,,12851,,
1997,2026-05-27,12,16.80,Pagado,2026-05-27 14:28:30,2026-06-03 20:49:16,1447,16.80,2026-06-03 20:49:16,111113612607048,12892,Efectivo,
1998,2026-05-27,12,10.24,Pagado,2026-05-27 14:28:30,2026-06-03 20:50:07,1450,10.24,2026-06-03 20:50:07,111113612607048,12958,Efectivo,
1999,2026-05-27,10,8.53,Pagado,2026-05-27 14:28:30,2026-06-01 20:57:19,1455,8.53,2026-06-01 20:57:19,111113612004634,13093,Efectivo,
2000,2026-05-27,12,28.80,Pagado,2026-05-27 14:28:30,2026-06-03 20:53:30,1457,28.80,2026-06-03 20:53:30,111113612607048,13137,Efectivo,
2001,2026-05-27,28,29.87,Pagado,2026-05-27 14:28:30,2026-06-19 22:50:53,1485,29.87,2026-06-19 22:50:53,111113612004634,13189,Efectivo,
2002,2026-05-27,12,12.80,Pagado,2026-05-27 14:28:30,2026-06-03 20:55:19,1489,12.80,2026-06-03 20:55:19,111113612607048,13285,Efectivo,
2003,2026-05-27,64,42.67,Pendiente,2026-05-27 14:28:30,2026-07-25 02:00:01,1492,0.00,,,13376,,
2004,2026-05-27,12,57.88,Pagado,2026-05-27 14:28:30,2026-06-03 20:57:41,1493,57.88,2026-06-03 20:57:41,111113612607048,13398,Efectivo,
2005,2026-05-27,10,24.00,Pagado,2026-05-27 14:28:30,2026-06-30 05:32:51,1494,24.00,2026-06-01 20:31:43,111113612004634,13433,Efectivo,
2006,2026-05-27,10,10.67,Pagado,2026-05-27 14:28:30,2026-06-01 20:33:18,1495,10.67,2026-06-01 20:33:18,111113612004634,13479,Efectivo,
2007,2026-05-27,12,14.40,Pagado,2026-05-27 14:28:30,2026-06-03 20:58:43,1496,14.40,2026-06-03 20:58:43,111113612607048,13500,Efectivo,
2008,2026-05-27,12,9.60,Pagado,2026-05-27 14:28:30,2026-06-03 20:59:36,1497,9.60,2026-06-03 20:59:36,111113612607048,13524,Efectivo,
2009,2026-05-27,12,10.24,Pagado,2026-05-27 14:28:30,2026-06-03 21:00:58,1500,10.24,2026-06-03 21:00:58,111113612607048,13605,Efectivo,
2010,2026-05-27,10,12.00,Pagado,2026-05-27 14:28:30,2026-06-30 05:32:51,1501,12.00,2026-06-01 20:45:49,111113612004634,13648,Efectivo,
2011,2026-05-27,12,16.80,Pagado,2026-05-27 14:28:30,2026-06-03 21:02:11,1502,16.80,2026-06-03 21:02:11,111113612607048,13665,Efectivo,
2012,2026-05-27,12,16.80,Pagado,2026-05-27 14:28:30,2026-06-03 21:03:03,1503,16.80,2026-06-03 21:03:03,111113612607048,13688,Efectivo,
2013,2026-05-27,12,9.60,Pagado,2026-05-27 14:28:30,2026-06-03 21:04:55,1506,9.60,2026-06-03 21:04:55,111113612607048,13756,Efectivo,
2014,2026-05-27,12,7.20,Pagado,2026-05-27 14:28:30,2026-06-03 21:05:50,1507,7.20,2026-06-03 21:05:50,111113612607048,13780,Efectivo,
2015,2026-05-27,12,9.60,Pagado,2026-05-27 14:28:30,2026-06-03 21:06:42,1508,9.60,2026-06-03 21:06:42,111113612607048,13799,Efectivo,
2016,2026-05-27,12,16.80,Pagado,2026-05-27 14:28:30,2026-06-03 19:28:10,1510,16.80,2026-06-03 19:28:10,111113612607048,13849,Efectivo,
2017,2026-05-27,49,39.20,Pagado,2026-05-27 14:28:30,2026-07-10 19:48:28,1511,39.20,2026-07-10 19:48:28,111113612004634,13878,Efectivo,
2018,2026-05-27,38,89.43,Pagado,2026-05-27 14:28:30,2026-06-29 22:01:29,1515,89.43,2026-06-29 22:01:29,111113612004634,13939,Efectivo,
2019,2026-05-27,64,107.52,Pendiente,2026-05-27 14:28:30,2026-07-25 02:00:01,1516,0.00,,,13963,,
2020,2026-05-27,64,199.68,Pendiente,2026-05-27 14:28:30,2026-07-25 02:00:01,1517,0.00,,,13980,,
2021,2026-05-27,64,109.23,Pendiente,2026-05-27 14:28:30,2026-07-25 02:00:01,1518,0.00,,,13993,,
2022,2026-05-27,38,40.53,Pagado,2026-05-27 14:28:30,2026-06-29 22:15:16,1520,40.53,2026-06-29 22:15:16,111113612004634,14082,Efectivo,
2023,2026-05-27,26,41.60,Pagado,2026-05-27 14:28:30,2026-06-17 19:50:41,1525,41.60,2026-06-17 19:50:41,11119423046816,14309,Efectivo,
2024,2026-05-27,26,31.20,Pagado,2026-05-27 14:28:30,2026-06-17 20:07:17,1526,31.20,2026-06-17 20:07:17,11119423046816,14335,Efectivo,
2025,2026-05-27,64,38.40,Pendiente,2026-05-27 14:28:30,2026-07-25 02:00:01,1527,0.00,,,14359,,
2026,2026-05-27,64,38.40,Pendiente,2026-05-27 14:28:30,2026-07-25 02:00:01,1528,0.00,,,14383,,
2027,2026-05-27,26,62.40,Pagado,2026-05-27 14:28:30,2026-06-17 19:55:20,1529,62.40,2026-06-17 19:55:20,11119423046816,14403,Efectivo,
2028,2026-05-27,33,77.66,Pagado,2026-05-27 14:28:30,2026-06-24 19:53:34,1535,77.66,2026-06-24 19:53:34,111113612004634,14551,Efectivo,
2029,2026-05-27,33,35.20,Pagado,2026-05-27 14:28:30,2026-06-24 19:56:39,1537,35.20,2026-06-24 19:56:39,111113612004634,14613,Efectivo,
2030,2026-05-27,64,199.68,Pendiente,2026-05-27 14:28:30,2026-07-25 02:00:01,1614,0.00,,,15075,,
2031,2026-05-27,64,92.16,Pendiente,2026-05-27 14:28:30,2026-07-25 02:00:01,1615,0.00,,,15093,,
2032,2026-05-27,64,42.67,Pendiente,2026-05-27 14:28:30,2026-07-25 02:00:01,1616,0.00,,,15111,,
2033,2026-05-27,7,16.80,Pagado,2026-05-27 14:28:30,2026-05-29 23:23:19,1630,16.80,2026-05-29 23:23:19,111113612004634,15418,Efectivo,
2034,2026-05-27,64,153.58,Pendiente,2026-05-27 14:28:30,2026-07-25 02:00:01,1632,0.00,,,15466,,
2035,2026-05-27,12,8.64,Pagado,2026-05-27 14:28:30,2026-06-03 18:44:14,1636,8.64,2026-06-03 18:44:14,111113612607048,15545,Efectivo,
2036,2026-05-27,12,17.28,Pagado,2026-05-27 14:28:30,2026-06-03 18:43:23,1637,17.28,2026-06-03 18:43:23,111113612607048,15558,Efectivo,
2037,2026-05-27,12,17.28,Pagado,2026-05-27 14:28:30,2026-06-03 18:41:26,1638,17.28,2026-06-03 18:41:26,111113612607048,15576,Efectivo,
2038,2026-05-27,12,14.40,Pagado,2026-05-27 14:28:30,2026-06-03 18:42:30,1639,14.40,2026-06-03 18:42:30,111113612607048,15594,Efectivo,
2039,2026-05-27,12,8.64,Pagado,2026-05-27 14:28:30,2026-06-03 18:45:25,1640,8.64,2026-06-03 18:45:25,111113612607048,15612,Efectivo,
2040,2026-05-27,12,12.80,Pagado,2026-05-27 14:28:30,2026-06-03 20:51:00,1644,12.80,2026-06-03 20:51:00,111113612607048,15691,Efectivo,
2041,2026-05-27,12,9.60,Pagado,2026-05-27 14:28:30,2026-06-03 19:31:52,1673,9.60,2026-06-03 19:31:52,111113612607048,16438,Efectivo,
2042,2026-05-27,64,95.25,Pendiente,2026-05-27 14:28:30,2026-07-25 02:00:01,1684,0.00,,,16723,,
2043,2026-05-27,12,28.22,Pagado,2026-05-27 14:28:30,2026-06-03 19:20:27,1685,28.22,2026-06-03 19:20:27,111113612607048,16755,Efectivo,
2044,2026-05-27,12,28.22,Pagado,2026-05-27 14:28:30,2026-06-03 19:21:40,1686,28.22,2026-06-03 19:21:40,111113612607048,16773,Efectivo,
2045,2026-05-27,12,17.28,Pagado,2026-05-27 14:28:30,2026-06-03 19:15:17,1687,17.28,2026-06-03 19:15:17,111113612607048,16791,Efectivo,
2046,2026-05-27,12,28.22,Pagado,2026-05-27 14:28:30,2026-06-03 19:10:07,1688,28.22,2026-06-03 19:10:07,111113612607048,16809,Efectivo,
2047,2026-05-27,12,28.22,Pagado,2026-05-27 14:28:30,2026-06-03 19:24:49,1689,28.22,2026-06-03 19:24:49,111113612607048,16827,Efectivo,
2048,2026-05-27,12,28.80,Pagado,2026-05-27 14:28:30,2026-06-03 18:51:26,1690,28.80,2026-06-03 18:51:26,111113612607048,16845,Efectivo,
2049,2026-05-27,12,11.52,Pagado,2026-05-27 14:28:30,2026-06-03 18:37:34,1692,11.52,2026-06-03 18:37:34,111113612607048,16893,Efectivo,
2050,2026-05-27,12,23.52,Pagado,2026-05-27 14:28:30,2026-06-03 20:52:07,1694,23.52,2026-06-03 20:52:07,111113612607048,16929,Efectivo,
2051,2026-05-27,26,34.66,Pagado,2026-05-27 14:28:30,2026-06-17 20:35:10,1695,34.66,2026-06-17 20:35:10,11119423046816,16953,Efectivo,
2052,2026-05-27,33,102.96,Pagado,2026-05-27 14:28:30,2026-06-24 19:43:58,1697,102.96,2026-06-24 19:43:58,111113612004634,16990,Efectivo,
2053,2026-05-27,12,11.52,Pagado,2026-05-27 14:28:30,2026-06-03 18:38:48,1699,11.52,2026-06-03 18:38:48,111113612607048,17026,Efectivo,
2054,2026-05-27,12,28.22,Pagado,2026-05-27 14:28:30,2026-06-03 18:26:10,1715,28.22,2026-06-03 18:26:10,111113612607048,17355,Efectivo,
2055,2026-05-27,12,17.28,Pagado,2026-05-27 14:28:30,2026-06-03 18:29:54,1716,17.28,2026-06-03 18:29:54,111113612607048,17373,Efectivo,
2056,2026-05-27,12,14.40,Pagado,2026-05-27 14:28:30,2026-06-03 19:22:27,1720,14.40,2026-06-03 19:22:27,111113612607048,17428,Efectivo,
2057,2026-05-27,64,125.42,Pendiente,2026-05-27 14:28:30,2026-07-25 02:00:01,1723,0.00,,,17496,,
2058,2026-05-27,12,12.00,Pagado,2026-05-27 14:28:30,2026-06-03 21:03:54,1724,12.00,2026-06-03 21:03:54,111113612607048,17472,Efectivo,
2059,2026-05-27,12,31.20,Pagado,2026-05-27 14:28:30,2026-06-03 18:47:39,1727,31.20,2026-06-03 18:47:39,111113612607048,17557,Efectivo,
2060,2026-05-27,12,9.60,Pagado,2026-05-27 14:28:30,2026-06-03 20:54:22,1728,9.60,2026-06-03 20:54:22,111113612607048,17581,Efectivo,
2061,2026-05-27,12,28.80,Pagado,2026-05-27 14:28:30,2026-06-03 18:56:09,1738,28.80,2026-06-03 18:56:09,111113612607048,17789,Efectivo,
2062,2026-05-27,12,35.72,Pagado,2026-05-27 14:28:30,2026-06-03 18:48:55,1739,35.72,2026-06-03 18:48:55,111113612607048,17813,Efectivo,
2063,2026-05-27,12,19.20,Pagado,2026-05-27 14:28:30,2026-06-03 20:56:44,1749,19.20,2026-06-03 20:56:44,111113612607048,18045,Efectivo,
2064,2026-05-27,12,31.20,Pagado,2026-05-27 14:28:30,2026-06-03 18:54:06,1751,31.20,2026-06-03 18:54:06,111113612607048,18087,Efectivo,
2065,2026-05-27,64,125.42,Pendiente,2026-05-27 14:28:30,2026-07-25 02:00:01,1753,0.00,,,18124,,
2066,2026-05-27,12,20.16,Pagado,2026-05-27 14:28:30,2026-06-03 18:27:15,1755,20.16,2026-06-03 18:27:15,111113612607048,18166,Efectivo,
2067,2026-05-27,64,76.20,Pendiente,2026-05-27 14:28:30,2026-07-25 02:00:01,1756,0.00,,,18184,,
2068,2026-05-27,12,25.92,Pagado,2026-05-27 14:28:30,2026-06-03 19:46:41,1775,25.92,2026-06-03 19:46:41,111113612607048,18633,Efectivo,
2069,2026-05-27,12,17.28,Pagado,2026-05-27 14:28:30,2026-06-03 18:30:53,1781,17.28,2026-06-03 18:30:53,111113612607048,18732,Efectivo,
2070,2026-05-27,12,27.65,Pagado,2026-05-27 14:28:30,2026-06-03 18:28:51,1782,27.65,2026-06-03 18:28:51,111113612607048,18750,Efectivo,
2071,2026-05-27,64,68.27,Pendiente,2026-05-27 14:28:30,2026-07-25 02:00:01,1826,0.00,,,19683,,
2072,2026-05-27,63,151.20,Pendiente,2026-05-27 14:28:30,2026-07-25 02:00:01,942,0.00,,,2429,,
2073,2026-05-27,63,140.59,Pendiente,2026-05-27 14:28:30,2026-07-25 02:00:01,943,0.00,,,2462,,
2074,2026-05-27,63,123.48,Pendiente,2026-05-27 14:28:30,2026-07-25 02:00:01,946,0.00,,,2533,,
2075,2026-05-27,23,27.60,Pagado,2026-05-27 14:28:30,2026-06-15 18:28:48,948,27.60,2026-06-15 18:28:48,111113612004634,2570,Efectivo,
2076,2026-05-27,63,151.20,Pendiente,2026-05-27 14:28:30,2026-07-25 02:00:01,978,0.00,,,2642,,
2077,2026-05-27,5,7.20,Pagado,2026-05-27 14:28:30,2026-05-28 16:12:53,1056,7.20,2026-05-28 16:12:53,111113612004634,4613,Efectivo,
2078,2026-05-27,5,9.60,Pagado,2026-05-27 14:28:30,2026-05-28 16:13:38,1057,9.60,2026-05-28 16:13:38,111113612004634,4631,Efectivo,
2079,2026-05-27,5,10.80,Pagado,2026-05-27 14:28:30,2026-05-28 16:14:13,1058,10.80,2026-05-28 16:14:13,111113612004634,4649,Efectivo,
2080,2026-05-27,5,5.33,Pagado,2026-05-27 14:28:30,2026-05-28 16:14:46,1059,5.33,2026-05-28 16:14:46,111113612004634,4693,Efectivo,
2081,2026-05-27,11,21.12,Pagado,2026-05-27 14:28:30,2026-06-03 20:07:05,1066,21.12,2026-06-03 20:07:05,111113612607048,4819,Efectivo,
2082,2026-05-27,11,21.12,Pagado,2026-05-27 14:28:30,2026-06-03 20:09:57,1067,21.12,2026-06-03 20:09:57,111113612607048,4838,Efectivo,
2083,2026-05-27,11,21.12,Pagado,2026-05-27 14:28:30,2026-06-03 20:15:24,1069,21.12,2026-06-03 20:15:24,111113612607048,4872,Efectivo,
2084,2026-05-27,11,10.56,Pagado,2026-05-27 14:28:30,2026-06-03 20:19:01,1070,10.56,2026-06-03 20:19:01,111113612607048,4894,Efectivo,
2085,2026-05-27,18,41.46,Pagado,2026-05-27 14:28:30,2026-06-10 19:34:39,1071,41.46,2026-06-10 19:34:39,111113612004634,4911,Efectivo,
2086,2026-05-27,63,163.80,Pendiente,2026-05-27 14:28:30,2026-07-25 02:00:01,1127,0.00,,,5489,,
2087,2026-05-27,63,163.80,Pendiente,2026-05-27 14:28:30,2026-07-25 02:00:01,1129,0.00,,,5537,,
2088,2026-05-27,63,67.20,Pendiente,2026-05-27 14:28:30,2026-07-25 02:00:01,1130,0.00,,,5591,,
2089,2026-05-27,63,50.40,Pendiente,2026-05-27 14:28:30,2026-07-25 02:00:01,1131,0.00,,,5610,,
2090,2026-05-27,63,123.48,Pendiente,2026-05-27 14:28:30,2026-07-25 02:00:01,1132,0.00,,,5634,,
2091,2026-05-27,63,50.40,Pendiente,2026-05-27 14:28:30,2026-07-25 02:00:01,1134,0.00,,,5676,,
2092,2026-05-27,14,56.28,Pagado,2026-05-27 14:28:30,2026-06-06 17:27:22,1233,56.28,2026-06-06 17:27:22,111113612607048,7430,Efectivo,
2093,2026-05-27,14,27.44,Pagado,2026-05-27 14:28:30,2026-06-06 17:24:09,1234,27.44,2026-06-06 17:24:09,111113612607048,7458,Efectivo,
2094,2026-05-27,14,27.44,Pagado,2026-05-27 14:28:30,2026-06-06 17:25:16,1236,27.44,2026-06-06 17:25:16,111113612607048,7503,Efectivo,
2095,2026-05-27,14,56.28,Pagado,2026-05-27 14:28:30,2026-06-06 17:28:43,1237,56.28,2026-06-06 17:28:43,111113612607048,7521,Efectivo,
2096,2026-05-27,13,15.60,Pagado,2026-05-27 14:28:30,2026-06-05 23:00:27,1239,15.60,2026-06-05 23:00:27,111113612004634,7589,Efectivo,
2097,2026-05-27,14,16.80,Pagado,2026-05-27 14:28:30,2026-06-06 17:30:47,1240,16.80,2026-06-06 17:30:47,111113612607048,7613,Efectivo,
2098,2026-05-27,14,14.93,Pagado,2026-05-27 14:28:30,2026-06-06 17:32:33,1242,14.93,2026-06-06 17:32:33,111113612607048,7673,Efectivo,
2099,2026-05-27,63,100.80,Pendiente,2026-05-27 14:28:30,2026-07-25 02:00:01,1244,0.00,,,7730,,
2100,2026-05-27,14,56.28,Pagado,2026-05-27 14:28:30,2026-06-06 17:37:08,1245,56.28,2026-06-06 17:37:08,111113612607048,7787,Efectivo,
2101,2026-05-27,14,90.07,Pagado,2026-05-27 14:28:30,2026-06-06 17:37:58,1246,90.07,2026-06-06 17:37:58,111113612607048,7803,Efectivo,
2102,2026-05-27,14,19.60,Pagado,2026-05-27 14:28:30,2026-06-06 17:38:51,1249,19.60,2026-06-06 17:38:51,111113612607048,7907,Efectivo,
2103,2026-05-27,14,16.80,Pagado,2026-05-27 14:28:30,2026-06-06 17:39:52,1250,16.80,2026-06-06 17:39:52,111113612607048,7931,Efectivo,
2104,2026-05-27,14,14.00,Pagado,2026-05-27 14:28:30,2026-06-06 17:42:45,1252,14.00,2026-06-06 17:42:45,111113612607048,7984,Efectivo,
2105,2026-05-27,12,16.80,Pagado,2026-05-27 14:28:30,2026-06-04 17:47:22,1255,16.80,2026-06-04 17:47:22,111113612004634,8057,Efectivo,
2106,2026-05-27,12,12.80,Pagado,2026-05-27 14:28:30,2026-06-04 17:47:02,1256,12.80,2026-06-04 17:47:02,111113612004634,8078,Efectivo,
2107,2026-05-27,14,11.20,Pagado,2026-05-27 14:28:30,2026-06-06 17:51:57,1257,11.20,2026-06-06 17:51:57,111113612607048,8129,Efectivo,
2108,2026-05-27,14,26.88,Pagado,2026-05-27 14:28:30,2026-06-06 17:54:16,1259,26.88,2026-06-06 17:54:16,111113612607048,8176,Efectivo,
2109,2026-05-27,14,30.80,Pagado,2026-05-27 14:28:30,2026-06-06 17:55:09,1260,30.80,2026-06-06 17:55:09,111113612607048,8224,Efectivo,
2110,2026-05-27,14,22.40,Pagado,2026-05-27 14:28:30,2026-06-06 17:55:52,1261,22.40,2026-06-06 17:55:52,111113612607048,8248,Efectivo,
2111,2026-05-27,14,14.00,Pagado,2026-05-27 14:28:30,2026-06-06 17:56:35,1262,14.00,2026-06-06 17:56:35,111113612607048,8264,Efectivo,
2112,2026-05-27,14,22.40,Pagado,2026-05-27 14:28:30,2026-06-06 18:00:59,1263,22.40,2026-06-06 18:00:59,111113612607048,8304,Efectivo,
2113,2026-05-27,14,36.40,Pagado,2026-05-27 14:28:30,2026-06-06 18:01:48,1264,36.40,2026-06-06 18:01:48,111113612607048,8335,Efectivo,
2114,2026-05-27,14,14.93,Pagado,2026-05-27 14:28:30,2026-06-06 18:02:34,1265,14.93,2026-06-06 18:02:34,111113612607048,8373,Efectivo,
2115,2026-05-27,14,25.20,Pagado,2026-05-27 14:28:30,2026-06-06 18:03:31,1266,25.20,2026-06-06 18:03:31,111113612607048,8404,Efectivo,
2116,2026-05-27,14,27.44,Pagado,2026-05-27 14:28:30,2026-06-06 18:05:08,1267,27.44,2026-06-06 18:05:08,111113612607048,8428,Efectivo,
2117,2026-05-27,14,22.40,Pagado,2026-05-27 14:28:30,2026-06-06 18:04:17,1268,22.40,2026-06-06 18:04:17,111113612607048,8447,Efectivo,
2118,2026-05-27,14,36.40,Pagado,2026-05-27 14:28:30,2026-06-06 18:06:33,1270,36.40,2026-06-06 18:06:33,111113612607048,8524,Efectivo,
2119,2026-05-27,14,22.40,Pagado,2026-05-27 14:28:30,2026-06-06 18:07:57,1271,22.40,2026-06-06 18:07:57,111113612607048,8562,Efectivo,
2120,2026-05-27,47,122.20,Pagado,2026-05-27 14:28:30,2026-07-09 20:23:25,1272,122.20,2026-07-09 20:23:25,111113612004634,8595,Efectivo,
2121,2026-05-27,14,36.40,Pagado,2026-05-27 14:28:30,2026-06-06 18:13:31,1274,36.40,2026-06-06 18:13:31,111113612607048,8666,Efectivo,
2122,2026-05-27,28,44.80,Pagado,2026-05-27 14:28:30,2026-06-20 14:46:35,1275,44.80,2026-06-20 14:46:35,111113612004634,8694,Efectivo,
2123,2026-05-27,14,67.53,Pagado,2026-05-27 14:28:30,2026-06-06 18:14:29,1276,67.53,2026-06-06 18:14:29,111113612607048,8746,Efectivo,
2124,2026-05-27,14,14.93,Pagado,2026-05-27 14:28:30,2026-06-06 18:16:27,1278,14.93,2026-06-06 18:16:27,111113612607048,8815,Efectivo,
2125,2026-05-27,14,36.40,Pagado,2026-05-27 14:28:30,2026-06-06 18:17:29,1279,36.40,2026-06-06 18:17:29,111113612607048,8839,Efectivo,
2126,2026-05-27,13,13.87,Pagado,2026-05-27 14:28:30,2026-06-05 20:06:53,1281,13.87,2026-06-05 20:06:53,111113612004634,8915,Efectivo,
2127,2026-05-27,14,25.20,Pagado,2026-05-27 14:28:30,2026-06-06 18:20:59,1282,25.20,2026-06-06 18:20:59,111113612607048,8936,Efectivo,
2128,2026-05-27,14,19.60,Pagado,2026-05-27 14:28:30,2026-06-06 18:21:49,1284,19.60,2026-06-06 18:21:49,111113612607048,8973,Efectivo,
2129,2026-05-27,14,16.80,Pagado,2026-05-27 14:28:30,2026-06-06 18:23:30,1285,16.80,2026-06-06 18:23:30,111113612607048,8997,Efectivo,
2130,2026-05-27,14,16.80,Pagado,2026-05-27 14:28:30,2026-06-06 18:24:24,1286,16.80,2026-06-06 18:24:24,111113612607048,9023,Efectivo,
2131,2026-05-27,14,11.20,Pagado,2026-05-27 14:28:30,2026-06-06 18:26:16,1288,11.20,2026-06-06 18:26:16,111113612607048,9073,Efectivo,
2132,2026-05-27,14,78.80,Pagado,2026-05-27 14:28:30,2026-06-06 18:32:35,1289,78.80,2026-06-06 18:32:35,111113612607048,9090,Efectivo,
2133,2026-05-27,14,25.20,Pagado,2026-05-27 14:28:30,2026-06-06 18:36:01,1290,25.20,2026-06-06 18:36:01,111113612607048,9125,Efectivo,
2134,2026-05-27,14,67.53,Pagado,2026-05-27 14:28:30,2026-06-06 18:38:40,1295,67.53,2026-06-06 18:38:40,111113612607048,9264,Efectivo,
2135,2026-05-27,14,56.28,Pagado,2026-05-27 14:28:30,2026-06-06 18:39:44,1296,56.28,2026-06-06 18:39:44,111113612607048,9303,Efectivo,
2136,2026-05-27,14,56.28,Pagado,2026-05-27 14:28:30,2026-06-06 18:45:56,1297,56.28,2026-06-06 18:45:56,111113612607048,9337,Efectivo,
2137,2026-05-27,13,33.80,Pagado,2026-05-27 14:28:30,2026-06-05 22:37:19,1298,33.80,2026-06-05 22:37:19,111113612004634,9370,Efectivo,
2138,2026-05-27,13,20.80,Pagado,2026-05-27 14:28:30,2026-06-05 22:38:31,1299,20.80,2026-06-05 22:38:31,111113612004634,9411,Efectivo,
2139,2026-05-27,14,78.80,Pagado,2026-05-27 14:28:30,2026-06-06 18:48:59,1300,78.80,2026-06-06 18:48:59,111113612607048,9434,Efectivo,
2140,2026-05-27,12,23.52,Pagado,2026-05-27 14:28:30,2026-06-04 21:52:42,1304,23.52,2026-06-04 21:52:42,111113612004634,9557,Efectivo,
2141,2026-05-27,14,33.60,Pagado,2026-05-27 14:28:30,2026-06-06 18:50:37,1306,33.60,2026-06-06 18:50:37,111113612607048,9593,Efectivo,
2142,2026-05-27,14,33.60,Pagado,2026-05-27 14:28:30,2026-06-06 18:53:37,1307,33.60,2026-06-06 18:53:37,111113612607048,9613,Efectivo,
2143,2026-05-27,14,14.93,Pagado,2026-05-27 14:28:30,2026-06-06 18:55:06,1308,14.93,2026-06-06 18:55:06,111113612607048,9644,Efectivo,
2144,2026-05-27,14,27.44,Pagado,2026-05-27 14:28:30,2026-06-06 18:56:20,1309,27.44,2026-06-06 18:56:20,111113612607048,9692,Efectivo,
2145,2026-05-27,14,14.93,Pagado,2026-05-27 14:28:30,2026-06-06 18:57:44,1310,14.93,2026-06-06 18:57:44,111113612607048,9730,Efectivo,
2146,2026-05-27,14,56.28,Pagado,2026-05-27 14:28:30,2026-06-06 18:58:42,1311,56.28,2026-06-06 18:58:42,111113612607048,9763,Efectivo,
2147,2026-05-27,14,27.44,Pagado,2026-05-27 14:28:30,2026-06-06 18:59:29,1312,27.44,2026-06-06 18:59:29,111113612607048,9791,Efectivo,
2148,2026-05-27,14,14.93,Pagado,2026-05-27 14:28:30,2026-06-06 19:02:32,1313,14.93,2026-06-06 19:02:32,111113612607048,9827,Efectivo,
2149,2026-05-27,14,14.00,Pagado,2026-05-27 14:28:30,2026-06-06 19:03:23,1314,14.00,2026-06-06 19:03:23,111113612607048,9868,Efectivo,
2150,2026-05-27,14,19.60,Pagado,2026-05-27 14:28:30,2026-06-06 19:04:15,1315,19.60,2026-06-06 19:04:15,111113612607048,9887,Efectivo,
2151,2026-05-27,12,21.60,Pagado,2026-05-27 14:28:30,2026-06-04 21:54:32,1316,21.60,2026-06-04 21:54:32,111113612004634,9917,Efectivo,
2152,2026-05-27,14,22.40,Pagado,2026-05-27 14:28:30,2026-06-06 19:06:00,1318,22.40,2026-06-06 19:06:00,111113612607048,9954,Efectivo,
2153,2026-05-27,14,22.40,Pagado,2026-05-27 14:28:30,2026-06-06 19:05:11,1319,22.40,2026-06-06 19:05:11,111113612607048,9970,Efectivo,
2154,2026-05-27,13,20.80,Pagado,2026-05-27 14:28:30,2026-06-05 22:40:13,1320,20.80,2026-06-05 22:40:13,111113612004634,10026,Efectivo,
2155,2026-05-27,14,33.60,Pagado,2026-05-27 14:28:30,2026-06-06 19:09:19,1321,33.60,2026-06-06 19:09:19,111113612607048,10050,Efectivo,
2156,2026-05-27,14,26.88,Pagado,2026-05-27 14:28:30,2026-06-06 19:08:28,1322,26.88,2026-06-06 19:08:28,111113612607048,10070,Efectivo,
2157,2026-05-27,12,28.80,Pagado,2026-05-27 14:28:30,2026-06-04 18:24:03,1323,28.80,2026-06-04 18:24:03,111113612004634,10122,Efectivo,
2158,2026-05-27,23,34.12,Pagado,2026-05-27 14:28:30,2026-06-15 19:27:24,1557,34.12,2026-06-15 19:27:24,11119423046816,15047,Efectivo,
2159,2026-05-27,11,21.12,Pagado,2026-05-27 14:28:30,2026-06-03 19:58:02,1622,21.12,2026-06-03 19:58:02,111113612607048,15214,Efectivo,
2160,2026-05-27,11,21.12,Pagado,2026-05-27 14:28:30,2026-06-03 20:11:37,1623,21.12,2026-06-03 20:11:37,111113612607048,15232,Efectivo,
2161,2026-05-27,14,14.00,Pagado,2026-05-27 14:28:30,2026-06-06 17:50:06,1641,14.00,2026-06-06 17:50:06,111113612607048,15630,Efectivo,
2162,2026-05-27,14,11.20,Pagado,2026-05-27 14:28:30,2026-06-06 19:11:23,1642,11.20,2026-06-06 19:11:23,111113612607048,15643,Efectivo,
2163,2026-05-27,14,25.20,Pagado,2026-05-27 14:28:30,2026-06-06 19:12:08,1643,25.20,2026-06-06 19:12:08,111113612607048,15667,Efectivo,
2164,2026-05-27,23,66.70,Pagado,2026-05-27 14:28:30,2026-06-15 19:25:03,1676,66.70,2026-06-15 19:25:03,11119423046816,16524,Efectivo,
2165,2026-05-27,14,22.40,Pagado,2026-05-27 14:28:30,2026-06-06 18:12:27,1677,22.40,2026-06-06 18:12:27,111113612607048,16540,Efectivo,
2166,2026-05-27,63,555.64,Pendiente,2026-05-27 14:28:30,2026-07-25 02:00:01,1680,0.00,,,16630,,
2167,2026-05-27,14,36.40,Pagado,2026-05-27 14:28:30,2026-06-06 17:36:18,1682,36.40,2026-06-06 17:36:18,111113612607048,16667,Efectivo,
2168,2026-05-27,14,27.44,Pagado,2026-05-27 14:28:30,2026-06-06 18:15:39,1691,27.44,2026-06-06 18:15:39,111113612607048,16869,Efectivo,
2169,2026-05-27,14,22.40,Pagado,2026-05-27 14:28:30,2026-06-06 18:27:03,1696,22.40,2026-06-06 18:27:03,111113612607048,16966,Efectivo,
2170,2026-05-27,14,18.66,Pagado,2026-05-27 14:28:30,2026-06-06 17:41:41,1719,18.66,2026-06-06 17:41:41,111113612607048,17415,Efectivo,
2171,2026-05-27,14,14.00,Pagado,2026-05-27 14:28:30,2026-06-06 18:20:12,1725,14.00,2026-06-06 18:20:12,111113612607048,17520,Efectivo,
2172,2026-05-27,14,27.44,Pagado,2026-05-27 14:28:30,2026-06-06 17:53:17,1726,27.44,2026-06-06 17:53:17,111113612607048,17533,Efectivo,
2173,2026-05-27,13,33.80,Pagado,2026-05-27 14:28:30,2026-06-05 20:06:23,1729,33.80,2026-06-05 20:06:23,111113612004634,17605,Efectivo,
2174,2026-05-27,11,25.87,Pagado,2026-05-27 14:28:30,2026-06-03 20:37:58,1730,25.87,2026-06-03 20:37:58,111113612607048,17629,Efectivo,
2175,2026-05-27,20,29.66,Pagado,2026-05-27 14:28:30,2026-06-15 18:36:57,1674,29.66,2026-06-15 18:36:57,111113612004634,16461,Efectivo,
2176,2026-05-27,20,29.66,Pagado,2026-05-27 14:28:30,2026-06-15 18:59:06,1768,29.66,2026-06-15 18:59:06,11119423046816,18486,Efectivo,
2177,2026-05-27,20,38.73,Pagado,2026-05-27 14:28:30,2026-06-15 18:35:21,1795,38.73,2026-06-15 18:35:21,111113612004634,19015,Efectivo,
2178,2026-05-27,20,29.66,Pagado,2026-05-27 14:28:30,2026-06-15 18:34:13,1797,29.66,2026-06-15 18:34:13,111113612004634,19055,Efectivo,
2179,2026-05-28,16,12.80,Pagado,2026-05-28 02:00:01,2026-05-29 19:18:01,1190,12.80,2026-05-29 19:18:01,111113612004634,7055,Efectivo,
2180,2026-05-28,16,12.80,Pagado,2026-05-28 02:00:01,2026-05-29 19:16:41,1189,12.80,2026-05-29 19:16:41,111113612004634,7035,Efectivo,
2181,2026-05-28,16,12.80,Pagado,2026-05-28 02:00:01,2026-05-29 18:29:49,1118,12.80,2026-05-29 18:29:49,111113612004634,5272,Efectivo,
2182,2026-05-28,16,12.80,Pagado,2026-05-28 02:00:01,2026-05-29 18:28:00,1117,12.80,2026-05-29 18:28:00,111113612004634,5248,Efectivo,
2183,2026-05-28,16,11.52,Pagado,2026-05-28 02:00:01,2026-05-29 18:25:45,1116,11.52,2026-05-29 18:25:45,111113612004634,5231,Efectivo,
2184,2026-05-28,16,11.52,Pagado,2026-05-28 02:00:01,2026-05-29 18:24:43,1115,11.52,2026-05-29 18:24:43,111113612004634,5213,Efectivo,
2185,2026-05-28,16,11.52,Pagado,2026-05-28 02:00:01,2026-05-29 18:23:47,1114,11.52,2026-05-29 18:23:47,111113612004634,5195,Efectivo,
2186,2026-05-28,73,77.87,Pendiente,2026-05-28 02:00:01,2026-07-25 02:00:00,992,0.00,,,2937,,
2187,2026-05-28,16,12.80,Pagado,2026-05-28 02:00:01,2026-05-29 19:14:06,1188,12.80,2026-05-29 19:14:06,111113612004634,7015,Efectivo,
2188,2026-05-28,73,157.68,Pendiente,2026-05-28 02:00:01,2026-07-25 02:00:00,995,0.00,,,3018,,
2189,2026-05-28,16,31.36,Pagado,2026-05-28 02:00:01,2026-05-29 19:10:18,1182,31.36,2026-05-29 19:10:18,111113612004634,6887,Efectivo,
2190,2026-05-28,73,52.56,Pendiente,2026-05-28 02:00:01,2026-07-25 02:00:00,1000,0.00,,,3107,,
2191,2026-05-28,73,175.20,Pendiente,2026-05-28 02:00:01,2026-07-25 02:00:00,1001,0.00,,,3129,,
2192,2026-05-28,73,18.49,Pendiente,2026-05-28 02:00:01,2026-07-25 02:00:00,1002,0.00,,,19903,,
2193,2026-05-28,73,133.35,Pendiente,2026-05-28 02:00:01,2026-07-25 02:00:01,1008,0.00,,,19905,,
2194,2026-05-28,73,131.40,Pendiente,2026-05-28 02:00:01,2026-07-25 02:00:01,1010,0.00,,,3371,,
2195,2026-05-28,59,47.20,Pendiente,2026-05-28 02:00:02,2026-07-25 02:00:01,893,0.00,,,1226,,
2196,2026-05-28,59,62.93,Pendiente,2026-05-28 02:00:02,2026-07-25 02:00:01,992,0.00,,,2939,,
2197,2026-05-28,59,59.00,Pendiente,2026-05-28 02:00:02,2026-07-25 02:00:01,994,0.00,,,2996,,
2198,2026-05-28,59,141.60,Pendiente,2026-05-28 02:00:02,2026-07-25 02:00:01,1001,0.00,,,3131,,
2199,2026-05-28,59,113.28,Pendiente,2026-05-28 02:00:02,2026-07-25 02:00:01,1002,0.00,,,3147,,
2200,2026-05-28,59,115.64,Pendiente,2026-05-28 02:00:02,2026-07-25 02:00:01,1003,0.00,,,3203,,
2201,2026-05-28,59,59.00,Pendiente,2026-05-28 02:00:02,2026-07-25 02:00:01,1004,0.00,,,3217,,
2202,2026-05-28,59,115.64,Pendiente,2026-05-28 02:00:02,2026-07-25 02:00:01,1005,0.00,,,3240,,
2203,2026-05-28,59,115.64,Pendiente,2026-05-28 02:00:02,2026-07-25 02:00:01,1008,0.00,,,3301,,
2204,2026-05-28,59,94.40,Pendiente,2026-05-28 02:00:02,2026-07-25 02:00:01,1009,0.00,,,3315,,
2205,2026-05-28,59,106.20,Pendiente,2026-05-28 02:00:02,2026-07-25 02:00:01,1010,0.00,,,3373,,
2206,2026-05-28,2,1.44,Pagado,2026-05-28 02:00:02,2026-05-29 18:24:06,1114,1.44,2026-05-29 18:24:06,111113612004634,5197,Efectivo,
2207,2026-05-28,2,1.44,Pagado,2026-05-28 02:00:02,2026-05-29 18:25:03,1115,1.44,2026-05-29 18:25:03,111113612004634,5215,Efectivo,
2208,2026-05-28,2,1.44,Pagado,2026-05-28 02:00:02,2026-05-29 18:26:06,1116,1.44,2026-05-29 18:26:06,111113612004634,5233,Efectivo,
2209,2026-05-28,2,1.60,Pagado,2026-05-28 02:00:02,2026-05-29 18:28:22,1117,1.60,2026-05-29 18:28:22,111113612004634,5250,Efectivo,
2210,2026-05-28,2,1.60,Pagado,2026-05-28 02:00:02,2026-05-29 18:30:11,1118,1.60,2026-05-29 18:30:11,111113612004634,5274,Efectivo,
2211,2026-05-28,2,1.60,Pagado,2026-05-28 02:00:02,2026-05-29 18:31:53,1121,1.60,2026-05-29 18:31:53,111113612004634,5370,Efectivo,
2212,2026-05-28,2,1.60,Pagado,2026-05-28 02:00:02,2026-05-29 18:33:00,1122,1.60,2026-05-29 18:33:00,111113612004634,5394,Efectivo,
2213,2026-05-28,2,3.92,Pagado,2026-05-28 02:00:02,2026-05-29 19:06:42,1180,3.92,2026-05-29 19:06:42,111113612004634,6850,Efectivo,
2214,2026-05-28,2,4.80,Pagado,2026-05-28 02:00:02,2026-05-29 19:09:25,1181,4.80,2026-05-29 19:09:25,111113612004634,6863,Efectivo,
2215,2026-05-28,2,3.92,Pagado,2026-05-28 02:00:02,2026-05-29 19:10:39,1182,3.92,2026-05-29 19:10:39,111113612004634,6889,Efectivo,
2216,2026-05-28,2,1.60,Pagado,2026-05-28 02:00:02,2026-05-29 19:14:26,1188,1.60,2026-05-29 19:14:26,111113612004634,7017,Efectivo,
2217,2026-05-28,2,1.60,Pagado,2026-05-28 02:00:02,2026-05-29 19:17:03,1189,1.60,2026-05-29 19:17:03,111113612004634,7037,Efectivo,
2218,2026-05-28,2,1.60,Pagado,2026-05-28 02:00:02,2026-05-29 19:18:24,1190,1.60,2026-05-29 19:18:24,111113612004634,7057,Efectivo,
2219,2026-05-28,2,5.20,Pagado,2026-05-28 02:00:02,2026-05-29 19:25:38,1375,5.20,2026-05-29 19:25:38,111113612004634,10803,Efectivo,
2220,2026-05-28,2,3.63,Pagado,2026-05-28 02:00:02,2026-05-29 19:26:51,1376,3.63,2026-05-29 19:26:51,111113612004634,10846,Efectivo,
2221,2026-05-28,2,5.20,Pagado,2026-05-28 02:00:02,2026-05-29 19:29:37,1377,5.20,2026-05-29 19:29:37,111113612004634,10877,Efectivo,
2222,2026-05-28,2,4.05,Pagado,2026-05-28 02:00:02,2026-05-29 19:28:00,1378,4.05,2026-05-29 19:28:00,111113612004634,10897,Efectivo,
2223,2026-05-28,2,3.92,Pagado,2026-05-28 02:00:02,2026-05-29 19:30:42,1379,3.92,2026-05-29 19:30:42,111113612004634,10944,Efectivo,
2224,2026-05-28,2,2.13,Pagado,2026-05-28 02:00:02,2026-05-29 19:31:59,1380,2.13,2026-05-29 19:31:59,111113612004634,10993,Efectivo,
2225,2026-05-28,2,3.92,Pagado,2026-05-28 02:00:02,2026-05-29 19:35:22,1381,3.92,2026-05-29 19:35:22,111113612004634,11023,Efectivo,
2226,2026-05-28,59,94.40,Pendiente,2026-05-28 02:00:02,2026-07-25 02:00:01,1384,0.00,,,11097,,
2227,2026-05-28,2,3.60,Pagado,2026-05-28 02:00:02,2026-05-29 19:40:27,1385,3.60,2026-05-29 19:40:27,111113612004634,11141,Efectivo,
2228,2026-05-28,6,13.74,Pagado,2026-05-28 02:00:02,2026-06-02 17:20:23,1541,13.74,2026-06-02 17:20:23,111113612004634,14704,Efectivo,
2229,2026-05-28,19,36.80,Pagado,2026-05-28 02:00:02,2026-06-15 19:06:20,1544,36.80,2026-06-15 19:06:20,11119423046816,14783,Efectivo,
2230,2026-05-28,8,18.32,Pagado,2026-05-28 02:00:02,2026-06-04 22:15:24,1546,18.32,2026-06-04 22:15:24,111113612004634,14833,Efectivo,
2231,2026-05-28,19,72.45,Pagado,2026-05-28 02:00:02,2026-06-15 19:12:22,1548,72.45,2026-06-15 19:12:22,11119423046816,14864,Efectivo,
2232,2026-05-28,36,53.40,Pagado,2026-05-28 02:00:02,2026-07-02 21:06:29,1551,53.40,2026-07-02 21:06:29,111113612004634,14949,Efectivo,
2233,2026-05-28,59,106.20,Pendiente,2026-05-28 02:00:02,2026-07-25 02:00:01,1631,0.00,,,15443,,
2234,2026-05-28,2,2.00,Pagado,2026-05-28 02:00:02,2026-05-29 18:27:31,1634,2.00,2026-05-29 18:27:31,111113612004634,15515,Efectivo,
2235,2026-05-28,59,115.62,Pendiente,2026-05-28 02:00:02,2026-07-25 02:00:01,1653,0.00,,,15998,,
2236,2026-05-28,59,35.40,Pendiente,2026-05-28 02:00:02,2026-07-25 02:00:01,1654,0.00,,,16008,,
2237,2026-05-28,2,4.80,Pagado,2026-05-28 02:00:02,2026-05-29 18:34:05,1655,4.80,2026-05-29 18:34:05,111113612004634,16034,Efectivo,
2238,2026-05-28,2,3.92,Pagado,2026-05-28 02:00:02,2026-05-29 19:42:04,1656,3.92,2026-05-29 19:42:04,111113612004634,16056,Efectivo,
2239,2026-05-28,2,3.63,Pagado,2026-05-28 02:00:02,2026-05-29 18:35:15,1657,3.63,2026-05-29 18:35:15,111113612004634,16098,Efectivo,
2240,2026-05-28,19,63.08,Pagado,2026-05-28 02:00:02,2026-06-15 19:13:51,1658,63.08,2026-06-15 19:13:51,11119423046816,16130,Efectivo,
2241,2026-05-28,19,36.80,Pagado,2026-05-28 02:00:02,2026-06-15 19:15:14,1660,36.80,2026-06-15 19:15:14,11119423046816,16160,Efectivo,
2242,2026-05-28,2,3.63,Pagado,2026-05-28 02:00:02,2026-05-29 19:21:05,1675,3.63,2026-05-29 19:21:05,111113612004634,16477,Efectivo,
2243,2026-05-28,2,4.80,Pagado,2026-05-28 02:00:02,2026-05-29 19:12:37,1678,4.80,2026-05-29 19:12:37,111113612004634,16589,Efectivo,
2244,2026-05-28,7,13.44,Pagado,2026-05-28 02:00:02,2026-06-03 17:00:16,1679,13.44,2026-06-03 17:00:16,111113612607048,16613,Efectivo,
2245,2026-05-28,2,2.67,Pagado,2026-05-28 02:00:02,2026-05-29 19:05:15,1681,2.67,2026-05-29 19:05:15,111113612004634,16655,Efectivo,
2246,2026-05-28,2,3.92,Pagado,2026-05-28 02:00:02,2026-05-29 19:11:36,1705,3.92,2026-05-29 19:11:36,111113612004634,17179,Efectivo,
2247,2026-05-28,2,1.33,Pagado,2026-05-28 02:00:02,2026-05-29 19:15:59,1706,1.33,2026-05-29 19:15:59,111113612004634,17203,Efectivo,
2248,2026-05-28,59,59.00,Pendiente,2026-05-28 02:00:02,2026-07-25 02:00:01,1712,0.00,,,17308,,
2249,2026-05-28,2,1.60,Pagado,2026-05-28 02:00:02,2026-05-29 18:36:53,1718,1.60,2026-05-29 18:36:53,111113612004634,17392,Efectivo,
2250,2026-05-28,19,72.44,Pagado,2026-05-28 02:00:02,2026-06-15 19:16:42,1732,72.44,2026-06-15 19:16:42,11119423046816,17671,Efectivo,
2251,2026-05-28,19,55.10,Pagado,2026-05-28 02:00:02,2026-06-15 19:10:57,1734,55.10,2026-06-15 19:10:57,11119423046816,17727,Efectivo,
2252,2026-05-28,19,55.10,Pagado,2026-05-28 02:00:02,2026-06-15 19:07:59,1735,55.10,2026-06-15 19:07:59,11119423046816,17743,Efectivo,
2253,2026-05-28,2,1.20,Pagado,2026-05-28 02:00:02,2026-05-29 18:37:52,1742,1.20,2026-05-29 18:37:52,111113612004634,17884,Efectivo,
2254,2026-05-28,2,1.20,Pagado,2026-05-28 02:00:02,2026-05-29 18:43:31,1743,1.20,2026-05-29 18:43:31,111113612004634,17908,Efectivo,
2255,2026-05-28,59,127.44,Pendiente,2026-05-28 02:00:02,2026-07-25 02:00:01,1750,0.00,,,18070,,
2256,2026-05-28,2,2.00,Pagado,2026-05-28 02:00:02,2026-05-29 18:29:18,1752,2.00,2026-05-29 18:29:18,111113612004634,18112,Efectivo,
2257,2026-05-28,59,84.96,Pendiente,2026-05-28 02:00:02,2026-07-25 02:00:01,1759,0.00,,,18259,,
2258,2026-05-28,19,86.92,Pagado,2026-05-28 02:00:02,2026-06-15 19:04:46,1761,86.92,2026-06-15 19:04:46,11119423046816,18324,Efectivo,
2259,2026-05-28,19,57.95,Pagado,2026-05-28 02:00:02,2026-06-15 19:03:21,1769,57.95,2026-06-15 19:03:21,11119423046816,18502,Efectivo,
2260,2026-05-28,2,1.60,Pagado,2026-05-28 02:00:02,2026-05-29 18:45:10,1770,1.60,2026-05-29 18:45:10,111113612004634,18534,Efectivo,
2261,2026-05-28,59,70.80,Pendiente,2026-05-28 02:00:02,2026-07-25 02:00:01,1774,0.00,,,18616,,
2262,2026-05-28,2,3.92,Pagado,2026-05-28 02:00:02,2026-05-29 19:36:49,1784,3.92,2026-05-29 19:36:49,111113612004634,18782,Efectivo,
2263,2026-05-28,2,3.92,Pagado,2026-05-28 02:00:02,2026-05-29 19:37:51,1785,3.92,2026-05-29 19:37:51,111113612004634,18806,Efectivo,
2264,2026-05-28,59,113.28,Pendiente,2026-05-28 02:00:02,2026-07-25 02:00:01,1790,0.00,,,18921,,
2265,2026-05-28,19,28.18,Pagado,2026-05-28 02:00:02,2026-06-15 19:01:47,1798,28.18,2026-06-15 19:01:47,11119423046816,19071,Efectivo,
2266,2026-05-28,2,3.92,Pagado,2026-05-28 02:00:02,2026-05-29 19:20:20,1799,3.92,2026-05-29 19:20:20,111113612004634,19087,Efectivo,
2267,2026-05-28,2,3.20,Pagado,2026-05-28 02:00:02,2026-05-29 19:22:05,1800,3.20,2026-05-29 19:22:05,111113612004634,19111,Efectivo,
2268,2026-05-28,2,3.92,Pagado,2026-05-28 02:00:02,2026-05-29 19:22:43,1801,3.92,2026-05-29 19:22:43,111113612004634,19135,Efectivo,
2269,2026-05-28,2,2.40,Pagado,2026-05-28 02:00:02,2026-05-29 19:23:28,1802,2.40,2026-05-29 19:23:28,111113612004634,19159,Efectivo,
2270,2026-05-28,2,1.20,Pagado,2026-05-28 02:00:02,2026-05-29 19:24:07,1803,1.20,2026-05-29 19:24:07,111113612004634,19183,Efectivo,
2271,2026-05-28,2,2.67,Pagado,2026-05-28 02:00:02,2026-05-29 18:30:58,1809,2.67,2026-05-29 18:30:58,111113612004634,19329,Efectivo,
2272,2026-05-28,2,1.33,Pagado,2026-05-28 02:00:02,2026-05-29 19:17:30,1838,1.33,2026-05-29 19:17:30,111113612004634,20037,Efectivo,
2273,2026-05-28,2,3.60,Pagado,2026-05-28 02:00:02,2026-05-29 19:13:18,1839,3.60,2026-05-29 19:13:18,111113612004634,20050,Efectivo,
2274,2026-05-29,9,15.12,Pagado,2026-05-29 02:00:02,2026-06-06 19:16:57,894,15.12,2026-06-06 19:16:57,111113612607048,1246,Efectivo,
2275,2026-05-29,6,12.96,Pagado,2026-05-29 02:00:02,2026-06-03 17:09:49,896,12.96,2026-06-03 17:09:49,111113612607048,1283,Efectivo,
2276,2026-05-29,6,5.76,Pagado,2026-05-29 02:00:02,2026-06-03 17:21:13,902,5.76,2026-06-03 17:21:13,111113612607048,1401,Efectivo,
2277,2026-05-29,6,7.20,Pagado,2026-05-29 02:00:02,2026-06-03 17:26:34,903,7.20,2026-06-03 17:26:34,111113612607048,1420,Efectivo,
2278,2026-05-29,6,18.72,Pagado,2026-05-29 02:00:02,2026-06-03 17:30:51,904,18.72,2026-06-03 17:30:51,111113612607048,1438,Efectivo,
2279,2026-05-29,8,19.20,Pagado,2026-05-29 02:00:02,2026-06-05 20:32:37,915,19.20,2026-06-05 20:32:37,111113612004634,1748,Efectivo,
2280,2026-05-29,8,14.51,Pagado,2026-05-29 02:00:02,2026-06-05 20:31:34,916,14.51,2026-06-05 20:31:34,111113612004634,1781,Efectivo,
2281,2026-05-29,8,19.20,Pagado,2026-05-29 02:00:02,2026-06-05 20:33:44,917,19.20,2026-06-05 20:33:44,111113612004634,1820,Efectivo,
2282,2026-05-29,8,14.51,Pagado,2026-05-29 02:00:02,2026-06-05 20:34:43,918,14.51,2026-06-05 20:34:43,111113612004634,1856,Efectivo,
2283,2026-05-29,58,92.80,Pendiente,2026-05-29 02:00:02,2026-07-25 02:00:01,919,0.00,,,1892,,
2284,2026-05-29,8,19.20,Pagado,2026-05-29 02:00:02,2026-06-05 20:37:39,920,19.20,2026-06-05 20:37:39,111113612004634,1916,Efectivo,
2285,2026-05-29,8,15.68,Pagado,2026-05-29 02:00:02,2026-06-05 20:39:21,922,15.68,2026-06-05 20:39:21,111113612004634,1988,Efectivo,
2286,2026-05-29,8,14.40,Pagado,2026-05-29 02:00:02,2026-06-05 20:41:36,924,14.40,2026-06-05 20:41:36,111113612004634,2024,Efectivo,
2287,2026-05-29,8,15.68,Pagado,2026-05-29 02:00:02,2026-06-05 20:43:09,926,15.68,2026-06-05 20:43:09,111113612004634,2061,Efectivo,
2288,2026-05-29,8,15.68,Pagado,2026-05-29 02:00:02,2026-06-05 20:44:38,927,15.68,2026-06-05 20:44:38,111113612004634,2082,Efectivo,
2289,2026-05-29,8,8.53,Pagado,2026-05-29 02:00:02,2026-06-05 20:45:55,928,8.53,2026-06-05 20:45:55,111113612004634,2114,Efectivo,
2290,2026-05-29,8,9.60,Pagado,2026-05-29 02:00:02,2026-06-05 20:47:29,931,9.60,2026-06-05 20:47:29,111113612004634,2199,Efectivo,
2291,2026-05-29,1,1.96,Pagado,2026-05-29 02:00:02,2026-05-29 22:49:31,1136,1.96,2026-05-29 22:49:31,111113612004634,5732,Efectivo,
2292,2026-05-29,1,2.40,Pagado,2026-05-29 02:00:02,2026-05-29 22:51:09,1138,2.40,2026-05-29 22:51:09,111113612004634,5804,Efectivo,
2293,2026-05-29,58,81.20,Pendiente,2026-05-29 02:00:02,2026-07-25 02:00:01,1143,0.00,,,5934,,
2294,2026-05-29,14,14.00,Pagado,2026-05-29 02:00:02,2026-06-11 14:08:32,1145,14.00,2026-06-11 14:08:32,111113612004634,5993,Efectivo,
2295,2026-05-29,58,113.68,Pendiente,2026-05-29 02:00:02,2026-07-25 02:00:01,1146,0.00,,,6012,,
2296,2026-05-29,14,8.40,Pagado,2026-05-29 02:00:02,2026-06-11 14:09:40,1147,8.40,2026-06-11 14:09:40,111113612004634,6042,Efectivo,
2297,2026-05-29,6,5.76,Pagado,2026-05-29 02:00:02,2026-06-03 17:52:45,1196,5.76,2026-06-03 17:52:45,111113612607048,7175,Efectivo,
2298,2026-05-29,6,7.20,Pagado,2026-05-29 02:00:02,2026-06-03 17:55:00,1197,7.20,2026-06-03 17:55:00,111113612607048,7198,Efectivo,
2299,2026-05-29,6,5.76,Pagado,2026-05-29 02:00:02,2026-06-03 17:56:25,1198,5.76,2026-06-03 17:56:25,111113612607048,7214,Efectivo,
2300,2026-05-29,20,21.33,Pagado,2026-05-29 02:00:02,2026-06-17 19:03:50,1199,21.33,2026-06-17 19:03:50,11119423046816,7245,Efectivo,
2301,2026-05-29,20,24.00,Pagado,2026-05-29 02:00:02,2026-06-17 19:05:22,1200,24.00,2026-06-17 19:05:22,11119423046816,7277,Efectivo,
2302,2026-05-29,20,12.00,Pagado,2026-05-29 02:00:02,2026-06-17 19:17:49,1202,12.00,2026-06-17 19:17:49,11119423046816,7333,Efectivo,
2303,2026-05-29,9,9.60,Pagado,2026-05-29 02:00:02,2026-06-06 19:24:21,1325,9.60,2026-06-06 19:24:21,111113612607048,10185,Efectivo,
2304,2026-05-29,9,9.60,Pagado,2026-05-29 02:00:02,2026-06-06 19:25:45,1327,9.60,2026-06-06 19:25:45,111113612607048,10237,Efectivo,
2305,2026-05-29,9,12.00,Pagado,2026-05-29 02:00:02,2026-06-06 19:28:50,1329,12.00,2026-06-06 19:28:50,111113612607048,10307,Efectivo,
2306,2026-05-29,9,16.32,Pagado,2026-05-29 02:00:02,2026-06-06 19:37:16,1362,16.32,2026-06-06 19:37:16,111113612607048,10450,Efectivo,
2307,2026-05-29,9,10.80,Pagado,2026-05-29 02:00:02,2026-06-06 19:44:24,1363,10.80,2026-06-06 19:44:24,111113612607048,10498,Efectivo,
2308,2026-05-29,6,4.80,Pagado,2026-05-29 02:00:02,2026-06-03 18:10:51,1364,4.80,2026-06-03 18:10:51,111113612607048,10516,Efectivo,
2309,2026-05-29,6,4.80,Pagado,2026-05-29 02:00:02,2026-06-03 18:12:03,1365,4.80,2026-06-03 18:12:03,111113612607048,10540,Efectivo,
2310,2026-05-29,20,21.33,Pagado,2026-05-29 02:00:02,2026-06-17 19:24:48,1388,21.33,2026-06-17 19:24:48,11119423046816,11248,Efectivo,
2311,2026-05-29,20,62.40,Pagado,2026-05-29 02:00:02,2026-06-17 19:28:01,1391,62.40,2026-06-17 19:28:01,11119423046816,11303,Efectivo,
2312,2026-05-29,20,32.00,Pagado,2026-05-29 02:00:02,2026-06-17 19:30:13,1395,32.00,2026-06-17 19:30:13,11119423046816,11426,Efectivo,
2313,2026-05-29,14,10.08,Pagado,2026-05-29 02:00:02,2026-06-11 18:20:25,1396,10.08,2026-06-11 18:20:25,111113612004634,11458,Efectivo,
2314,2026-05-29,20,62.40,Pagado,2026-05-29 02:00:02,2026-06-17 19:35:25,1398,62.40,2026-06-17 19:35:25,11119423046816,11490,Efectivo,
2315,2026-05-29,58,117.55,Pendiente,2026-05-29 02:00:02,2026-07-25 02:00:01,1421,0.00,,,11996,,
2316,2026-05-29,9,20.74,Pagado,2026-05-29 02:00:02,2026-06-06 19:21:11,1617,20.74,2026-06-06 19:21:11,111113612607048,15125,Efectivo,
2317,2026-05-29,9,15.12,Pagado,2026-05-29 02:00:02,2026-06-06 19:20:07,1618,15.12,2026-06-06 19:20:07,111113612607048,15143,Efectivo,
2318,2026-05-29,6,12.38,Pagado,2026-05-29 02:00:02,2026-06-03 17:37:53,1619,12.38,2026-06-03 17:37:53,111113612607048,15161,Efectivo,
2319,2026-05-29,6,10.08,Pagado,2026-05-29 02:00:02,2026-06-03 17:42:17,1620,10.08,2026-06-03 17:42:17,111113612607048,15179,Efectivo,
2320,2026-05-29,6,5.76,Pagado,2026-05-29 02:00:02,2026-06-03 17:57:46,1621,5.76,2026-06-03 17:57:46,111113612607048,15197,Efectivo,
2321,2026-05-29,6,11.76,Pagado,2026-05-29 02:00:02,2026-06-03 18:01:06,1625,11.76,2026-06-03 18:01:06,111113612607048,15299,Efectivo,
2322,2026-05-29,9,17.64,Pagado,2026-05-29 02:00:02,2026-06-06 19:27:31,1626,17.64,2026-06-06 19:27:31,111113612607048,15323,Efectivo,
2323,2026-05-29,7,13.72,Pagado,2026-05-29 02:00:02,2026-06-04 18:38:43,1627,13.72,2026-06-04 18:38:43,111113612004634,15347,Efectivo,
2324,2026-05-29,6,11.76,Pagado,2026-05-29 02:00:02,2026-06-03 17:59:53,1628,11.76,2026-06-03 17:59:53,111113612607048,15371,Efectivo,
2325,2026-05-29,9,17.64,Pagado,2026-05-29 02:00:02,2026-06-06 19:38:43,1629,17.64,2026-06-06 19:38:43,111113612607048,15395,Efectivo,
2326,2026-05-29,8,10.66,Pagado,2026-05-29 02:00:02,2026-06-05 20:40:30,1635,10.66,2026-06-05 20:40:30,111113612004634,15528,Efectivo,
2327,2026-05-29,58,34.80,Pendiente,2026-05-29 02:00:02,2026-07-25 02:00:01,1662,0.00,,,16213,,
2328,2026-05-29,20,47.04,Pagado,2026-05-29 02:00:02,2026-06-17 19:33:09,1663,47.04,2026-06-17 19:33:09,11119423046816,16224,Efectivo,
2329,2026-05-29,6,7.20,Pagado,2026-05-29 02:00:02,2026-06-03 18:15:32,1664,7.20,2026-06-03 18:15:32,111113612607048,16260,Efectivo,
2330,2026-05-29,20,38.40,Pagado,2026-05-29 02:00:02,2026-06-17 19:40:45,1665,38.40,2026-06-17 19:40:45,11119423046816,16242,Efectivo,
2331,2026-05-29,6,11.76,Pagado,2026-05-29 02:00:02,2026-06-03 18:23:16,1666,11.76,2026-06-03 18:23:16,111113612607048,16350,Efectivo,
2332,2026-05-29,6,15.60,Pagado,2026-05-29 02:00:02,2026-06-03 18:16:45,1667,15.60,2026-06-03 18:16:45,111113612607048,16326,Efectivo,
2333,2026-05-29,6,15.60,Pagado,2026-05-29 02:00:02,2026-06-03 18:20:04,1668,15.60,2026-06-03 18:20:04,111113612607048,16374,Efectivo,
2334,2026-05-29,58,150.78,Pendiente,2026-05-29 02:00:02,2026-07-25 02:00:01,1669,0.00,,,16302,,
2335,2026-05-29,6,11.76,Pagado,2026-05-29 02:00:02,2026-06-03 18:21:53,1671,11.76,2026-06-03 18:21:53,111113612607048,16278,Efectivo,
2336,2026-05-29,18,34.86,Pagado,2026-05-29 02:00:02,2026-06-15 19:20:54,1672,34.86,2026-06-15 19:20:54,11119423046816,16422,Efectivo,
2337,2026-05-29,20,62.40,Pagado,2026-05-29 02:00:02,2026-06-17 19:23:08,1701,62.40,2026-06-17 19:23:08,11119423046816,17064,Efectivo,
2338,2026-05-29,20,19.99,Pagado,2026-05-29 02:00:02,2026-06-17 19:31:56,1709,19.99,2026-06-17 19:31:56,11119423046816,17264,Efectivo,
2339,2026-05-29,6,8.40,Pagado,2026-05-29 02:00:02,2026-06-03 18:13:13,1714,8.40,2026-06-03 18:13:13,111113612607048,17332,Efectivo,
2340,2026-05-29,14,14.00,Pagado,2026-05-29 02:00:02,2026-06-11 18:19:27,1721,14.00,2026-06-11 18:19:27,111113612004634,17447,Efectivo,
2341,2026-05-29,6,8.00,Pagado,2026-05-29 02:00:02,2026-06-03 18:07:09,1741,8.00,2026-06-03 18:07:09,111113612607048,17870,Efectivo,
2342,2026-05-29,6,14.11,Pagado,2026-05-29 02:00:02,2026-06-03 17:15:34,1748,14.11,2026-06-03 17:15:34,111113612607048,18028,Efectivo,
2343,2026-05-29,6,14.11,Pagado,2026-05-29 02:00:02,2026-06-03 17:11:34,1754,14.11,2026-06-03 17:11:34,111113612607048,18149,Efectivo,
2344,2026-05-29,20,38.40,Pagado,2026-05-29 02:00:02,2026-06-17 19:38:10,1758,38.40,2026-06-17 19:38:10,11119423046816,18241,Efectivo,
2345,2026-05-29,6,10.24,Pagado,2026-05-29 02:00:02,2026-06-03 18:02:52,1760,10.24,2026-06-03 18:02:52,111113612607048,18277,Efectivo,
2346,2026-05-29,18,26.69,Pagado,2026-05-29 02:00:02,2026-06-15 19:18:20,1772,26.69,2026-06-15 19:18:20,11119423046816,18582,Efectivo,
2347,2026-05-29,20,47.04,Pagado,2026-05-29 02:00:02,2026-06-17 19:36:54,1773,47.04,2026-06-17 19:36:54,11119423046816,18598,Efectivo,
2348,2026-05-29,6,4.00,Pagado,2026-05-29 02:00:02,2026-06-03 17:06:27,1777,4.00,2026-06-03 17:06:27,111113612607048,18676,Efectivo,
2349,2026-05-29,58,57.98,Pendiente,2026-05-29 02:00:02,2026-07-25 02:00:01,1778,0.00,,,18689,,
2350,2026-05-29,18,34.86,Pagado,2026-05-29 02:00:02,2026-06-15 19:19:23,1793,34.86,2026-06-15 19:19:23,11119423046816,18975,Efectivo,
2351,2026-05-29,6,4.00,Pagado,2026-05-29 02:00:02,2026-06-03 17:47:21,1813,4.00,2026-06-03 17:47:21,111113612607048,19381,Efectivo,
2352,2026-05-29,20,38.40,Pagado,2026-05-29 02:00:02,2026-06-17 19:26:38,1814,38.40,2026-06-17 19:26:38,11119423046816,19394,Efectivo,
2353,2026-05-29,58,58.00,Pendiente,2026-05-29 02:00:02,2026-07-25 02:00:01,1819,0.00,,,19516,,
2354,2026-05-29,58,139.18,Pendiente,2026-05-29 02:00:02,2026-07-25 02:00:01,1820,0.00,,,19540,,
2355,2026-05-29,58,92.80,Pendiente,2026-05-29 02:00:02,2026-07-25 02:00:01,1821,0.00,,,19564,,
2356,2026-05-29,58,81.20,Pendiente,2026-05-29 02:00:02,2026-07-25 02:00:01,1822,0.00,,,19588,,
2357,2026-05-29,18,26.69,Pagado,2026-05-29 02:00:02,2026-06-15 19:21:58,1833,26.69,2026-06-15 19:21:58,11119423046816,19909,Efectivo,
2358,2026-05-29,6,9.60,Pagado,2026-05-29 02:00:02,2026-06-03 18:20:39,1835,9.60,2026-06-03 18:20:39,111113612607048,19941,Efectivo,
2359,2026-05-29,6,14.11,Pagado,2026-05-29 02:00:02,2026-06-03 17:16:32,1843,14.11,2026-06-03 17:16:32,111113612607048,20126,Efectivo,
2360,2026-05-29,6,8.64,Pagado,2026-05-29 02:00:02,2026-06-03 17:32:32,1844,8.64,2026-06-03 17:32:32,111113612607048,20144,Efectivo,
2361,2026-05-29,20,62.40,Pagado,2026-05-29 02:00:02,2026-06-17 19:29:16,1848,62.40,2026-06-17 19:29:16,11119423046816,20236,Efectivo,
2362,2026-05-29,6,10.80,Pagado,2026-05-29 02:00:02,2026-06-03 18:09:39,1857,10.80,2026-06-03 18:09:39,111113612607048,20434,Efectivo,
2363,2026-05-30,58,98.98,Pendiente,2026-05-30 02:00:03,2026-07-25 02:00:01,1891,0.00,,,21111,,
2364,2026-05-30,58,98.99,Pendiente,2026-05-30 02:00:03,2026-07-25 02:00:01,1892,0.00,,,21159,,
2365,2026-05-30,57,60.80,Pendiente,2026-05-30 02:00:03,2026-07-25 02:00:01,909,0.00,,,1567,,
2366,2026-05-30,57,111.72,Pendiente,2026-05-30 02:00:03,2026-07-25 02:00:01,912,0.00,,,1677,,
2367,2026-05-30,57,60.80,Pendiente,2026-05-30 02:00:03,2026-07-25 02:00:01,933,0.00,,,2235,,
2368,2026-05-30,5,4.80,Pagado,2026-05-30 02:00:03,2026-06-03 18:32:09,938,4.80,2026-06-03 18:32:09,111113612607048,2356,Efectivo,
2369,2026-05-30,5,4.80,Pagado,2026-05-30 02:00:03,2026-06-03 18:33:23,939,4.80,2026-06-03 18:33:23,111113612607048,2372,Efectivo,
2370,2026-05-30,5,3.60,Pagado,2026-05-30 02:00:03,2026-06-03 18:35:00,940,3.60,2026-06-03 18:35:00,111113612607048,2394,Efectivo,
2371,2026-05-30,5,4.80,Pagado,2026-05-30 02:00:03,2026-06-03 18:36:20,941,4.80,2026-06-03 18:36:20,111113612607048,2412,Efectivo,
2372,2026-05-30,5,27.02,Pagado,2026-05-30 02:00:03,2026-06-03 18:46:52,1023,27.02,2026-06-03 18:46:52,111113612607048,3629,Efectivo,
2373,2026-05-30,19,76.38,Pagado,2026-05-30 02:00:03,2026-06-17 20:43:52,1025,76.38,2026-06-17 20:43:52,11119423046816,3687,Efectivo,
2374,2026-05-30,19,41.80,Pagado,2026-05-30 02:00:03,2026-06-17 20:23:19,1026,41.80,2026-06-17 20:23:19,11119423046816,3723,Efectivo,
2375,2026-05-30,5,7.00,Pagado,2026-05-30 02:00:03,2026-06-03 18:50:13,1028,7.00,2026-06-03 18:50:13,111113612607048,3773,Efectivo,
2376,2026-05-30,7,11.20,Pagado,2026-05-30 02:00:03,2026-06-05 23:08:34,1029,11.20,2026-06-05 23:08:34,111113612004634,3822,Efectivo,
2377,2026-05-30,15,24.00,Pagado,2026-05-30 02:00:03,2026-06-13 16:07:08,1031,24.00,2026-06-13 16:07:08,111113612004634,3894,Efectivo,
2378,2026-05-30,19,30.40,Pagado,2026-05-30 02:00:03,2026-06-17 20:26:05,1033,30.40,2026-06-17 20:26:05,11119423046816,3953,Efectivo,
2379,2026-05-30,5,28.14,Pagado,2026-05-30 02:00:03,2026-06-03 18:52:56,1034,28.14,2026-06-03 18:52:56,111113612607048,3986,Efectivo,
2380,2026-05-30,19,20.27,Pagado,2026-05-30 02:00:03,2026-06-17 20:28:56,1038,20.27,2026-06-17 20:28:56,11119423046816,4130,Efectivo,
2381,2026-05-30,19,24.32,Pagado,2026-05-30 02:00:03,2026-06-17 20:30:35,1040,24.32,2026-06-17 20:30:35,11119423046816,4189,Efectivo,
2382,2026-05-30,19,36.48,Pagado,2026-05-30 02:00:03,2026-06-17 20:32:21,1042,36.48,2026-06-17 20:32:21,11119423046816,4264,Efectivo,
2383,2026-05-30,5,12.00,Pagado,2026-05-30 02:00:03,2026-06-03 18:58:05,1043,12.00,2026-06-03 18:58:05,111113612607048,4313,Efectivo,
2384,2026-05-30,19,20.27,Pagado,2026-05-30 02:00:03,2026-06-17 20:33:57,1044,20.27,2026-06-17 20:33:57,11119423046816,4343,Efectivo,
2385,2026-05-30,5,13.00,Pagado,2026-05-30 02:00:03,2026-06-03 19:00:50,1045,13.00,2026-06-03 19:00:50,111113612607048,4383,Efectivo,
2386,2026-05-30,5,24.12,Pagado,2026-05-30 02:00:03,2026-06-03 19:04:14,1047,24.12,2026-06-03 19:04:14,111113612607048,4417,Efectivo,
2387,2026-05-30,19,34.20,Pagado,2026-05-30 02:00:03,2026-06-17 20:38:48,1050,34.20,2026-06-17 20:38:48,11119423046816,4495,Efectivo,
2388,2026-05-30,57,274.93,Pendiente,2026-05-30 02:00:03,2026-07-25 02:00:01,1148,0.00,,,6058,,
2389,2026-05-30,57,109.44,Pendiente,2026-05-30 02:00:03,2026-07-25 02:00:01,1150,0.00,,,6109,,
2390,2026-05-30,57,164.16,Pendiente,2026-05-30 02:00:03,2026-07-25 02:00:01,1152,0.00,,,6174,,
2391,2026-05-30,57,60.80,Pendiente,2026-05-30 02:00:03,2026-07-25 02:00:01,1153,0.00,,,6215,,
2392,2026-05-30,57,136.80,Pendiente,2026-05-30 02:00:03,2026-07-25 02:00:01,1154,0.00,,,6240,,
2393,2026-05-30,35,101.27,Pagado,2026-05-30 02:00:03,2026-07-03 21:17:18,1155,101.27,2026-07-03 21:17:18,111113612004634,6275,Efectivo,
2394,2026-05-30,57,134.14,Pendiente,2026-05-30 02:00:03,2026-07-25 02:00:01,1156,0.00,,,6288,,
2395,2026-05-30,57,60.80,Pendiente,2026-05-30 02:00:03,2026-07-25 02:00:01,1157,0.00,,,6313,,
2396,2026-05-30,57,134.14,Pendiente,2026-05-30 02:00:03,2026-07-25 02:00:01,1158,0.00,,,6355,,
2397,2026-05-30,57,60.80,Pendiente,2026-05-30 02:00:03,2026-07-25 02:00:01,1159,0.00,,,6394,,
2398,2026-05-30,57,164.16,Pendiente,2026-05-30 02:00:03,2026-07-25 02:00:01,1161,0.00,,,6436,,
2399,2026-05-30,57,91.20,Pendiente,2026-05-30 02:00:03,2026-07-25 02:00:01,1162,0.00,,,6464,,
2400,2026-05-30,57,164.16,Pendiente,2026-05-30 02:00:03,2026-07-25 02:00:01,1163,0.00,,,6507,,
2401,2026-05-30,57,82.08,Pendiente,2026-05-30 02:00:03,2026-07-25 02:00:01,1166,0.00,,,6550,,
2402,2026-05-30,57,82.08,Pendiente,2026-05-30 02:00:03,2026-07-25 02:00:01,1167,0.00,,,6571,,
2403,2026-05-30,57,54.72,Pendiente,2026-05-30 02:00:03,2026-07-25 02:00:01,1168,0.00,,,6596,,
2404,2026-05-30,57,41.04,Pendiente,2026-05-30 02:00:03,2026-07-25 02:00:01,1169,0.00,,,6614,,
2405,2026-05-30,57,54.72,Pendiente,2026-05-30 02:00:03,2026-07-25 02:00:01,1170,0.00,,,6631,,
2406,2026-05-30,57,82.08,Pendiente,2026-05-30 02:00:03,2026-07-25 02:00:01,1171,0.00,,,6649,,
2407,2026-05-30,57,91.20,Pendiente,2026-05-30 02:00:03,2026-07-25 02:00:01,1175,0.00,,,6719,,
2408,2026-05-30,5,12.00,Pagado,2026-05-30 02:00:03,2026-06-03 20:39:39,1429,12.00,2026-06-03 20:39:39,111113612607048,12251,Efectivo,
2409,2026-05-30,5,12.00,Pagado,2026-05-30 02:00:03,2026-06-03 20:40:40,1430,12.00,2026-06-03 20:40:40,111113612607048,12278,Efectivo,
2410,2026-05-30,57,97.28,Pendiente,2026-05-30 02:00:03,2026-07-25 02:00:01,1431,0.00,,,12304,,
2411,2026-05-30,5,9.80,Pagado,2026-05-30 02:00:03,2026-06-03 20:41:37,1433,9.80,2026-06-03 20:41:37,111113612607048,12378,Efectivo,
2412,2026-05-30,21,22.40,Pagado,2026-05-30 02:00:03,2026-06-19 23:01:32,1434,22.40,2026-06-19 23:01:32,111113612004634,12429,Efectivo,
2413,2026-05-30,5,13.00,Pagado,2026-05-30 02:00:03,2026-06-03 20:42:28,1435,13.00,2026-06-03 20:42:28,111113612607048,12458,Efectivo,
2414,2026-05-30,28,50.77,Pagado,2026-05-30 02:00:03,2026-06-26 22:08:51,1436,50.77,2026-06-26 22:08:51,111113612004634,12489,Efectivo,
2415,2026-05-30,5,12.00,Pagado,2026-05-30 02:00:03,2026-06-03 20:43:14,1437,12.00,2026-06-03 20:43:14,111113612607048,12528,Efectivo,
2416,2026-05-30,49,52.27,Pagado,2026-05-30 02:00:03,2026-07-17 21:47:41,1438,52.27,2026-07-17 21:47:41,111113612004634,12564,Efectivo,
2417,2026-05-30,5,7.00,Pagado,2026-05-30 02:00:03,2026-06-03 20:44:00,1439,7.00,2026-06-03 20:44:00,111113612607048,12600,Efectivo,
2418,2026-05-30,49,94.08,Pagado,2026-05-30 02:00:03,2026-07-17 22:39:09,1440,94.08,2026-07-17 22:39:09,111113612004634,12637,Efectivo,
2419,2026-05-30,5,4.00,Pagado,2026-05-30 02:00:03,2026-06-03 20:45:42,1441,4.00,2026-06-03 20:45:42,111113612607048,12672,Efectivo,
2420,2026-05-30,5,12.00,Pagado,2026-05-30 02:00:03,2026-06-03 20:46:48,1442,12.00,2026-06-03 20:46:48,111113612607048,12701,Efectivo,
2421,2026-05-30,20,32.00,Pagado,2026-05-30 02:00:03,2026-06-20 17:24:13,1443,32.00,2026-06-20 17:24:13,111113612004634,12749,Efectivo,
2422,2026-05-30,57,60.80,Pendiente,2026-05-30 02:00:03,2026-07-25 02:00:01,1446,0.00,,,12852,,
2423,2026-05-30,5,7.00,Pagado,2026-05-30 02:00:03,2026-06-03 20:49:25,1447,7.00,2026-06-03 20:49:25,111113612607048,12893,Efectivo,
2424,2026-05-30,5,4.27,Pagado,2026-05-30 02:00:03,2026-06-03 20:50:18,1450,4.27,2026-06-03 20:50:18,111113612607048,12959,Efectivo,
2425,2026-05-30,3,2.56,Pagado,2026-05-30 02:00:03,2026-06-01 20:57:29,1455,2.56,2026-06-01 20:57:29,111113612004634,13094,Efectivo,
2426,2026-05-30,5,12.00,Pagado,2026-05-30 02:00:03,2026-06-03 20:53:42,1457,12.00,2026-06-03 20:53:42,111113612607048,13138,Efectivo,
2427,2026-05-30,19,20.27,Pagado,2026-05-30 02:00:03,2026-06-19 22:51:02,1485,20.27,2026-06-19 22:51:02,111113612004634,13190,Efectivo,
2428,2026-05-30,5,5.33,Pagado,2026-05-30 02:00:03,2026-06-03 20:55:33,1489,5.33,2026-06-03 20:55:33,111113612607048,13286,Efectivo,
2429,2026-05-30,57,38.00,Pendiente,2026-05-30 02:00:03,2026-07-25 02:00:01,1492,0.00,,,13377,,
2430,2026-05-30,5,24.12,Pagado,2026-05-30 02:00:03,2026-06-03 20:57:51,1493,24.12,2026-06-03 20:57:51,111113612607048,13399,Efectivo,
2431,2026-05-30,3,7.20,Pagado,2026-05-30 02:00:03,2026-06-30 05:32:51,1494,7.20,2026-06-01 20:31:43,111113612004634,13434,Efectivo,
2432,2026-05-30,3,3.20,Pagado,2026-05-30 02:00:03,2026-06-01 20:33:37,1495,3.20,2026-06-01 20:33:37,111113612004634,13480,Efectivo,
2433,2026-05-30,5,6.00,Pagado,2026-05-30 02:00:03,2026-06-03 20:58:54,1496,6.00,2026-06-03 20:58:54,111113612607048,13501,Efectivo,
2434,2026-05-30,5,4.00,Pagado,2026-05-30 02:00:03,2026-06-03 20:59:47,1497,4.00,2026-06-03 20:59:47,111113612607048,13525,Efectivo,
2435,2026-05-30,5,4.27,Pagado,2026-05-30 02:00:03,2026-06-03 21:01:07,1500,4.27,2026-06-03 21:01:07,111113612607048,13606,Efectivo,
2436,2026-05-30,3,3.60,Pagado,2026-05-30 02:00:03,2026-06-30 05:32:51,1501,3.60,2026-06-01 20:45:49,111113612004634,13649,Efectivo,
2437,2026-05-30,5,7.00,Pagado,2026-05-30 02:00:03,2026-06-03 21:02:20,1502,7.00,2026-06-03 21:02:20,111113612607048,13666,Efectivo,
2438,2026-05-30,5,7.00,Pagado,2026-05-30 02:00:03,2026-06-03 21:03:14,1503,7.00,2026-06-03 21:03:14,111113612607048,13689,Efectivo,
2439,2026-05-30,5,4.00,Pagado,2026-05-30 02:00:03,2026-06-03 21:05:06,1506,4.00,2026-06-03 21:05:06,111113612607048,13757,Efectivo,
2440,2026-05-30,5,3.00,Pagado,2026-05-30 02:00:03,2026-06-03 21:06:01,1507,3.00,2026-06-03 21:06:01,111113612607048,13781,Efectivo,
2441,2026-05-30,5,4.00,Pagado,2026-05-30 02:00:03,2026-06-03 21:07:00,1508,4.00,2026-06-03 21:07:00,111113612607048,13800,Efectivo,
2442,2026-05-30,5,7.00,Pagado,2026-05-30 02:00:03,2026-06-03 19:28:28,1510,7.00,2026-06-03 19:28:28,111113612607048,13850,Efectivo,
2443,2026-05-30,42,33.60,Pagado,2026-05-30 02:00:03,2026-07-10 19:48:37,1511,33.60,2026-07-10 19:48:37,111113612004634,13879,Efectivo,
2444,2026-05-30,31,72.95,Pagado,2026-05-30 02:00:03,2026-06-29 22:01:39,1515,72.95,2026-06-29 22:01:39,111113612004634,13940,Efectivo,
2445,2026-05-30,57,95.76,Pendiente,2026-05-30 02:00:03,2026-07-25 02:00:01,1516,0.00,,,13964,,
2446,2026-05-30,57,177.84,Pendiente,2026-05-30 02:00:03,2026-07-25 02:00:01,1517,0.00,,,13981,,
2447,2026-05-30,57,97.28,Pendiente,2026-05-30 02:00:03,2026-07-25 02:00:01,1518,0.00,,,13994,,
2448,2026-05-30,31,33.07,Pagado,2026-05-30 02:00:03,2026-06-29 22:15:31,1520,33.07,2026-06-29 22:15:31,111113612004634,14083,Efectivo,
2449,2026-05-30,19,30.40,Pagado,2026-05-30 02:00:03,2026-06-17 19:50:52,1525,30.40,2026-06-17 19:50:52,11119423046816,14310,Efectivo,
2450,2026-05-30,19,22.80,Pagado,2026-05-30 02:00:03,2026-06-17 20:07:27,1526,22.80,2026-06-17 20:07:27,11119423046816,14336,Efectivo,
2451,2026-05-30,57,34.20,Pendiente,2026-05-30 02:00:03,2026-07-25 02:00:01,1527,0.00,,,14360,,
2452,2026-05-30,57,34.20,Pendiente,2026-05-30 02:00:03,2026-07-25 02:00:01,1528,0.00,,,14384,,
2453,2026-05-30,19,45.60,Pagado,2026-05-30 02:00:03,2026-06-17 19:55:29,1529,45.60,2026-06-17 19:55:29,11119423046816,14404,Efectivo,
2454,2026-05-30,22,42.24,Pendiente,2026-05-30 02:00:03,2026-06-20 02:00:01,1533,0.00,,,14498,,
2455,2026-05-30,26,61.19,Pagado,2026-05-30 02:00:03,2026-06-24 19:53:59,1535,61.19,2026-06-24 19:53:59,111113612004634,14552,Efectivo,
2456,2026-05-30,26,27.73,Pagado,2026-05-30 02:00:03,2026-06-24 19:56:54,1537,27.73,2026-06-24 19:56:54,111113612004634,14614,Efectivo,
2457,2026-05-30,57,177.84,Pendiente,2026-05-30 02:00:03,2026-07-25 02:00:01,1614,0.00,,,15076,,
2458,2026-05-30,57,82.08,Pendiente,2026-05-30 02:00:03,2026-07-25 02:00:01,1615,0.00,,,15094,,
2459,2026-05-30,57,38.00,Pendiente,2026-05-30 02:00:03,2026-07-25 02:00:01,1616,0.00,,,15112,,
2460,2026-05-30,57,136.78,Pendiente,2026-05-30 02:00:03,2026-07-25 02:00:01,1632,0.00,,,15467,,
2461,2026-05-30,5,3.60,Pagado,2026-05-30 02:00:03,2026-06-03 18:44:25,1636,3.60,2026-06-03 18:44:25,111113612607048,15546,Efectivo,
2462,2026-05-30,5,7.20,Pagado,2026-05-30 02:00:03,2026-06-03 18:43:34,1637,7.20,2026-06-03 18:43:34,111113612607048,15559,Efectivo,
2463,2026-05-30,5,7.20,Pagado,2026-05-30 02:00:03,2026-06-03 18:41:39,1638,7.20,2026-06-03 18:41:39,111113612607048,15577,Efectivo,
2464,2026-05-30,5,6.00,Pagado,2026-05-30 02:00:03,2026-06-03 18:42:39,1639,6.00,2026-06-03 18:42:39,111113612607048,15595,Efectivo,
2465,2026-05-30,5,3.60,Pagado,2026-05-30 02:00:03,2026-06-03 18:45:37,1640,3.60,2026-06-03 18:45:37,111113612607048,15613,Efectivo,
2466,2026-05-30,5,5.33,Pagado,2026-05-30 02:00:03,2026-06-03 20:51:09,1644,5.33,2026-06-03 20:51:09,111113612607048,15692,Efectivo,
2467,2026-05-30,5,4.00,Pagado,2026-05-30 02:00:03,2026-06-03 19:32:07,1673,4.00,2026-06-03 19:32:07,111113612607048,16439,Efectivo,
2468,2026-05-30,57,84.83,Pendiente,2026-05-30 02:00:03,2026-07-25 02:00:01,1684,0.00,,,16724,,
2469,2026-05-30,5,11.76,Pagado,2026-05-30 02:00:03,2026-06-03 19:20:37,1685,11.76,2026-06-03 19:20:37,111113612607048,16756,Efectivo,
2470,2026-05-30,5,11.76,Pagado,2026-05-30 02:00:03,2026-06-03 19:21:52,1686,11.76,2026-06-03 19:21:52,111113612607048,16774,Efectivo,
2471,2026-05-30,5,7.20,Pagado,2026-05-30 02:00:03,2026-06-03 19:15:35,1687,7.20,2026-06-03 19:15:35,111113612607048,16792,Efectivo,
2472,2026-05-30,5,11.76,Pagado,2026-05-30 02:00:03,2026-06-03 19:10:32,1688,11.76,2026-06-03 19:10:32,111113612607048,16810,Efectivo,
2473,2026-05-30,5,11.76,Pagado,2026-05-30 02:00:03,2026-06-03 19:25:01,1689,11.76,2026-06-03 19:25:01,111113612607048,16828,Efectivo,
2474,2026-05-30,5,12.00,Pagado,2026-05-30 02:00:03,2026-06-03 18:51:37,1690,12.00,2026-06-03 18:51:37,111113612607048,16846,Efectivo,
2475,2026-05-30,5,4.80,Pagado,2026-05-30 02:00:04,2026-06-03 18:37:47,1692,4.80,2026-06-03 18:37:47,111113612607048,16894,Efectivo,
2476,2026-05-30,5,9.80,Pagado,2026-05-30 02:00:04,2026-06-03 20:52:19,1694,9.80,2026-06-03 20:52:19,111113612607048,16930,Efectivo,
2477,2026-05-30,19,25.33,Pagado,2026-05-30 02:00:04,2026-06-17 20:35:19,1695,25.33,2026-06-17 20:35:19,11119423046816,16954,Efectivo,
2478,2026-05-30,26,81.12,Pagado,2026-05-30 02:00:04,2026-06-24 19:45:33,1697,81.12,2026-06-24 19:45:33,111113612004634,16991,Efectivo,
2479,2026-05-30,5,4.80,Pagado,2026-05-30 02:00:04,2026-06-03 18:39:00,1699,4.80,2026-06-03 18:39:00,111113612607048,17027,Efectivo,
2480,2026-05-30,5,11.76,Pagado,2026-05-30 02:00:04,2026-06-03 18:26:21,1715,11.76,2026-06-03 18:26:21,111113612607048,17356,Efectivo,
2481,2026-05-30,5,7.20,Pagado,2026-05-30 02:00:04,2026-06-03 18:30:06,1716,7.20,2026-06-03 18:30:06,111113612607048,17374,Efectivo,
2482,2026-05-30,5,6.00,Pagado,2026-05-30 02:00:04,2026-06-03 19:22:37,1720,6.00,2026-06-03 19:22:37,111113612607048,17429,Efectivo,
2483,2026-05-30,57,111.70,Pendiente,2026-05-30 02:00:04,2026-07-25 02:00:01,1723,0.00,,,17497,,
2484,2026-05-30,5,5.00,Pagado,2026-05-30 02:00:04,2026-06-03 21:04:05,1724,5.00,2026-06-03 21:04:05,111113612607048,17473,Efectivo,
2485,2026-05-30,5,13.00,Pagado,2026-05-30 02:00:04,2026-06-03 18:47:52,1727,13.00,2026-06-03 18:47:52,111113612607048,17558,Efectivo,
2486,2026-05-30,5,4.00,Pagado,2026-05-30 02:00:04,2026-06-03 20:54:30,1728,4.00,2026-06-03 20:54:30,111113612607048,17582,Efectivo,
2487,2026-05-30,5,12.00,Pagado,2026-05-30 02:00:04,2026-06-03 18:56:21,1738,12.00,2026-06-03 18:56:21,111113612607048,17790,Efectivo,
2488,2026-05-30,5,14.88,Pagado,2026-05-30 02:00:04,2026-06-03 18:49:22,1739,14.88,2026-06-03 18:49:22,111113612607048,17814,Efectivo,
2489,2026-05-30,5,8.00,Pagado,2026-05-30 02:00:04,2026-06-03 20:56:52,1749,8.00,2026-06-03 20:56:52,111113612607048,18046,Efectivo,
2490,2026-05-30,5,13.00,Pagado,2026-05-30 02:00:04,2026-06-03 18:54:19,1751,13.00,2026-06-03 18:54:19,111113612607048,18088,Efectivo,
2491,2026-05-30,57,111.70,Pendiente,2026-05-30 02:00:04,2026-07-25 02:00:01,1753,0.00,,,18125,,
2492,2026-05-30,5,8.40,Pagado,2026-05-30 02:00:04,2026-06-03 18:27:25,1755,8.40,2026-06-03 18:27:25,111113612607048,18167,Efectivo,
2493,2026-05-30,57,67.87,Pendiente,2026-05-30 02:00:04,2026-07-25 02:00:01,1756,0.00,,,18185,,
2494,2026-05-30,5,10.80,Pagado,2026-05-30 02:00:04,2026-06-03 19:52:28,1775,10.80,2026-06-03 19:52:28,111113612607048,18634,Efectivo,
2495,2026-05-30,5,7.20,Pagado,2026-05-30 02:00:04,2026-06-03 18:31:05,1781,7.20,2026-06-03 18:31:05,111113612607048,18733,Efectivo,
2496,2026-05-30,5,11.52,Pagado,2026-05-30 02:00:04,2026-06-03 18:29:03,1782,11.52,2026-06-03 18:29:03,111113612607048,18751,Efectivo,
2497,2026-05-30,5,7.00,Pagado,2026-05-30 02:00:04,2026-06-03 19:25:56,1789,7.00,2026-06-03 19:25:56,111113612607048,18897,Efectivo,
2498,2026-05-30,5,3.33,Pagado,2026-05-30 02:00:04,2026-06-03 17:39:31,1807,3.33,2026-06-03 17:39:31,111113612607048,19268,Efectivo,
2499,2026-05-30,5,8.00,Pagado,2026-05-30 02:00:04,2026-06-03 19:06:16,1808,8.00,2026-06-03 19:06:16,111113612607048,19281,Efectivo,
2500,2026-05-30,57,75.98,Pendiente,2026-05-30 02:00:04,2026-07-25 02:00:01,1817,0.00,,,19479,,
2501,2026-05-30,57,60.80,Pendiente,2026-05-30 02:00:04,2026-07-25 02:00:01,1826,0.00,,,19684,,
2502,2026-05-30,26,81.12,Pagado,2026-05-30 02:00:04,2026-06-24 20:25:08,1830,81.12,2026-06-24 20:25:08,111113612004634,19799,Efectivo,
2503,2026-05-30,26,27.73,Pendiente,2026-05-30 02:00:04,2026-06-24 00:48:43,1832,0.00,,,19886,,
2504,2026-05-30,5,9.80,Pagado,2026-05-30 02:00:04,2026-06-03 20:47:24,1849,9.80,2026-06-03 20:47:24,111113612607048,20254,Efectivo,
2505,2026-05-30,57,109.44,Pendiente,2026-05-30 02:00:04,2026-07-25 02:00:01,1850,0.00,,,20278,,
2506,2026-05-30,57,109.44,Pendiente,2026-05-30 02:00:04,2026-07-25 02:00:01,1851,0.00,,,20296,,
2507,2026-05-30,5,6.00,Pagado,2026-05-30 02:00:04,2026-06-03 20:56:03,1854,6.00,2026-06-03 20:56:03,111113612607048,20362,Efectivo,
2508,2026-05-31,56,134.40,Pendiente,2026-05-31 02:00:04,2026-07-25 02:00:01,942,0.00,,,2430,,
2509,2026-05-31,56,124.97,Pendiente,2026-05-31 02:00:04,2026-07-25 02:00:01,943,0.00,,,2463,,
2510,2026-05-31,56,109.76,Pendiente,2026-05-31 02:00:04,2026-07-25 02:00:01,946,0.00,,,2534,,
2511,2026-05-31,16,19.20,Pagado,2026-05-31 02:00:04,2026-06-15 18:28:57,948,19.20,2026-06-15 18:28:57,111113612004634,2571,Efectivo,
2512,2026-05-31,56,134.40,Pendiente,2026-05-31 02:00:04,2026-07-25 02:00:01,978,0.00,,,2643,,
2513,2026-05-31,16,9.60,Pagado,2026-05-31 02:00:04,2026-06-15 18:30:05,979,9.60,2026-06-15 18:30:05,111113612004634,2667,Efectivo,
2514,2026-05-31,16,9.60,Pagado,2026-05-31 02:00:04,2026-06-15 18:30:39,980,9.60,2026-06-15 18:30:39,111113612004634,2691,Efectivo,
2515,2026-05-31,16,9.60,Pagado,2026-05-31 02:00:04,2026-06-15 18:31:10,981,9.60,2026-06-15 18:31:10,111113612004634,2715,Efectivo,
2516,2026-05-31,4,7.68,Pagado,2026-05-31 02:00:04,2026-06-03 20:08:30,1066,7.68,2026-06-03 20:08:30,111113612607048,4820,Efectivo,
2517,2026-05-31,4,7.68,Pagado,2026-05-31 02:00:04,2026-06-03 20:10:08,1067,7.68,2026-06-03 20:10:08,111113612607048,4839,Efectivo,
2518,2026-05-31,4,7.68,Pagado,2026-05-31 02:00:04,2026-06-03 20:15:42,1069,7.68,2026-06-03 20:15:42,111113612607048,4873,Efectivo,
2519,2026-05-31,4,3.84,Pagado,2026-05-31 02:00:04,2026-06-03 20:19:43,1070,3.84,2026-06-03 20:19:43,111113612607048,4895,Efectivo,
2520,2026-05-31,11,25.34,Pagado,2026-05-31 02:00:04,2026-06-10 19:34:48,1071,25.34,2026-06-10 19:34:48,111113612004634,4912,Efectivo,
2521,2026-05-31,56,145.60,Pendiente,2026-05-31 02:00:04,2026-07-25 02:00:01,1127,0.00,,,5490,,
2522,2026-05-31,56,145.60,Pendiente,2026-05-31 02:00:04,2026-07-25 02:00:01,1129,0.00,,,5538,,
2523,2026-05-31,56,59.73,Pendiente,2026-05-31 02:00:04,2026-07-25 02:00:01,1130,0.00,,,5592,,
2524,2026-05-31,56,44.80,Pendiente,2026-05-31 02:00:04,2026-07-25 02:00:01,1131,0.00,,,5611,,
2525,2026-05-31,56,109.76,Pendiente,2026-05-31 02:00:04,2026-07-25 02:00:01,1132,0.00,,,5635,,
2526,2026-05-31,56,44.80,Pendiente,2026-05-31 02:00:04,2026-07-25 02:00:01,1134,0.00,,,5677,,
2527,2026-05-31,7,28.14,Pagado,2026-05-31 02:00:04,2026-06-06 17:27:36,1233,28.14,2026-06-06 17:27:36,111113612607048,7431,Efectivo,
2528,2026-05-31,7,13.72,Pagado,2026-05-31 02:00:04,2026-06-06 17:24:22,1234,13.72,2026-06-06 17:24:22,111113612607048,7459,Efectivo,
2529,2026-05-31,7,13.72,Pagado,2026-05-31 02:00:04,2026-06-06 17:25:27,1236,13.72,2026-06-06 17:25:27,111113612607048,7504,Efectivo,
2530,2026-05-31,7,28.14,Pagado,2026-05-31 02:00:04,2026-06-06 17:28:54,1237,28.14,2026-06-06 17:28:54,111113612607048,7522,Efectivo,
2531,2026-05-31,6,7.20,Pagado,2026-05-31 02:00:04,2026-06-05 23:00:38,1239,7.20,2026-06-05 23:00:38,111113612004634,7590,Efectivo,
2532,2026-05-31,7,8.40,Pagado,2026-05-31 02:00:04,2026-06-06 17:31:02,1240,8.40,2026-06-06 17:31:02,111113612607048,7614,Efectivo,
2533,2026-05-31,7,7.47,Pagado,2026-05-31 02:00:04,2026-06-06 17:32:44,1242,7.47,2026-06-06 17:32:44,111113612607048,7674,Efectivo,
2534,2026-05-31,56,89.60,Pendiente,2026-05-31 02:00:04,2026-07-25 02:00:01,1244,0.00,,,7731,,
2535,2026-05-31,7,28.14,Pagado,2026-05-31 02:00:04,2026-06-06 17:37:18,1245,28.14,2026-06-06 17:37:18,111113612607048,7788,Efectivo,
2536,2026-05-31,7,45.03,Pagado,2026-05-31 02:00:04,2026-06-06 17:38:09,1246,45.03,2026-06-06 17:38:09,111113612607048,7804,Efectivo,
2537,2026-05-31,7,9.80,Pagado,2026-05-31 02:00:04,2026-06-06 17:39:01,1249,9.80,2026-06-06 17:39:01,111113612607048,7908,Efectivo,
2538,2026-05-31,7,8.40,Pagado,2026-05-31 02:00:04,2026-06-06 17:40:05,1250,8.40,2026-06-06 17:40:05,111113612607048,7932,Efectivo,
2539,2026-05-31,7,7.00,Pagado,2026-05-31 02:00:04,2026-06-06 17:42:56,1252,7.00,2026-06-06 17:42:56,111113612607048,7985,Efectivo,
2540,2026-05-31,5,7.00,Pagado,2026-05-31 02:00:04,2026-06-04 17:47:31,1255,7.00,2026-06-04 17:47:31,111113612004634,8058,Efectivo,
2541,2026-05-31,5,5.33,Pagado,2026-05-31 02:00:04,2026-06-04 17:47:11,1256,5.33,2026-06-04 17:47:11,111113612004634,8079,Efectivo,
2542,2026-05-31,7,5.60,Pagado,2026-05-31 02:00:04,2026-06-06 17:52:07,1257,5.60,2026-06-06 17:52:07,111113612607048,8130,Efectivo,
2543,2026-05-31,7,13.44,Pagado,2026-05-31 02:00:04,2026-06-06 17:54:29,1259,13.44,2026-06-06 17:54:29,111113612607048,8177,Efectivo,
2544,2026-05-31,7,15.40,Pagado,2026-05-31 02:00:04,2026-06-06 17:55:20,1260,15.40,2026-06-06 17:55:20,111113612607048,8225,Efectivo,
2545,2026-05-31,7,11.20,Pagado,2026-05-31 02:00:04,2026-06-06 17:56:02,1261,11.20,2026-06-06 17:56:02,111113612607048,8249,Efectivo,
2546,2026-05-31,7,7.00,Pagado,2026-05-31 02:00:04,2026-06-06 18:00:23,1262,7.00,2026-06-06 18:00:23,111113612607048,8265,Efectivo,
2547,2026-05-31,7,11.20,Pagado,2026-05-31 02:00:04,2026-06-06 18:01:11,1263,11.20,2026-06-06 18:01:11,111113612607048,8305,Efectivo,
2548,2026-05-31,7,18.20,Pagado,2026-05-31 02:00:04,2026-06-06 18:01:58,1264,18.20,2026-06-06 18:01:58,111113612607048,8336,Efectivo,
2549,2026-05-31,7,7.47,Pagado,2026-05-31 02:00:04,2026-06-06 18:02:46,1265,7.47,2026-06-06 18:02:46,111113612607048,8374,Efectivo,
2550,2026-05-31,7,12.60,Pagado,2026-05-31 02:00:04,2026-06-06 18:03:41,1266,12.60,2026-06-06 18:03:41,111113612607048,8405,Efectivo,
2551,2026-05-31,7,13.72,Pagado,2026-05-31 02:00:04,2026-06-06 18:05:19,1267,13.72,2026-06-06 18:05:19,111113612607048,8429,Efectivo,
2552,2026-05-31,7,11.20,Pagado,2026-05-31 02:00:04,2026-06-06 18:04:29,1268,11.20,2026-06-06 18:04:29,111113612607048,8448,Efectivo,
2553,2026-05-31,7,18.20,Pagado,2026-05-31 02:00:04,2026-06-06 18:06:51,1270,18.20,2026-06-06 18:06:51,111113612607048,8525,Efectivo,
2554,2026-05-31,7,11.20,Pagado,2026-05-31 02:00:04,2026-06-06 18:08:09,1271,11.20,2026-06-06 18:08:09,111113612607048,8563,Efectivo,
2555,2026-05-31,40,104.00,Pagado,2026-05-31 02:00:04,2026-07-09 20:23:37,1272,104.00,2026-07-09 20:23:37,111113612004634,8596,Efectivo,
2556,2026-05-31,7,18.20,Pagado,2026-05-31 02:00:04,2026-06-06 18:13:45,1274,18.20,2026-06-06 18:13:45,111113612607048,8667,Efectivo,
2557,2026-05-31,21,33.60,Pagado,2026-05-31 02:00:04,2026-06-20 14:46:46,1275,33.60,2026-06-20 14:46:46,111113612004634,8695,Efectivo,
2558,2026-05-31,7,33.76,Pagado,2026-05-31 02:00:04,2026-06-06 18:14:44,1276,33.76,2026-06-06 18:14:44,111113612607048,8747,Efectivo,
2559,2026-05-31,7,7.47,Pagado,2026-05-31 02:00:04,2026-06-06 18:16:38,1278,7.47,2026-06-06 18:16:38,111113612607048,8816,Efectivo,
2560,2026-05-31,7,18.20,Pagado,2026-05-31 02:00:04,2026-06-06 18:17:40,1279,18.20,2026-06-06 18:17:40,111113612607048,8840,Efectivo,
2561,2026-05-31,6,6.40,Pagado,2026-05-31 02:00:04,2026-06-05 20:07:03,1281,6.40,2026-06-05 20:07:03,111113612004634,8916,Efectivo,
2562,2026-05-31,7,12.60,Pagado,2026-05-31 02:00:04,2026-06-06 18:21:10,1282,12.60,2026-06-06 18:21:10,111113612607048,8937,Efectivo,
2563,2026-05-31,7,9.80,Pagado,2026-05-31 02:00:04,2026-06-06 18:22:01,1284,9.80,2026-06-06 18:22:01,111113612607048,8974,Efectivo,
2564,2026-05-31,7,8.40,Pagado,2026-05-31 02:00:04,2026-06-06 18:23:40,1285,8.40,2026-06-06 18:23:40,111113612607048,8998,Efectivo,
2565,2026-05-31,7,8.40,Pagado,2026-05-31 02:00:04,2026-06-06 18:24:35,1286,8.40,2026-06-06 18:24:35,111113612607048,9024,Efectivo,
2566,2026-05-31,7,5.60,Pagado,2026-05-31 02:00:04,2026-06-06 18:26:26,1288,5.60,2026-06-06 18:26:26,111113612607048,9074,Efectivo,
2567,2026-05-31,7,39.40,Pendiente,2026-05-31 02:00:04,2026-06-06 02:00:02,1289,0.00,,,9091,,
2568,2026-05-31,7,12.60,Pagado,2026-05-31 02:00:04,2026-06-06 18:36:11,1290,12.60,2026-06-06 18:36:11,111113612607048,9126,Efectivo,
2569,2026-05-31,7,33.76,Pagado,2026-05-31 02:00:04,2026-06-06 18:38:53,1295,33.76,2026-06-06 18:38:53,111113612607048,9265,Efectivo,
2570,2026-05-31,7,28.14,Pagado,2026-05-31 02:00:04,2026-06-06 18:39:55,1296,28.14,2026-06-06 18:39:55,111113612607048,9304,Efectivo,
2571,2026-05-31,7,28.14,Pagado,2026-05-31 02:00:04,2026-06-06 18:46:08,1297,28.14,2026-06-06 18:46:08,111113612607048,9338,Efectivo,
2572,2026-05-31,6,15.60,Pagado,2026-05-31 02:00:04,2026-06-05 22:37:33,1298,15.60,2026-06-05 22:37:33,111113612004634,9371,Efectivo,
2573,2026-05-31,6,9.60,Pagado,2026-05-31 02:00:04,2026-06-05 22:38:45,1299,9.60,2026-06-05 22:38:45,111113612004634,9412,Efectivo,
2574,2026-05-31,7,39.40,Pagado,2026-05-31 02:00:04,2026-06-06 18:49:33,1300,39.40,2026-06-06 18:49:33,111113612607048,9435,Efectivo,
2575,2026-05-31,5,9.80,Pagado,2026-05-31 02:00:04,2026-06-04 21:52:52,1304,9.80,2026-06-04 21:52:52,111113612004634,9558,Efectivo,
2576,2026-05-31,7,16.80,Pagado,2026-05-31 02:00:04,2026-06-06 18:50:47,1306,16.80,2026-06-06 18:50:47,111113612607048,9594,Efectivo,
2577,2026-05-31,7,16.80,Pagado,2026-05-31 02:00:04,2026-06-06 18:53:49,1307,16.80,2026-06-06 18:53:49,111113612607048,9614,Efectivo,
2578,2026-05-31,7,7.47,Pagado,2026-05-31 02:00:04,2026-06-06 18:55:36,1308,7.47,2026-06-06 18:55:36,111113612607048,9645,Efectivo,
2579,2026-05-31,7,13.72,Pagado,2026-05-31 02:00:04,2026-06-06 18:56:31,1309,13.72,2026-06-06 18:56:31,111113612607048,9693,Efectivo,
2580,2026-05-31,7,7.47,Pagado,2026-05-31 02:00:04,2026-06-06 18:57:54,1310,7.47,2026-06-06 18:57:54,111113612607048,9731,Efectivo,
2581,2026-05-31,7,28.14,Pagado,2026-05-31 02:00:04,2026-06-06 18:58:53,1311,28.14,2026-06-06 18:58:53,111113612607048,9764,Efectivo,
2582,2026-05-31,7,13.72,Pagado,2026-05-31 02:00:04,2026-06-06 18:59:41,1312,13.72,2026-06-06 18:59:41,111113612607048,9792,Efectivo,
2583,2026-05-31,7,7.47,Pagado,2026-05-31 02:00:04,2026-06-06 19:02:44,1313,7.47,2026-06-06 19:02:44,111113612607048,9828,Efectivo,
2584,2026-05-31,7,7.00,Pagado,2026-05-31 02:00:04,2026-06-06 19:03:38,1314,7.00,2026-06-06 19:03:38,111113612607048,9869,Efectivo,
2585,2026-05-31,7,9.80,Pagado,2026-05-31 02:00:04,2026-06-06 19:04:25,1315,9.80,2026-06-06 19:04:25,111113612607048,9888,Efectivo,
2586,2026-05-31,5,9.00,Pagado,2026-05-31 02:00:04,2026-06-04 21:54:42,1316,9.00,2026-06-04 21:54:42,111113612004634,9918,Efectivo,
2587,2026-05-31,7,11.20,Pagado,2026-05-31 02:00:04,2026-06-06 19:06:14,1318,11.20,2026-06-06 19:06:14,111113612607048,9955,Efectivo,
2588,2026-05-31,7,11.20,Pagado,2026-05-31 02:00:04,2026-06-06 19:05:22,1319,11.20,2026-06-06 19:05:22,111113612607048,9971,Efectivo,
2589,2026-05-31,6,9.60,Pagado,2026-05-31 02:00:04,2026-06-05 22:40:23,1320,9.60,2026-06-05 22:40:23,111113612004634,10027,Efectivo,
2590,2026-05-31,7,16.80,Pagado,2026-05-31 02:00:04,2026-06-06 19:09:34,1321,16.80,2026-06-06 19:09:34,111113612607048,10051,Efectivo,
2591,2026-05-31,7,13.44,Pagado,2026-05-31 02:00:04,2026-06-06 19:08:39,1322,13.44,2026-06-06 19:08:39,111113612607048,10071,Efectivo,
2592,2026-05-31,5,12.00,Pagado,2026-05-31 02:00:04,2026-06-04 18:24:14,1323,12.00,2026-06-04 18:24:14,111113612004634,10123,Efectivo,
2593,2026-05-31,16,23.73,Pagado,2026-05-31 02:00:04,2026-06-15 19:27:34,1557,23.73,2026-06-15 19:27:34,11119423046816,15048,Efectivo,
2594,2026-05-31,4,7.68,Pagado,2026-05-31 02:00:04,2026-06-03 20:03:19,1622,7.68,2026-06-03 20:03:19,111113612607048,15215,Efectivo,
2595,2026-05-31,4,7.68,Pagado,2026-05-31 02:00:04,2026-06-03 20:11:54,1623,7.68,2026-06-03 20:11:54,111113612607048,15233,Efectivo,
2596,2026-05-31,7,7.00,Pagado,2026-05-31 02:00:04,2026-06-06 17:50:17,1641,7.00,2026-06-06 17:50:17,111113612607048,15631,Efectivo,
2597,2026-05-31,7,5.60,Pagado,2026-05-31 02:00:04,2026-06-06 19:11:33,1642,5.60,2026-06-06 19:11:33,111113612607048,15644,Efectivo,
2598,2026-05-31,7,12.60,Pagado,2026-05-31 02:00:04,2026-06-06 19:12:18,1643,12.60,2026-06-06 19:12:18,111113612607048,15668,Efectivo,
2599,2026-05-31,16,46.40,Pagado,2026-05-31 02:00:04,2026-06-15 19:25:13,1676,46.40,2026-06-15 19:25:13,11119423046816,16525,Efectivo,
2600,2026-05-31,7,11.20,Pagado,2026-05-31 02:00:04,2026-06-06 18:12:39,1677,11.20,2026-06-06 18:12:39,111113612607048,16541,Efectivo,
2601,2026-05-31,56,493.90,Pendiente,2026-05-31 02:00:04,2026-07-25 02:00:01,1680,0.00,,,16631,,
2602,2026-05-31,7,18.20,Pagado,2026-05-31 02:00:04,2026-06-06 17:36:29,1682,18.20,2026-06-06 17:36:29,111113612607048,16668,Efectivo,
2603,2026-05-31,7,13.72,Pagado,2026-05-31 02:00:04,2026-06-06 18:15:53,1691,13.72,2026-06-06 18:15:53,111113612607048,16870,Efectivo,
2604,2026-05-31,7,11.20,Pagado,2026-05-31 02:00:04,2026-06-06 18:27:14,1696,11.20,2026-06-06 18:27:14,111113612607048,16967,Efectivo,
2605,2026-05-31,7,11.95,Pagado,2026-05-31 02:00:04,2026-06-06 19:14:09,1704,11.95,2026-06-06 19:14:09,111113612607048,17139,Efectivo,
2606,2026-05-31,7,9.33,Pagado,2026-05-31 02:00:04,2026-06-06 17:42:04,1719,9.33,2026-06-06 17:42:04,111113612607048,17416,Efectivo,
2607,2026-05-31,7,7.00,Pagado,2026-05-31 02:00:04,2026-06-06 18:20:24,1725,7.00,2026-06-06 18:20:24,111113612607048,17521,Efectivo,
2608,2026-05-31,7,13.72,Pagado,2026-05-31 02:00:04,2026-06-06 17:53:29,1726,13.72,2026-06-06 17:53:29,111113612607048,17534,Efectivo,
2609,2026-05-31,6,15.60,Pagado,2026-05-31 02:00:04,2026-06-05 20:06:33,1729,15.60,2026-06-05 20:06:33,111113612004634,17606,Efectivo,
2610,2026-05-31,4,9.41,Pagado,2026-05-31 02:00:04,2026-06-03 20:38:10,1730,9.41,2026-06-03 20:38:10,111113612607048,17630,Efectivo,
2611,2026-05-31,16,56.45,Pagado,2026-05-31 02:00:04,2026-06-15 19:26:25,1733,56.45,2026-06-15 19:26:25,11119423046816,17703,Efectivo,
2612,2026-05-31,56,67.20,Pendiente,2026-05-31 02:00:04,2026-07-25 02:00:01,1746,0.00,,,17980,,
2613,2026-05-31,56,67.20,Pendiente,2026-05-31 02:00:04,2026-07-25 02:00:01,1747,0.00,,,18004,,
2614,2026-05-31,7,7.00,Pendiente,2026-05-31 02:00:04,2026-06-06 02:00:02,1757,0.00,,,18217,,
2615,2026-05-31,5,6.40,Pagado,2026-05-31 02:00:04,2026-06-04 21:53:50,1763,6.40,2026-06-04 21:53:50,111113612004634,18375,Efectivo,
2616,2026-05-31,7,9.33,Pagado,2026-05-31 02:00:04,2026-06-06 18:40:46,1764,9.33,2026-06-06 18:40:46,111113612607048,18423,Efectivo,
2617,2026-05-31,7,18.20,Pagado,2026-05-31 02:00:04,2026-06-06 19:13:14,1776,18.20,2026-06-06 19:13:14,111113612607048,18652,Efectivo,
2618,2026-05-31,56,37.33,Pendiente,2026-05-31 02:00:04,2026-07-25 02:00:01,1783,0.00,,,18769,,
2619,2026-05-31,16,42.34,Pagado,2026-05-31 02:00:04,2026-06-15 19:29:08,1796,42.34,2026-06-15 19:29:08,11119423046816,19031,Efectivo,
2620,2026-05-31,7,12.60,Pagado,2026-05-31 02:00:04,2026-06-06 17:43:56,1804,12.60,2026-06-06 17:43:56,111113612607048,19207,Efectivo,
2621,2026-05-31,7,12.60,Pagado,2026-05-31 02:00:04,2026-06-06 17:49:31,1805,12.60,2026-06-06 17:49:31,111113612607048,19231,Efectivo,
2622,2026-05-31,7,7.00,Pagado,2026-05-31 02:00:04,2026-06-06 17:26:33,1806,7.00,2026-06-06 17:26:33,111113612607048,19255,Efectivo,
2623,2026-05-31,6,6.00,Pagado,2026-05-31 02:00:04,2026-06-05 22:39:45,1811,6.00,2026-06-05 22:39:45,111113612004634,19355,Efectivo,
2624,2026-05-31,4,5.33,Pagado,2026-05-31 02:00:04,2026-06-03 20:24:35,1812,5.33,2026-06-03 20:24:35,111113612607048,19368,Efectivo,
2625,2026-05-31,7,4.67,Pagado,2026-05-31 02:00:04,2026-06-06 18:22:50,1815,4.67,2026-06-06 18:22:50,111113612607048,19442,Efectivo,
2626,2026-05-31,7,16.80,Pagado,2026-05-31 02:00:04,2026-06-06 17:31:46,1816,16.80,2026-06-06 17:31:46,111113612607048,19455,Efectivo,
2627,2026-05-31,7,5.60,Pagado,2026-05-31 02:00:04,2026-06-06 18:28:01,1823,5.60,2026-06-06 18:28:01,111113612607048,19612,Efectivo,
2628,2026-05-31,7,8.40,Pagado,2026-05-31 02:00:04,2026-06-06 17:29:35,1853,8.40,2026-06-06 17:29:35,111113612607048,20338,Efectivo,
2629,2026-05-31,7,13.72,Pagado,2026-05-31 02:00:04,2026-06-06 18:05:55,1855,13.72,2026-06-06 18:05:55,111113612607048,20386,Efectivo,
2630,2026-05-31,7,5.60,Pagado,2026-05-31 02:00:04,2026-06-06 19:14:58,1856,5.60,2026-06-06 19:14:58,111113612607048,20410,Efectivo,
2631,2026-06-03,13,19.28,Pagado,2026-06-03 02:00:04,2026-06-15 18:37:06,1674,19.28,2026-06-15 18:37:06,111113612004634,16462,Efectivo,
2632,2026-06-03,13,19.28,Pagado,2026-06-03 02:00:04,2026-06-15 18:59:15,1768,19.28,2026-06-15 18:59:15,11119423046816,18487,Efectivo,
2633,2026-06-03,13,25.18,Pagado,2026-06-03 02:00:04,2026-06-15 18:35:31,1795,25.18,2026-06-15 18:35:31,111113612004634,19016,Efectivo,
2634,2026-06-03,13,19.28,Pagado,2026-06-03 02:00:04,2026-06-15 18:34:23,1797,19.28,2026-06-15 18:34:23,111113612004634,19056,Efectivo,
2635,2026-06-03,13,19.28,Pagado,2026-06-03 02:00:04,2026-06-15 19:00:13,1834,19.28,2026-06-15 19:00:13,11119423046816,19926,Efectivo,
2636,2026-06-03,13,19.28,Pagado,2026-06-03 02:00:04,2026-06-15 19:01:00,1842,19.28,2026-06-15 19:01:00,11119423046816,20111,Efectivo,
2637,2026-06-04,52,41.60,Pendiente,2026-06-04 02:00:04,2026-07-25 02:00:01,893,0.00,,,1227,,
2638,2026-06-04,35,37.33,Pendiente,2026-06-04 02:00:04,2026-07-08 02:00:02,992,0.00,,,2940,,
2639,2026-06-04,52,52.00,Pendiente,2026-06-04 02:00:04,2026-07-25 02:00:01,994,0.00,,,2997,,
2640,2026-06-04,52,124.80,Pendiente,2026-06-04 02:00:04,2026-07-25 02:00:01,1001,0.00,,,3132,,
2641,2026-06-04,52,99.84,Pendiente,2026-06-04 02:00:04,2026-07-25 02:00:01,1002,0.00,,,3148,,
2642,2026-06-04,52,101.92,Pendiente,2026-06-04 02:00:04,2026-07-25 02:00:01,1003,0.00,,,3204,,
2643,2026-06-04,52,101.92,Pendiente,2026-06-04 02:00:04,2026-07-25 02:00:01,1005,0.00,,,3241,,
2644,2026-06-04,52,101.92,Pendiente,2026-06-04 02:00:04,2026-07-25 02:00:01,1008,0.00,,,3302,,
2645,2026-06-04,52,83.20,Pendiente,2026-06-04 02:00:04,2026-07-25 02:00:01,1009,0.00,,,3316,,
2646,2026-06-04,52,93.60,Pendiente,2026-06-04 02:00:04,2026-07-25 02:00:01,1010,0.00,,,3374,,
2647,2026-06-04,52,83.20,Pendiente,2026-06-04 02:00:04,2026-07-25 02:00:01,1384,0.00,,,11098,,
2648,2026-06-04,12,23.24,Pagado,2026-06-04 02:00:04,2026-06-15 19:06:30,1544,23.24,2026-06-15 19:06:30,11119423046816,14784,Efectivo,
2649,2026-06-04,1,2.29,Pagado,2026-06-04 02:00:04,2026-06-30 05:32:51,1546,2.29,2026-06-04 22:16:09,111113612004634,14834,Efectivo,
2650,2026-06-04,12,45.76,Pagado,2026-06-04 02:00:04,2026-06-15 19:12:31,1548,45.76,2026-06-15 19:12:31,11119423046816,14865,Efectivo,
2651,2026-06-04,52,93.60,Pendiente,2026-06-04 02:00:04,2026-07-25 02:00:01,1631,0.00,,,15444,,
2652,2026-06-04,52,101.90,Pendiente,2026-06-04 02:00:04,2026-07-25 02:00:01,1633,0.00,,,15492,,
2653,2026-06-04,52,101.90,Pendiente,2026-06-04 02:00:04,2026-07-25 02:00:01,1653,0.00,,,15999,,
2654,2026-06-04,52,31.20,Pendiente,2026-06-04 02:00:04,2026-07-25 02:00:01,1654,0.00,,,16009,,
2655,2026-06-04,12,39.84,Pagado,2026-06-04 02:00:04,2026-06-15 19:14:01,1658,39.84,2026-06-15 19:14:01,11119423046816,16131,Efectivo,
2656,2026-06-04,12,23.24,Pagado,2026-06-04 02:00:04,2026-06-15 19:15:24,1660,23.24,2026-06-15 19:15:24,11119423046816,16161,Efectivo,
2657,2026-06-04,52,52.00,Pendiente,2026-06-04 02:00:04,2026-07-25 02:00:01,1712,0.00,,,17309,,
2658,2026-06-04,12,45.75,Pagado,2026-06-04 02:00:04,2026-06-15 19:16:53,1732,45.75,2026-06-15 19:16:53,11119423046816,17672,Efectivo,
2659,2026-06-04,12,34.80,Pagado,2026-06-04 02:00:04,2026-06-15 19:11:06,1734,34.80,2026-06-15 19:11:06,11119423046816,17728,Efectivo,
2660,2026-06-04,12,34.80,Pagado,2026-06-04 02:00:04,2026-06-15 19:08:13,1735,34.80,2026-06-15 19:08:13,11119423046816,17744,Efectivo,
2661,2026-06-04,50,108.00,Pendiente,2026-06-04 02:00:04,2026-07-23 02:00:01,1750,0.00,,,18071,,
2662,2026-06-04,52,74.88,Pendiente,2026-06-04 02:00:04,2026-07-25 02:00:01,1759,0.00,,,18260,,
2663,2026-06-04,12,54.90,Pagado,2026-06-04 02:00:04,2026-06-15 19:04:56,1761,54.90,2026-06-15 19:04:56,11119423046816,18325,Efectivo,
2664,2026-06-04,12,36.60,Pagado,2026-06-04 02:00:04,2026-06-15 19:03:30,1769,36.60,2026-06-15 19:03:30,11119423046816,18503,Efectivo,
2665,2026-06-04,52,62.40,Pendiente,2026-06-04 02:00:04,2026-07-25 02:00:01,1774,0.00,,,18617,,
2666,2026-06-04,52,99.84,Pendiente,2026-06-04 02:00:04,2026-07-25 02:00:01,1790,0.00,,,18922,,
2667,2026-06-04,12,17.80,Pagado,2026-06-04 02:00:04,2026-06-15 19:01:57,1798,17.80,2026-06-15 19:01:57,11119423046816,19072,Efectivo,
2668,2026-06-05,2,3.36,Pagado,2026-06-05 02:00:04,2026-06-06 19:17:07,894,3.36,2026-06-06 19:17:07,111113612607048,1247,Efectivo,
2669,2026-06-05,1,2.40,Pagado,2026-06-05 02:00:04,2026-06-05 20:32:51,915,2.40,2026-06-05 20:32:51,111113612004634,1749,Efectivo,
2670,2026-06-05,1,1.81,Pagado,2026-06-05 02:00:04,2026-06-05 20:31:45,916,1.81,2026-06-05 20:31:45,111113612004634,1782,Efectivo,
2671,2026-06-05,1,2.40,Pagado,2026-06-05 02:00:04,2026-06-05 20:33:55,917,2.40,2026-06-05 20:33:55,111113612004634,1821,Efectivo,
2672,2026-06-05,1,1.81,Pagado,2026-06-05 02:00:04,2026-06-05 20:34:52,918,1.81,2026-06-05 20:34:52,111113612004634,1857,Efectivo,
2673,2026-06-05,51,81.60,Pendiente,2026-06-05 02:00:04,2026-07-25 02:00:01,919,0.00,,,1893,,
2674,2026-06-05,1,2.40,Pagado,2026-06-05 02:00:04,2026-06-05 20:37:55,920,2.40,2026-06-05 20:37:55,111113612004634,1917,Efectivo,
2675,2026-06-05,1,1.96,Pagado,2026-06-05 02:00:04,2026-06-05 20:39:40,922,1.96,2026-06-05 20:39:40,111113612004634,1989,Efectivo,
2676,2026-06-05,1,1.80,Pagado,2026-06-05 02:00:04,2026-06-05 20:41:48,924,1.80,2026-06-05 20:41:48,111113612004634,2025,Efectivo,
2677,2026-06-05,1,1.96,Pagado,2026-06-05 02:00:04,2026-06-05 20:43:21,926,1.96,2026-06-05 20:43:21,111113612004634,2062,Efectivo,
2678,2026-06-05,1,1.96,Pagado,2026-06-05 02:00:04,2026-06-05 20:44:48,927,1.96,2026-06-05 20:44:48,111113612004634,2083,Efectivo,
2679,2026-06-05,1,1.07,Pagado,2026-06-05 02:00:04,2026-06-05 20:46:12,928,1.07,2026-06-05 20:46:12,111113612004634,2115,Efectivo,
2680,2026-06-05,1,1.20,Pagado,2026-06-05 02:00:04,2026-06-05 20:47:42,931,1.20,2026-06-05 20:47:42,111113612004634,2200,Efectivo,
2681,2026-06-05,51,71.40,Pendiente,2026-06-05 02:00:04,2026-07-25 02:00:01,1143,0.00,,,5935,,
2682,2026-06-05,7,7.00,Pagado,2026-06-05 02:00:04,2026-06-11 14:08:41,1145,7.00,2026-06-11 14:08:41,111113612004634,5994,Efectivo,
2683,2026-06-05,51,99.96,Pendiente,2026-06-05 02:00:04,2026-07-25 02:00:01,1146,0.00,,,6013,,
2684,2026-06-05,7,4.20,Pagado,2026-06-05 02:00:04,2026-06-11 14:09:49,1147,4.20,2026-06-11 14:09:49,111113612004634,6043,Efectivo,
2685,2026-06-05,13,13.87,Pagado,2026-06-05 02:00:04,2026-06-17 19:04:02,1199,13.87,2026-06-17 19:04:02,11119423046816,7246,Efectivo,
2686,2026-06-05,13,15.60,Pagado,2026-06-05 02:00:04,2026-06-17 19:05:31,1200,15.60,2026-06-17 19:05:31,11119423046816,7278,Efectivo,
2687,2026-06-05,13,7.80,Pagado,2026-06-05 02:00:04,2026-06-17 19:17:58,1202,7.80,2026-06-17 19:17:58,11119423046816,7334,Efectivo,
2688,2026-06-05,2,2.13,Pagado,2026-06-05 02:00:04,2026-06-06 19:24:33,1325,2.13,2026-06-06 19:24:33,111113612607048,10186,Efectivo,
2689,2026-06-05,2,2.13,Pagado,2026-06-05 02:00:04,2026-06-06 19:25:57,1327,2.13,2026-06-06 19:25:57,111113612607048,10238,Efectivo,
2690,2026-06-05,2,3.63,Pagado,2026-06-05 02:00:04,2026-06-06 19:37:27,1362,3.63,2026-06-06 19:37:27,111113612607048,10451,Efectivo,
2691,2026-06-05,2,2.40,Pagado,2026-06-05 02:00:04,2026-06-06 19:44:33,1363,2.40,2026-06-06 19:44:33,111113612607048,10499,Efectivo,
2692,2026-06-05,13,13.87,Pagado,2026-06-05 02:00:04,2026-06-17 19:25:01,1388,13.87,2026-06-17 19:25:01,11119423046816,11249,Efectivo,
2693,2026-06-05,13,40.56,Pagado,2026-06-05 02:00:04,2026-06-17 19:28:10,1391,40.56,2026-06-17 19:28:10,11119423046816,11304,Efectivo,
2694,2026-06-05,13,20.80,Pagado,2026-06-05 02:00:04,2026-06-17 19:30:23,1395,20.80,2026-06-17 19:30:23,11119423046816,11427,Efectivo,
2695,2026-06-05,7,5.04,Pagado,2026-06-05 02:00:04,2026-06-11 18:20:36,1396,5.04,2026-06-11 18:20:36,111113612004634,11459,Efectivo,
2696,2026-06-05,13,40.56,Pagado,2026-06-05 02:00:04,2026-06-17 19:35:36,1398,40.56,2026-06-17 19:35:36,11119423046816,11491,Efectivo,
2697,2026-06-05,51,103.36,Pendiente,2026-06-05 02:00:04,2026-07-25 02:00:01,1421,0.00,,,11997,,
2698,2026-06-05,2,4.61,Pagado,2026-06-05 02:00:04,2026-06-06 19:21:23,1617,4.61,2026-06-06 19:21:23,111113612607048,15126,Efectivo,
2699,2026-06-05,2,3.36,Pagado,2026-06-05 02:00:04,2026-06-06 19:20:16,1618,3.36,2026-06-06 19:20:16,111113612607048,15144,Efectivo,
2700,2026-06-05,2,3.92,Pagado,2026-06-05 02:00:04,2026-06-06 19:27:41,1626,3.92,2026-06-06 19:27:41,111113612607048,15324,Efectivo,
2701,2026-06-05,2,3.92,Pagado,2026-06-05 02:00:04,2026-06-06 19:38:54,1629,3.92,2026-06-06 19:38:54,111113612607048,15396,Efectivo,
2702,2026-06-05,1,1.33,Pagado,2026-06-05 02:00:04,2026-06-05 20:40:41,1635,1.33,2026-06-05 20:40:41,111113612004634,15529,Efectivo,
2703,2026-06-05,13,7.80,Pendiente,2026-06-05 02:00:04,2026-06-17 02:00:03,1662,0.00,,,16214,,
2704,2026-06-05,13,30.58,Pagado,2026-06-05 02:00:04,2026-06-17 19:33:21,1663,30.58,2026-06-17 19:33:21,11119423046816,16225,Efectivo,
2705,2026-06-05,13,24.96,Pagado,2026-06-05 02:00:04,2026-06-17 19:40:54,1665,24.96,2026-06-17 19:40:54,11119423046816,16243,Efectivo,
2706,2026-06-05,51,132.58,Pendiente,2026-06-05 02:00:04,2026-07-25 02:00:01,1669,0.00,,,16303,,
2707,2026-06-05,51,132.58,Pendiente,2026-06-05 02:00:04,2026-07-25 02:00:01,1670,0.00,,,16399,,
2708,2026-06-05,11,21.30,Pagado,2026-06-05 02:00:04,2026-06-15 19:21:11,1672,21.30,2026-06-15 19:21:11,11119423046816,16423,Efectivo,
2709,2026-06-05,13,40.56,Pagado,2026-06-05 02:00:04,2026-06-17 19:23:19,1701,40.56,2026-06-17 19:23:19,11119423046816,17065,Efectivo,
2710,2026-06-05,13,13.00,Pagado,2026-06-05 02:00:04,2026-06-17 19:32:08,1709,13.00,2026-06-17 19:32:08,11119423046816,17265,Efectivo,
2711,2026-06-05,7,7.00,Pagado,2026-06-05 02:00:04,2026-06-11 18:19:36,1721,7.00,2026-06-11 18:19:36,111113612004634,17448,Efectivo,
2712,2026-06-05,13,24.96,Pagado,2026-06-05 02:00:04,2026-06-17 19:38:23,1758,24.96,2026-06-17 19:38:23,11119423046816,18242,Efectivo,
2713,2026-06-05,11,16.31,Pagado,2026-06-05 02:00:04,2026-06-15 19:18:30,1772,16.31,2026-06-15 19:18:30,11119423046816,18583,Efectivo,
2714,2026-06-05,13,30.58,Pagado,2026-06-05 02:00:05,2026-06-17 19:37:03,1773,30.58,2026-06-17 19:37:03,11119423046816,18599,Efectivo,
2715,2026-06-05,51,50.98,Pendiente,2026-06-05 02:00:05,2026-07-25 02:00:01,1778,0.00,,,18690,,
2716,2026-06-05,11,21.30,Pagado,2026-06-05 02:00:05,2026-06-15 19:19:34,1793,21.30,2026-06-15 19:19:34,11119423046816,18976,Efectivo,
2717,2026-06-05,13,24.96,Pagado,2026-06-05 02:00:05,2026-06-17 19:26:47,1814,24.96,2026-06-17 19:26:47,11119423046816,19395,Efectivo,
2718,2026-06-05,51,51.00,Pendiente,2026-06-05 02:00:05,2026-07-25 02:00:01,1819,0.00,,,19517,,
2719,2026-06-05,51,122.38,Pendiente,2026-06-05 02:00:05,2026-07-25 02:00:01,1820,0.00,,,19541,,
2720,2026-06-05,51,81.60,Pendiente,2026-06-05 02:00:05,2026-07-25 02:00:01,1821,0.00,,,19565,,
2721,2026-06-05,51,71.40,Pendiente,2026-06-05 02:00:05,2026-07-25 02:00:01,1822,0.00,,,19589,,
2722,2026-06-05,11,16.31,Pagado,2026-06-05 02:00:05,2026-06-15 19:22:09,1833,16.31,2026-06-15 19:22:09,11119423046816,19910,Efectivo,
2723,2026-06-05,13,40.56,Pagado,2026-06-05 02:00:05,2026-06-17 19:29:25,1848,40.56,2026-06-17 19:29:25,11119423046816,20237,Efectivo,
2724,2026-06-05,13,40.56,Pagado,2026-06-05 02:00:05,2026-06-17 19:25:53,1868,40.56,2026-06-17 19:25:53,11119423046816,20672,Efectivo,
2725,2026-06-05,51,87.03,Pendiente,2026-06-05 02:00:05,2026-07-25 02:00:01,1891,0.00,,,21112,,
2726,2026-06-05,51,87.04,Pendiente,2026-06-05 02:00:05,2026-07-25 02:00:01,1892,0.00,,,21160,,
2727,2026-06-06,50,53.33,Pendiente,2026-06-06 02:00:03,2026-07-25 02:00:01,909,0.00,,,1568,,
2728,2026-06-06,50,53.33,Pendiente,2026-06-06 02:00:03,2026-07-25 02:00:01,933,0.00,,,2236,,
2729,2026-06-06,12,48.24,Pagado,2026-06-06 02:00:03,2026-06-17 20:44:01,1025,48.24,2026-06-17 20:44:01,11119423046816,3688,Efectivo,
2730,2026-06-06,12,26.40,Pagado,2026-06-06 02:00:03,2026-06-17 20:23:30,1026,26.40,2026-06-17 20:23:30,11119423046816,3724,Efectivo,
2731,2026-06-06,8,12.80,Pagado,2026-06-06 02:00:03,2026-06-13 16:07:24,1031,12.80,2026-06-13 16:07:24,111113612004634,3895,Efectivo,
2732,2026-06-06,12,19.20,Pagado,2026-06-06 02:00:03,2026-06-17 20:26:15,1033,19.20,2026-06-17 20:26:15,11119423046816,3954,Efectivo,
2733,2026-06-06,12,12.80,Pagado,2026-06-06 02:00:03,2026-06-17 20:29:10,1038,12.80,2026-06-17 20:29:10,11119423046816,4131,Efectivo,
2734,2026-06-06,12,15.36,Pagado,2026-06-06 02:00:03,2026-06-17 20:30:43,1040,15.36,2026-06-17 20:30:43,11119423046816,4190,Efectivo,
2735,2026-06-06,12,23.04,Pagado,2026-06-06 02:00:03,2026-06-17 20:32:29,1042,23.04,2026-06-17 20:32:29,11119423046816,4265,Efectivo,
2736,2026-06-06,12,12.80,Pagado,2026-06-06 02:00:03,2026-06-17 20:34:07,1044,12.80,2026-06-17 20:34:07,11119423046816,4344,Efectivo,
2737,2026-06-06,12,21.60,Pagado,2026-06-06 02:00:03,2026-06-17 20:38:57,1050,21.60,2026-06-17 20:38:57,11119423046816,4496,Efectivo,
2738,2026-06-06,50,241.17,Pendiente,2026-06-06 02:00:03,2026-07-25 02:00:01,1148,0.00,,,6059,,
2739,2026-06-06,50,96.00,Pendiente,2026-06-06 02:00:03,2026-07-25 02:00:01,1150,0.00,,,6110,,
2740,2026-06-06,50,144.00,Pendiente,2026-06-06 02:00:03,2026-07-25 02:00:01,1152,0.00,,,6175,,
2741,2026-06-06,50,53.33,Pendiente,2026-06-06 02:00:03,2026-07-25 02:00:01,1153,0.00,,,6216,,
2742,2026-06-06,50,120.00,Pendiente,2026-06-06 02:00:03,2026-07-25 02:00:01,1154,0.00,,,6241,,
2743,2026-06-06,28,81.01,Pagado,2026-06-06 02:00:03,2026-07-03 21:17:35,1155,81.01,2026-07-03 21:17:35,111113612004634,6276,Efectivo,
2744,2026-06-06,50,117.67,Pendiente,2026-06-06 02:00:03,2026-07-25 02:00:01,1156,0.00,,,6289,,
2745,2026-06-06,50,53.33,Pendiente,2026-06-06 02:00:03,2026-07-25 02:00:01,1157,0.00,,,6314,,
2746,2026-06-06,50,117.67,Pendiente,2026-06-06 02:00:03,2026-07-25 02:00:01,1158,0.00,,,6356,,
2747,2026-06-06,50,53.33,Pendiente,2026-06-06 02:00:03,2026-07-25 02:00:01,1159,0.00,,,6395,,
2748,2026-06-06,50,144.00,Pendiente,2026-06-06 02:00:03,2026-07-25 02:00:01,1161,0.00,,,6437,,
2749,2026-06-06,50,80.00,Pendiente,2026-06-06 02:00:03,2026-07-25 02:00:01,1162,0.00,,,6465,,
2750,2026-06-06,50,144.00,Pendiente,2026-06-06 02:00:03,2026-07-25 02:00:01,1163,0.00,,,6508,,
2751,2026-06-06,50,72.00,Pendiente,2026-06-06 02:00:03,2026-07-25 02:00:01,1166,0.00,,,6551,,
2752,2026-06-06,50,72.00,Pendiente,2026-06-06 02:00:03,2026-07-25 02:00:01,1167,0.00,,,6572,,
2753,2026-06-06,50,48.00,Pendiente,2026-06-06 02:00:03,2026-07-25 02:00:01,1170,0.00,,,6632,,
2754,2026-06-06,50,72.00,Pendiente,2026-06-06 02:00:03,2026-07-25 02:00:01,1171,0.00,,,6650,,
2755,2026-06-06,50,80.00,Pendiente,2026-06-06 02:00:03,2026-07-25 02:00:01,1175,0.00,,,6720,,
2756,2026-06-06,50,85.33,Pendiente,2026-06-06 02:00:03,2026-07-25 02:00:01,1431,0.00,,,12305,,
2757,2026-06-06,14,14.93,Pagado,2026-06-06 02:00:03,2026-06-19 23:01:42,1434,14.93,2026-06-19 23:01:42,111113612004634,12430,Efectivo,
2758,2026-06-06,21,38.08,Pagado,2026-06-06 02:00:03,2026-06-26 22:09:02,1436,38.08,2026-06-26 22:09:02,111113612004634,12490,Efectivo,
2759,2026-06-06,42,44.80,Pagado,2026-06-06 02:00:03,2026-07-17 21:47:50,1438,44.80,2026-07-17 21:47:50,111113612004634,12565,Efectivo,
2760,2026-06-06,42,80.64,Pagado,2026-06-06 02:00:03,2026-07-17 22:39:26,1440,80.64,2026-07-17 22:39:26,111113612004634,12638,Efectivo,
2761,2026-06-06,15,24.00,Pagado,2026-06-06 02:00:03,2026-06-20 17:24:28,1443,24.00,2026-06-20 17:24:28,111113612004634,12750,Efectivo,
2762,2026-06-06,50,53.33,Pendiente,2026-06-06 02:00:03,2026-07-25 02:00:01,1446,0.00,,,12853,,
2763,2026-06-06,14,14.93,Pagado,2026-06-06 02:00:03,2026-06-19 22:51:12,1485,14.93,2026-06-19 22:51:12,111113612004634,13191,Efectivo,
2764,2026-06-06,50,33.33,Pendiente,2026-06-06 02:00:03,2026-07-25 02:00:01,1492,0.00,,,13378,,
2765,2026-06-06,50,53.33,Pendiente,2026-06-06 02:00:03,2026-07-25 02:00:01,1495,0.00,,,13481,,
2766,2026-06-06,35,28.00,Pagado,2026-06-06 02:00:03,2026-07-10 19:48:48,1511,28.00,2026-07-10 19:48:48,111113612004634,13880,Efectivo,
2767,2026-06-06,24,56.48,Pagado,2026-06-06 02:00:03,2026-06-29 22:01:51,1515,56.48,2026-06-29 22:01:51,111113612004634,13941,Efectivo,
2768,2026-06-06,50,84.00,Pendiente,2026-06-06 02:00:03,2026-07-25 02:00:01,1516,0.00,,,13965,,
2769,2026-06-06,50,156.00,Pendiente,2026-06-06 02:00:03,2026-07-25 02:00:01,1517,0.00,,,13982,,
2770,2026-06-06,50,85.33,Pendiente,2026-06-06 02:00:03,2026-07-25 02:00:01,1518,0.00,,,13995,,
2771,2026-06-06,24,25.60,Pagado,2026-06-06 02:00:03,2026-06-29 22:15:41,1520,25.60,2026-06-29 22:15:41,111113612004634,14084,Efectivo,
2772,2026-06-06,12,19.20,Pagado,2026-06-06 02:00:03,2026-06-17 19:51:05,1525,19.20,2026-06-17 19:51:05,11119423046816,14311,Efectivo,
2773,2026-06-06,12,14.40,Pagado,2026-06-06 02:00:03,2026-06-17 20:07:38,1526,14.40,2026-06-17 20:07:38,11119423046816,14337,Efectivo,
2774,2026-06-06,50,30.00,Pendiente,2026-06-06 02:00:03,2026-07-25 02:00:01,1527,0.00,,,14361,,
2775,2026-06-06,50,30.00,Pendiente,2026-06-06 02:00:03,2026-07-25 02:00:01,1528,0.00,,,14385,,
2776,2026-06-06,12,28.80,Pagado,2026-06-06 02:00:03,2026-06-17 19:55:38,1529,28.80,2026-06-17 19:55:38,11119423046816,14405,Efectivo,
2777,2026-06-06,19,36.48,Pendiente,2026-06-06 02:00:03,2026-06-24 00:48:44,1533,0.00,,,14499,,
2778,2026-06-06,19,44.71,Pagado,2026-06-06 02:00:03,2026-06-24 19:54:22,1535,44.71,2026-06-24 19:54:22,111113612004634,14553,Efectivo,
2779,2026-06-06,19,20.27,Pagado,2026-06-06 02:00:03,2026-06-24 19:57:09,1537,20.27,2026-06-24 19:57:09,111113612004634,14615,Efectivo,
2780,2026-06-06,50,156.00,Pendiente,2026-06-06 02:00:03,2026-07-25 02:00:01,1614,0.00,,,15077,,
2781,2026-06-06,50,72.00,Pendiente,2026-06-06 02:00:03,2026-07-25 02:00:01,1615,0.00,,,15095,,
2782,2026-06-06,50,33.33,Pendiente,2026-06-06 02:00:03,2026-07-25 02:00:01,1616,0.00,,,15113,,
2783,2026-06-06,50,119.98,Pendiente,2026-06-06 02:00:03,2026-07-25 02:00:01,1632,0.00,,,15468,,
2784,2026-06-06,50,74.42,Pendiente,2026-06-06 02:00:03,2026-07-25 02:00:01,1684,0.00,,,16725,,
2785,2026-06-06,12,16.00,Pagado,2026-06-06 02:00:03,2026-06-17 20:35:28,1695,16.00,2026-06-17 20:35:28,11119423046816,16955,Efectivo,
2786,2026-06-06,19,59.28,Pagado,2026-06-06 02:00:03,2026-06-24 19:45:53,1697,59.28,2026-06-24 19:45:53,111113612004634,16992,Efectivo,
2787,2026-06-06,50,97.98,Pendiente,2026-06-06 02:00:03,2026-07-25 02:00:01,1723,0.00,,,17498,,
2788,2026-06-06,50,97.98,Pendiente,2026-06-06 02:00:03,2026-07-25 02:00:01,1753,0.00,,,18126,,
2789,2026-06-06,50,59.53,Pendiente,2026-06-06 02:00:03,2026-07-25 02:00:01,1756,0.00,,,18186,,
2790,2026-06-06,50,66.65,Pendiente,2026-06-06 02:00:03,2026-07-25 02:00:01,1817,0.00,,,19480,,
2791,2026-06-06,50,53.33,Pendiente,2026-06-06 02:00:03,2026-07-25 02:00:01,1826,0.00,,,19685,,
2792,2026-06-06,19,59.28,Pagado,2026-06-06 02:00:03,2026-06-24 20:25:23,1830,59.28,2026-06-24 20:25:23,111113612004634,19800,Efectivo,
2793,2026-06-06,19,20.27,Pendiente,2026-06-06 02:00:03,2026-06-24 00:48:44,1832,0.00,,,19887,,
2794,2026-06-06,50,96.00,Pendiente,2026-06-06 02:00:03,2026-07-25 02:00:01,1850,0.00,,,20279,,
2795,2026-06-06,50,96.00,Pendiente,2026-06-06 02:00:03,2026-07-25 02:00:01,1851,0.00,,,20297,,
2796,2026-06-06,10,14.83,Pagado,2026-06-06 02:00:03,2026-06-15 19:23:20,1862,14.83,2026-06-15 19:23:20,11119423046816,20536,Efectivo,
2797,2026-06-07,49,117.60,Pendiente,2026-06-07 02:00:02,2026-07-25 02:00:01,942,0.00,,,2431,,
2798,2026-06-07,49,109.35,Pendiente,2026-06-07 02:00:02,2026-07-25 02:00:01,943,0.00,,,2464,,
2799,2026-06-07,49,96.04,Pendiente,2026-06-07 02:00:02,2026-07-25 02:00:01,946,0.00,,,2535,,
2800,2026-06-07,9,10.80,Pagado,2026-06-07 02:00:02,2026-06-15 18:29:08,948,10.80,2026-06-15 18:29:08,111113612004634,2572,Efectivo,
2801,2026-06-07,49,52.27,Pendiente,2026-06-07 02:00:02,2026-07-25 02:00:01,1059,0.00,,,4695,,
2802,2026-06-07,4,9.21,Pagado,2026-06-07 02:00:02,2026-06-10 19:34:58,1071,9.21,2026-06-10 19:34:58,111113612004634,4913,Efectivo,
2803,2026-06-07,49,127.40,Pendiente,2026-06-07 02:00:02,2026-07-25 02:00:01,1127,0.00,,,5491,,
2804,2026-06-07,49,127.40,Pendiente,2026-06-07 02:00:02,2026-07-25 02:00:01,1129,0.00,,,5539,,
2805,2026-06-07,49,52.27,Pendiente,2026-06-07 02:00:02,2026-07-25 02:00:01,1130,0.00,,,5593,,
2806,2026-06-07,49,39.20,Pendiente,2026-06-07 02:00:02,2026-07-25 02:00:01,1131,0.00,,,5612,,
2807,2026-06-07,49,96.04,Pendiente,2026-06-07 02:00:02,2026-07-25 02:00:01,1132,0.00,,,5636,,
2808,2026-06-07,49,39.20,Pendiente,2026-06-07 02:00:02,2026-07-25 02:00:01,1134,0.00,,,5678,,
2809,2026-06-07,49,78.40,Pendiente,2026-06-07 02:00:02,2026-07-25 02:00:01,1244,0.00,,,7732,,
2810,2026-06-07,33,85.80,Pagado,2026-06-07 02:00:02,2026-07-09 20:23:48,1272,85.80,2026-07-09 20:23:48,111113612004634,8597,Efectivo,
2811,2026-06-07,14,22.40,Pagado,2026-06-07 02:00:02,2026-06-20 14:46:56,1275,22.40,2026-06-20 14:46:56,111113612004634,8696,Efectivo,
2812,2026-06-07,9,13.35,Pagado,2026-06-07 02:00:02,2026-06-15 19:27:42,1557,13.35,2026-06-15 19:27:42,11119423046816,15049,Efectivo,
2813,2026-06-07,9,26.10,Pagado,2026-06-07 02:00:02,2026-06-15 19:25:24,1676,26.10,2026-06-15 19:25:24,11119423046816,16526,Efectivo,
2814,2026-06-07,49,432.16,Pendiente,2026-06-07 02:00:02,2026-07-25 02:00:01,1680,0.00,,,16632,,
2815,2026-06-07,9,31.75,Pagado,2026-06-07 02:00:02,2026-06-15 19:26:33,1733,31.75,2026-06-15 19:26:33,11119423046816,17704,Efectivo,
2816,2026-06-07,49,58.80,Pendiente,2026-06-07 02:00:02,2026-07-25 02:00:01,1746,0.00,,,17981,,
2817,2026-06-07,49,58.80,Pendiente,2026-06-07 02:00:02,2026-07-25 02:00:01,1747,0.00,,,18005,,
2818,2026-06-07,49,32.67,Pendiente,2026-06-07 02:00:02,2026-07-25 02:00:01,1783,0.00,,,18770,,
2819,2026-06-07,9,23.81,Pagado,2026-06-07 02:00:02,2026-06-15 19:29:19,1796,23.81,2026-06-15 19:29:19,11119423046816,19032,Efectivo,
2820,2026-06-07,49,117.58,Pendiente,2026-06-07 02:00:02,2026-07-25 02:00:01,1875,0.00,,,20766,,
2821,2026-06-10,8,15.68,Pagado,2026-06-10 02:00:02,2026-06-17 17:01:37,852,15.68,2026-06-17 17:01:37,11119423046816,15768,Efectivo,
2822,2026-06-10,46,49.07,Pendiente,2026-06-10 02:00:02,2026-07-25 02:00:01,853,0.00,,,77,,
2823,2026-06-10,8,17.60,Pagado,2026-06-10 02:00:02,2026-06-17 17:12:15,854,17.60,2026-06-17 17:12:15,11119423046816,129,Efectivo,
2824,2026-06-10,8,8.53,Pagado,2026-06-10 02:00:02,2026-06-17 17:12:51,855,8.53,2026-06-17 17:12:51,11119423046816,172,Efectivo,
2825,2026-06-10,8,4.80,Pagado,2026-06-10 02:00:02,2026-06-17 17:28:20,856,4.80,2026-06-17 17:28:20,11119423046816,201,Efectivo,
2826,2026-06-10,8,15.68,Pagado,2026-06-10 02:00:02,2026-06-17 17:29:27,857,15.68,2026-06-17 17:29:27,11119423046816,225,Efectivo,
2827,2026-06-10,8,6.83,Pagado,2026-06-10 02:00:02,2026-06-17 17:28:57,858,6.83,2026-06-17 17:28:57,11119423046816,245,Efectivo,
2828,2026-06-10,1,1.20,Pagado,2026-06-10 02:00:02,2026-06-10 19:00:04,859,1.20,2026-06-10 19:00:04,111113612004634,298,Efectivo,
2829,2026-06-10,8,4.80,Pagado,2026-06-10 02:00:02,2026-06-17 17:34:48,866,4.80,2026-06-17 17:34:48,11119423046816,468,Efectivo,
2830,2026-06-10,8,4.80,Pagado,2026-06-10 02:00:02,2026-06-17 17:35:28,867,4.80,2026-06-17 17:35:28,11119423046816,492,Efectivo,
2831,2026-06-10,1,0.60,Pagado,2026-06-10 02:00:02,2026-06-10 18:59:27,868,0.60,2026-06-10 18:59:27,111113612004634,514,Efectivo,
2832,2026-06-10,8,4.80,Pagado,2026-06-10 02:00:02,2026-06-17 17:37:48,869,4.80,2026-06-17 17:37:48,11119423046816,534,Efectivo,
2833,2026-06-10,8,6.40,Pagado,2026-06-10 02:00:02,2026-06-17 17:38:36,870,6.40,2026-06-17 17:38:36,11119423046816,557,Efectivo,
2834,2026-06-10,8,4.80,Pagado,2026-06-10 02:00:02,2026-06-17 17:39:25,1021,4.80,2026-06-17 17:39:25,11119423046816,3580,Efectivo,
2835,2026-06-10,46,33.12,Pendiente,2026-06-10 02:00:02,2026-07-25 02:00:01,1054,0.00,,,4578,,
2836,2026-06-10,9,6.48,Pagado,2026-06-10 02:00:02,2026-06-18 16:30:15,1123,6.48,2026-06-18 16:30:15,111113612004634,5419,Efectivo,
2837,2026-06-10,9,6.48,Pagado,2026-06-10 02:00:02,2026-06-18 16:31:13,1124,6.48,2026-06-18 16:31:13,111113612004634,5437,Efectivo,
2838,2026-06-10,9,6.48,Pagado,2026-06-10 02:00:02,2026-06-18 16:32:32,1125,6.48,2026-06-18 16:32:32,111113612004634,5455,Efectivo,
2839,2026-06-10,9,6.48,Pagado,2026-06-10 02:00:02,2026-06-18 16:33:59,1126,6.48,2026-06-18 16:33:59,111113612004634,5473,Efectivo,
2840,2026-06-10,43,84.28,Pagado,2026-06-10 02:00:02,2026-07-22 21:15:44,1400,84.28,2026-07-22 21:15:44,111113612004634,11529,Efectivo,
2841,2026-06-10,43,84.28,Pagado,2026-06-10 02:00:02,2026-07-22 21:09:59,1401,84.28,2026-07-22 21:09:59,111113612004634,11553,Efectivo,
2842,2026-06-10,43,84.28,Pagado,2026-06-10 02:00:02,2026-07-22 21:18:09,1402,84.28,2026-07-22 21:18:09,111113612004634,11577,Efectivo,
2843,2026-06-10,43,84.28,Pagado,2026-06-10 02:00:02,2026-07-22 21:13:56,1403,84.28,2026-07-22 21:13:56,111113612004634,11601,Efectivo,
2844,2026-06-10,43,84.28,Pagado,2026-06-10 02:00:02,2026-07-22 21:19:29,1404,84.28,2026-07-22 21:19:29,111113612004634,11625,Efectivo,
2845,2026-06-10,23,41.40,Pagado,2026-06-10 02:00:02,2026-07-02 21:09:43,1405,41.40,2026-07-02 21:09:43,111113612004634,11655,Efectivo,
2846,2026-06-10,43,34.40,Pagado,2026-06-10 02:00:02,2026-07-22 21:22:19,1406,34.40,2026-07-22 21:22:19,111113612004634,11672,Efectivo,
2847,2026-06-10,43,34.40,Pagado,2026-06-10 02:00:02,2026-07-22 21:20:57,1407,34.40,2026-07-22 21:20:57,111113612004634,11696,Efectivo,
2848,2026-06-10,8,15.68,Pagado,2026-06-10 02:00:02,2026-06-17 17:50:02,1412,15.68,2026-06-17 17:50:02,11119423046816,11787,Efectivo,
2849,2026-06-10,8,15.68,Pagado,2026-06-10 02:00:02,2026-06-17 17:51:31,1415,15.68,2026-06-17 17:51:31,11119423046816,11848,Efectivo,
2850,2026-06-10,8,15.68,Pagado,2026-06-10 02:00:02,2026-06-17 17:52:27,1416,15.68,2026-06-17 17:52:27,11119423046816,11872,Efectivo,
2851,2026-06-10,8,15.68,Pagado,2026-06-10 02:00:02,2026-06-17 17:54:48,1417,15.68,2026-06-17 17:54:48,11119423046816,11896,Efectivo,
2852,2026-06-10,8,15.68,Pagado,2026-06-10 02:00:02,2026-06-17 17:01:00,1645,15.68,2026-06-17 17:01:00,11119423046816,15743,Efectivo,
2853,2026-06-10,8,9.60,Pagado,2026-06-10 02:00:02,2026-06-17 17:40:34,1647,9.60,2026-06-17 17:40:34,11119423046816,15812,Efectivo,
2854,2026-06-10,1,0.67,Pagado,2026-06-10 02:00:02,2026-06-10 18:59:15,1648,0.67,2026-06-10 18:59:15,111113612004634,15828,Efectivo,
2855,2026-06-10,6,8.90,Pagado,2026-06-10 02:00:02,2026-06-15 18:37:15,1674,8.90,2026-06-15 18:37:15,111113612004634,16463,Efectivo,
2856,2026-06-10,46,68.46,Pendiente,2026-06-10 02:00:02,2026-07-25 02:00:01,1683,0.00,,,16694,,
2857,2026-06-10,46,44.16,Pendiente,2026-06-10 02:00:02,2026-07-25 02:00:01,1693,0.00,,,16914,,
2858,2026-06-10,46,44.16,Pendiente,2026-06-10 02:00:02,2026-07-25 02:00:01,1698,0.00,,,17011,,
2859,2026-06-10,8,14.40,Pagado,2026-06-10 02:00:02,2026-06-17 17:07:06,1702,14.40,2026-06-17 17:07:06,11119423046816,17084,Efectivo,
2860,2026-06-10,1,0.67,Pagado,2026-06-10 02:00:02,2026-06-10 22:00:56,1710,0.67,2026-06-10 22:00:56,111113612004634,17279,Efectivo,
2861,2026-06-10,30,28.80,Pagado,2026-06-10 02:00:03,2026-07-09 20:46:05,1711,28.80,2026-07-09 20:46:05,111113612004634,17292,Efectivo,
2862,2026-06-10,8,4.80,Pagado,2026-06-10 02:00:03,2026-06-17 17:41:18,1731,4.80,2026-06-17 17:41:18,11119423046816,17650,Efectivo,
2863,2026-06-10,46,44.16,Pendiente,2026-06-10 02:00:03,2026-07-25 02:00:01,1736,0.00,,,17761,,
2864,2026-06-10,8,5.33,Pagado,2026-06-10 02:00:03,2026-06-17 17:37:21,1737,5.33,2026-06-17 17:37:21,11119423046816,17779,Efectivo,
2865,2026-06-10,8,6.40,Pagado,2026-06-10 02:00:03,2026-06-17 17:42:07,1744,6.40,2026-06-17 17:42:07,11119423046816,17934,Efectivo,
2866,2026-06-10,8,9.60,Pagado,2026-06-10 02:00:03,2026-06-17 17:31:24,1765,9.60,2026-06-17 17:31:24,11119423046816,18438,Efectivo,
2867,2026-06-10,8,10.66,Pagado,2026-06-10 02:00:03,2026-06-17 17:48:32,1766,10.66,2026-06-17 17:48:32,11119423046816,18462,Efectivo,
2868,2026-06-10,8,8.00,Pagado,2026-06-10 02:00:03,2026-06-17 17:51:03,1767,8.00,2026-06-17 17:51:03,11119423046816,18475,Efectivo,
2869,2026-06-10,6,8.90,Pagado,2026-06-10 02:00:03,2026-06-15 18:59:24,1768,8.90,2026-06-15 18:59:24,11119423046816,18488,Efectivo,
2870,2026-06-10,46,33.12,Pendiente,2026-06-10 02:00:03,2026-07-25 02:00:01,1779,0.00,,,18704,,
2871,2026-06-10,46,30.67,Pendiente,2026-06-10 02:00:03,2026-07-25 02:00:01,1780,0.00,,,18722,,
2872,2026-06-10,8,15.68,Pagado,2026-06-10 02:00:03,2026-06-17 17:47:18,1786,15.68,2026-06-17 17:47:18,11119423046816,18833,Efectivo,
2873,2026-06-10,8,8.00,Pagado,2026-06-10 02:00:03,2026-06-17 17:30:36,1787,8.00,2026-06-17 17:30:36,11119423046816,18857,Efectivo,
2874,2026-06-10,46,44.16,Pendiente,2026-06-10 02:00:03,2026-07-25 02:00:01,1788,0.00,,,18881,,
2875,2026-06-10,46,44.16,Pendiente,2026-06-10 02:00:03,2026-07-25 02:00:01,1791,0.00,,,18941,,
2876,2026-06-10,46,66.24,Pendiente,2026-06-10 02:00:03,2026-07-25 02:00:01,1792,0.00,,,18959,,
2877,2026-06-10,8,9.60,Pagado,2026-06-10 02:00:03,2026-06-17 17:33:13,1794,9.60,2026-06-17 17:33:13,11119423046816,18993,Efectivo,
2878,2026-06-10,6,11.62,Pagado,2026-06-10 02:00:03,2026-06-15 18:35:42,1795,11.62,2026-06-15 18:35:42,111113612004634,19017,Efectivo,
2879,2026-06-10,6,8.90,Pagado,2026-06-10 02:00:03,2026-06-15 18:34:34,1797,8.90,2026-06-15 18:34:34,111113612004634,19057,Efectivo,
2880,2026-06-10,6,8.90,Pagado,2026-06-10 02:00:03,2026-06-15 19:00:21,1834,8.90,2026-06-15 19:00:21,11119423046816,19927,Efectivo,
2881,2026-06-10,8,11.20,Pagado,2026-06-10 02:00:03,2026-06-17 17:33:59,1836,11.20,2026-06-17 17:33:59,11119423046816,19991,Efectivo,
2882,2026-06-10,46,88.32,Pendiente,2026-06-10 02:00:03,2026-07-25 02:00:01,1840,0.00,,,20076,,
2883,2026-06-10,46,88.32,Pendiente,2026-06-10 02:00:03,2026-07-25 02:00:01,1841,0.00,,,20094,,
2884,2026-06-10,6,8.90,Pagado,2026-06-10 02:00:03,2026-06-15 19:01:09,1842,8.90,2026-06-15 19:01:09,11119423046816,20112,Efectivo,
2885,2026-06-10,46,36.80,Pendiente,2026-06-10 02:00:03,2026-07-25 02:00:01,1845,0.00,,,20166,,
2886,2026-06-10,8,4.80,Pagado,2026-06-10 02:00:03,2026-06-17 17:42:54,1852,4.80,2026-06-17 17:42:54,11119423046816,20316,Efectivo,
2887,2026-06-10,1,1.92,Pagado,2026-06-10 02:00:03,2026-06-10 22:00:45,1858,1.92,2026-06-10 22:00:45,111113612004634,20459,Efectivo,
2888,2026-06-10,46,99.36,Pendiente,2026-06-10 02:00:03,2026-07-25 02:00:01,1859,0.00,,,20477,,
2889,2026-06-10,46,88.32,Pendiente,2026-06-10 02:00:03,2026-07-25 02:00:01,1860,0.00,,,20495,,
2890,2026-06-10,43,45.87,Pagado,2026-06-10 02:00:03,2026-07-22 21:12:01,1863,45.87,2026-07-22 21:12:01,111113612004634,20553,Efectivo,
2891,2026-06-10,9,6.00,Pagado,2026-06-10 02:00:03,2026-06-18 16:29:33,1869,6.00,2026-06-18 16:29:33,111113612004634,20691,Efectivo,
2892,2026-06-10,9,6.00,Pagado,2026-06-10 02:00:03,2026-06-18 16:32:08,1870,6.00,2026-06-18 16:32:08,111113612004634,20704,Efectivo,
2893,2026-06-10,9,6.00,Pagado,2026-06-10 02:00:03,2026-06-18 16:33:31,1871,6.00,2026-06-18 16:33:31,111113612004634,20717,Efectivo,
2894,2026-06-10,8,6.40,Pagado,2026-06-10 02:00:03,2026-06-17 17:43:43,1897,6.40,2026-06-17 17:43:43,11119423046816,21321,Efectivo,
2895,2026-06-10,8,4.80,Pagado,2026-06-10 02:00:03,2026-06-17 17:44:27,1898,4.80,2026-06-17 17:44:27,11119423046816,21345,Efectivo,
2896,2026-06-10,8,8.00,Pagado,2026-06-10 02:00:03,2026-06-17 17:32:07,1899,8.00,2026-06-17 17:32:07,11119423046816,21369,Efectivo,
2897,2026-06-10,46,77.28,Pendiente,2026-06-10 02:00:03,2026-07-25 02:00:01,1105,0.00,,,5042,,
2898,2026-06-11,45,76.78,Pendiente,2026-06-11 02:00:02,2026-07-25 02:00:01,876,0.00,,,730,,
2899,2026-06-11,45,99.00,Pendiente,2026-06-11 02:00:02,2026-07-25 02:00:01,877,0.00,,,778,,
2900,2026-06-11,36,70.56,Pagado,2026-06-11 02:00:02,2026-07-16 23:49:02,878,70.56,2026-07-16 23:49:02,111113612004634,792,Efectivo,
2901,2026-06-11,36,38.40,Pagado,2026-06-11 02:00:02,2026-07-16 23:50:13,879,38.40,2026-07-16 23:50:13,111113612004634,820,Efectivo,
2902,2026-06-11,45,88.20,Pendiente,2026-06-11 02:00:02,2026-07-25 02:00:01,880,0.00,,,866,,
2903,2026-06-11,45,63.00,Pendiente,2026-06-11 02:00:02,2026-07-25 02:00:01,883,0.00,,,936,,
2904,2026-06-11,45,48.00,Pendiente,2026-06-11 02:00:02,2026-07-25 02:00:01,884,0.00,,,969,,
2905,2026-06-11,17,23.80,Pagado,2026-06-11 02:00:02,2026-06-27 19:15:58,885,23.80,2026-06-27 19:15:58,111113612004634,1017,Efectivo,
2906,2026-06-11,45,72.00,Pendiente,2026-06-11 02:00:02,2026-07-25 02:00:01,887,0.00,,,1069,,
2907,2026-06-11,45,36.00,Pendiente,2026-06-11 02:00:02,2026-07-25 02:00:01,892,0.00,,,1205,,
2908,2026-06-11,45,36.00,Pendiente,2026-06-11 02:00:02,2026-07-25 02:00:01,893,0.00,,,1228,,
2909,2026-06-11,15,21.00,Pagado,2026-06-11 02:00:02,2026-06-25 22:17:36,983,21.00,2026-06-25 22:17:36,111113612004634,2759,Efectivo,
2910,2026-06-11,45,63.00,Pendiente,2026-06-11 02:00:02,2026-07-25 02:00:01,984,0.00,,,2783,,
2911,2026-06-11,45,30.00,Pendiente,2026-06-11 02:00:02,2026-07-25 02:00:01,985,0.00,,,2799,,
2912,2026-06-11,22,43.12,Pagado,2026-06-11 02:00:02,2026-07-02 21:12:47,986,43.12,2026-07-02 21:12:47,111113612004634,2819,Efectivo,
2913,2026-06-11,22,14.67,Pagado,2026-06-11 02:00:02,2026-07-02 21:12:24,987,14.67,2026-07-02 21:12:24,111113612004634,2837,Efectivo,
2914,2026-06-11,15,12.00,Pagado,2026-06-11 02:00:02,2026-06-30 05:32:51,988,12.00,2026-06-25 22:20:15,111113612004634,2856,Efectivo,
2915,2026-06-11,45,67.50,Pendiente,2026-06-11 02:00:02,2026-07-25 02:00:01,990,0.00,,,2896,,
2916,2026-06-11,45,48.00,Pendiente,2026-06-11 02:00:02,2026-07-25 02:00:01,992,0.00,,,2941,,
2917,2026-06-11,45,45.00,Pendiente,2026-06-11 02:00:02,2026-07-25 02:00:01,994,0.00,,,2998,,
2918,2026-06-11,45,86.40,Pendiente,2026-06-11 02:00:02,2026-07-25 02:00:01,1002,0.00,,,3149,,
2919,2026-06-11,45,72.00,Pendiente,2026-06-11 02:00:02,2026-07-25 02:00:01,1009,0.00,,,3317,,
2920,2026-06-11,45,32.40,Pendiente,2026-06-11 02:00:02,2026-07-25 02:00:01,1114,0.00,,,5199,,
2921,2026-06-11,9,6.48,Pagado,2026-06-11 02:00:02,2026-06-19 23:15:37,1115,6.48,2026-06-19 23:15:37,111113612004634,5217,Efectivo,
2922,2026-06-11,9,6.48,Pagado,2026-06-11 02:00:02,2026-06-19 23:14:54,1116,6.48,2026-06-19 23:14:54,111113612004634,5235,Efectivo,
2923,2026-06-11,42,33.60,Pagado,2026-06-11 02:00:02,2026-07-22 22:07:50,1117,33.60,2026-07-22 22:07:50,111113612004634,5252,Efectivo,
2924,2026-06-11,42,33.60,Pagado,2026-06-11 02:00:02,2026-07-22 22:11:01,1118,33.60,2026-07-22 22:11:01,111113612004634,5276,Efectivo,
2925,2026-06-11,45,36.00,Pendiente,2026-06-11 02:00:02,2026-07-25 02:00:01,1121,0.00,,,5372,,
2926,2026-06-11,42,33.60,Pagado,2026-06-11 02:00:02,2026-07-22 22:06:28,1122,33.60,2026-07-22 22:06:28,111113612004634,5396,Efectivo,
2927,2026-06-11,45,108.00,Pendiente,2026-06-11 02:00:02,2026-07-25 02:00:02,1181,0.00,,,6865,,
2928,2026-06-11,45,88.20,Pendiente,2026-06-11 02:00:02,2026-07-25 02:00:01,1182,0.00,,,6891,,
2929,2026-06-11,24,19.20,Pagado,2026-06-11 02:00:02,2026-07-04 04:03:05,1188,19.20,2026-07-04 04:03:05,111113612004634,7019,Efectivo,
2930,2026-06-11,15,12.00,Pagado,2026-06-11 02:00:02,2026-06-30 05:32:51,1189,12.00,2026-06-25 22:27:46,111113612004634,7039,Efectivo,
2931,2026-06-11,45,36.00,Pendiente,2026-06-11 02:00:02,2026-07-25 02:00:01,1190,0.00,,,7059,,
2932,2026-06-11,45,117.00,Pendiente,2026-06-11 02:00:02,2026-07-25 02:00:01,1375,0.00,,,10805,,
2933,2026-06-11,45,81.60,Pendiente,2026-06-11 02:00:02,2026-07-25 02:00:01,1376,0.00,,,10848,,
2934,2026-06-11,45,117.00,Pendiente,2026-06-11 02:00:02,2026-07-25 02:00:01,1377,0.00,,,10879,,
2935,2026-06-11,45,91.20,Pendiente,2026-06-11 02:00:02,2026-07-25 02:00:01,1378,0.00,,,10899,,
2936,2026-06-11,45,88.20,Pendiente,2026-06-11 02:00:02,2026-07-25 02:00:01,1379,0.00,,,10946,,
2937,2026-06-11,45,48.00,Pendiente,2026-06-11 02:00:02,2026-07-25 02:00:01,1380,0.00,,,10995,,
2938,2026-06-11,45,88.20,Pendiente,2026-06-11 02:00:02,2026-07-25 02:00:01,1381,0.00,,,11025,,
2939,2026-06-11,45,72.00,Pendiente,2026-06-11 02:00:02,2026-07-25 02:00:01,1384,0.00,,,11099,,
2940,2026-06-11,45,81.00,Pendiente,2026-06-11 02:00:02,2026-07-25 02:00:01,1385,0.00,,,11143,,
2941,2026-06-11,5,9.68,Pagado,2026-06-11 02:00:02,2026-06-15 19:06:42,1544,9.68,2026-06-15 19:06:42,11119423046816,14785,Efectivo,
2942,2026-06-11,5,19.07,Pagado,2026-06-11 02:00:02,2026-06-15 19:12:41,1548,19.07,2026-06-15 19:12:41,11119423046816,14866,Efectivo,
2943,2026-06-11,45,96.00,Pendiente,2026-06-11 02:00:02,2026-07-25 02:00:01,1624,0.00,,,15253,,
2944,2026-06-11,45,81.00,Pendiente,2026-06-11 02:00:03,2026-07-25 02:00:01,1631,0.00,,,15445,,
2945,2026-06-11,45,88.19,Pendiente,2026-06-11 02:00:03,2026-07-25 02:00:01,1633,0.00,,,15493,,
2946,2026-06-11,42,41.99,Pagado,2026-06-11 02:00:03,2026-07-22 22:08:48,1634,41.99,2026-07-22 22:08:48,111113612004634,15517,Efectivo,
2947,2026-06-11,45,62.40,Pendiente,2026-06-11 02:00:03,2026-07-25 02:00:01,1649,0.00,,,15849,,
2948,2026-06-11,45,48.00,Pendiente,2026-06-11 02:00:03,2026-07-25 02:00:01,1650,0.00,,,15901,,
2949,2026-06-11,45,36.00,Pendiente,2026-06-11 02:00:03,2026-07-25 02:00:01,1651,0.00,,,15963,,
2950,2026-06-11,15,12.00,Pagado,2026-06-11 02:00:03,2026-06-30 05:32:51,1652,12.00,2026-06-25 22:19:38,111113612004634,15939,Efectivo,
2951,2026-06-11,45,27.00,Pendiente,2026-06-11 02:00:03,2026-07-25 02:00:01,1654,0.00,,,16010,,
2952,2026-06-11,45,107.98,Pendiente,2026-06-11 02:00:03,2026-07-25 02:00:01,1655,0.00,,,16036,,
2953,2026-06-11,45,88.19,Pendiente,2026-06-11 02:00:03,2026-07-25 02:00:01,1656,0.00,,,16058,,
2954,2026-06-11,45,81.60,Pendiente,2026-06-11 02:00:03,2026-07-25 02:00:01,1657,0.00,,,16100,,
2955,2026-06-11,5,16.60,Pagado,2026-06-11 02:00:03,2026-06-15 19:14:13,1658,16.60,2026-06-15 19:14:13,11119423046816,16132,Efectivo,
2956,2026-06-11,5,9.68,Pagado,2026-06-11 02:00:03,2026-06-15 19:15:33,1660,9.68,2026-06-15 19:15:33,11119423046816,16162,Efectivo,
2957,2026-06-11,45,81.60,Pendiente,2026-06-11 02:00:03,2026-07-25 02:00:01,1675,0.00,,,16479,,
2958,2026-06-11,45,107.98,Pendiente,2026-06-11 02:00:03,2026-07-25 02:00:01,1678,0.00,,,16591,,
2959,2026-06-11,45,88.19,Pendiente,2026-06-11 02:00:03,2026-07-25 02:00:01,1705,0.00,,,17181,,
2960,2026-06-11,15,10.00,Pagado,2026-06-11 02:00:03,2026-06-25 22:27:56,1706,10.00,2026-06-25 22:27:56,111113612004634,17205,Efectivo,
2961,2026-06-11,45,116.98,Pendiente,2026-06-11 02:00:03,2026-07-25 02:00:01,1707,0.00,,,17218,,
2962,2026-06-11,45,45.00,Pendiente,2026-06-11 02:00:03,2026-07-25 02:00:01,1712,0.00,,,17310,,
2963,2026-06-11,45,36.00,Pendiente,2026-06-11 02:00:03,2026-07-25 02:00:01,1718,0.00,,,17394,,
2964,2026-06-11,5,19.06,Pagado,2026-06-11 02:00:03,2026-06-15 19:17:03,1732,19.06,2026-06-15 19:17:03,11119423046816,17673,Efectivo,
2965,2026-06-11,5,14.50,Pagado,2026-06-11 02:00:03,2026-06-15 19:11:15,1734,14.50,2026-06-15 19:11:15,11119423046816,17729,Efectivo,
2966,2026-06-11,5,14.50,Pendiente,2026-06-11 02:00:03,2026-06-15 02:00:04,1735,0.00,,,17745,,
2967,2026-06-11,45,72.00,Pendiente,2026-06-11 02:00:03,2026-07-25 02:00:01,1740,0.00,,,17848,,
2968,2026-06-11,45,27.00,Pendiente,2026-06-11 02:00:03,2026-07-25 02:00:01,1742,0.00,,,17886,,
2969,2026-06-11,45,27.00,Pendiente,2026-06-11 02:00:03,2026-07-25 02:00:01,1743,0.00,,,17910,,
2970,2026-06-11,45,63.00,Pendiente,2026-06-11 02:00:03,2026-07-25 02:00:01,1745,0.00,,,17958,,
2971,2026-06-11,45,97.20,Pendiente,2026-06-11 02:00:03,2026-07-25 02:00:01,1750,0.00,,,18072,,
2972,2026-06-11,42,41.99,Pagado,2026-06-11 02:00:03,2026-07-22 22:10:16,1752,41.99,2026-07-22 22:10:16,111113612004634,18114,Efectivo,
2973,2026-06-11,45,64.80,Pendiente,2026-06-11 02:00:03,2026-07-25 02:00:01,1759,0.00,,,18261,,
2974,2026-06-11,5,22.88,Pagado,2026-06-11 02:00:03,2026-06-15 19:05:06,1761,22.88,2026-06-15 19:05:06,11119423046816,18326,Efectivo,
2975,2026-06-11,5,15.25,Pagado,2026-06-11 02:00:03,2026-06-15 19:03:41,1769,15.25,2026-06-15 19:03:41,11119423046816,18504,Efectivo,
2976,2026-06-11,45,36.00,Pendiente,2026-06-11 02:00:03,2026-07-25 02:00:01,1770,0.00,,,18536,,
2977,2026-06-11,45,107.98,Pendiente,2026-06-11 02:00:03,2026-07-25 02:00:01,1771,0.00,,,18560,,
2978,2026-06-11,45,54.00,Pendiente,2026-06-11 02:00:03,2026-07-25 02:00:01,1774,0.00,,,18618,,
2979,2026-06-11,45,88.19,Pendiente,2026-06-11 02:00:03,2026-07-25 02:00:01,1784,0.00,,,18784,,
2980,2026-06-11,45,88.19,Pendiente,2026-06-11 02:00:03,2026-07-25 02:00:01,1785,0.00,,,18808,,
2981,2026-06-11,45,86.40,Pendiente,2026-06-11 02:00:03,2026-07-25 02:00:01,1790,0.00,,,18923,,
2982,2026-06-11,5,7.42,Pagado,2026-06-11 02:00:03,2026-06-15 19:02:05,1798,7.42,2026-06-15 19:02:05,11119423046816,19073,Efectivo,
2983,2026-06-11,45,88.19,Pendiente,2026-06-11 02:00:03,2026-07-25 02:00:01,1799,0.00,,,19089,,
2984,2026-06-11,45,72.00,Pendiente,2026-06-11 02:00:03,2026-07-25 02:00:01,1800,0.00,,,19113,,
2985,2026-06-11,45,88.19,Pendiente,2026-06-11 02:00:03,2026-07-25 02:00:01,1801,0.00,,,19137,,
2986,2026-06-11,45,54.00,Pendiente,2026-06-11 02:00:03,2026-07-25 02:00:01,1802,0.00,,,19161,,
2987,2026-06-11,45,27.00,Pendiente,2026-06-11 02:00:03,2026-07-25 02:00:01,1803,0.00,,,19185,,
2988,2026-06-11,45,59.98,Pendiente,2026-06-11 02:00:03,2026-07-25 02:00:01,1809,0.00,,,19331,,
2989,2026-06-11,15,10.00,Pagado,2026-06-11 02:00:03,2026-06-25 22:18:21,1810,10.00,2026-06-25 22:18:21,111113612004634,19344,Efectivo,
2990,2026-06-11,45,116.98,Pendiente,2026-06-11 02:00:03,2026-07-25 02:00:01,1818,0.00,,,19494,,
2991,2026-06-11,45,63.00,Pendiente,2026-06-11 02:00:03,2026-07-25 02:00:01,1837,0.00,,,20015,,
2992,2026-06-11,45,30.00,Pendiente,2026-06-11 02:00:03,2026-07-25 02:00:01,1838,0.00,,,20039,,
2993,2026-06-11,45,81.00,Pendiente,2026-06-11 02:00:03,2026-07-25 02:00:01,1839,0.00,,,20052,,
2994,2026-06-11,45,27.00,Pendiente,2026-06-11 02:00:03,2026-07-25 02:00:01,1861,0.00,,,20513,,
2995,2026-06-11,42,28.00,Pagado,2026-06-11 02:00:03,2026-07-22 22:05:28,1873,28.00,2026-07-22 22:05:28,111113612004634,20730,Efectivo,
2996,2026-06-11,45,36.00,Pendiente,2026-06-11 02:00:03,2026-07-25 02:00:01,1874,0.00,,,20743,,
2997,2026-06-11,45,63.00,Pendiente,2026-06-11 02:00:03,2026-07-25 02:00:01,1882,0.00,,,20947,,
2998,2026-06-11,45,36.00,Pendiente,2026-06-11 02:00:03,2026-07-25 02:00:01,1902,0.00,,,21435,,
2999,2026-06-11,45,63.00,Pendiente,2026-06-11 02:00:03,2026-07-25 02:00:01,1907,0.00,,,21583,,
3000,2026-06-12,44,95.04,Pendiente,2026-06-12 02:00:03,2026-07-25 02:00:02,896,0.00,,,1285,,
3001,2026-06-12,28,33.60,Pagado,2026-06-12 02:00:03,2026-07-09 19:52:20,903,33.60,2026-07-09 19:52:20,111113612004634,1422,Efectivo,
3002,2026-06-12,5,15.60,Pagado,2026-06-12 02:00:03,2026-06-16 18:32:22,904,15.60,2026-06-16 18:32:22,111113612004634,1440,Efectivo,
3003,2026-06-12,44,61.60,Pendiente,2026-06-12 02:00:03,2026-07-25 02:00:02,1143,0.00,,,5936,,
3004,2026-06-12,44,86.24,Pendiente,2026-06-12 02:00:03,2026-07-25 02:00:02,1146,0.00,,,6014,,
3005,2026-06-12,44,42.24,Pendiente,2026-06-12 02:00:03,2026-07-25 02:00:02,1196,0.00,,,7177,,
3006,2026-06-12,6,6.40,Pagado,2026-06-12 02:00:03,2026-06-17 19:04:10,1199,6.40,2026-06-17 19:04:10,11119423046816,7247,Efectivo,
3007,2026-06-12,6,7.20,Pagado,2026-06-12 02:00:03,2026-06-17 19:05:41,1200,7.20,2026-06-17 19:05:41,11119423046816,7279,Efectivo,
3008,2026-06-12,6,3.60,Pagado,2026-06-12 02:00:03,2026-06-17 19:18:07,1202,3.60,2026-06-17 19:18:07,11119423046816,7335,Efectivo,
3009,2026-06-12,44,35.20,Pendiente,2026-06-12 02:00:03,2026-07-25 02:00:02,1364,0.00,,,10518,,
3010,2026-06-12,44,35.20,Pendiente,2026-06-12 02:00:03,2026-07-25 02:00:02,1365,0.00,,,10542,,
3011,2026-06-12,6,6.40,Pagado,2026-06-12 02:00:03,2026-06-17 19:25:12,1388,6.40,2026-06-17 19:25:12,11119423046816,11250,Efectivo,
3012,2026-06-12,6,18.72,Pagado,2026-06-12 02:00:03,2026-06-17 19:28:19,1391,18.72,2026-06-17 19:28:19,11119423046816,11305,Efectivo,
3013,2026-06-12,6,9.60,Pagado,2026-06-12 02:00:03,2026-06-17 19:30:33,1395,9.60,2026-06-17 19:30:33,11119423046816,11428,Efectivo,
3014,2026-06-12,6,18.72,Pagado,2026-06-12 02:00:03,2026-06-17 19:35:46,1398,18.72,2026-06-17 19:35:46,11119423046816,11492,Efectivo,
3015,2026-06-12,44,89.17,Pendiente,2026-06-12 02:00:03,2026-07-25 02:00:02,1421,0.00,,,11998,,
3016,2026-06-12,44,90.82,Pendiente,2026-06-12 02:00:03,2026-07-25 02:00:02,1619,0.00,,,15163,,
3017,2026-06-12,44,73.92,Pendiente,2026-06-12 02:00:03,2026-07-25 02:00:02,1620,0.00,,,15181,,
3018,2026-06-12,42,40.32,Pagado,2026-06-12 02:00:03,2026-07-23 14:12:19,1621,40.32,2026-07-23 14:12:19,111113612004634,15199,Efectivo,
3019,2026-06-12,44,86.23,Pendiente,2026-06-12 02:00:03,2026-07-25 02:00:02,1625,0.00,,,15301,,
3020,2026-06-12,6,11.76,Pagado,2026-06-12 02:00:03,2026-06-17 17:18:26,1628,11.76,2026-06-17 17:18:26,111113612004634,15373,Efectivo,
3021,2026-06-12,6,3.60,Pendiente,2026-06-12 02:00:03,2026-06-17 02:00:05,1662,0.00,,,16215,,
3022,2026-06-12,6,14.11,Pagado,2026-06-12 02:00:03,2026-06-17 19:33:31,1663,14.11,2026-06-17 19:33:31,11119423046816,16226,Efectivo,
3023,2026-06-12,6,7.20,Pagado,2026-06-12 02:00:03,2026-06-17 19:39:04,1664,7.20,2026-06-17 19:39:04,11119423046816,16262,Efectivo,
3024,2026-06-12,6,11.52,Pagado,2026-06-12 02:00:03,2026-06-17 19:41:03,1665,11.52,2026-06-17 19:41:03,11119423046816,16244,Efectivo,
3025,2026-06-12,44,86.23,Pendiente,2026-06-12 02:00:03,2026-07-25 02:00:02,1666,0.00,,,16352,,
3026,2026-06-12,44,114.39,Pendiente,2026-06-12 02:00:03,2026-07-25 02:00:02,1667,0.00,,,16328,,
3027,2026-06-12,44,114.39,Pendiente,2026-06-12 02:00:03,2026-07-25 02:00:02,1668,0.00,,,16376,,
3028,2026-06-12,44,114.39,Pendiente,2026-06-12 02:00:03,2026-07-25 02:00:02,1669,0.00,,,16304,,
3029,2026-06-12,44,114.39,Pendiente,2026-06-12 02:00:03,2026-07-25 02:00:02,1670,0.00,,,16400,,
3030,2026-06-12,44,86.23,Pendiente,2026-06-12 02:00:03,2026-07-25 02:00:02,1671,0.00,,,16280,,
3031,2026-06-12,4,7.75,Pagado,2026-06-12 02:00:03,2026-06-15 19:21:21,1672,7.75,2026-06-15 19:21:21,11119423046816,16424,Efectivo,
3032,2026-06-12,6,18.72,Pagado,2026-06-12 02:00:03,2026-06-17 19:23:28,1701,18.72,2026-06-17 19:23:28,11119423046816,17066,Efectivo,
3033,2026-06-12,6,6.00,Pagado,2026-06-12 02:00:03,2026-06-17 19:32:17,1709,6.00,2026-06-17 19:32:17,11119423046816,17266,Efectivo,
3034,2026-06-12,44,61.60,Pendiente,2026-06-12 02:00:03,2026-07-25 02:00:02,1714,0.00,,,17334,,
3035,2026-06-12,44,103.49,Pendiente,2026-06-12 02:00:03,2026-07-25 02:00:02,1748,0.00,,,18030,,
3036,2026-06-12,44,103.49,Pendiente,2026-06-12 02:00:03,2026-07-25 02:00:02,1754,0.00,,,18151,,
3037,2026-06-12,6,11.52,Pagado,2026-06-12 02:00:03,2026-06-17 19:38:34,1758,11.52,2026-06-17 19:38:34,11119423046816,18243,Efectivo,
3038,2026-06-12,4,5.93,Pagado,2026-06-12 02:00:03,2026-06-15 19:18:42,1772,5.93,2026-06-15 19:18:42,11119423046816,18584,Efectivo,
3039,2026-06-12,6,14.11,Pagado,2026-06-12 02:00:03,2026-06-17 19:37:13,1773,14.11,2026-06-17 19:37:13,11119423046816,18600,Efectivo,
3040,2026-06-12,44,43.99,Pendiente,2026-06-12 02:00:03,2026-07-25 02:00:02,1778,0.00,,,18691,,
3041,2026-06-12,4,7.75,Pagado,2026-06-12 02:00:03,2026-06-15 19:19:45,1793,7.75,2026-06-15 19:19:45,11119423046816,18977,Efectivo,
3042,2026-06-12,6,11.52,Pagado,2026-06-12 02:00:03,2026-06-17 19:26:57,1814,11.52,2026-06-17 19:26:57,11119423046816,19396,Efectivo,
3043,2026-06-12,44,44.00,Pendiente,2026-06-12 02:00:03,2026-07-25 02:00:02,1819,0.00,,,19518,,
3044,2026-06-12,44,105.59,Pendiente,2026-06-12 02:00:03,2026-07-25 02:00:02,1820,0.00,,,19542,,
3045,2026-06-12,44,70.40,Pendiente,2026-06-12 02:00:03,2026-07-25 02:00:02,1821,0.00,,,19566,,
3046,2026-06-12,44,61.60,Pendiente,2026-06-12 02:00:03,2026-07-25 02:00:02,1822,0.00,,,19590,,
3047,2026-06-12,4,5.93,Pagado,2026-06-12 02:00:03,2026-06-15 19:22:19,1833,5.93,2026-06-15 19:22:19,11119423046816,19911,Efectivo,
3048,2026-06-12,44,70.40,Pendiente,2026-06-12 02:00:03,2026-07-25 02:00:02,1835,0.00,,,19943,,
3049,2026-06-12,44,103.49,Pendiente,2026-06-12 02:00:03,2026-07-25 02:00:02,1843,0.00,,,20128,,
3050,2026-06-12,44,63.36,Pendiente,2026-06-12 02:00:03,2026-07-25 02:00:02,1844,0.00,,,20146,,
3051,2026-06-12,6,18.72,Pagado,2026-06-12 02:00:03,2026-06-17 19:29:34,1848,18.72,2026-06-17 19:29:34,11119423046816,20238,Efectivo,
3052,2026-06-12,44,79.19,Pendiente,2026-06-12 02:00:03,2026-07-25 02:00:02,1857,0.00,,,20436,,
3053,2026-06-12,44,84.48,Pendiente,2026-06-12 02:00:03,2026-07-25 02:00:02,1864,0.00,,,20601,,
3054,2026-06-12,44,73.92,Pendiente,2026-06-12 02:00:03,2026-07-25 02:00:02,1865,0.00,,,20619,,
3055,2026-06-12,44,52.80,Pendiente,2026-06-12 02:00:03,2026-07-25 02:00:02,1866,0.00,,,20637,,
3056,2026-06-12,44,52.80,Pendiente,2026-06-12 02:00:03,2026-07-25 02:00:02,1867,0.00,,,20655,,
3057,2026-06-12,6,18.72,Pagado,2026-06-12 02:00:03,2026-06-17 19:26:02,1868,18.72,2026-06-17 19:26:02,11119423046816,20673,Efectivo,
3058,2026-06-12,44,107.95,Pendiente,2026-06-12 02:00:03,2026-07-25 02:00:02,1881,0.00,,,20899,,
3059,2026-06-12,44,43.99,Pendiente,2026-06-12 02:00:03,2026-07-25 02:00:02,1883,0.00,,,20971,,
3060,2026-06-12,44,35.20,Pendiente,2026-06-12 02:00:03,2026-07-25 02:00:02,1888,0.00,,,21056,,
3061,2026-06-12,6,8.00,Pagado,2026-06-12 02:00:03,2026-06-17 19:34:38,1889,8.00,2026-06-17 19:34:38,11119423046816,21080,Efectivo,
3062,2026-06-12,44,75.09,Pendiente,2026-06-12 02:00:03,2026-07-25 02:00:02,1891,0.00,,,21113,,
3063,2026-06-12,44,75.09,Pendiente,2026-06-12 02:00:03,2026-07-25 02:00:02,1892,0.00,,,21161,,
3064,2026-06-12,44,70.40,Pendiente,2026-06-12 02:00:03,2026-07-25 02:00:02,1893,0.00,,,21207,,
3065,2026-06-12,44,70.40,Pendiente,2026-06-12 02:00:03,2026-07-25 02:00:02,1894,0.00,,,21231,,
3066,2026-06-12,6,11.52,Pagado,2026-06-12 02:00:03,2026-06-17 19:28:45,1896,11.52,2026-06-17 19:28:45,11119423046816,21303,Efectivo,
3067,2026-06-12,44,31.68,Pendiente,2026-06-12 02:00:03,2026-07-25 02:00:02,1900,0.00,,,21393,,
3068,2026-06-13,43,45.87,Pendiente,2026-06-13 02:00:03,2026-07-25 02:00:02,909,0.00,,,1569,,
3069,2026-06-13,43,45.87,Pendiente,2026-06-13 02:00:03,2026-07-25 02:00:02,933,0.00,,,2237,,
3070,2026-06-13,43,41.28,Pendiente,2026-06-13 02:00:03,2026-07-25 02:00:02,938,0.00,,,2358,,
3071,2026-06-13,21,20.16,Pagado,2026-06-13 02:00:03,2026-07-03 21:12:31,939,20.16,2026-07-03 21:12:31,111113612004634,2374,Efectivo,
3072,2026-06-13,43,30.96,Pendiente,2026-06-13 02:00:03,2026-07-25 02:00:02,940,0.00,,,2396,,
3073,2026-06-13,28,26.88,Pagado,2026-06-13 02:00:03,2026-07-10 19:47:29,941,26.88,2026-07-10 19:47:29,111113612004634,2414,Efectivo,
3074,2026-06-13,5,27.02,Pagado,2026-06-13 02:00:03,2026-06-17 20:21:56,1023,27.02,2026-06-17 20:21:56,11119423046816,3631,Efectivo,
3075,2026-06-13,5,20.10,Pagado,2026-06-13 02:00:03,2026-06-17 20:44:11,1025,20.10,2026-06-17 20:44:11,11119423046816,3689,Efectivo,
3076,2026-06-13,5,11.00,Pagado,2026-06-13 02:00:03,2026-06-17 20:23:41,1026,11.00,2026-06-17 20:23:41,11119423046816,3725,Efectivo,
3077,2026-06-13,5,7.00,Pagado,2026-06-13 02:00:03,2026-06-17 20:24:24,1028,7.00,2026-06-17 20:24:24,11119423046816,3775,Efectivo,
3078,2026-06-13,1,1.60,Pagado,2026-06-13 02:00:03,2026-06-30 05:32:51,1031,1.60,2026-06-13 16:08:28,111113612004634,3896,Efectivo,
3079,2026-06-13,5,8.00,Pagado,2026-06-13 02:00:03,2026-06-17 20:26:25,1033,8.00,2026-06-17 20:26:25,11119423046816,3955,Efectivo,
3080,2026-06-13,5,28.14,Pagado,2026-06-13 02:00:03,2026-06-17 20:27:00,1034,28.14,2026-06-17 20:27:00,11119423046816,3988,Efectivo,
3081,2026-06-13,5,5.33,Pagado,2026-06-13 02:00:03,2026-06-17 20:29:20,1038,5.33,2026-06-17 20:29:20,11119423046816,4132,Efectivo,
3082,2026-06-13,5,6.40,Pagado,2026-06-13 02:00:03,2026-06-17 20:30:50,1040,6.40,2026-06-17 20:30:50,11119423046816,4191,Efectivo,
3083,2026-06-13,5,9.60,Pagado,2026-06-13 02:00:03,2026-06-17 20:32:37,1042,9.60,2026-06-17 20:32:37,11119423046816,4266,Efectivo,
3084,2026-06-13,5,12.00,Pagado,2026-06-13 02:00:03,2026-06-17 20:33:17,1043,12.00,2026-06-17 20:33:17,11119423046816,4315,Efectivo,
3085,2026-06-13,5,5.33,Pagado,2026-06-13 02:00:03,2026-06-17 20:34:32,1044,5.33,2026-06-17 20:34:32,11119423046816,4345,Efectivo,
3086,2026-06-13,5,13.00,Pagado,2026-06-13 02:00:03,2026-06-17 20:36:11,1045,13.00,2026-06-17 20:36:11,11119423046816,4385,Efectivo,
3087,2026-06-13,5,24.12,Pagado,2026-06-13 02:00:03,2026-06-17 20:37:39,1047,24.12,2026-06-17 20:37:39,11119423046816,4419,Efectivo,
3088,2026-06-13,5,9.00,Pagado,2026-06-13 02:00:03,2026-06-17 20:39:06,1050,9.00,2026-06-17 20:39:06,11119423046816,4497,Efectivo,
3089,2026-06-13,43,207.40,Pendiente,2026-06-13 02:00:03,2026-07-25 02:00:02,1148,0.00,,,6060,,
3090,2026-06-13,43,82.56,Pendiente,2026-06-13 02:00:03,2026-07-25 02:00:02,1150,0.00,,,6111,,
3091,2026-06-13,43,123.84,Pendiente,2026-06-13 02:00:03,2026-07-25 02:00:02,1152,0.00,,,6176,,
3092,2026-06-13,43,45.87,Pendiente,2026-06-13 02:00:03,2026-07-25 02:00:02,1153,0.00,,,6217,,
3093,2026-06-13,43,103.20,Pendiente,2026-06-13 02:00:03,2026-07-25 02:00:02,1154,0.00,,,6242,,
3094,2026-06-13,21,60.76,Pagado,2026-06-13 02:00:03,2026-07-03 21:17:46,1155,60.76,2026-07-03 21:17:46,111113612004634,6277,Efectivo,
3095,2026-06-13,43,101.19,Pendiente,2026-06-13 02:00:03,2026-07-25 02:00:02,1156,0.00,,,6290,,
3096,2026-06-13,43,45.87,Pendiente,2026-06-13 02:00:03,2026-07-25 02:00:02,1157,0.00,,,6315,,
3097,2026-06-13,43,101.19,Pendiente,2026-06-13 02:00:03,2026-07-25 02:00:02,1158,0.00,,,6357,,
3098,2026-06-13,43,45.87,Pendiente,2026-06-13 02:00:03,2026-07-25 02:00:02,1159,0.00,,,6396,,
3099,2026-06-13,43,123.84,Pendiente,2026-06-13 02:00:03,2026-07-25 02:00:02,1161,0.00,,,6438,,
3100,2026-06-13,43,68.80,Pendiente,2026-06-13 02:00:03,2026-07-25 02:00:02,1162,0.00,,,6466,,
3101,2026-06-13,43,123.84,Pendiente,2026-06-13 02:00:03,2026-07-25 02:00:02,1163,0.00,,,6509,,
3102,2026-06-13,43,61.92,Pendiente,2026-06-13 02:00:03,2026-07-25 02:00:02,1166,0.00,,,6552,,
3103,2026-06-13,43,61.92,Pendiente,2026-06-13 02:00:03,2026-07-25 02:00:02,1167,0.00,,,6573,,
3104,2026-06-13,43,68.80,Pendiente,2026-06-13 02:00:03,2026-07-25 02:00:02,1175,0.00,,,6721,,
3105,2026-06-13,43,103.20,Pendiente,2026-06-13 02:00:03,2026-07-25 02:00:02,1430,0.00,,,12280,,
3106,2026-06-13,43,73.39,Pendiente,2026-06-13 02:00:03,2026-07-25 02:00:02,1431,0.00,,,12306,,
3107,2026-06-13,43,84.28,Pendiente,2026-06-13 02:00:03,2026-07-25 02:00:02,1433,0.00,,,12380,,
3108,2026-06-13,7,7.47,Pagado,2026-06-13 02:00:03,2026-06-19 23:01:52,1434,7.47,2026-06-19 23:01:52,111113612004634,12431,Efectivo,
3109,2026-06-13,14,36.40,Pagado,2026-06-13 02:00:03,2026-06-26 22:07:33,1435,36.40,2026-06-26 22:07:33,111113612004634,12460,Efectivo,
3110,2026-06-13,14,25.39,Pagado,2026-06-13 02:00:03,2026-06-26 22:09:12,1436,25.39,2026-06-26 22:09:12,111113612004634,12491,Efectivo,
3111,2026-06-13,35,84.00,Pagado,2026-06-13 02:00:03,2026-07-17 21:45:43,1437,84.00,2026-07-17 21:45:43,111113612004634,12530,Efectivo,
3112,2026-06-13,35,37.33,Pagado,2026-06-13 02:00:03,2026-07-17 21:47:59,1438,37.33,2026-07-17 21:47:59,111113612004634,12566,Efectivo,
3113,2026-06-13,35,67.20,Pagado,2026-06-13 02:00:03,2026-07-17 22:39:34,1440,67.20,2026-07-17 22:39:34,111113612004634,12639,Efectivo,
3114,2026-06-13,43,34.40,Pendiente,2026-06-13 02:00:03,2026-07-25 02:00:02,1441,0.00,,,12674,,
3115,2026-06-13,8,19.20,Pagado,2026-06-13 02:00:03,2026-06-20 17:23:24,1442,19.20,2026-06-20 17:23:24,111113612004634,12703,Efectivo,
3116,2026-06-13,8,12.80,Pagado,2026-06-13 02:00:03,2026-06-20 17:24:41,1443,12.80,2026-06-20 17:24:41,111113612004634,12751,Efectivo,
3117,2026-06-13,43,45.87,Pendiente,2026-06-13 02:00:03,2026-07-25 02:00:02,1446,0.00,,,12854,,
3118,2026-06-13,43,60.20,Pendiente,2026-06-13 02:00:03,2026-07-25 02:00:02,1447,0.00,,,12895,,
3119,2026-06-13,43,36.69,Pendiente,2026-06-13 02:00:03,2026-07-25 02:00:02,1450,0.00,,,12961,,
3120,2026-06-13,43,103.20,Pendiente,2026-06-13 02:00:03,2026-07-25 02:00:02,1457,0.00,,,13140,,
3121,2026-06-13,7,7.47,Pagado,2026-06-13 02:00:03,2026-06-19 22:51:22,1485,7.47,2026-06-19 22:51:22,111113612004634,13192,Efectivo,
3122,2026-06-13,43,45.87,Pendiente,2026-06-13 02:00:03,2026-07-25 02:00:02,1489,0.00,,,13288,,
3123,2026-06-13,43,28.67,Pendiente,2026-06-13 02:00:03,2026-07-25 02:00:02,1492,0.00,,,13379,,
3124,2026-06-13,35,168.82,Pagado,2026-06-13 02:00:03,2026-07-17 22:26:56,1493,168.82,2026-07-17 22:26:56,111113612004634,13401,Efectivo,
3125,2026-06-13,43,45.87,Pendiente,2026-06-13 02:00:03,2026-07-25 02:00:02,1495,0.00,,,13482,,
3126,2026-06-13,43,51.60,Pendiente,2026-06-13 02:00:03,2026-07-25 02:00:02,1496,0.00,,,13503,,
3127,2026-06-13,6,4.80,Pagado,2026-06-13 02:00:03,2026-06-18 17:50:47,1497,4.80,2026-06-18 17:50:47,111113612004634,13527,Efectivo,
3128,2026-06-13,14,11.95,Pagado,2026-06-13 02:00:03,2026-06-26 22:05:48,1500,11.95,2026-06-26 22:05:48,111113612004634,13608,Efectivo,
3129,2026-06-13,43,60.20,Pendiente,2026-06-13 02:00:03,2026-07-25 02:00:02,1502,0.00,,,13668,,
3130,2026-06-13,43,60.20,Pendiente,2026-06-13 02:00:03,2026-07-25 02:00:02,1503,0.00,,,13691,,
3131,2026-06-13,43,34.40,Pendiente,2026-06-13 02:00:03,2026-07-25 02:00:02,1506,0.00,,,13759,,
3132,2026-06-13,43,25.80,Pendiente,2026-06-13 02:00:03,2026-07-25 02:00:02,1507,0.00,,,13783,,
3133,2026-06-13,28,22.40,Pagado,2026-06-13 02:00:03,2026-07-10 19:49:51,1508,22.40,2026-07-10 19:49:51,111113612004634,13802,Efectivo,
3134,2026-06-13,21,29.40,Pagado,2026-06-13 02:00:03,2026-07-03 21:15:53,1510,29.40,2026-07-03 21:15:53,111113612004634,13852,Efectivo,
3135,2026-06-13,28,22.40,Pagado,2026-06-13 02:00:03,2026-07-10 19:48:58,1511,22.40,2026-07-10 19:48:58,111113612004634,13881,Efectivo,
3136,2026-06-13,17,40.01,Pagado,2026-06-13 02:00:03,2026-06-29 22:02:01,1515,40.01,2026-06-29 22:02:01,111113612004634,13942,Efectivo,
3137,2026-06-13,43,72.24,Pendiente,2026-06-13 02:00:03,2026-07-25 02:00:02,1516,0.00,,,13966,,
3138,2026-06-13,43,134.16,Pendiente,2026-06-13 02:00:03,2026-07-25 02:00:02,1517,0.00,,,13983,,
3139,2026-06-13,43,73.39,Pendiente,2026-06-13 02:00:03,2026-07-25 02:00:02,1518,0.00,,,13996,,
3140,2026-06-13,17,18.13,Pagado,2026-06-13 02:00:03,2026-06-29 22:15:50,1520,18.13,2026-06-29 22:15:50,111113612004634,14085,Efectivo,
3141,2026-06-13,5,8.00,Pagado,2026-06-13 02:00:03,2026-06-17 19:51:22,1525,8.00,2026-06-17 19:51:22,11119423046816,14312,Efectivo,
3142,2026-06-13,5,6.00,Pagado,2026-06-13 02:00:03,2026-06-30 05:32:51,1526,6.00,2026-06-17 20:08:09,11119423046816,14338,Efectivo,
3143,2026-06-13,43,25.80,Pendiente,2026-06-13 02:00:03,2026-07-25 02:00:02,1527,0.00,,,14362,,
3144,2026-06-13,43,25.80,Pendiente,2026-06-13 02:00:03,2026-07-25 02:00:02,1528,0.00,,,14386,,
3145,2026-06-13,5,12.00,Pagado,2026-06-13 02:00:03,2026-06-17 19:55:47,1529,12.00,2026-06-17 19:55:47,11119423046816,14406,Efectivo,
3146,2026-06-13,12,23.04,Pagado,2026-06-13 02:00:03,2026-06-24 19:47:34,1533,23.04,2026-06-24 19:47:34,111113612004634,14500,Efectivo,
3147,2026-06-13,12,28.24,Pagado,2026-06-13 02:00:03,2026-06-24 19:54:37,1535,28.24,2026-06-24 19:54:37,111113612004634,14554,Efectivo,
3148,2026-06-13,12,12.80,Pagado,2026-06-13 02:00:03,2026-06-24 19:57:27,1537,12.80,2026-06-24 19:57:27,111113612004634,14616,Efectivo,
3149,2026-06-13,43,134.16,Pendiente,2026-06-13 02:00:03,2026-07-25 02:00:02,1614,0.00,,,15078,,
3150,2026-06-13,43,61.92,Pendiente,2026-06-13 02:00:03,2026-07-25 02:00:02,1615,0.00,,,15096,,
3151,2026-06-13,43,28.67,Pendiente,2026-06-13 02:00:03,2026-07-25 02:00:02,1616,0.00,,,15114,,
3152,2026-06-13,43,103.19,Pendiente,2026-06-13 02:00:03,2026-07-25 02:00:02,1630,0.00,,,15421,,
3153,2026-06-13,43,103.19,Pendiente,2026-06-13 02:00:03,2026-07-25 02:00:02,1632,0.00,,,15469,,
3154,2026-06-13,5,3.60,Pagado,2026-06-13 02:00:03,2026-06-17 20:19:49,1636,3.60,2026-06-17 20:19:49,11119423046816,15548,Efectivo,
3155,2026-06-13,5,7.20,Pagado,2026-06-13 02:00:03,2026-06-17 20:19:17,1637,7.20,2026-06-17 20:19:17,11119423046816,15561,Efectivo,
3156,2026-06-13,5,7.20,Pagado,2026-06-13 02:00:03,2026-06-17 20:18:26,1638,7.20,2026-06-17 20:18:26,11119423046816,15579,Efectivo,
3157,2026-06-13,5,6.00,Pagado,2026-06-13 02:00:03,2026-06-17 20:18:53,1639,6.00,2026-06-17 20:18:53,11119423046816,15597,Efectivo,
3158,2026-06-13,5,3.60,Pagado,2026-06-13 02:00:03,2026-06-17 20:20:14,1640,3.60,2026-06-17 20:20:14,11119423046816,15615,Efectivo,
3159,2026-06-13,43,45.87,Pendiente,2026-06-13 02:00:03,2026-07-25 02:00:02,1644,0.00,,,15694,,
3160,2026-06-13,43,34.40,Pendiente,2026-06-13 02:00:03,2026-07-25 02:00:02,1673,0.00,,,16441,,
3161,2026-06-13,43,64.00,Pendiente,2026-06-13 02:00:03,2026-07-25 02:00:02,1684,0.00,,,16726,,
3162,2026-06-13,43,101.14,Pendiente,2026-06-13 02:00:03,2026-07-25 02:00:02,1685,0.00,,,16758,,
3163,2026-06-13,43,101.14,Pendiente,2026-06-13 02:00:03,2026-07-25 02:00:02,1686,0.00,,,16776,,
3164,2026-06-13,43,61.92,Pendiente,2026-06-13 02:00:03,2026-07-25 02:00:02,1687,0.00,,,16794,,
3165,2026-06-13,43,101.14,Pendiente,2026-06-13 02:00:03,2026-07-25 02:00:02,1688,0.00,,,16812,,
3166,2026-06-13,43,101.14,Pendiente,2026-06-13 02:00:03,2026-07-25 02:00:02,1689,0.00,,,16830,,
3167,2026-06-13,1,2.40,Pagado,2026-06-13 02:00:03,2026-06-13 16:06:21,1690,2.40,2026-06-13 16:06:21,111113612004634,16848,Efectivo,
3168,2026-06-13,41,39.36,Pagado,2026-06-13 02:00:03,2026-07-23 23:37:13,1692,39.36,2026-07-23 23:37:13,111113612004634,16896,Efectivo,
3169,2026-06-13,43,84.27,Pendiente,2026-06-13 02:00:03,2026-07-25 02:00:02,1694,0.00,,,16932,,
3170,2026-06-13,5,6.67,Pagado,2026-06-13 02:00:03,2026-06-17 20:35:38,1695,6.67,2026-06-17 20:35:38,11119423046816,16956,Efectivo,
3171,2026-06-13,12,37.44,Pagado,2026-06-13 02:00:03,2026-06-24 20:02:13,1697,37.44,2026-06-24 20:02:13,111113612004634,16993,Efectivo,
3172,2026-06-13,43,41.28,Pendiente,2026-06-13 02:00:03,2026-07-25 02:00:02,1699,0.00,,,17029,,
3173,2026-06-13,43,101.14,Pendiente,2026-06-13 02:00:03,2026-07-25 02:00:02,1715,0.00,,,17358,,
3174,2026-06-13,43,51.60,Pendiente,2026-06-13 02:00:03,2026-07-25 02:00:02,1720,0.00,,,17431,,
3175,2026-06-13,43,84.27,Pendiente,2026-06-13 02:00:03,2026-07-25 02:00:02,1723,0.00,,,17499,,
3176,2026-06-13,43,43.00,Pendiente,2026-06-13 02:00:03,2026-07-25 02:00:02,1724,0.00,,,17475,,
3177,2026-06-13,5,13.00,Pagado,2026-06-13 02:00:03,2026-06-17 20:43:05,1727,13.00,2026-06-17 20:43:05,11119423046816,17560,Efectivo,
3178,2026-06-13,43,34.40,Pendiente,2026-06-13 02:00:03,2026-07-25 02:00:02,1728,0.00,,,17584,,
3179,2026-06-13,5,12.00,Pagado,2026-06-13 02:00:03,2026-06-17 20:31:24,1738,12.00,2026-06-17 20:31:24,11119423046816,17792,Efectivo,
3180,2026-06-13,5,14.88,Pagado,2026-06-13 02:00:03,2026-06-17 20:22:39,1739,14.88,2026-06-17 20:22:39,11119423046816,17816,Efectivo,
3181,2026-06-13,43,68.80,Pendiente,2026-06-13 02:00:03,2026-07-25 02:00:02,1749,0.00,,,18048,,
3182,2026-06-13,5,13.00,Pagado,2026-06-13 02:00:03,2026-06-17 20:29:59,1751,13.00,2026-06-17 20:29:59,11119423046816,18090,Efectivo,
3183,2026-06-13,43,84.27,Pendiente,2026-06-13 02:00:03,2026-07-25 02:00:02,1753,0.00,,,18127,,
3184,2026-06-13,43,72.24,Pendiente,2026-06-13 02:00:03,2026-07-25 02:00:02,1755,0.00,,,18169,,
3185,2026-06-13,43,51.20,Pendiente,2026-06-13 02:00:03,2026-07-25 02:00:02,1756,0.00,,,18187,,
3186,2026-06-13,17,36.72,Pagado,2026-06-13 02:00:03,2026-06-29 22:16:54,1775,36.72,2026-06-29 22:16:54,111113612004634,18636,Efectivo,
3187,2026-06-13,43,61.92,Pendiente,2026-06-13 02:00:03,2026-07-25 02:00:02,1781,0.00,,,18735,,
3188,2026-06-13,43,99.07,Pendiente,2026-06-13 02:00:03,2026-07-25 02:00:02,1782,0.00,,,18753,,
3189,2026-06-13,43,60.20,Pendiente,2026-06-13 02:00:03,2026-07-25 02:00:02,1789,0.00,,,18899,,
3190,2026-06-13,5,8.00,Pagado,2026-06-13 02:00:03,2026-06-17 20:38:05,1808,8.00,2026-06-17 20:38:05,11119423046816,19283,Efectivo,
3191,2026-06-13,43,57.32,Pendiente,2026-06-13 02:00:03,2026-07-25 02:00:02,1817,0.00,,,19481,,
3192,2026-06-13,43,45.87,Pendiente,2026-06-13 02:00:03,2026-07-25 02:00:02,1826,0.00,,,19686,,
3193,2026-06-13,12,12.80,Pagado,2026-06-13 02:00:03,2026-06-24 20:24:08,1832,12.80,2026-06-24 20:24:08,111113612004634,19888,Efectivo,
3194,2026-06-13,43,84.27,Pendiente,2026-06-13 02:00:03,2026-07-25 02:00:02,1849,0.00,,,20256,,
3195,2026-06-13,43,82.56,Pendiente,2026-06-13 02:00:03,2026-07-25 02:00:02,1850,0.00,,,20280,,
3196,2026-06-13,43,82.56,Pendiente,2026-06-13 02:00:03,2026-07-25 02:00:02,1851,0.00,,,20298,,
3197,2026-06-13,43,51.60,Pendiente,2026-06-13 02:00:03,2026-07-25 02:00:02,1854,0.00,,,20364,,
3198,2026-06-13,3,4.45,Pagado,2026-06-13 02:00:03,2026-06-15 19:23:31,1862,4.45,2026-06-15 19:23:31,11119423046816,20537,Efectivo,
3199,2026-06-13,5,12.00,Pagado,2026-06-13 02:00:03,2026-06-17 20:25:26,1877,12.00,2026-06-17 20:25:26,11119423046816,20815,Efectivo,
3200,2026-06-13,5,13.00,Pagado,2026-06-13 02:00:03,2026-06-17 20:27:31,1878,13.00,2026-06-17 20:27:31,11119423046816,20839,Efectivo,
3201,2026-06-13,43,82.56,Pendiente,2026-06-13 02:00:03,2026-07-25 02:00:02,1879,0.00,,,20882,,
3202,2026-06-13,43,144.48,Pendiente,2026-06-13 02:00:03,2026-07-25 02:00:02,1880,0.00,,,20864,,
3203,2026-06-13,43,51.60,Pendiente,2026-06-13 02:00:03,2026-07-25 02:00:02,1890,0.00,,,21093,,
3204,2026-06-13,43,59.63,Pendiente,2026-06-13 02:00:03,2026-07-25 02:00:02,1895,0.00,,,21255,,
3205,2026-06-13,5,12.00,Pagado,2026-06-13 02:00:03,2026-06-17 20:28:15,1901,12.00,2026-06-17 20:28:15,11119423046816,21411,Efectivo,
3206,2026-06-13,43,81.69,Pendiente,2026-06-13 02:00:03,2026-07-25 02:00:02,1903,0.00,,,21459,,
3207,2026-06-13,43,60.20,Pendiente,2026-06-13 02:00:03,2026-07-25 02:00:02,1904,0.00,,,21483,,
3208,2026-06-13,43,59.63,Pendiente,2026-06-13 02:00:03,2026-07-25 02:00:02,1905,0.00,,,21507,,
3209,2026-06-14,42,100.80,Pendiente,2026-06-14 02:00:06,2026-07-25 02:00:02,942,0.00,,,2432,,
3210,2026-06-14,42,93.73,Pendiente,2026-06-14 02:00:06,2026-07-25 02:00:02,943,0.00,,,2465,,
3211,2026-06-14,42,82.32,Pendiente,2026-06-14 02:00:06,2026-07-25 02:00:02,946,0.00,,,2536,,
3212,2026-06-14,2,2.40,Pagado,2026-06-14 02:00:06,2026-06-15 18:29:17,948,2.40,2026-06-15 18:29:17,111113612004634,2573,Efectivo,
3213,2026-06-14,42,44.80,Pendiente,2026-06-14 02:00:06,2026-07-25 02:00:02,1059,0.00,,,4696,,
3214,2026-06-14,34,65.28,Pagado,2026-06-14 02:00:06,2026-07-17 21:02:30,1066,65.28,2026-07-17 21:02:30,111113612004634,4822,Efectivo,
3215,2026-06-14,42,80.64,Pendiente,2026-06-14 02:00:06,2026-07-25 02:00:02,1067,0.00,,,4841,,
3216,2026-06-14,42,80.64,Pendiente,2026-06-14 02:00:06,2026-07-25 02:00:02,1069,0.00,,,4875,,
3217,2026-06-14,42,40.32,Pendiente,2026-06-14 02:00:06,2026-07-25 02:00:02,1070,0.00,,,4897,,
3218,2026-06-14,42,109.20,Pendiente,2026-06-14 02:00:06,2026-07-25 02:00:02,1127,0.00,,,5492,,
3219,2026-06-14,42,109.20,Pendiente,2026-06-14 02:00:06,2026-07-25 02:00:02,1129,0.00,,,5540,,
3220,2026-06-14,42,44.80,Pendiente,2026-06-14 02:00:06,2026-07-25 02:00:02,1130,0.00,,,5594,,
3221,2026-06-14,42,33.60,Pendiente,2026-06-14 02:00:06,2026-07-25 02:00:02,1131,0.00,,,5613,,
3222,2026-06-14,42,82.32,Pendiente,2026-06-14 02:00:06,2026-07-25 02:00:02,1132,0.00,,,5637,,
3223,2026-06-14,42,33.60,Pendiente,2026-06-14 02:00:06,2026-07-25 02:00:02,1134,0.00,,,5679,,
3224,2026-06-14,42,67.20,Pendiente,2026-06-14 02:00:06,2026-07-25 02:00:02,1244,0.00,,,7733,,
3225,2026-06-14,26,67.60,Pagado,2026-06-14 02:00:06,2026-07-09 20:23:58,1272,67.60,2026-07-09 20:23:58,111113612004634,8598,Efectivo,
3226,2026-06-14,7,11.20,Pagado,2026-06-14 02:00:06,2026-06-20 14:47:06,1275,11.20,2026-06-20 14:47:06,111113612004634,8697,Efectivo,
3227,2026-06-14,2,2.97,Pagado,2026-06-14 02:00:06,2026-06-15 19:27:50,1557,2.97,2026-06-15 19:27:50,11119423046816,15050,Efectivo,
3228,2026-06-14,42,80.64,Pendiente,2026-06-14 02:00:06,2026-07-25 02:00:02,1622,0.00,,,15217,,
3229,2026-06-14,42,80.64,Pendiente,2026-06-14 02:00:06,2026-07-25 02:00:02,1623,0.00,,,15235,,
3230,2026-06-14,2,5.80,Pagado,2026-06-14 02:00:06,2026-06-15 19:25:34,1676,5.80,2026-06-15 19:25:34,11119423046816,16527,Efectivo,
3231,2026-06-14,42,370.43,Pendiente,2026-06-14 02:00:06,2026-07-25 02:00:02,1680,0.00,,,16633,,
3232,2026-06-14,42,98.78,Pendiente,2026-06-14 02:00:06,2026-07-25 02:00:02,1730,0.00,,,17632,,
3233,2026-06-14,2,7.06,Pagado,2026-06-14 02:00:06,2026-06-15 19:26:43,1733,7.06,2026-06-15 19:26:43,11119423046816,17705,Efectivo,
3234,2026-06-14,42,50.40,Pendiente,2026-06-14 02:00:06,2026-07-25 02:00:02,1746,0.00,,,17982,,
3235,2026-06-14,42,50.40,Pendiente,2026-06-14 02:00:06,2026-07-25 02:00:02,1747,0.00,,,18006,,
3236,2026-06-14,42,90.72,Pendiente,2026-06-14 02:00:06,2026-07-25 02:00:02,1762,0.00,,,18359,,
3237,2026-06-14,42,28.00,Pendiente,2026-06-14 02:00:06,2026-07-25 02:00:02,1783,0.00,,,18771,,
3238,2026-06-14,2,5.29,Pagado,2026-06-14 02:00:06,2026-06-15 19:29:30,1796,5.29,2026-06-15 19:29:30,11119423046816,19033,Efectivo,
3239,2026-06-14,42,100.79,Pendiente,2026-06-14 02:00:06,2026-07-25 02:00:02,1875,0.00,,,20767,,
3240,2026-06-14,42,60.48,Pendiente,2026-06-14 02:00:06,2026-07-25 02:00:02,1884,0.00,,,20984,,
3241,2026-06-14,42,40.32,Pendiente,2026-06-14 02:00:06,2026-07-25 02:00:02,1885,0.00,,,21002,,
3242,2026-06-14,42,70.56,Pendiente,2026-06-14 02:00:06,2026-07-25 02:00:02,1886,0.00,,,21038,,
3243,2026-06-14,42,40.32,Pendiente,2026-06-14 02:00:06,2026-07-25 02:00:02,1887,0.00,,,21020,,
3244,2026-06-16,45,55.50,Pendiente,2026-06-16 02:44:58,2026-07-25 02:00:01,1735,0.00,,,22869,,
3245,2026-06-17,1,1.96,Pagado,2026-06-17 02:00:06,2026-06-17 17:01:47,852,1.96,2026-06-17 17:01:47,11119423046816,15769,Efectivo,
3246,2026-06-17,39,41.60,Pendiente,2026-06-17 02:00:06,2026-07-25 02:00:02,853,0.00,,,78,,
3247,2026-06-17,1,2.20,Pagado,2026-06-17 02:00:06,2026-06-17 17:12:29,854,2.20,2026-06-17 17:12:29,11119423046816,130,Efectivo,
3248,2026-06-17,1,1.07,Pagado,2026-06-17 02:00:06,2026-06-17 17:13:03,855,1.07,2026-06-17 17:13:03,11119423046816,173,Efectivo,
3249,2026-06-17,1,0.60,Pagado,2026-06-17 02:00:06,2026-06-17 17:28:28,856,0.60,2026-06-17 17:28:28,11119423046816,202,Efectivo,
3250,2026-06-17,1,1.96,Pagado,2026-06-17 02:00:06,2026-06-17 17:29:35,857,1.96,2026-06-17 17:29:35,11119423046816,226,Efectivo,
3251,2026-06-17,1,0.85,Pagado,2026-06-17 02:00:06,2026-06-17 17:29:07,858,0.85,2026-06-17 17:29:07,11119423046816,246,Efectivo,
3252,2026-06-17,1,0.60,Pagado,2026-06-17 02:00:06,2026-06-17 17:35:03,866,0.60,2026-06-17 17:35:03,11119423046816,469,Efectivo,
3253,2026-06-17,1,0.60,Pagado,2026-06-17 02:00:06,2026-06-17 17:35:40,867,0.60,2026-06-17 17:35:40,11119423046816,493,Efectivo,
3254,2026-06-17,1,0.60,Pagado,2026-06-17 02:00:06,2026-06-17 17:38:00,869,0.60,2026-06-17 17:38:00,11119423046816,535,Efectivo,
3255,2026-06-17,1,0.80,Pagado,2026-06-17 02:00:06,2026-06-17 17:38:45,870,0.80,2026-06-17 17:38:45,11119423046816,558,Efectivo,
3256,2026-06-17,1,0.60,Pagado,2026-06-17 02:00:06,2026-06-17 17:39:39,1021,0.60,2026-06-17 17:39:39,11119423046816,3581,Efectivo,
3257,2026-06-17,39,28.08,Pendiente,2026-06-17 02:00:06,2026-07-25 02:00:02,1054,0.00,,,4579,,
3258,2026-06-17,2,1.44,Pagado,2026-06-17 02:00:06,2026-06-18 16:30:27,1123,1.44,2026-06-18 16:30:27,111113612004634,5420,Efectivo,
3259,2026-06-17,2,1.44,Pagado,2026-06-17 02:00:06,2026-06-18 16:31:26,1124,1.44,2026-06-18 16:31:26,111113612004634,5438,Efectivo,
3260,2026-06-17,2,1.44,Pagado,2026-06-17 02:00:06,2026-06-18 16:32:43,1125,1.44,2026-06-18 16:32:43,111113612004634,5456,Efectivo,
3261,2026-06-17,2,1.44,Pagado,2026-06-17 02:00:06,2026-06-18 16:34:11,1126,1.44,2026-06-18 16:34:11,111113612004634,5474,Efectivo,
3262,2026-06-17,36,70.56,Pagado,2026-06-17 02:00:06,2026-07-22 21:15:51,1400,70.56,2026-07-22 21:15:51,111113612004634,11530,Efectivo,
3263,2026-06-17,36,70.56,Pagado,2026-06-17 02:00:06,2026-07-22 21:10:07,1401,70.56,2026-07-22 21:10:07,111113612004634,11554,Efectivo,
3264,2026-06-17,36,70.56,Pagado,2026-06-17 02:00:06,2026-07-22 21:18:16,1402,70.56,2026-07-22 21:18:16,111113612004634,11578,Efectivo,
3265,2026-06-17,36,70.56,Pagado,2026-06-17 02:00:06,2026-07-22 21:14:03,1403,70.56,2026-07-22 21:14:03,111113612004634,11602,Efectivo,
3266,2026-06-17,36,70.56,Pagado,2026-06-17 02:00:06,2026-07-22 21:19:36,1404,70.56,2026-07-22 21:19:36,111113612004634,11626,Efectivo,
3267,2026-06-17,16,28.80,Pagado,2026-06-17 02:00:06,2026-07-02 21:10:06,1405,28.80,2026-07-02 21:10:06,111113612004634,11656,Efectivo,
3268,2026-06-17,36,28.80,Pagado,2026-06-17 02:00:06,2026-07-22 21:22:27,1406,28.80,2026-07-22 21:22:27,111113612004634,11673,Efectivo,
3269,2026-06-17,36,28.80,Pagado,2026-06-17 02:00:06,2026-07-22 21:21:05,1407,28.80,2026-07-22 21:21:05,111113612004634,11697,Efectivo,
3270,2026-06-17,1,1.96,Pagado,2026-06-17 02:00:06,2026-06-17 17:50:10,1412,1.96,2026-06-17 17:50:10,11119423046816,11788,Efectivo,
3271,2026-06-17,1,1.96,Pagado,2026-06-17 02:00:06,2026-06-17 17:51:48,1415,1.96,2026-06-17 17:51:48,11119423046816,11849,Efectivo,
3272,2026-06-17,1,1.96,Pagado,2026-06-17 02:00:06,2026-06-17 17:52:36,1416,1.96,2026-06-17 17:52:36,11119423046816,11873,Efectivo,
3273,2026-06-17,1,1.96,Pagado,2026-06-17 02:00:06,2026-06-17 17:54:58,1417,1.96,2026-06-17 17:54:58,11119423046816,11897,Efectivo,
3274,2026-06-17,1,1.96,Pagado,2026-06-17 02:00:06,2026-06-17 17:01:11,1645,1.96,2026-06-17 17:01:11,11119423046816,15744,Efectivo,
3275,2026-06-17,1,1.20,Pagado,2026-06-17 02:00:06,2026-06-17 17:40:42,1647,1.20,2026-06-17 17:40:42,11119423046816,15813,Efectivo,
3276,2026-06-17,1,0.67,Pagado,2026-06-17 02:00:06,2026-06-17 17:36:22,1648,0.67,2026-06-17 17:36:22,11119423046816,15829,Efectivo,
3277,2026-06-17,39,58.05,Pendiente,2026-06-17 02:00:06,2026-07-25 02:00:02,1683,0.00,,,16695,,
3278,2026-06-17,39,37.44,Pendiente,2026-06-17 02:00:06,2026-07-25 02:00:02,1693,0.00,,,16915,,
3279,2026-06-17,39,37.44,Pendiente,2026-06-17 02:00:06,2026-07-25 02:00:02,1698,0.00,,,17012,,
3280,2026-06-17,1,1.80,Pagado,2026-06-17 02:00:06,2026-06-17 17:11:24,1702,1.80,2026-06-17 17:11:24,11119423046816,17085,Efectivo,
3281,2026-06-17,23,22.08,Pagado,2026-06-17 02:00:06,2026-07-09 20:46:14,1711,22.08,2026-07-09 20:46:14,111113612004634,17293,Efectivo,
3282,2026-06-17,1,0.60,Pagado,2026-06-17 02:00:06,2026-06-17 17:41:26,1731,0.60,2026-06-17 17:41:26,11119423046816,17651,Efectivo,
3283,2026-06-17,39,37.44,Pendiente,2026-06-17 02:00:06,2026-07-25 02:00:02,1736,0.00,,,17762,,
3284,2026-06-17,1,0.67,Pagado,2026-06-17 02:00:06,2026-06-17 17:37:30,1737,0.67,2026-06-17 17:37:30,11119423046816,17780,Efectivo,
3285,2026-06-17,1,0.80,Pagado,2026-06-17 02:00:06,2026-06-17 17:42:18,1744,0.80,2026-06-17 17:42:18,11119423046816,17935,Efectivo,
3286,2026-06-17,1,1.20,Pagado,2026-06-17 02:00:06,2026-06-17 17:31:34,1765,1.20,2026-06-17 17:31:34,11119423046816,18439,Efectivo,
3287,2026-06-17,1,1.33,Pagado,2026-06-17 02:00:06,2026-06-17 17:48:42,1766,1.33,2026-06-17 17:48:42,11119423046816,18463,Efectivo,
3288,2026-06-17,1,1.00,Pagado,2026-06-17 02:00:06,2026-06-17 17:51:13,1767,1.00,2026-06-17 17:51:13,11119423046816,18476,Efectivo,
3289,2026-06-17,39,28.08,Pendiente,2026-06-17 02:00:06,2026-07-25 02:00:02,1779,0.00,,,18705,,
3290,2026-06-17,39,26.00,Pendiente,2026-06-17 02:00:06,2026-07-25 02:00:02,1780,0.00,,,18723,,
3291,2026-06-17,1,1.96,Pagado,2026-06-17 02:00:06,2026-06-17 17:47:46,1786,1.96,2026-06-17 17:47:46,11119423046816,18834,Efectivo,
3292,2026-06-17,1,1.00,Pagado,2026-06-17 02:00:06,2026-06-17 17:30:44,1787,1.00,2026-06-17 17:30:44,11119423046816,18858,Efectivo,
3293,2026-06-17,39,37.44,Pendiente,2026-06-17 02:00:06,2026-07-25 02:00:02,1788,0.00,,,18882,,
3294,2026-06-17,39,37.44,Pendiente,2026-06-17 02:00:06,2026-07-25 02:00:02,1791,0.00,,,18942,,
3295,2026-06-17,39,56.16,Pendiente,2026-06-17 02:00:06,2026-07-25 02:00:02,1792,0.00,,,18960,,
3296,2026-06-17,1,1.20,Pagado,2026-06-17 02:00:06,2026-06-17 17:33:25,1794,1.20,2026-06-17 17:33:25,11119423046816,18994,Efectivo,
3297,2026-06-17,1,1.40,Pagado,2026-06-17 02:00:06,2026-06-17 17:34:14,1836,1.40,2026-06-17 17:34:14,11119423046816,19992,Efectivo,
3298,2026-06-17,39,74.88,Pendiente,2026-06-17 02:00:06,2026-07-25 02:00:02,1840,0.00,,,20077,,
3299,2026-06-17,39,74.88,Pendiente,2026-06-17 02:00:06,2026-07-25 02:00:02,1841,0.00,,,20095,,
3300,2026-06-17,39,31.20,Pendiente,2026-06-17 02:00:06,2026-07-25 02:00:02,1845,0.00,,,20167,,
3301,2026-06-17,1,0.60,Pagado,2026-06-17 02:00:07,2026-06-17 17:43:04,1852,0.60,2026-06-17 17:43:04,11119423046816,20317,Efectivo,
3302,2026-06-17,39,74.88,Pendiente,2026-06-17 02:00:07,2026-07-25 02:00:02,1858,0.00,,,20460,,
3303,2026-06-17,39,84.24,Pendiente,2026-06-17 02:00:07,2026-07-25 02:00:02,1859,0.00,,,20478,,
3304,2026-06-17,39,74.88,Pendiente,2026-06-17 02:00:07,2026-07-25 02:00:02,1860,0.00,,,20496,,
3305,2026-06-17,36,38.40,Pagado,2026-06-17 02:00:07,2026-07-22 21:12:10,1863,38.40,2026-07-22 21:12:10,111113612004634,20554,Efectivo,
3306,2026-06-17,2,1.33,Pagado,2026-06-17 02:00:07,2026-06-18 16:29:45,1869,1.33,2026-06-18 16:29:45,111113612004634,20692,Efectivo,
3307,2026-06-17,2,1.33,Pagado,2026-06-17 02:00:07,2026-06-18 16:32:20,1870,1.33,2026-06-18 16:32:20,111113612004634,20705,Efectivo,
3308,2026-06-17,2,1.33,Pagado,2026-06-17 02:00:07,2026-06-18 16:33:44,1871,1.33,2026-06-18 16:33:44,111113612004634,20718,Efectivo,
3309,2026-06-17,1,0.80,Pagado,2026-06-17 02:00:07,2026-06-17 17:43:52,1897,0.80,2026-06-17 17:43:52,11119423046816,21322,Efectivo,
3310,2026-06-17,1,0.60,Pagado,2026-06-17 02:00:07,2026-06-17 17:44:42,1898,0.60,2026-06-17 17:44:42,11119423046816,21346,Efectivo,
3311,2026-06-17,1,1.00,Pagado,2026-06-17 02:00:07,2026-06-17 17:32:16,1899,1.00,2026-06-17 17:32:16,11119423046816,21370,Efectivo,
3312,2026-06-18,72,19.20,Pendiente,2026-06-18 02:00:02,2026-07-25 02:00:01,1662,0.00,,,22937,,
3313,2026-06-18,65,10.83,Pendiente,2026-06-18 02:00:02,2026-07-25 02:00:01,1662,0.00,,,22938,,
3314,2026-06-18,51,18.70,Pendiente,2026-06-18 02:00:03,2026-07-25 02:00:01,1662,0.00,,,22939,,
3315,2026-06-18,44,11.73,Pendiente,2026-06-18 02:00:05,2026-07-25 02:00:02,1662,0.00,,,22940,,
3316,2026-06-18,38,64.84,Pendiente,2026-06-18 02:00:06,2026-07-25 02:00:02,876,0.00,,,731,,
3317,2026-06-18,38,83.60,Pendiente,2026-06-18 02:00:06,2026-07-25 02:00:02,877,0.00,,,779,,
3318,2026-06-18,29,56.84,Pagado,2026-06-18 02:00:06,2026-07-16 23:49:11,878,56.84,2026-07-16 23:49:11,111113612004634,793,Efectivo,
3319,2026-06-18,29,30.93,Pagado,2026-06-18 02:00:06,2026-07-16 23:50:21,879,30.93,2026-07-16 23:50:21,111113612004634,821,Efectivo,
3320,2026-06-18,38,74.48,Pendiente,2026-06-18 02:00:06,2026-07-25 02:00:02,880,0.00,,,867,,
3321,2026-06-18,38,53.20,Pendiente,2026-06-18 02:00:06,2026-07-25 02:00:02,883,0.00,,,937,,
3322,2026-06-18,38,40.53,Pendiente,2026-06-18 02:00:06,2026-07-25 02:00:02,884,0.00,,,970,,
3323,2026-06-18,10,14.00,Pagado,2026-06-18 02:00:06,2026-06-27 19:16:12,885,14.00,2026-06-27 19:16:12,111113612004634,1018,Efectivo,
3324,2026-06-18,38,60.80,Pendiente,2026-06-18 02:00:06,2026-07-25 02:00:02,887,0.00,,,1070,,
3325,2026-06-18,38,30.40,Pendiente,2026-06-18 02:00:06,2026-07-25 02:00:02,892,0.00,,,1206,,
3326,2026-06-18,38,30.40,Pendiente,2026-06-18 02:00:06,2026-07-25 02:00:02,893,0.00,,,1229,,
3327,2026-06-18,8,11.20,Pagado,2026-06-18 02:00:06,2026-06-25 22:17:47,983,11.20,2026-06-25 22:17:47,111113612004634,2760,Efectivo,
3328,2026-06-18,38,53.20,Pendiente,2026-06-18 02:00:06,2026-07-25 02:00:02,984,0.00,,,2784,,
3329,2026-06-18,38,25.33,Pendiente,2026-06-18 02:00:06,2026-07-25 02:00:02,985,0.00,,,2800,,
3330,2026-06-18,15,29.40,Pagado,2026-06-18 02:00:06,2026-07-02 21:13:04,986,29.40,2026-07-02 21:13:04,111113612004634,2820,Efectivo,
3331,2026-06-18,8,6.40,Pagado,2026-06-18 02:00:06,2026-06-30 05:32:51,988,6.40,2026-06-25 22:20:15,111113612004634,2857,Efectivo,
3332,2026-06-18,38,57.00,Pendiente,2026-06-18 02:00:06,2026-07-25 02:00:02,990,0.00,,,2897,,
3333,2026-06-18,38,40.53,Pendiente,2026-06-18 02:00:06,2026-07-25 02:00:02,992,0.00,,,2942,,
3334,2026-06-18,38,38.00,Pendiente,2026-06-18 02:00:06,2026-07-25 02:00:02,994,0.00,,,2999,,
3335,2026-06-18,38,72.96,Pendiente,2026-06-18 02:00:06,2026-07-25 02:00:02,1002,0.00,,,3150,,
3336,2026-06-18,38,60.80,Pendiente,2026-06-18 02:00:06,2026-07-25 02:00:02,1009,0.00,,,3318,,
3337,2026-06-18,38,27.36,Pendiente,2026-06-18 02:00:06,2026-07-25 02:00:02,1114,0.00,,,5200,,
3338,2026-06-18,2,1.44,Pagado,2026-06-18 02:00:06,2026-06-19 23:15:46,1115,1.44,2026-06-19 23:15:46,111113612004634,5218,Efectivo,
3339,2026-06-18,2,1.44,Pagado,2026-06-18 02:00:06,2026-06-19 23:15:06,1116,1.44,2026-06-19 23:15:06,111113612004634,5236,Efectivo,
3340,2026-06-18,35,28.00,Pagado,2026-06-18 02:00:06,2026-07-22 22:07:57,1117,28.00,2026-07-22 22:07:57,111113612004634,5253,Efectivo,
3341,2026-06-18,35,28.00,Pagado,2026-06-18 02:00:06,2026-07-22 22:11:08,1118,28.00,2026-07-22 22:11:08,111113612004634,5277,Efectivo,
3342,2026-06-18,38,30.40,Pendiente,2026-06-18 02:00:06,2026-07-25 02:00:02,1121,0.00,,,5373,,
3343,2026-06-18,35,28.00,Pagado,2026-06-18 02:00:06,2026-07-22 22:06:36,1122,28.00,2026-07-22 22:06:36,111113612004634,5397,Efectivo,
3344,2026-06-18,38,91.20,Pendiente,2026-06-18 02:00:06,2026-07-25 02:00:02,1181,0.00,,,6866,,
3345,2026-06-18,38,74.48,Pendiente,2026-06-18 02:00:06,2026-07-25 02:00:02,1182,0.00,,,6892,,
3346,2026-06-18,17,13.60,Pagado,2026-06-18 02:00:06,2026-07-04 04:03:20,1188,13.60,2026-07-04 04:03:20,111113612004634,7020,Efectivo,
3347,2026-06-18,8,6.40,Pagado,2026-06-18 02:00:06,2026-06-30 05:32:51,1189,6.40,2026-06-25 22:27:46,111113612004634,7040,Efectivo,
3348,2026-06-18,38,30.40,Pendiente,2026-06-18 02:00:06,2026-07-25 02:00:02,1190,0.00,,,7060,,
3349,2026-06-18,38,98.80,Pendiente,2026-06-18 02:00:06,2026-07-25 02:00:02,1375,0.00,,,10806,,
3350,2026-06-18,38,68.91,Pendiente,2026-06-18 02:00:06,2026-07-25 02:00:02,1376,0.00,,,10849,,
3351,2026-06-18,38,98.80,Pendiente,2026-06-18 02:00:06,2026-07-25 02:00:02,1377,0.00,,,10880,,
3352,2026-06-18,38,77.01,Pendiente,2026-06-18 02:00:06,2026-07-25 02:00:02,1378,0.00,,,10900,,
3353,2026-06-18,38,74.48,Pendiente,2026-06-18 02:00:06,2026-07-25 02:00:02,1379,0.00,,,10947,,
3354,2026-06-18,38,40.53,Pendiente,2026-06-18 02:00:06,2026-07-25 02:00:02,1380,0.00,,,10996,,
3355,2026-06-18,38,74.48,Pendiente,2026-06-18 02:00:06,2026-07-25 02:00:02,1381,0.00,,,11026,,
3356,2026-06-18,38,60.80,Pendiente,2026-06-18 02:00:06,2026-07-25 02:00:02,1384,0.00,,,11100,,
3357,2026-06-18,38,68.40,Pendiente,2026-06-18 02:00:06,2026-07-25 02:00:02,1385,0.00,,,11144,,
3358,2026-06-18,38,81.07,Pendiente,2026-06-18 02:00:06,2026-07-25 02:00:02,1624,0.00,,,15254,,
3359,2026-06-18,38,68.40,Pendiente,2026-06-18 02:00:06,2026-07-25 02:00:02,1631,0.00,,,15446,,
3360,2026-06-18,38,74.47,Pendiente,2026-06-18 02:00:06,2026-07-25 02:00:02,1633,0.00,,,15494,,
3361,2026-06-18,35,34.99,Pagado,2026-06-18 02:00:06,2026-07-22 22:08:55,1634,34.99,2026-07-22 22:08:55,111113612004634,15518,Efectivo,
3362,2026-06-18,38,52.69,Pendiente,2026-06-18 02:00:06,2026-07-25 02:00:02,1649,0.00,,,15850,,
3363,2026-06-18,38,40.53,Pendiente,2026-06-18 02:00:06,2026-07-25 02:00:02,1650,0.00,,,15902,,
3364,2026-06-18,38,30.40,Pendiente,2026-06-18 02:00:06,2026-07-25 02:00:02,1651,0.00,,,15964,,
3365,2026-06-18,8,6.40,Pagado,2026-06-18 02:00:06,2026-06-30 05:32:51,1652,6.40,2026-06-25 22:19:38,111113612004634,15940,Efectivo,
3366,2026-06-18,38,22.80,Pendiente,2026-06-18 02:00:06,2026-07-25 02:00:02,1654,0.00,,,16011,,
3367,2026-06-18,38,91.19,Pendiente,2026-06-18 02:00:06,2026-07-25 02:00:02,1655,0.00,,,16037,,
3368,2026-06-18,38,74.47,Pendiente,2026-06-18 02:00:06,2026-07-25 02:00:02,1656,0.00,,,16059,,
3369,2026-06-18,38,68.91,Pendiente,2026-06-18 02:00:06,2026-07-25 02:00:02,1657,0.00,,,16101,,
3370,2026-06-18,38,68.91,Pendiente,2026-06-18 02:00:06,2026-07-25 02:00:02,1675,0.00,,,16480,,
3371,2026-06-18,38,91.19,Pendiente,2026-06-18 02:00:06,2026-07-25 02:00:02,1678,0.00,,,16592,,
3372,2026-06-18,38,72.96,Pendiente,2026-06-18 02:00:06,2026-07-25 02:00:02,1679,0.00,,,16616,,
3373,2026-06-18,22,29.33,Pagado,2026-06-18 02:00:06,2026-07-09 23:36:59,1681,29.33,2026-07-09 23:36:59,111113612004634,16658,Efectivo,
3374,2026-06-18,38,74.47,Pendiente,2026-06-18 02:00:06,2026-07-25 02:00:02,1705,0.00,,,17182,,
3375,2026-06-18,8,5.33,Pagado,2026-06-18 02:00:06,2026-06-25 22:28:06,1706,5.33,2026-06-25 22:28:06,111113612004634,17206,Efectivo,
3376,2026-06-18,38,98.79,Pendiente,2026-06-18 02:00:06,2026-07-25 02:00:02,1707,0.00,,,17219,,
3377,2026-06-18,38,38.00,Pendiente,2026-06-18 02:00:06,2026-07-25 02:00:02,1712,0.00,,,17311,,
3378,2026-06-18,38,30.40,Pendiente,2026-06-18 02:00:06,2026-07-25 02:00:02,1718,0.00,,,17395,,
3379,2026-06-18,38,60.80,Pendiente,2026-06-18 02:00:06,2026-07-25 02:00:02,1740,0.00,,,17849,,
3380,2026-06-18,38,22.80,Pendiente,2026-06-18 02:00:06,2026-07-25 02:00:02,1742,0.00,,,17887,,
3381,2026-06-18,38,22.80,Pendiente,2026-06-18 02:00:06,2026-07-25 02:00:02,1743,0.00,,,17911,,
3382,2026-06-18,38,53.20,Pendiente,2026-06-18 02:00:06,2026-07-25 02:00:02,1745,0.00,,,17959,,
3383,2026-06-18,38,82.08,Pendiente,2026-06-18 02:00:06,2026-07-25 02:00:02,1750,0.00,,,18073,,
3384,2026-06-18,35,34.99,Pagado,2026-06-18 02:00:06,2026-07-22 22:10:24,1752,34.99,2026-07-22 22:10:24,111113612004634,18115,Efectivo,
3385,2026-06-18,38,54.72,Pendiente,2026-06-18 02:00:06,2026-07-25 02:00:02,1759,0.00,,,18262,,
3386,2026-06-18,38,30.40,Pendiente,2026-06-18 02:00:06,2026-07-25 02:00:02,1770,0.00,,,18537,,
3387,2026-06-18,38,91.19,Pendiente,2026-06-18 02:00:06,2026-07-25 02:00:02,1771,0.00,,,18561,,
3388,2026-06-18,38,45.60,Pendiente,2026-06-18 02:00:06,2026-07-25 02:00:02,1774,0.00,,,18619,,
3389,2026-06-18,38,74.47,Pendiente,2026-06-18 02:00:06,2026-07-25 02:00:02,1784,0.00,,,18785,,
3390,2026-06-18,38,74.47,Pendiente,2026-06-18 02:00:06,2026-07-25 02:00:02,1785,0.00,,,18809,,
3391,2026-06-18,38,72.96,Pendiente,2026-06-18 02:00:06,2026-07-25 02:00:02,1790,0.00,,,18924,,
3392,2026-06-18,38,74.47,Pendiente,2026-06-18 02:00:06,2026-07-25 02:00:02,1799,0.00,,,19090,,
3393,2026-06-18,38,60.80,Pendiente,2026-06-18 02:00:06,2026-07-25 02:00:02,1800,0.00,,,19114,,
3394,2026-06-18,38,74.47,Pendiente,2026-06-18 02:00:06,2026-07-25 02:00:02,1801,0.00,,,19138,,
3395,2026-06-18,38,45.60,Pendiente,2026-06-18 02:00:06,2026-07-25 02:00:02,1802,0.00,,,19162,,
3396,2026-06-18,38,22.80,Pendiente,2026-06-18 02:00:07,2026-07-25 02:00:02,1803,0.00,,,19186,,
3397,2026-06-18,38,50.65,Pendiente,2026-06-18 02:00:07,2026-07-25 02:00:02,1809,0.00,,,19332,,
3398,2026-06-18,8,5.33,Pagado,2026-06-18 02:00:07,2026-06-25 22:18:32,1810,5.33,2026-06-25 22:18:32,111113612004634,19345,Efectivo,
3399,2026-06-18,38,98.79,Pendiente,2026-06-18 02:00:07,2026-07-25 02:00:02,1818,0.00,,,19495,,
3400,2026-06-18,38,53.20,Pendiente,2026-06-18 02:00:07,2026-07-25 02:00:02,1837,0.00,,,20016,,
3401,2026-06-18,38,25.33,Pendiente,2026-06-18 02:00:07,2026-07-25 02:00:02,1838,0.00,,,20040,,
3402,2026-06-18,38,68.40,Pendiente,2026-06-18 02:00:07,2026-07-25 02:00:02,1839,0.00,,,20053,,
3403,2026-06-18,38,22.80,Pendiente,2026-06-18 02:00:07,2026-07-25 02:00:02,1861,0.00,,,20514,,
3404,2026-06-18,35,23.33,Pagado,2026-06-18 02:00:07,2026-07-22 22:05:49,1873,23.33,2026-07-22 22:05:49,111113612004634,20731,Efectivo,
3405,2026-06-18,38,30.40,Pendiente,2026-06-18 02:00:07,2026-07-25 02:00:02,1874,0.00,,,20744,,
3406,2026-06-18,38,53.20,Pendiente,2026-06-18 02:00:07,2026-07-25 02:00:02,1882,0.00,,,20948,,
3407,2026-06-18,38,30.40,Pendiente,2026-06-18 02:00:07,2026-07-25 02:00:02,1902,0.00,,,21436,,
3408,2026-06-18,38,53.20,Pendiente,2026-06-18 02:00:07,2026-07-25 02:00:02,1907,0.00,,,21584,,
3409,2026-06-18,22,43.11,Pagado,2026-06-18 02:00:07,2026-07-09 23:36:17,1910,43.11,2026-07-09 23:36:17,111113612004634,21640,Efectivo,
3410,2026-06-19,37,62.16,Pendiente,2026-06-19 02:00:05,2026-07-25 02:00:02,894,0.00,,,1249,,
3411,2026-06-19,37,79.92,Pendiente,2026-06-19 02:00:05,2026-07-25 02:00:02,896,0.00,,,1286,,
3412,2026-06-19,21,25.20,Pagado,2026-06-19 02:00:05,2026-07-09 19:52:30,903,25.20,2026-07-09 19:52:30,111113612004634,1423,Efectivo,
3413,2026-06-19,37,51.80,Pendiente,2026-06-19 02:00:05,2026-07-25 02:00:02,1143,0.00,,,5937,,
3414,2026-06-19,37,72.52,Pendiente,2026-06-19 02:00:05,2026-07-25 02:00:02,1146,0.00,,,6015,,
3415,2026-06-19,37,35.52,Pendiente,2026-06-19 02:00:05,2026-07-25 02:00:02,1196,0.00,,,7178,,
3416,2026-06-19,37,39.47,Pendiente,2026-06-19 02:00:05,2026-07-25 02:00:02,1327,0.00,,,10240,,
3417,2026-06-19,29,52.59,Pagado,2026-06-19 02:00:05,2026-07-17 21:37:14,1362,52.59,2026-07-17 21:37:14,111113612004634,10453,Efectivo,
3418,2026-06-19,37,29.60,Pendiente,2026-06-19 02:00:05,2026-07-25 02:00:02,1364,0.00,,,10519,,
3419,2026-06-19,37,29.60,Pendiente,2026-06-19 02:00:05,2026-07-25 02:00:02,1365,0.00,,,10543,,
3420,2026-06-19,37,74.99,Pendiente,2026-06-19 02:00:05,2026-07-25 02:00:02,1421,0.00,,,11999,,
3421,2026-06-19,35,80.64,Pagado,2026-06-19 02:00:05,2026-07-23 14:10:46,1617,80.64,2026-07-23 14:10:46,111113612004634,15128,Efectivo,
3422,2026-06-19,35,58.80,Pagado,2026-06-19 02:00:05,2026-07-23 14:17:06,1618,58.80,2026-07-23 14:17:06,111113612004634,15146,Efectivo,
3423,2026-06-19,37,76.37,Pendiente,2026-06-19 02:00:05,2026-07-25 02:00:02,1619,0.00,,,15164,,
3424,2026-06-19,37,62.16,Pendiente,2026-06-19 02:00:05,2026-07-25 02:00:02,1620,0.00,,,15182,,
3425,2026-06-19,35,33.60,Pagado,2026-06-19 02:00:05,2026-07-23 14:12:33,1621,33.60,2026-07-23 14:12:33,111113612004634,15200,Efectivo,
3426,2026-06-19,37,72.51,Pendiente,2026-06-19 02:00:05,2026-07-25 02:00:02,1625,0.00,,,15302,,
3427,2026-06-19,37,72.51,Pendiente,2026-06-19 02:00:05,2026-07-25 02:00:02,1626,0.00,,,15326,,
3428,2026-06-19,37,72.51,Pendiente,2026-06-19 02:00:05,2026-07-25 02:00:02,1627,0.00,,,15350,,
3429,2026-06-19,29,56.83,Pagado,2026-06-19 02:00:05,2026-07-17 21:36:34,1629,56.83,2026-07-17 21:36:34,111113612004634,15398,Efectivo,
3430,2026-06-19,37,9.87,Pendiente,2026-06-19 02:00:05,2026-07-25 02:00:02,1662,0.00,,,22941,,
3431,2026-06-19,37,72.51,Pendiente,2026-06-19 02:00:05,2026-07-25 02:00:02,1666,0.00,,,16353,,
3432,2026-06-19,37,96.19,Pendiente,2026-06-19 02:00:05,2026-07-25 02:00:02,1667,0.00,,,16329,,
3433,2026-06-19,37,96.19,Pendiente,2026-06-19 02:00:05,2026-07-25 02:00:02,1668,0.00,,,16377,,
3434,2026-06-19,37,96.19,Pendiente,2026-06-19 02:00:05,2026-07-25 02:00:02,1669,0.00,,,16305,,
3435,2026-06-19,37,96.19,Pendiente,2026-06-19 02:00:05,2026-07-25 02:00:02,1670,0.00,,,16401,,
3436,2026-06-19,37,72.51,Pendiente,2026-06-19 02:00:05,2026-07-25 02:00:02,1671,0.00,,,16281,,
3437,2026-06-19,37,51.80,Pendiente,2026-06-19 02:00:05,2026-07-25 02:00:02,1714,0.00,,,17335,,
3438,2026-06-19,29,38.66,Pagado,2026-06-19 02:00:05,2026-07-17 21:35:28,1741,38.66,2026-07-17 21:35:28,111113612004634,17873,Efectivo,
3439,2026-06-19,37,87.02,Pendiente,2026-06-19 02:00:05,2026-07-25 02:00:02,1748,0.00,,,18031,,
3440,2026-06-19,37,87.02,Pendiente,2026-06-19 02:00:05,2026-07-25 02:00:02,1754,0.00,,,18152,,
3441,2026-06-19,37,63.15,Pendiente,2026-06-19 02:00:05,2026-07-25 02:00:02,1760,0.00,,,18280,,
3442,2026-06-19,37,36.99,Pendiente,2026-06-19 02:00:05,2026-07-25 02:00:02,1778,0.00,,,18692,,
3443,2026-06-19,35,23.33,Pagado,2026-06-19 02:00:05,2026-07-23 14:16:28,1813,23.33,2026-07-23 14:16:28,111113612004634,19384,Efectivo,
3444,2026-06-19,37,37.00,Pendiente,2026-06-19 02:00:05,2026-07-25 02:00:02,1819,0.00,,,19519,,
3445,2026-06-19,37,88.79,Pendiente,2026-06-19 02:00:05,2026-07-25 02:00:02,1820,0.00,,,19543,,
3446,2026-06-19,37,59.20,Pendiente,2026-06-19 02:00:05,2026-07-25 02:00:02,1821,0.00,,,19567,,
3447,2026-06-19,37,51.80,Pendiente,2026-06-19 02:00:05,2026-07-25 02:00:02,1822,0.00,,,19591,,
3448,2026-06-19,37,59.20,Pendiente,2026-06-19 02:00:05,2026-07-25 02:00:02,1835,0.00,,,19944,,
3449,2026-06-19,37,87.02,Pendiente,2026-06-19 02:00:05,2026-07-25 02:00:02,1843,0.00,,,20129,,
3450,2026-06-19,37,53.28,Pendiente,2026-06-19 02:00:05,2026-07-25 02:00:02,1844,0.00,,,20147,,
3451,2026-06-19,37,66.59,Pendiente,2026-06-19 02:00:05,2026-07-25 02:00:02,1857,0.00,,,20437,,
3452,2026-06-19,37,71.04,Pendiente,2026-06-19 02:00:05,2026-07-25 02:00:02,1864,0.00,,,20602,,
3453,2026-06-19,37,62.16,Pendiente,2026-06-19 02:00:05,2026-07-25 02:00:02,1865,0.00,,,20620,,
3454,2026-06-19,37,44.40,Pendiente,2026-06-19 02:00:05,2026-07-25 02:00:02,1866,0.00,,,20638,,
3455,2026-06-19,37,44.40,Pendiente,2026-06-19 02:00:05,2026-07-25 02:00:02,1867,0.00,,,20656,,
3456,2026-06-19,37,90.77,Pendiente,2026-06-19 02:00:05,2026-07-25 02:00:02,1881,0.00,,,20900,,
3457,2026-06-19,37,36.99,Pendiente,2026-06-19 02:00:05,2026-07-25 02:00:02,1883,0.00,,,20972,,
3458,2026-06-19,37,29.60,Pendiente,2026-06-19 02:00:05,2026-07-25 02:00:02,1888,0.00,,,21057,,
3459,2026-06-19,37,63.14,Pendiente,2026-06-19 02:00:05,2026-07-25 02:00:02,1891,0.00,,,21114,,
3460,2026-06-19,37,63.15,Pendiente,2026-06-19 02:00:05,2026-07-25 02:00:02,1892,0.00,,,21162,,
3461,2026-06-19,37,59.20,Pendiente,2026-06-19 02:00:05,2026-07-25 02:00:02,1893,0.00,,,21208,,
3462,2026-06-19,37,59.20,Pendiente,2026-06-19 02:00:05,2026-07-25 02:00:02,1894,0.00,,,21232,,
3463,2026-06-19,37,26.64,Pendiente,2026-06-19 02:00:05,2026-07-25 02:00:02,1900,0.00,,,21394,,
3464,2026-06-19,37,49.32,Pendiente,2026-06-19 02:00:05,2026-07-25 02:00:02,1912,0.00,,,21688,,
3465,2026-06-19,37,36.99,Pendiente,2026-06-19 02:00:05,2026-07-25 02:00:02,1918,0.00,,,21821,,
3466,2026-06-19,37,44.40,Pendiente,2026-06-19 02:00:05,2026-07-25 02:00:02,1919,0.00,,,21834,,
3467,2026-06-19,37,44.40,Pendiente,2026-06-19 02:00:05,2026-07-25 02:00:02,1920,0.00,,,21852,,
3468,2026-06-20,33,35.20,Pendiente,2026-06-20 02:00:02,2026-07-22 02:00:02,909,0.00,,,1570,,
3469,2026-06-20,36,38.40,Pendiente,2026-06-20 02:00:02,2026-07-25 02:00:02,933,0.00,,,2238,,
3470,2026-06-20,36,34.56,Pendiente,2026-06-20 02:00:02,2026-07-25 02:00:02,938,0.00,,,2359,,
3471,2026-06-20,14,13.44,Pagado,2026-06-20 02:00:02,2026-07-03 21:12:41,939,13.44,2026-07-03 21:12:41,111113612004634,2375,Efectivo,
3472,2026-06-20,36,25.92,Pendiente,2026-06-20 02:00:02,2026-07-25 02:00:02,940,0.00,,,2397,,
3473,2026-06-20,21,20.16,Pagado,2026-06-20 02:00:02,2026-07-10 19:47:39,941,20.16,2026-07-10 19:47:39,111113612004634,2415,Efectivo,
3474,2026-06-20,36,173.64,Pendiente,2026-06-20 02:00:02,2026-07-25 02:00:02,1148,0.00,,,6061,,
3475,2026-06-20,35,67.20,Pendiente,2026-06-20 02:00:02,2026-07-24 02:00:02,1150,0.00,,,6112,,
3476,2026-06-20,36,103.68,Pendiente,2026-06-20 02:00:02,2026-07-25 02:00:02,1152,0.00,,,6177,,
3477,2026-06-20,36,38.40,Pendiente,2026-06-20 02:00:02,2026-07-25 02:00:02,1153,0.00,,,6218,,
3478,2026-06-20,36,86.40,Pendiente,2026-06-20 02:00:02,2026-07-25 02:00:02,1154,0.00,,,6243,,
3479,2026-06-20,33,77.66,Pendiente,2026-06-20 02:00:02,2026-07-22 02:00:02,1156,0.00,,,6291,,
3480,2026-06-20,33,35.20,Pendiente,2026-06-20 02:00:02,2026-07-22 02:00:02,1157,0.00,,,6316,,
3481,2026-06-20,33,77.66,Pendiente,2026-06-20 02:00:02,2026-07-22 02:00:02,1158,0.00,,,6358,,
3482,2026-06-20,36,38.40,Pendiente,2026-06-20 02:00:02,2026-07-25 02:00:02,1159,0.00,,,6397,,
3483,2026-06-20,36,103.68,Pendiente,2026-06-20 02:00:02,2026-07-25 02:00:02,1161,0.00,,,6439,,
3484,2026-06-20,36,57.60,Pendiente,2026-06-20 02:00:02,2026-07-25 02:00:02,1162,0.00,,,6467,,
3485,2026-06-20,36,103.68,Pendiente,2026-06-20 02:00:02,2026-07-25 02:00:02,1163,0.00,,,6510,,
3486,2026-06-20,36,51.84,Pendiente,2026-06-20 02:00:02,2026-07-25 02:00:02,1166,0.00,,,6553,,
3487,2026-06-20,36,51.84,Pendiente,2026-06-20 02:00:02,2026-07-25 02:00:02,1167,0.00,,,6574,,
3488,2026-06-20,35,56.00,Pendiente,2026-06-20 02:00:02,2026-07-24 02:00:02,1175,0.00,,,6722,,
3489,2026-06-20,35,84.00,Pagado,2026-06-20 02:00:02,2026-07-24 15:28:56,1429,84.00,2026-07-24 15:28:56,111113612004634,12254,Efectivo,
3490,2026-06-20,36,86.40,Pendiente,2026-06-20 02:00:02,2026-07-25 02:00:02,1430,0.00,,,12281,,
3491,2026-06-20,36,61.44,Pendiente,2026-06-20 02:00:02,2026-07-25 02:00:02,1431,0.00,,,12307,,
3492,2026-06-20,36,70.56,Pendiente,2026-06-20 02:00:02,2026-07-25 02:00:02,1433,0.00,,,12381,,
3493,2026-06-20,7,18.20,Pagado,2026-06-20 02:00:02,2026-06-26 22:07:42,1435,18.20,2026-06-26 22:07:42,111113612004634,12461,Efectivo,
3494,2026-06-20,7,12.69,Pagado,2026-06-20 02:00:02,2026-06-26 22:09:22,1436,12.69,2026-06-26 22:09:22,111113612004634,12492,Efectivo,
3495,2026-06-20,28,67.20,Pagado,2026-06-20 02:00:02,2026-07-17 21:45:51,1437,67.20,2026-07-17 21:45:51,111113612004634,12531,Efectivo,
3496,2026-06-20,28,29.87,Pagado,2026-06-20 02:00:02,2026-07-17 21:48:15,1438,29.87,2026-07-17 21:48:15,111113612004634,12567,Efectivo,
3497,2026-06-20,28,39.20,Pagado,2026-06-20 02:00:02,2026-07-17 22:38:04,1439,39.20,2026-07-17 22:38:04,111113612004634,12603,Efectivo,
3498,2026-06-20,28,53.76,Pagado,2026-06-20 02:00:02,2026-07-17 22:39:43,1440,53.76,2026-07-17 22:39:43,111113612004634,12640,Efectivo,
3499,2026-06-20,36,28.80,Pendiente,2026-06-20 02:00:02,2026-07-25 02:00:02,1441,0.00,,,12675,,
3500,2026-06-20,1,2.40,Pagado,2026-06-20 02:00:02,2026-06-20 17:23:37,1442,2.40,2026-06-20 17:23:37,111113612004634,12704,Efectivo,
3501,2026-06-20,1,1.60,Pagado,2026-06-20 02:00:02,2026-06-20 17:25:12,1443,1.60,2026-06-20 17:25:12,111113612004634,12752,Efectivo,
3502,2026-06-20,36,38.40,Pendiente,2026-06-20 02:00:02,2026-07-25 02:00:02,1446,0.00,,,12855,,
3503,2026-06-20,36,50.40,Pendiente,2026-06-20 02:00:02,2026-07-25 02:00:02,1447,0.00,,,12896,,
3504,2026-06-20,36,30.72,Pendiente,2026-06-20 02:00:02,2026-07-25 02:00:02,1450,0.00,,,12962,,
3505,2026-06-20,36,86.40,Pendiente,2026-06-20 02:00:02,2026-07-25 02:00:02,1457,0.00,,,13141,,
3506,2026-06-20,36,38.40,Pendiente,2026-06-20 02:00:02,2026-07-25 02:00:02,1489,0.00,,,13289,,
3507,2026-06-20,35,23.33,Pendiente,2026-06-20 02:00:02,2026-07-24 02:00:02,1492,0.00,,,13380,,
3508,2026-06-20,28,135.05,Pagado,2026-06-20 02:00:02,2026-07-17 22:27:08,1493,135.05,2026-07-17 22:27:08,111113612004634,13402,Efectivo,
3509,2026-06-20,36,38.40,Pendiente,2026-06-20 02:00:02,2026-07-25 02:00:02,1495,0.00,,,13483,,
3510,2026-06-20,36,43.20,Pendiente,2026-06-20 02:00:02,2026-07-25 02:00:02,1496,0.00,,,13504,,
3511,2026-06-20,7,5.97,Pagado,2026-06-20 02:00:02,2026-06-26 22:05:59,1500,5.97,2026-06-26 22:05:59,111113612004634,13609,Efectivo,
3512,2026-06-20,36,50.40,Pendiente,2026-06-20 02:00:02,2026-07-25 02:00:02,1502,0.00,,,13669,,
3513,2026-06-20,36,50.40,Pendiente,2026-06-20 02:00:02,2026-07-25 02:00:02,1503,0.00,,,13692,,
3514,2026-06-20,36,28.80,Pendiente,2026-06-20 02:00:02,2026-07-25 02:00:02,1506,0.00,,,13760,,
3515,2026-06-20,36,21.60,Pendiente,2026-06-20 02:00:02,2026-07-25 02:00:02,1507,0.00,,,13784,,
3516,2026-06-20,21,16.80,Pagado,2026-06-20 02:00:02,2026-07-10 19:50:02,1508,16.80,2026-07-10 19:50:02,111113612004634,13803,Efectivo,
3517,2026-06-20,14,19.60,Pagado,2026-06-20 02:00:02,2026-07-03 21:16:03,1510,19.60,2026-07-03 21:16:03,111113612004634,13853,Efectivo,
3518,2026-06-20,21,16.80,Pagado,2026-06-20 02:00:02,2026-07-10 19:49:14,1511,16.80,2026-07-10 19:49:14,111113612004634,13882,Efectivo,
3519,2026-06-20,10,23.53,Pagado,2026-06-20 02:00:02,2026-06-29 22:02:11,1515,23.53,2026-06-29 22:02:11,111113612004634,13943,Efectivo,
3520,2026-06-20,36,60.48,Pendiente,2026-06-20 02:00:02,2026-07-25 02:00:02,1516,0.00,,,13967,,
3521,2026-06-20,36,112.32,Pendiente,2026-06-20 02:00:02,2026-07-25 02:00:02,1517,0.00,,,13984,,
3522,2026-06-20,36,61.44,Pendiente,2026-06-20 02:00:02,2026-07-25 02:00:02,1518,0.00,,,13997,,
3523,2026-06-20,10,10.67,Pagado,2026-06-20 02:00:02,2026-06-29 22:15:58,1520,10.67,2026-06-29 22:15:58,111113612004634,14086,Efectivo,
3524,2026-06-20,36,21.60,Pendiente,2026-06-20 02:00:02,2026-07-25 02:00:02,1527,0.00,,,14363,,
3525,2026-06-20,36,21.60,Pendiente,2026-06-20 02:00:02,2026-07-25 02:00:02,1528,0.00,,,14387,,
3526,2026-06-20,5,9.60,Pendiente,2026-06-20 02:00:02,2026-06-24 00:48:45,1533,0.00,,,14501,,
3527,2026-06-20,5,11.77,Pagado,2026-06-20 02:00:02,2026-06-24 21:33:42,1535,11.77,2026-06-24 21:33:42,111113612004634,14555,Efectivo,
3528,2026-06-20,5,5.33,Pagado,2026-06-20 02:00:02,2026-06-24 19:57:58,1537,5.33,2026-06-24 19:57:58,111113612004634,14617,Efectivo,
3529,2026-06-20,36,112.32,Pendiente,2026-06-20 02:00:02,2026-07-25 02:00:02,1614,0.00,,,15079,,
3530,2026-06-20,36,51.84,Pendiente,2026-06-20 02:00:02,2026-07-25 02:00:02,1615,0.00,,,15097,,
3531,2026-06-20,36,24.00,Pendiente,2026-06-20 02:00:02,2026-07-25 02:00:02,1616,0.00,,,15115,,
3532,2026-06-20,36,86.39,Pendiente,2026-06-20 02:00:02,2026-07-25 02:00:02,1630,0.00,,,15422,,
3533,2026-06-20,36,86.39,Pendiente,2026-06-20 02:00:02,2026-07-25 02:00:02,1632,0.00,,,15470,,
3534,2026-06-20,36,38.40,Pendiente,2026-06-20 02:00:02,2026-07-25 02:00:02,1644,0.00,,,15695,,
3535,2026-06-20,36,28.80,Pendiente,2026-06-20 02:00:02,2026-07-25 02:00:02,1673,0.00,,,16442,,
3536,2026-06-20,36,53.58,Pendiente,2026-06-20 02:00:02,2026-07-25 02:00:02,1684,0.00,,,16727,,
3537,2026-06-20,36,84.67,Pendiente,2026-06-20 02:00:02,2026-07-25 02:00:02,1685,0.00,,,16759,,
3538,2026-06-20,36,84.67,Pendiente,2026-06-20 02:00:02,2026-07-25 02:00:02,1686,0.00,,,16777,,
3539,2026-06-20,35,50.40,Pendiente,2026-06-20 02:00:02,2026-07-24 02:00:02,1687,0.00,,,16795,,
3540,2026-06-20,35,82.32,Pendiente,2026-06-20 02:00:02,2026-07-24 02:00:02,1688,0.00,,,16813,,
3541,2026-06-20,34,79.97,Pendiente,2026-06-20 02:00:02,2026-07-23 02:00:02,1689,0.00,,,16831,,
3542,2026-06-20,33,31.68,Pagado,2026-06-20 02:00:02,2026-07-23 23:37:41,1692,31.68,2026-07-23 23:37:41,111113612004634,16897,Efectivo,
3543,2026-06-20,35,68.59,Pendiente,2026-06-20 02:00:02,2026-07-24 02:00:02,1694,0.00,,,16933,,
3544,2026-06-20,5,15.60,Pagado,2026-06-20 02:00:02,2026-06-24 20:02:29,1697,15.60,2026-06-24 20:02:29,111113612004634,16994,Efectivo,
3545,2026-06-20,34,32.64,Pendiente,2026-06-20 02:00:02,2026-07-23 02:00:02,1699,0.00,,,17030,,
3546,2026-06-20,36,84.67,Pendiente,2026-06-20 02:00:02,2026-07-25 02:00:02,1715,0.00,,,17359,,
3547,2026-06-20,21,30.24,Pagado,2026-06-20 02:00:02,2026-07-10 19:42:57,1716,30.24,2026-07-10 19:42:57,111113612004634,17377,Efectivo,
3548,2026-06-20,36,43.20,Pendiente,2026-06-20 02:00:02,2026-07-25 02:00:02,1720,0.00,,,17432,,
3549,2026-06-20,35,68.59,Pendiente,2026-06-20 02:00:02,2026-07-24 02:00:02,1723,0.00,,,17500,,
3550,2026-06-20,35,35.00,Pendiente,2026-06-20 02:00:02,2026-07-24 02:00:02,1724,0.00,,,17476,,
3551,2026-06-20,36,28.80,Pendiente,2026-06-20 02:00:02,2026-07-25 02:00:02,1728,0.00,,,17585,,
3552,2026-06-20,36,57.60,Pendiente,2026-06-20 02:00:02,2026-07-25 02:00:02,1749,0.00,,,18049,,
3553,2026-06-20,36,70.55,Pendiente,2026-06-20 02:00:02,2026-07-25 02:00:02,1753,0.00,,,18128,,
3554,2026-06-20,36,60.48,Pendiente,2026-06-20 02:00:02,2026-07-25 02:00:02,1755,0.00,,,18170,,
3555,2026-06-20,36,42.86,Pendiente,2026-06-20 02:00:02,2026-07-25 02:00:02,1756,0.00,,,18188,,
3556,2026-06-20,10,21.60,Pagado,2026-06-20 02:00:02,2026-06-29 22:17:04,1775,21.60,2026-06-29 22:17:04,111113612004634,18637,Efectivo,
3557,2026-06-20,36,51.84,Pendiente,2026-06-20 02:00:02,2026-07-25 02:00:02,1781,0.00,,,18736,,
3558,2026-06-20,36,82.94,Pendiente,2026-06-20 02:00:02,2026-07-25 02:00:02,1782,0.00,,,18754,,
3559,2026-06-20,36,50.40,Pendiente,2026-06-20 02:00:02,2026-07-25 02:00:02,1789,0.00,,,18900,,
3560,2026-06-20,33,22.00,Pagado,2026-06-20 02:00:02,2026-07-23 14:09:59,1807,22.00,2026-07-23 14:09:59,111113612004634,19271,Efectivo,
3561,2026-06-20,32,42.66,Pendiente,2026-06-20 02:00:02,2026-07-21 02:00:02,1817,0.00,,,19482,,
3562,2026-06-20,5,5.33,Pagado,2026-06-20 02:00:02,2026-06-24 20:24:31,1832,5.33,2026-06-24 20:24:31,111113612004634,19889,Efectivo,
3563,2026-06-20,36,70.55,Pendiente,2026-06-20 02:00:02,2026-07-25 02:00:02,1849,0.00,,,20257,,
3564,2026-06-20,33,63.36,Pendiente,2026-06-20 02:00:02,2026-07-22 02:00:02,1850,0.00,,,20281,,
3565,2026-06-20,35,67.20,Pendiente,2026-06-20 02:00:02,2026-07-24 02:00:02,1851,0.00,,,20299,,
3566,2026-06-20,35,42.00,Pendiente,2026-06-20 02:00:02,2026-07-24 02:00:02,1854,0.00,,,20365,,
3567,2026-06-20,36,69.12,Pendiente,2026-06-20 02:00:02,2026-07-25 02:00:02,1879,0.00,,,20883,,
3568,2026-06-20,36,120.96,Pendiente,2026-06-20 02:00:02,2026-07-25 02:00:02,1880,0.00,,,20865,,
3569,2026-06-20,35,42.00,Pendiente,2026-06-20 02:00:02,2026-07-24 02:00:02,1890,0.00,,,21094,,
3570,2026-06-20,34,47.15,Pendiente,2026-06-20 02:00:02,2026-07-23 02:00:02,1895,0.00,,,21256,,
3571,2026-06-20,36,68.39,Pendiente,2026-06-20 02:00:02,2026-07-25 02:00:02,1903,0.00,,,21460,,
3572,2026-06-20,36,50.40,Pendiente,2026-06-20 02:00:02,2026-07-25 02:00:02,1904,0.00,,,21484,,
3573,2026-06-20,36,49.92,Pendiente,2026-06-20 02:00:02,2026-07-25 02:00:02,1905,0.00,,,21508,,
3574,2026-06-20,36,47.99,Pendiente,2026-06-20 02:00:02,2026-07-25 02:00:02,1908,0.00,,,21603,,
3575,2026-06-20,35,34.99,Pendiente,2026-06-20 02:00:02,2026-07-24 02:00:02,1926,0.00,,,22014,,
3576,2026-06-21,35,84.00,Pendiente,2026-06-21 02:00:03,2026-07-25 02:00:02,942,0.00,,,2433,,
3577,2026-06-21,35,78.11,Pendiente,2026-06-21 02:00:03,2026-07-25 02:00:02,943,0.00,,,2466,,
3578,2026-06-21,35,68.60,Pendiente,2026-06-21 02:00:03,2026-07-25 02:00:02,946,0.00,,,2537,,
3579,2026-06-21,35,37.33,Pendiente,2026-06-21 02:00:03,2026-07-25 02:00:02,1059,0.00,,,4697,,
3580,2026-06-21,27,51.84,Pagado,2026-06-21 02:00:03,2026-07-17 21:02:39,1066,51.84,2026-07-17 21:02:39,111113612004634,4823,Efectivo,
3581,2026-06-21,35,67.20,Pendiente,2026-06-21 02:00:03,2026-07-25 02:00:02,1067,0.00,,,4842,,
3582,2026-06-21,35,67.20,Pendiente,2026-06-21 02:00:03,2026-07-25 02:00:02,1069,0.00,,,4876,,
3583,2026-06-21,35,33.60,Pendiente,2026-06-21 02:00:03,2026-07-25 02:00:02,1070,0.00,,,4898,,
3584,2026-06-21,35,91.00,Pendiente,2026-06-21 02:00:03,2026-07-25 02:00:02,1127,0.00,,,5493,,
3585,2026-06-21,35,91.00,Pendiente,2026-06-21 02:00:03,2026-07-25 02:00:02,1129,0.00,,,5541,,
3586,2026-06-21,35,37.33,Pendiente,2026-06-21 02:00:03,2026-07-25 02:00:02,1130,0.00,,,5595,,
3587,2026-06-21,35,28.00,Pendiente,2026-06-21 02:00:03,2026-07-25 02:00:02,1131,0.00,,,5614,,
3588,2026-06-21,35,68.60,Pendiente,2026-06-21 02:00:03,2026-07-25 02:00:02,1132,0.00,,,5638,,
3589,2026-06-21,35,28.00,Pendiente,2026-06-21 02:00:03,2026-07-25 02:00:02,1134,0.00,,,5680,,
3590,2026-06-21,33,132.66,Pagado,2026-06-21 02:00:03,2026-07-23 14:59:42,1233,132.66,2026-07-23 14:59:42,111113612004634,7434,Efectivo,
3591,2026-06-21,33,64.68,Pagado,2026-06-21 02:00:03,2026-07-23 14:58:32,1234,64.68,2026-07-23 14:58:32,111113612004634,7462,Efectivo,
3592,2026-06-21,35,140.70,Pendiente,2026-06-21 02:00:03,2026-07-25 02:00:02,1237,0.00,,,7525,,
3593,2026-06-21,35,37.33,Pendiente,2026-06-21 02:00:03,2026-07-25 02:00:02,1242,0.00,,,7677,,
3594,2026-06-21,35,56.00,Pendiente,2026-06-21 02:00:03,2026-07-25 02:00:02,1244,0.00,,,7734,,
3595,2026-06-21,35,140.70,Pendiente,2026-06-21 02:00:03,2026-07-25 02:00:02,1245,0.00,,,7791,,
3596,2026-06-21,35,225.17,Pendiente,2026-06-21 02:00:03,2026-07-25 02:00:02,1246,0.00,,,7807,,
3597,2026-06-21,35,49.00,Pendiente,2026-06-21 02:00:03,2026-07-25 02:00:02,1249,0.00,,,7911,,
3598,2026-06-21,20,24.00,Pagado,2026-06-21 02:00:03,2026-07-10 19:35:43,1250,24.00,2026-07-10 19:35:43,111113612004634,7935,Efectivo,
3599,2026-06-21,35,37.33,Pendiente,2026-06-21 02:00:03,2026-07-25 02:00:02,1256,0.00,,,8082,,
3600,2026-06-21,35,67.20,Pendiente,2026-06-21 02:00:03,2026-07-25 02:00:02,1259,0.00,,,8180,,
3601,2026-06-21,35,35.00,Pendiente,2026-06-21 02:00:03,2026-07-25 02:00:02,1262,0.00,,,8268,,
3602,2026-06-21,14,22.40,Pagado,2026-06-21 02:00:03,2026-07-04 04:05:17,1263,22.40,2026-07-04 04:05:17,111113612004634,8308,Efectivo,
3603,2026-06-21,9,23.40,Pagado,2026-06-21 02:00:03,2026-06-29 21:31:34,1264,23.40,2026-06-29 21:31:34,111113612004634,8339,Efectivo,
3604,2026-06-21,9,9.60,Pagado,2026-06-21 02:00:03,2026-06-29 21:32:05,1265,9.60,2026-06-29 21:32:05,111113612004634,8377,Efectivo,
3605,2026-06-21,35,63.00,Pendiente,2026-06-21 02:00:03,2026-07-25 02:00:02,1266,0.00,,,8408,,
3606,2026-06-21,35,56.00,Pendiente,2026-06-21 02:00:03,2026-07-25 02:00:02,1268,0.00,,,8451,,
3607,2026-06-21,35,56.00,Pendiente,2026-06-21 02:00:03,2026-07-25 02:00:02,1271,0.00,,,8566,,
3608,2026-06-21,19,49.40,Pendiente,2026-06-21 02:00:03,2026-07-09 02:00:03,1272,0.00,,,8599,,
3609,2026-06-21,35,168.82,Pendiente,2026-06-21 02:00:03,2026-07-25 02:00:02,1276,0.00,,,8750,,
3610,2026-06-21,35,91.00,Pendiente,2026-06-21 02:00:03,2026-07-25 02:00:02,1279,0.00,,,8843,,
3611,2026-06-21,35,49.00,Pendiente,2026-06-21 02:00:03,2026-07-25 02:00:02,1284,0.00,,,8977,,
3612,2026-06-21,26,31.20,Pagado,2026-06-21 02:00:03,2026-07-16 17:47:01,1285,31.20,2026-07-16 17:47:01,111113612004634,9001,Efectivo,
3613,2026-06-21,9,10.80,Pagado,2026-06-21 02:00:03,2026-06-29 21:32:49,1286,10.80,2026-06-29 21:32:49,111113612004634,9027,Efectivo,
3614,2026-06-21,35,28.00,Pendiente,2026-06-21 02:00:03,2026-07-25 02:00:02,1288,0.00,,,9077,,
3615,2026-06-21,35,196.99,Pendiente,2026-06-21 02:00:03,2026-07-25 02:00:02,1289,0.00,,,9094,,
3616,2026-06-21,35,63.00,Pendiente,2026-06-21 02:00:03,2026-07-25 02:00:02,1290,0.00,,,9129,,
3617,2026-06-21,35,168.82,Pendiente,2026-06-21 02:00:03,2026-07-25 02:00:02,1295,0.00,,,9268,,
3618,2026-06-21,35,140.70,Pendiente,2026-06-21 02:00:03,2026-07-25 02:00:02,1296,0.00,,,9307,,
3619,2026-06-21,35,140.70,Pendiente,2026-06-21 02:00:03,2026-07-25 02:00:02,1297,0.00,,,9341,,
3620,2026-06-21,14,22.40,Pagado,2026-06-21 02:00:03,2026-07-04 04:01:06,1299,22.40,2026-07-04 04:01:06,111113612004634,9415,Efectivo,
3621,2026-06-21,35,196.99,Pendiente,2026-06-21 02:00:03,2026-07-25 02:00:02,1300,0.00,,,9438,,
3622,2026-06-21,12,28.80,Pagado,2026-06-21 02:00:03,2026-07-02 21:14:40,1306,28.80,2026-07-02 21:14:40,111113612004634,9597,Efectivo,
3623,2026-06-21,35,84.00,Pendiente,2026-06-21 02:00:03,2026-07-25 02:00:02,1307,0.00,,,9617,,
3624,2026-06-21,35,37.33,Pendiente,2026-06-21 02:00:03,2026-07-25 02:00:02,1308,0.00,,,9648,,
3625,2026-06-21,35,68.60,Pendiente,2026-06-21 02:00:03,2026-07-25 02:00:02,1309,0.00,,,9696,,
3626,2026-06-21,35,37.33,Pendiente,2026-06-21 02:00:03,2026-07-25 02:00:02,1310,0.00,,,9734,,
3627,2026-06-21,27,108.54,Pagado,2026-06-21 02:00:03,2026-07-17 19:05:31,1311,108.54,2026-07-17 19:05:31,111113612004634,9767,Efectivo,
3628,2026-06-21,35,68.60,Pendiente,2026-06-21 02:00:03,2026-07-25 02:00:02,1312,0.00,,,9795,,
3629,2026-06-21,35,37.33,Pendiente,2026-06-21 02:00:03,2026-07-25 02:00:02,1313,0.00,,,9831,,
3630,2026-06-21,35,35.00,Pendiente,2026-06-21 02:00:03,2026-07-25 02:00:02,1314,0.00,,,9872,,
3631,2026-06-21,19,26.60,Pagado,2026-06-21 02:00:03,2026-07-09 20:13:00,1315,26.60,2026-07-09 20:13:00,111113612004634,9891,Efectivo,
3632,2026-06-21,35,56.00,Pendiente,2026-06-21 02:00:03,2026-07-25 02:00:02,1319,0.00,,,9974,,
3633,2026-06-21,35,67.20,Pendiente,2026-06-21 02:00:03,2026-07-25 02:00:02,1622,0.00,,,15218,,
3634,2026-06-21,35,67.20,Pendiente,2026-06-21 02:00:03,2026-07-25 02:00:02,1623,0.00,,,15236,,
3635,2026-06-21,13,13.00,Pagado,2026-06-21 02:00:03,2026-07-03 21:14:22,1641,13.00,2026-07-03 21:14:22,111113612004634,15634,Efectivo,
3636,2026-06-21,35,28.00,Pendiente,2026-06-21 02:00:03,2026-07-25 02:00:02,1642,0.00,,,15647,,
3637,2026-06-21,35,63.00,Pendiente,2026-06-21 02:00:03,2026-07-25 02:00:02,1643,0.00,,,15671,,
3638,2026-06-21,19,30.40,Pagado,2026-06-21 02:00:03,2026-07-09 20:22:45,1677,30.40,2026-07-09 20:22:45,111113612004634,16544,Efectivo,
3639,2026-06-21,35,308.69,Pendiente,2026-06-21 02:00:03,2026-07-25 02:00:02,1680,0.00,,,16634,,
3640,2026-06-21,35,90.99,Pendiente,2026-06-21 02:00:03,2026-07-25 02:00:02,1682,0.00,,,16671,,
3641,2026-06-21,35,68.59,Pendiente,2026-06-21 02:00:03,2026-07-25 02:00:02,1691,0.00,,,16873,,
3642,2026-06-21,35,56.00,Pendiente,2026-06-21 02:00:03,2026-07-25 02:00:02,1696,0.00,,,16970,,
3643,2026-06-21,35,59.73,Pendiente,2026-06-21 02:00:03,2026-07-25 02:00:02,1704,0.00,,,17142,,
3644,2026-06-21,35,46.66,Pendiente,2026-06-21 02:00:03,2026-07-25 02:00:02,1719,0.00,,,17419,,
3645,2026-06-21,35,90.99,Pendiente,2026-06-21 02:00:03,2026-07-25 02:00:02,1729,0.00,,,17609,,
3646,2026-06-21,35,82.32,Pendiente,2026-06-21 02:00:03,2026-07-25 02:00:02,1730,0.00,,,17633,,
3647,2026-06-21,35,42.00,Pendiente,2026-06-21 02:00:03,2026-07-25 02:00:02,1746,0.00,,,17983,,
3648,2026-06-21,35,42.00,Pendiente,2026-06-21 02:00:03,2026-07-25 02:00:02,1747,0.00,,,18007,,
3649,2026-06-21,35,35.00,Pendiente,2026-06-21 02:00:03,2026-07-25 02:00:02,1757,0.00,,,18220,,
3650,2026-06-21,35,75.60,Pendiente,2026-06-21 02:00:03,2026-07-25 02:00:02,1762,0.00,,,18360,,
3651,2026-06-21,35,44.80,Pendiente,2026-06-21 02:00:03,2026-07-25 02:00:02,1763,0.00,,,18378,,
3652,2026-06-21,35,46.66,Pendiente,2026-06-21 02:00:03,2026-07-25 02:00:02,1764,0.00,,,18426,,
3653,2026-06-21,35,90.99,Pendiente,2026-06-21 02:00:03,2026-07-25 02:00:02,1776,0.00,,,18655,,
3654,2026-06-21,35,23.33,Pendiente,2026-06-21 02:00:03,2026-07-25 02:00:02,1783,0.00,,,18772,,
3655,2026-06-21,35,92.61,Pendiente,2026-06-21 02:00:03,2026-07-25 02:00:02,1796,0.00,,,19034,,
3656,2026-06-21,35,63.00,Pendiente,2026-06-21 02:00:03,2026-07-25 02:00:02,1804,0.00,,,19210,,
3657,2026-06-21,13,23.40,Pagado,2026-06-21 02:00:03,2026-07-03 21:13:45,1805,23.40,2026-07-03 21:13:45,111113612004634,19234,Efectivo,
3658,2026-06-21,32,31.99,Pagado,2026-06-21 02:00:03,2026-07-22 20:52:49,1811,31.99,2026-07-22 20:52:49,111113612004634,19358,Efectivo,
3659,2026-06-21,35,46.66,Pendiente,2026-06-21 02:00:03,2026-07-25 02:00:02,1812,0.00,,,19371,,
3660,2026-06-21,33,22.00,Pagado,2026-06-21 02:00:03,2026-07-23 14:43:56,1815,22.00,2026-07-23 14:43:56,111113612004634,19445,Efectivo,
3661,2026-06-21,35,83.99,Pendiente,2026-06-21 02:00:03,2026-07-25 02:00:02,1816,0.00,,,19458,,
3662,2026-06-21,35,28.00,Pendiente,2026-06-21 02:00:03,2026-07-25 02:00:02,1823,0.00,,,19615,,
3663,2026-06-21,35,42.00,Pendiente,2026-06-21 02:00:03,2026-07-25 02:00:02,1853,0.00,,,20341,,
3664,2026-06-21,35,68.59,Pendiente,2026-06-21 02:00:03,2026-07-25 02:00:02,1855,0.00,,,20389,,
3665,2026-06-21,35,28.00,Pendiente,2026-06-21 02:00:03,2026-07-25 02:00:02,1856,0.00,,,20413,,
3666,2026-06-21,35,83.99,Pendiente,2026-06-21 02:00:03,2026-07-25 02:00:02,1875,0.00,,,20768,,
3667,2026-06-21,35,42.00,Pendiente,2026-06-21 02:00:03,2026-07-25 02:00:02,1876,0.00,,,20792,,
3668,2026-06-21,35,50.40,Pendiente,2026-06-21 02:00:03,2026-07-25 02:00:02,1884,0.00,,,20985,,
3669,2026-06-21,35,33.60,Pendiente,2026-06-21 02:00:03,2026-07-25 02:00:02,1885,0.00,,,21003,,
3670,2026-06-21,35,58.80,Pendiente,2026-06-21 02:00:03,2026-07-25 02:00:02,1886,0.00,,,21039,,
3671,2026-06-21,35,33.60,Pendiente,2026-06-21 02:00:03,2026-07-25 02:00:02,1887,0.00,,,21021,,
3672,2026-06-21,35,66.49,Pendiente,2026-06-21 02:00:03,2026-07-25 02:00:02,1909,0.00,,,21616,,
3673,2026-06-21,35,83.99,Pendiente,2026-06-21 02:00:03,2026-07-25 02:00:02,1911,0.00,,,21664,,
3674,2026-06-21,35,68.59,Pendiente,2026-06-21 02:00:03,2026-07-25 02:00:02,1914,0.00,,,21717,,
3675,2026-06-21,35,66.49,Pendiente,2026-06-21 02:00:03,2026-07-25 02:00:02,1915,0.00,,,21741,,
3676,2026-06-21,35,28.00,Pendiente,2026-06-21 02:00:03,2026-07-25 02:00:02,1916,0.00,,,21765,,
3677,2026-06-21,35,56.00,Pendiente,2026-06-21 02:00:03,2026-07-25 02:00:02,1921,0.00,,,21870,,
3678,2026-06-21,14,36.40,Pagado,2026-06-21 02:00:03,2026-07-04 04:00:01,1927,36.40,2026-07-04 04:00:01,111113612004634,22027,Efectivo,
3679,2026-06-21,32,38.40,Pagado,2026-06-21 02:00:03,2026-07-22 20:52:05,1928,38.40,2026-07-22 20:52:05,111113612004634,22051,Efectivo,
3680,2026-06-21,35,42.00,Pendiente,2026-06-21 02:00:03,2026-07-25 02:00:02,1929,0.00,,,22075,,
3681,2026-06-24,32,34.13,Pendiente,2026-06-24 00:48:45,2026-07-25 02:00:02,853,0.00,,,79,,
3682,2026-06-24,32,23.04,Pendiente,2026-06-24 00:48:45,2026-07-25 02:00:02,1054,0.00,,,4580,,
3683,2026-06-24,29,56.84,Pagado,2026-06-24 00:48:45,2026-07-22 21:15:57,1400,56.84,2026-07-22 21:15:57,111113612004634,11531,Efectivo,
3684,2026-06-24,29,56.84,Pagado,2026-06-24 00:48:45,2026-07-22 21:10:18,1401,56.84,2026-07-22 21:10:18,111113612004634,11555,Efectivo,
3685,2026-06-24,29,56.84,Pagado,2026-06-24 00:48:45,2026-07-22 21:18:23,1402,56.84,2026-07-22 21:18:23,111113612004634,11579,Efectivo,
3686,2026-06-24,29,56.84,Pagado,2026-06-24 00:48:45,2026-07-22 21:14:10,1403,56.84,2026-07-22 21:14:10,111113612004634,11603,Efectivo,
3687,2026-06-24,29,56.84,Pagado,2026-06-24 00:48:45,2026-07-22 21:19:42,1404,56.84,2026-07-22 21:19:42,111113612004634,11627,Efectivo,
3688,2026-06-24,9,16.20,Pagado,2026-06-24 00:48:45,2026-07-02 21:10:27,1405,16.20,2026-07-02 21:10:27,111113612004634,11657,Efectivo,
3689,2026-06-24,29,23.20,Pagado,2026-06-24 00:48:45,2026-07-22 21:22:35,1406,23.20,2026-07-22 21:22:35,111113612004634,11674,Efectivo,
3690,2026-06-24,29,23.20,Pagado,2026-06-24 00:48:45,2026-07-22 21:21:12,1407,23.20,2026-07-22 21:21:12,111113612004634,11698,Efectivo,
3691,2026-06-24,15,22.25,Pagado,2026-06-24 00:48:45,2026-07-08 22:55:54,1674,22.25,2026-07-08 22:55:54,111113612004634,16465,Efectivo,
3692,2026-06-24,32,47.63,Pendiente,2026-06-24 00:48:45,2026-07-25 02:00:02,1683,0.00,,,16696,,
3693,2026-06-24,32,30.72,Pendiente,2026-06-24 00:48:45,2026-07-25 02:00:02,1693,0.00,,,16916,,
3694,2026-06-24,32,30.72,Pendiente,2026-06-24 00:48:45,2026-07-25 02:00:02,1698,0.00,,,17013,,
3695,2026-06-24,16,15.36,Pagado,2026-06-24 00:48:45,2026-07-09 20:46:24,1711,15.36,2026-07-09 20:46:24,111113612004634,17294,Efectivo,
3696,2026-06-24,32,30.72,Pendiente,2026-06-24 00:48:45,2026-07-25 02:00:02,1736,0.00,,,17763,,
3697,2026-06-24,32,47.46,Pendiente,2026-06-24 00:48:45,2026-07-25 02:00:02,1768,0.00,,,18490,,
3698,2026-06-24,32,23.04,Pendiente,2026-06-24 00:48:45,2026-07-25 02:00:02,1779,0.00,,,18706,,
3699,2026-06-24,32,21.33,Pendiente,2026-06-24 00:48:45,2026-07-25 02:00:02,1780,0.00,,,18724,,
3700,2026-06-24,32,30.72,Pendiente,2026-06-24 00:48:45,2026-07-25 02:00:02,1788,0.00,,,18883,,
3701,2026-06-24,32,30.72,Pendiente,2026-06-24 00:48:45,2026-07-25 02:00:02,1791,0.00,,,18943,,
3702,2026-06-24,32,46.08,Pendiente,2026-06-24 00:48:45,2026-07-25 02:00:02,1792,0.00,,,18961,,
3703,2026-06-24,32,61.97,Pendiente,2026-06-24 00:48:45,2026-07-25 02:00:02,1795,0.00,,,19019,,
3704,2026-06-24,32,47.46,Pendiente,2026-06-24 00:48:45,2026-07-25 02:00:02,1797,0.00,,,19059,,
3705,2026-06-24,32,47.46,Pendiente,2026-06-24 00:48:45,2026-07-25 02:00:02,1834,0.00,,,19929,,
3706,2026-06-24,32,61.44,Pendiente,2026-06-24 00:48:45,2026-07-25 02:00:02,1840,0.00,,,20078,,
3707,2026-06-24,32,61.44,Pendiente,2026-06-24 00:48:45,2026-07-25 02:00:02,1841,0.00,,,20096,,
3708,2026-06-24,32,47.46,Pendiente,2026-06-24 00:48:45,2026-07-25 02:00:02,1842,0.00,,,20114,,
3709,2026-06-24,32,25.60,Pendiente,2026-06-24 00:48:45,2026-07-25 02:00:02,1845,0.00,,,20168,,
3710,2026-06-24,32,61.44,Pendiente,2026-06-24 00:48:45,2026-07-25 02:00:02,1858,0.00,,,20461,,
3711,2026-06-24,32,69.12,Pendiente,2026-06-24 00:48:45,2026-07-25 02:00:02,1859,0.00,,,20479,,
3712,2026-06-24,32,61.44,Pendiente,2026-06-24 00:48:45,2026-07-25 02:00:02,1860,0.00,,,20497,,
3713,2026-06-24,29,30.93,Pagado,2026-06-24 00:48:45,2026-07-22 21:12:18,1863,30.93,2026-07-22 21:12:18,111113612004634,20555,Efectivo,
3714,2026-06-24,32,21.33,Pendiente,2026-06-24 00:48:45,2026-07-25 02:00:02,1869,0.00,,,20693,,
3715,2026-06-24,32,21.33,Pendiente,2026-06-24 00:48:45,2026-07-25 02:00:02,1870,0.00,,,20706,,
3716,2026-06-24,32,21.33,Pendiente,2026-06-24 00:48:45,2026-07-25 02:00:02,1871,0.00,,,20719,,
3717,2026-06-24,32,21.33,Pendiente,2026-06-24 00:48:45,2026-07-25 02:00:02,1940,0.00,,,22383,,
3718,2026-06-24,32,47.63,Pendiente,2026-06-24 00:48:45,2026-07-25 02:00:02,1942,0.00,,,22420,,
3719,2026-06-24,32,30.72,Pendiente,2026-06-24 00:48:45,2026-07-25 02:00:02,1944,0.00,,,22476,,
3720,2026-06-24,32,30.72,Pendiente,2026-06-24 00:48:45,2026-07-25 02:00:02,1945,0.00,,,22494,,
3721,2026-06-24,32,30.72,Pendiente,2026-06-24 00:48:45,2026-07-25 02:00:02,1956,0.00,,,22759,,
3722,2026-06-25,190,55.73,Pendiente,2026-06-25 01:28:03,2026-07-25 02:00:00,914,0.00,,,23700,,
3723,2026-06-25,106,128.61,Pendiente,2026-06-25 01:28:03,2026-07-25 02:00:00,912,0.00,,,23699,,
3724,2026-06-25,106,3.53,Pendiente,2026-06-25 01:28:03,2026-07-25 02:00:00,1536,0.00,,,23705,,
3725,2026-06-25,64,41.39,Pendiente,2026-06-25 01:28:04,2026-07-25 02:00:01,1832,0.00,,,23706,,
3726,2026-06-25,57,23.56,Pendiente,2026-06-25 01:28:05,2026-07-25 02:00:01,1832,0.00,,,23709,,
3727,2026-06-25,31,52.90,Pendiente,2026-06-25 01:28:08,2026-07-25 02:00:02,876,0.00,,,732,,
3728,2026-06-25,31,68.20,Pendiente,2026-06-25 01:28:08,2026-07-25 02:00:02,877,0.00,,,780,,
3729,2026-06-25,22,43.12,Pagado,2026-06-25 01:28:08,2026-07-16 23:49:20,878,43.12,2026-07-16 23:49:20,111113612004634,794,Efectivo,
3730,2026-06-25,22,23.47,Pagado,2026-06-25 01:28:08,2026-07-16 23:50:28,879,23.47,2026-07-16 23:50:28,111113612004634,822,Efectivo,
3731,2026-06-25,31,60.76,Pendiente,2026-06-25 01:28:08,2026-07-25 02:00:02,880,0.00,,,868,,
3732,2026-06-25,31,43.40,Pendiente,2026-06-25 01:28:08,2026-07-25 02:00:02,883,0.00,,,938,,
3733,2026-06-25,31,33.07,Pendiente,2026-06-25 01:28:08,2026-07-25 02:00:02,884,0.00,,,971,,
3734,2026-06-25,3,4.20,Pagado,2026-06-25 01:28:08,2026-06-27 19:16:23,885,4.20,2026-06-27 19:16:23,111113612004634,1019,Efectivo,
3735,2026-06-25,31,49.60,Pendiente,2026-06-25 01:28:08,2026-07-25 02:00:02,887,0.00,,,1071,,
3736,2026-06-25,31,24.80,Pendiente,2026-06-25 01:28:08,2026-07-25 02:00:02,892,0.00,,,1207,,
3737,2026-06-25,31,24.80,Pendiente,2026-06-25 01:28:08,2026-07-25 02:00:03,893,0.00,,,1230,,
3738,2026-06-25,1,1.40,Pagado,2026-06-25 01:28:08,2026-06-25 22:17:57,983,1.40,2026-06-25 22:17:57,111113612004634,2761,Efectivo,
3739,2026-06-25,31,43.40,Pendiente,2026-06-25 01:28:08,2026-07-25 02:00:03,984,0.00,,,2785,,
3740,2026-06-25,8,15.68,Pagado,2026-06-25 01:28:08,2026-07-02 21:13:21,986,15.68,2026-07-02 21:13:21,111113612004634,2821,Efectivo,
3741,2026-06-25,1,0.80,Pagado,2026-06-25 01:28:08,2026-06-30 05:32:51,988,0.80,2026-06-25 22:20:15,111113612004634,2858,Efectivo,
3742,2026-06-25,31,46.50,Pendiente,2026-06-25 01:28:08,2026-07-25 02:00:03,990,0.00,,,2898,,
3743,2026-06-25,31,33.07,Pendiente,2026-06-25 01:28:08,2026-07-25 02:00:03,992,0.00,,,2943,,
3744,2026-06-25,31,31.00,Pendiente,2026-06-25 01:28:08,2026-07-25 02:00:03,994,0.00,,,3000,,
3745,2026-06-25,31,59.52,Pendiente,2026-06-25 01:28:08,2026-07-25 02:00:03,1002,0.00,,,3151,,
3746,2026-06-25,31,49.60,Pendiente,2026-06-25 01:28:08,2026-07-25 02:00:03,1009,0.00,,,3319,,
3747,2026-06-25,31,22.32,Pendiente,2026-06-25 01:28:08,2026-07-25 02:00:03,1114,0.00,,,5201,,
3748,2026-06-25,28,22.40,Pagado,2026-06-25 01:28:08,2026-07-22 22:08:03,1117,22.40,2026-07-22 22:08:03,111113612004634,5254,Efectivo,
3749,2026-06-25,28,22.40,Pagado,2026-06-25 01:28:08,2026-07-22 22:11:15,1118,22.40,2026-07-22 22:11:15,111113612004634,5278,Efectivo,
3750,2026-06-25,31,24.80,Pendiente,2026-06-25 01:28:08,2026-07-25 02:00:03,1121,0.00,,,5374,,
3751,2026-06-25,28,22.40,Pagado,2026-06-25 01:28:08,2026-07-22 22:06:44,1122,22.40,2026-07-22 22:06:44,111113612004634,5398,Efectivo,
3752,2026-06-25,31,74.40,Pendiente,2026-06-25 01:28:08,2026-07-25 02:00:02,1181,0.00,,,6867,,
3753,2026-06-25,31,60.76,Pendiente,2026-06-25 01:28:08,2026-07-25 02:00:02,1182,0.00,,,6893,,
3754,2026-06-25,10,8.00,Pagado,2026-06-25 01:28:08,2026-07-04 04:03:36,1188,8.00,2026-07-04 04:03:36,111113612004634,7021,Efectivo,
3755,2026-06-25,1,0.80,Pagado,2026-06-25 01:28:08,2026-06-30 05:32:51,1189,0.80,2026-06-25 22:27:46,111113612004634,7041,Efectivo,
3756,2026-06-25,31,24.80,Pendiente,2026-06-25 01:28:08,2026-07-25 02:00:02,1190,0.00,,,7061,,
3757,2026-06-25,31,80.60,Pendiente,2026-06-25 01:28:08,2026-07-25 02:00:03,1375,0.00,,,10807,,
3758,2026-06-25,31,56.21,Pendiente,2026-06-25 01:28:08,2026-07-25 02:00:03,1376,0.00,,,10850,,
3759,2026-06-25,31,80.60,Pendiente,2026-06-25 01:28:08,2026-07-25 02:00:03,1377,0.00,,,10881,,
3760,2026-06-25,31,62.83,Pendiente,2026-06-25 01:28:08,2026-07-25 02:00:03,1378,0.00,,,10901,,
3761,2026-06-25,31,60.76,Pendiente,2026-06-25 01:28:08,2026-07-25 02:00:03,1379,0.00,,,10948,,
3762,2026-06-25,31,33.07,Pendiente,2026-06-25 01:28:08,2026-07-25 02:00:03,1380,0.00,,,10997,,
3763,2026-06-25,31,60.76,Pendiente,2026-06-25 01:28:08,2026-07-25 02:00:03,1381,0.00,,,11027,,
3764,2026-06-25,31,49.60,Pendiente,2026-06-25 01:28:08,2026-07-25 02:00:03,1384,0.00,,,11101,,
3765,2026-06-25,31,55.80,Pendiente,2026-06-25 01:28:08,2026-07-25 02:00:03,1385,0.00,,,11145,,
3766,2026-06-25,8,15.49,Pagado,2026-06-25 01:28:08,2026-07-02 21:04:07,1544,15.49,2026-07-02 21:04:07,111113612004634,14787,Efectivo,
3767,2026-06-25,31,118.21,Pendiente,2026-06-25 01:28:08,2026-07-25 02:00:03,1548,0.00,,,14868,,
3768,2026-06-25,31,66.13,Pendiente,2026-06-25 01:28:08,2026-07-25 02:00:03,1624,0.00,,,15255,,
3769,2026-06-25,31,55.80,Pendiente,2026-06-25 01:28:08,2026-07-25 02:00:03,1631,0.00,,,15447,,
3770,2026-06-25,31,60.75,Pendiente,2026-06-25 01:28:08,2026-07-25 02:00:03,1633,0.00,,,15495,,
3771,2026-06-25,28,27.99,Pagado,2026-06-25 01:28:08,2026-07-22 22:09:02,1634,27.99,2026-07-22 22:09:02,111113612004634,15519,Efectivo,
3772,2026-06-25,31,42.99,Pendiente,2026-06-25 01:28:08,2026-07-25 02:00:03,1649,0.00,,,15851,,
3773,2026-06-25,31,33.07,Pendiente,2026-06-25 01:28:08,2026-07-25 02:00:03,1650,0.00,,,15903,,
3774,2026-06-25,31,24.80,Pendiente,2026-06-25 01:28:08,2026-07-25 02:00:03,1651,0.00,,,15965,,
3775,2026-06-25,1,0.80,Pagado,2026-06-25 01:28:08,2026-06-30 05:32:51,1652,0.80,2026-06-25 22:19:38,111113612004634,15941,Efectivo,
3776,2026-06-25,31,18.60,Pendiente,2026-06-25 01:28:08,2026-07-25 02:00:03,1654,0.00,,,16012,,
3777,2026-06-25,31,74.39,Pendiente,2026-06-25 01:28:08,2026-07-25 02:00:03,1655,0.00,,,16038,,
3778,2026-06-25,31,60.75,Pendiente,2026-06-25 01:28:08,2026-07-25 02:00:03,1656,0.00,,,16060,,
3779,2026-06-25,31,56.21,Pendiente,2026-06-25 01:28:08,2026-07-25 02:00:03,1657,0.00,,,16102,,
3780,2026-06-25,8,26.56,Pagado,2026-06-25 01:28:08,2026-07-02 21:02:54,1658,26.56,2026-07-02 21:02:54,111113612004634,16134,Efectivo,
3781,2026-06-25,31,60.04,Pendiente,2026-06-25 01:28:08,2026-07-25 02:00:03,1660,0.00,,,16164,,
3782,2026-06-25,31,56.21,Pendiente,2026-06-25 01:28:08,2026-07-25 02:00:03,1675,0.00,,,16481,,
3783,2026-06-25,31,74.39,Pendiente,2026-06-25 01:28:08,2026-07-25 02:00:03,1678,0.00,,,16593,,
3784,2026-06-25,31,59.52,Pendiente,2026-06-25 01:28:08,2026-07-25 02:00:03,1679,0.00,,,16617,,
3785,2026-06-25,15,20.00,Pagado,2026-06-25 01:28:08,2026-07-09 23:37:08,1681,20.00,2026-07-09 23:37:08,111113612004634,16659,Efectivo,
3786,2026-06-25,31,60.75,Pendiente,2026-06-25 01:28:08,2026-07-25 02:00:03,1705,0.00,,,17183,,
3787,2026-06-25,1,0.67,Pagado,2026-06-25 01:28:08,2026-06-25 22:28:16,1706,0.67,2026-06-25 22:28:16,111113612004634,17207,Efectivo,
3788,2026-06-25,31,80.59,Pendiente,2026-06-25 01:28:08,2026-07-25 02:00:03,1707,0.00,,,17220,,
3789,2026-06-25,31,31.00,Pendiente,2026-06-25 01:28:08,2026-07-25 02:00:03,1712,0.00,,,17312,,
3790,2026-06-25,31,24.80,Pendiente,2026-06-25 01:28:08,2026-07-25 02:00:02,1718,0.00,,,17396,,
3791,2026-06-25,31,118.19,Pendiente,2026-06-25 01:28:08,2026-07-25 02:00:02,1732,0.00,,,17675,,
3792,2026-06-25,31,89.90,Pendiente,2026-06-25 01:28:08,2026-07-25 02:00:03,1734,0.00,,,17731,,
3793,2026-06-25,31,89.90,Pendiente,2026-06-25 01:28:08,2026-07-25 02:00:03,1735,0.00,,,17747,,
3794,2026-06-25,31,49.60,Pendiente,2026-06-25 01:28:08,2026-07-25 02:00:03,1740,0.00,,,17850,,
3795,2026-06-25,31,18.60,Pendiente,2026-06-25 01:28:08,2026-07-25 02:00:03,1742,0.00,,,17888,,
3796,2026-06-25,31,18.60,Pendiente,2026-06-25 01:28:08,2026-07-25 02:00:03,1743,0.00,,,17912,,
3797,2026-06-25,31,43.40,Pendiente,2026-06-25 01:28:08,2026-07-25 02:00:03,1745,0.00,,,17960,,
3798,2026-06-25,31,66.96,Pendiente,2026-06-25 01:28:08,2026-07-25 02:00:03,1750,0.00,,,18074,,
3799,2026-06-25,28,27.99,Pagado,2026-06-25 01:28:08,2026-07-22 22:10:31,1752,27.99,2026-07-22 22:10:31,111113612004634,18116,Efectivo,
3800,2026-06-25,31,44.64,Pendiente,2026-06-25 01:28:08,2026-07-25 02:00:03,1759,0.00,,,18263,,
3801,2026-06-25,31,141.83,Pendiente,2026-06-25 01:28:08,2026-07-25 02:00:03,1761,0.00,,,18328,,
3802,2026-06-25,31,94.55,Pendiente,2026-06-25 01:28:08,2026-07-25 02:00:03,1769,0.00,,,18506,,
3803,2026-06-25,31,24.80,Pendiente,2026-06-25 01:28:08,2026-07-25 02:00:03,1770,0.00,,,18538,,
3804,2026-06-25,31,74.39,Pendiente,2026-06-25 01:28:08,2026-07-25 02:00:03,1771,0.00,,,18562,,
3805,2026-06-25,31,37.20,Pendiente,2026-06-25 01:28:08,2026-07-25 02:00:03,1774,0.00,,,18620,,
3806,2026-06-25,31,60.75,Pendiente,2026-06-25 01:28:08,2026-07-25 02:00:03,1784,0.00,,,18786,,
3807,2026-06-25,31,60.75,Pendiente,2026-06-25 01:28:08,2026-07-25 02:00:03,1785,0.00,,,18810,,
3808,2026-06-25,31,59.52,Pendiente,2026-06-25 01:28:08,2026-07-25 02:00:03,1790,0.00,,,18925,,
3809,2026-06-25,31,45.97,Pendiente,2026-06-25 01:28:08,2026-07-25 02:00:03,1798,0.00,,,19075,,
3810,2026-06-25,31,60.75,Pendiente,2026-06-25 01:28:08,2026-07-25 02:00:03,1799,0.00,,,19091,,
3811,2026-06-25,31,49.60,Pendiente,2026-06-25 01:28:08,2026-07-25 02:00:03,1800,0.00,,,19115,,
3812,2026-06-25,31,60.75,Pendiente,2026-06-25 01:28:08,2026-07-25 02:00:03,1801,0.00,,,19139,,
3813,2026-06-25,31,37.20,Pendiente,2026-06-25 01:28:08,2026-07-25 02:00:03,1802,0.00,,,19163,,
3814,2026-06-25,31,18.60,Pendiente,2026-06-25 01:28:08,2026-07-25 02:00:03,1803,0.00,,,19187,,
3815,2026-06-25,31,41.32,Pendiente,2026-06-25 01:28:08,2026-07-25 02:00:03,1809,0.00,,,19333,,
3816,2026-06-25,1,0.67,Pagado,2026-06-25 01:28:08,2026-06-25 22:18:43,1810,0.67,2026-06-25 22:18:43,111113612004634,19346,Efectivo,
3817,2026-06-25,31,80.59,Pendiente,2026-06-25 01:28:08,2026-07-25 02:00:03,1818,0.00,,,19496,,
3818,2026-06-25,31,43.40,Pendiente,2026-06-25 01:28:08,2026-07-25 02:00:02,1837,0.00,,,20017,,
3819,2026-06-25,31,20.67,Pendiente,2026-06-25 01:28:08,2026-07-25 02:00:02,1838,0.00,,,20041,,
3820,2026-06-25,31,55.80,Pendiente,2026-06-25 01:28:08,2026-07-25 02:00:03,1839,0.00,,,20054,,
3821,2026-06-25,31,18.60,Pendiente,2026-06-25 01:28:08,2026-07-25 02:00:03,1861,0.00,,,20515,,
3822,2026-06-25,28,18.67,Pagado,2026-06-25 01:28:08,2026-07-22 22:05:56,1873,18.67,2026-07-22 22:05:56,111113612004634,20732,Efectivo,
3823,2026-06-25,31,24.80,Pendiente,2026-06-25 01:28:08,2026-07-25 02:00:03,1874,0.00,,,20745,,
3824,2026-06-25,31,43.40,Pendiente,2026-06-25 01:28:08,2026-07-25 02:00:03,1882,0.00,,,20949,,
3825,2026-06-25,31,24.80,Pendiente,2026-06-25 01:28:08,2026-07-25 02:00:03,1902,0.00,,,21437,,
3826,2026-06-25,31,87.49,Pendiente,2026-06-25 01:28:08,2026-07-25 02:00:03,1906,0.00,,,21556,,
3827,2026-06-25,31,43.40,Pendiente,2026-06-25 01:28:08,2026-07-25 02:00:03,1907,0.00,,,21585,,
3828,2026-06-25,15,29.39,Pagado,2026-06-25 01:28:08,2026-07-09 23:36:28,1910,29.39,2026-07-09 23:36:28,111113612004634,21641,Efectivo,
3829,2026-06-25,31,94.55,Pendiente,2026-06-25 01:28:08,2026-07-25 02:00:03,1917,0.00,,,21790,,
3830,2026-06-25,31,43.40,Pendiente,2026-06-25 01:28:08,2026-07-25 02:00:03,1941,0.00,,,22396,,
3831,2026-06-25,31,24.80,Pendiente,2026-06-25 01:28:08,2026-07-25 02:00:03,1943,0.00,,,22452,,
3832,2026-06-26,30,50.40,Pendiente,2026-06-26 02:00:08,2026-07-25 02:00:03,894,0.00,,,1250,,
3833,2026-06-26,14,16.80,Pagado,2026-06-26 02:00:08,2026-07-09 19:52:38,903,16.80,2026-07-09 19:52:38,111113612004634,1424,Efectivo,
3834,2026-06-26,30,54.40,Pendiente,2026-06-26 02:00:08,2026-07-25 02:00:03,916,0.00,,,1785,,
3835,2026-06-26,30,54.40,Pendiente,2026-06-26 02:00:08,2026-07-25 02:00:03,918,0.00,,,1860,,
3836,2026-06-26,14,27.44,Pagado,2026-06-26 02:00:08,2026-07-09 20:51:54,927,27.44,2026-07-09 20:51:54,111113612004634,2086,Efectivo,
3837,2026-06-26,14,14.93,Pagado,2026-06-26 02:00:08,2026-07-09 20:52:23,928,14.93,2026-07-09 20:52:23,111113612004634,2118,Efectivo,
3838,2026-06-26,8,9.60,Pagado,2026-06-26 02:00:08,2026-07-03 21:07:27,931,9.60,2026-07-03 21:07:27,111113612004634,2203,Efectivo,
3839,2026-06-26,30,42.00,Pendiente,2026-06-26 02:00:08,2026-07-25 02:00:03,1143,0.00,,,5938,,
3840,2026-06-26,30,58.80,Pendiente,2026-06-26 02:00:08,2026-07-25 02:00:03,1146,0.00,,,6016,,
3841,2026-06-26,30,28.80,Pendiente,2026-06-26 02:00:08,2026-07-25 02:00:03,1196,0.00,,,7179,,
3842,2026-06-26,30,32.00,Pendiente,2026-06-26 02:00:08,2026-07-25 02:00:03,1199,0.00,,,7249,,
3843,2026-06-26,30,36.00,Pendiente,2026-06-26 02:00:08,2026-07-25 02:00:03,1200,0.00,,,7281,,
3844,2026-06-26,30,32.00,Pendiente,2026-06-26 02:00:08,2026-07-25 02:00:03,1327,0.00,,,10241,,
3845,2026-06-26,22,39.89,Pagado,2026-06-26 02:00:08,2026-07-17 21:37:22,1362,39.89,2026-07-17 21:37:22,111113612004634,10454,Efectivo,
3846,2026-06-26,30,24.00,Pendiente,2026-06-26 02:00:08,2026-07-25 02:00:03,1364,0.00,,,10520,,
3847,2026-06-26,30,24.00,Pendiente,2026-06-26 02:00:08,2026-07-25 02:00:03,1365,0.00,,,10544,,
3848,2026-06-26,30,32.00,Pendiente,2026-06-26 02:00:08,2026-07-25 02:00:03,1388,0.00,,,11252,,
3849,2026-06-26,14,43.68,Pagado,2026-06-26 02:00:08,2026-07-09 21:04:16,1391,43.68,2026-07-09 21:04:16,111113612004634,11307,Efectivo,
3850,2026-06-26,30,48.00,Pendiente,2026-06-26 02:00:08,2026-07-25 02:00:03,1395,0.00,,,11430,,
3851,2026-06-26,8,24.96,Pagado,2026-06-26 02:00:08,2026-07-03 21:09:01,1398,24.96,2026-07-03 21:09:01,111113612004634,11494,Efectivo,
3852,2026-06-26,30,60.80,Pendiente,2026-06-26 02:00:08,2026-07-25 02:00:03,1421,0.00,,,12000,,
3853,2026-06-26,28,64.51,Pagado,2026-06-26 02:00:08,2026-07-23 14:10:53,1617,64.51,2026-07-23 14:10:53,111113612004634,15129,Efectivo,
3854,2026-06-26,28,47.04,Pagado,2026-06-26 02:00:08,2026-07-23 14:17:14,1618,47.04,2026-07-23 14:17:14,111113612004634,15147,Efectivo,
3855,2026-06-26,30,61.92,Pendiente,2026-06-26 02:00:08,2026-07-25 02:00:03,1619,0.00,,,15165,,
3856,2026-06-26,30,50.40,Pendiente,2026-06-26 02:00:08,2026-07-25 02:00:03,1620,0.00,,,15183,,
3857,2026-06-26,28,26.88,Pagado,2026-06-26 02:00:08,2026-07-23 14:12:45,1621,26.88,2026-07-23 14:12:45,111113612004634,15201,Efectivo,
3858,2026-06-26,30,58.79,Pendiente,2026-06-26 02:00:08,2026-07-25 02:00:03,1625,0.00,,,15303,,
3859,2026-06-26,30,58.79,Pendiente,2026-06-26 02:00:08,2026-07-25 02:00:03,1626,0.00,,,15327,,
3860,2026-06-26,30,58.79,Pendiente,2026-06-26 02:00:08,2026-07-25 02:00:03,1627,0.00,,,15351,,
3861,2026-06-26,22,43.11,Pagado,2026-06-26 02:00:08,2026-07-17 21:36:42,1629,43.11,2026-07-17 21:36:42,111113612004634,15399,Efectivo,
3862,2026-06-26,1,1.33,Pagado,2026-06-26 02:00:08,2026-06-26 21:44:53,1635,1.33,2026-06-26 21:44:53,111113612004634,15532,Efectivo,
3863,2026-06-26,30,70.56,Pendiente,2026-06-26 02:00:08,2026-07-25 02:00:03,1663,0.00,,,16228,,
3864,2026-06-26,22,26.40,Pagado,2026-06-26 02:00:08,2026-07-17 20:14:22,1664,26.40,2026-07-17 20:14:22,111113612004634,16264,Efectivo,
3865,2026-06-26,22,42.24,Pagado,2026-06-26 02:00:08,2026-07-17 20:17:23,1665,42.24,2026-07-17 20:17:23,111113612004634,16246,Efectivo,
3866,2026-06-26,30,58.79,Pendiente,2026-06-26 02:00:08,2026-07-25 02:00:03,1666,0.00,,,16354,,
3867,2026-06-26,30,77.99,Pendiente,2026-06-26 02:00:08,2026-07-25 02:00:03,1667,0.00,,,16330,,
3868,2026-06-26,30,77.99,Pendiente,2026-06-26 02:00:08,2026-07-25 02:00:03,1668,0.00,,,16378,,
3869,2026-06-26,30,77.99,Pendiente,2026-06-26 02:00:08,2026-07-25 02:00:03,1669,0.00,,,16306,,
3870,2026-06-26,30,77.99,Pendiente,2026-06-26 02:00:08,2026-07-25 02:00:03,1670,0.00,,,16402,,
3871,2026-06-26,30,58.79,Pendiente,2026-06-26 02:00:08,2026-07-25 02:00:03,1671,0.00,,,16282,,
3872,2026-06-26,7,13.56,Pagado,2026-06-26 02:00:09,2026-07-02 21:07:36,1672,13.56,2026-07-02 21:07:36,111113612004634,16426,Efectivo,
3873,2026-06-26,30,93.60,Pendiente,2026-06-26 02:00:09,2026-07-25 02:00:03,1701,0.00,,,17068,,
3874,2026-06-26,30,29.99,Pendiente,2026-06-26 02:00:09,2026-07-25 02:00:03,1709,0.00,,,17268,,
3875,2026-06-26,30,42.00,Pendiente,2026-06-26 02:00:09,2026-07-25 02:00:03,1714,0.00,,,17336,,
3876,2026-06-26,14,14.00,Pagado,2026-06-26 02:00:09,2026-07-09 21:07:37,1721,14.00,2026-07-09 21:07:37,111113612004634,17451,Efectivo,
3877,2026-06-26,22,29.33,Pagado,2026-06-26 02:00:09,2026-07-17 21:35:40,1741,29.33,2026-07-17 21:35:40,111113612004634,17874,Efectivo,
3878,2026-06-26,30,70.56,Pendiente,2026-06-26 02:00:09,2026-07-25 02:00:03,1748,0.00,,,18032,,
3879,2026-06-26,30,70.56,Pendiente,2026-06-26 02:00:09,2026-07-25 02:00:03,1754,0.00,,,18153,,
3880,2026-06-26,30,57.60,Pendiente,2026-06-26 02:00:09,2026-07-25 02:00:03,1758,0.00,,,18245,,
3881,2026-06-26,30,51.20,Pendiente,2026-06-26 02:00:09,2026-07-25 02:00:03,1760,0.00,,,18281,,
3882,2026-06-26,30,44.49,Pendiente,2026-06-26 02:00:09,2026-07-25 02:00:03,1772,0.00,,,18586,,
3883,2026-06-26,30,70.56,Pendiente,2026-06-26 02:00:09,2026-07-25 02:00:03,1773,0.00,,,18602,,
3884,2026-06-26,30,20.00,Pendiente,2026-06-26 02:00:09,2026-07-25 02:00:03,1777,0.00,,,18680,,
3885,2026-06-26,30,29.99,Pendiente,2026-06-26 02:00:09,2026-07-25 02:00:03,1778,0.00,,,18693,,
3886,2026-06-26,30,58.10,Pendiente,2026-06-26 02:00:09,2026-07-25 02:00:03,1793,0.00,,,18979,,
3887,2026-06-26,28,18.67,Pagado,2026-06-26 02:00:09,2026-07-23 14:16:35,1813,18.67,2026-07-23 14:16:35,111113612004634,19385,Efectivo,
3888,2026-06-26,14,26.88,Pagado,2026-06-26 02:00:09,2026-07-09 21:03:46,1814,26.88,2026-07-09 21:03:46,111113612004634,19398,Efectivo,
3889,2026-06-26,30,30.00,Pendiente,2026-06-26 02:00:09,2026-07-25 02:00:03,1819,0.00,,,19520,,
3890,2026-06-26,30,71.99,Pendiente,2026-06-26 02:00:09,2026-07-25 02:00:03,1820,0.00,,,19544,,
3891,2026-06-26,30,48.00,Pendiente,2026-06-26 02:00:09,2026-07-25 02:00:03,1821,0.00,,,19568,,
3892,2026-06-26,30,42.00,Pendiente,2026-06-26 02:00:09,2026-07-25 02:00:03,1822,0.00,,,19592,,
3893,2026-06-26,30,44.49,Pendiente,2026-06-26 02:00:09,2026-07-25 02:00:03,1833,0.00,,,19913,,
3894,2026-06-26,30,48.00,Pendiente,2026-06-26 02:00:09,2026-07-25 02:00:03,1835,0.00,,,19945,,
3895,2026-06-26,30,70.56,Pendiente,2026-06-26 02:00:09,2026-07-25 02:00:03,1843,0.00,,,20130,,
3896,2026-06-26,30,43.20,Pendiente,2026-06-26 02:00:09,2026-07-25 02:00:03,1844,0.00,,,20148,,
3897,2026-06-26,30,93.60,Pendiente,2026-06-26 02:00:09,2026-07-25 02:00:03,1848,0.00,,,20240,,
3898,2026-06-26,30,53.99,Pendiente,2026-06-26 02:00:09,2026-07-25 02:00:03,1857,0.00,,,20438,,
3899,2026-06-26,30,57.60,Pendiente,2026-06-26 02:00:09,2026-07-25 02:00:03,1864,0.00,,,20603,,
3900,2026-06-26,30,50.40,Pendiente,2026-06-26 02:00:09,2026-07-25 02:00:03,1865,0.00,,,20621,,
3901,2026-06-26,30,36.00,Pendiente,2026-06-26 02:00:09,2026-07-25 02:00:03,1866,0.00,,,20639,,
3902,2026-06-26,30,36.00,Pendiente,2026-06-26 02:00:09,2026-07-25 02:00:03,1867,0.00,,,20657,,
3903,2026-06-26,30,93.60,Pendiente,2026-06-26 02:00:09,2026-07-25 02:00:03,1868,0.00,,,20675,,
3904,2026-06-26,30,73.60,Pendiente,2026-06-26 02:00:09,2026-07-25 02:00:03,1881,0.00,,,20901,,
3905,2026-06-26,30,29.99,Pendiente,2026-06-26 02:00:09,2026-07-25 02:00:03,1883,0.00,,,20973,,
3906,2026-06-26,30,24.00,Pendiente,2026-06-26 02:00:09,2026-07-25 02:00:03,1888,0.00,,,21058,,
3907,2026-06-26,8,10.66,Pagado,2026-06-26 02:00:09,2026-07-03 21:08:39,1889,10.66,2026-07-03 21:08:39,111113612004634,21082,Efectivo,
3908,2026-06-26,30,51.20,Pendiente,2026-06-26 02:00:09,2026-07-25 02:00:03,1891,0.00,,,21115,,
3909,2026-06-26,30,51.20,Pendiente,2026-06-26 02:00:09,2026-07-25 02:00:03,1892,0.00,,,21163,,
3910,2026-06-26,30,48.00,Pendiente,2026-06-26 02:00:09,2026-07-25 02:00:03,1893,0.00,,,21209,,
3911,2026-06-26,30,48.00,Pendiente,2026-06-26 02:00:09,2026-07-25 02:00:03,1894,0.00,,,21233,,
3912,2026-06-26,30,57.60,Pendiente,2026-06-26 02:00:09,2026-07-25 02:00:03,1896,0.00,,,21305,,
3913,2026-06-26,30,21.60,Pendiente,2026-06-26 02:00:09,2026-07-25 02:00:03,1900,0.00,,,21395,,
3914,2026-06-26,30,39.99,Pendiente,2026-06-26 02:00:09,2026-07-25 02:00:03,1912,0.00,,,21689,,
3915,2026-06-26,30,44.49,Pendiente,2026-06-26 02:00:09,2026-07-25 02:00:03,1913,0.00,,,21702,,
3916,2026-06-26,30,29.99,Pendiente,2026-06-26 02:00:09,2026-07-25 02:00:03,1918,0.00,,,21822,,
3917,2026-06-26,30,36.00,Pendiente,2026-06-26 02:00:09,2026-07-25 02:00:03,1919,0.00,,,21835,,
3918,2026-06-26,30,36.00,Pendiente,2026-06-26 02:00:09,2026-07-25 02:00:03,1920,0.00,,,21853,,
3919,2026-06-26,30,58.80,Pendiente,2026-06-26 02:00:09,2026-07-25 02:00:03,1922,0.00,,,21919,,
3920,2026-06-26,30,58.79,Pendiente,2026-06-26 02:00:09,2026-07-25 02:00:03,1923,0.00,,,21943,,
3921,2026-06-26,30,58.79,Pendiente,2026-06-26 02:00:09,2026-07-25 02:00:03,1924,0.00,,,21967,,
3922,2026-06-26,1,1.96,Pagado,2026-06-26 02:00:09,2026-06-26 21:44:41,1925,1.96,2026-06-26 21:44:41,111113612004634,21991,Efectivo,
3923,2026-06-26,30,30.00,Pendiente,2026-06-26 02:00:09,2026-07-25 02:00:03,1946,0.00,,,22512,,
3924,2026-06-26,30,30.00,Pendiente,2026-06-26 02:00:09,2026-07-25 02:00:03,1947,0.00,,,22536,,
3925,2026-06-26,14,20.16,Pagado,2026-06-26 02:00:09,2026-07-09 21:06:51,1951,20.16,2026-07-09 21:06:51,111113612004634,22632,Efectivo,
3926,2026-06-26,22,14.67,Pagado,2026-06-26 02:00:09,2026-07-17 20:13:49,1954,14.67,2026-07-17 20:13:49,111113612004634,22722,Efectivo,
3927,2026-06-26,30,48.00,Pendiente,2026-06-26 02:00:09,2026-07-25 02:00:03,1963,0.00,,,22888,,
3928,2026-06-27,105,35.00,Pendiente,2026-06-27 02:00:01,2026-07-25 02:00:00,947,0.00,,,23918,,
3929,2026-06-27,29,30.93,Pendiente,2026-06-27 02:00:07,2026-07-25 02:00:03,909,0.00,,,1571,,
3930,2026-06-27,29,30.93,Pendiente,2026-06-27 02:00:07,2026-07-25 02:00:03,933,0.00,,,2239,,
3931,2026-06-27,29,27.84,Pendiente,2026-06-27 02:00:07,2026-07-25 02:00:03,938,0.00,,,2360,,
3932,2026-06-27,7,6.72,Pagado,2026-06-27 02:00:07,2026-07-03 21:12:50,939,6.72,2026-07-03 21:12:50,111113612004634,2376,Efectivo,
3933,2026-06-27,29,20.88,Pendiente,2026-06-27 02:00:07,2026-07-25 02:00:03,940,0.00,,,2398,,
3934,2026-06-27,14,13.44,Pagado,2026-06-27 02:00:07,2026-07-10 19:47:49,941,13.44,2026-07-10 19:47:49,111113612004634,2416,Efectivo,
3935,2026-06-27,29,156.70,Pendiente,2026-06-27 02:00:07,2026-07-25 02:00:03,1023,0.00,,,3633,,
3936,2026-06-27,29,116.58,Pendiente,2026-06-27 02:00:07,2026-07-25 02:00:03,1025,0.00,,,3691,,
3937,2026-06-27,21,29.40,Pagado,2026-06-27 02:00:07,2026-07-17 19:36:44,1028,29.40,2026-07-17 19:36:44,111113612004634,3777,Efectivo,
3938,2026-06-27,29,46.40,Pendiente,2026-06-27 02:00:07,2026-07-25 02:00:03,1033,0.00,,,3957,,
3939,2026-06-27,29,163.22,Pendiente,2026-06-27 02:00:07,2026-07-25 02:00:03,1034,0.00,,,3990,,
3940,2026-06-27,29,30.93,Pendiente,2026-06-27 02:00:07,2026-07-25 02:00:03,1038,0.00,,,4134,,
3941,2026-06-27,29,37.12,Pendiente,2026-06-27 02:00:07,2026-07-25 02:00:03,1040,0.00,,,4193,,
3942,2026-06-27,29,55.68,Pendiente,2026-06-27 02:00:07,2026-07-25 02:00:03,1042,0.00,,,4268,,
3943,2026-06-27,29,30.93,Pendiente,2026-06-27 02:00:07,2026-07-25 02:00:03,1044,0.00,,,4347,,
3944,2026-06-27,14,36.40,Pagado,2026-06-27 02:00:07,2026-07-10 19:40:14,1045,36.40,2026-07-10 19:40:14,111113612004634,4387,Efectivo,
3945,2026-06-27,29,139.88,Pendiente,2026-06-27 02:00:07,2026-07-25 02:00:03,1047,0.00,,,4421,,
3946,2026-06-27,29,52.20,Pendiente,2026-06-27 02:00:07,2026-07-25 02:00:03,1050,0.00,,,4499,,
3947,2026-06-27,29,139.88,Pendiente,2026-06-27 02:00:07,2026-07-25 02:00:03,1148,0.00,,,6062,,
3948,2026-06-27,29,55.68,Pendiente,2026-06-27 02:00:07,2026-07-25 02:00:03,1150,0.00,,,6113,,
3949,2026-06-27,29,83.52,Pendiente,2026-06-27 02:00:07,2026-07-25 02:00:03,1152,0.00,,,6178,,
3950,2026-06-27,29,30.93,Pendiente,2026-06-27 02:00:07,2026-07-25 02:00:03,1153,0.00,,,6219,,
3951,2026-06-27,29,69.60,Pendiente,2026-06-27 02:00:07,2026-07-25 02:00:03,1154,0.00,,,6244,,
3952,2026-06-27,29,68.25,Pendiente,2026-06-27 02:00:07,2026-07-25 02:00:03,1156,0.00,,,6292,,
3953,2026-06-27,29,30.93,Pendiente,2026-06-27 02:00:07,2026-07-25 02:00:03,1157,0.00,,,6317,,
3954,2026-06-27,29,68.25,Pendiente,2026-06-27 02:00:07,2026-07-25 02:00:03,1158,0.00,,,6359,,
3955,2026-06-27,29,30.93,Pendiente,2026-06-27 02:00:07,2026-07-25 02:00:03,1159,0.00,,,6398,,
3956,2026-06-27,29,83.52,Pendiente,2026-06-27 02:00:07,2026-07-25 02:00:03,1161,0.00,,,6440,,
3957,2026-06-27,29,46.40,Pendiente,2026-06-27 02:00:07,2026-07-25 02:00:03,1162,0.00,,,6468,,
3958,2026-06-27,29,83.52,Pendiente,2026-06-27 02:00:07,2026-07-25 02:00:03,1163,0.00,,,6511,,
3959,2026-06-27,29,41.76,Pendiente,2026-06-27 02:00:07,2026-07-25 02:00:03,1166,0.00,,,6554,,
3960,2026-06-27,29,41.76,Pendiente,2026-06-27 02:00:07,2026-07-25 02:00:03,1167,0.00,,,6575,,
3961,2026-06-27,29,46.40,Pendiente,2026-06-27 02:00:07,2026-07-25 02:00:03,1175,0.00,,,6723,,
3962,2026-06-27,28,67.20,Pagado,2026-06-27 02:00:07,2026-07-24 15:29:04,1429,67.20,2026-07-24 15:29:04,111113612004634,12255,Efectivo,
3963,2026-06-27,29,69.60,Pendiente,2026-06-27 02:00:07,2026-07-25 02:00:03,1430,0.00,,,12282,,
3964,2026-06-27,29,49.49,Pendiente,2026-06-27 02:00:07,2026-07-25 02:00:03,1431,0.00,,,12308,,
3965,2026-06-27,29,56.84,Pendiente,2026-06-27 02:00:07,2026-07-25 02:00:03,1433,0.00,,,12382,,
3966,2026-06-27,21,50.40,Pagado,2026-06-27 02:00:07,2026-07-17 21:45:57,1437,50.40,2026-07-17 21:45:57,111113612004634,12532,Efectivo,
3967,2026-06-27,21,22.40,Pagado,2026-06-27 02:00:07,2026-07-17 21:48:23,1438,22.40,2026-07-17 21:48:23,111113612004634,12568,Efectivo,
3968,2026-06-27,21,29.40,Pagado,2026-06-27 02:00:07,2026-07-17 22:38:12,1439,29.40,2026-07-17 22:38:12,111113612004634,12604,Efectivo,
3969,2026-06-27,21,40.32,Pagado,2026-06-27 02:00:07,2026-07-17 22:39:50,1440,40.32,2026-07-17 22:39:50,111113612004634,12641,Efectivo,
3970,2026-06-27,29,23.20,Pendiente,2026-06-27 02:00:07,2026-07-25 02:00:03,1441,0.00,,,12676,,
3971,2026-06-27,29,30.93,Pendiente,2026-06-27 02:00:07,2026-07-25 02:00:03,1446,0.00,,,12856,,
3972,2026-06-27,29,40.60,Pendiente,2026-06-27 02:00:07,2026-07-25 02:00:03,1447,0.00,,,12897,,
3973,2026-06-27,29,24.75,Pendiente,2026-06-27 02:00:07,2026-07-25 02:00:03,1450,0.00,,,12963,,
3974,2026-06-27,29,69.60,Pendiente,2026-06-27 02:00:07,2026-07-25 02:00:03,1457,0.00,,,13142,,
3975,2026-06-27,29,30.93,Pendiente,2026-06-27 02:00:07,2026-07-25 02:00:03,1489,0.00,,,13290,,
3976,2026-06-27,29,19.33,Pendiente,2026-06-27 02:00:07,2026-07-25 02:00:03,1492,0.00,,,13381,,
3977,2026-06-27,21,101.29,Pagado,2026-06-27 02:00:07,2026-07-17 22:27:16,1493,101.29,2026-07-17 22:27:16,111113612004634,13403,Efectivo,
3978,2026-06-27,29,30.93,Pendiente,2026-06-27 02:00:07,2026-07-25 02:00:03,1495,0.00,,,13484,,
3979,2026-06-27,29,34.80,Pendiente,2026-06-27 02:00:07,2026-07-25 02:00:03,1496,0.00,,,13505,,
3980,2026-06-27,29,40.60,Pendiente,2026-06-27 02:00:07,2026-07-25 02:00:03,1502,0.00,,,13670,,
3981,2026-06-27,29,40.60,Pendiente,2026-06-27 02:00:07,2026-07-25 02:00:03,1503,0.00,,,13693,,
3982,2026-06-27,29,23.20,Pendiente,2026-06-27 02:00:07,2026-07-25 02:00:03,1506,0.00,,,13761,,
3983,2026-06-27,29,17.40,Pendiente,2026-06-27 02:00:07,2026-07-25 02:00:03,1507,0.00,,,13785,,
3984,2026-06-27,14,11.20,Pagado,2026-06-27 02:00:07,2026-07-10 19:50:11,1508,11.20,2026-07-10 19:50:11,111113612004634,13804,Efectivo,
3985,2026-06-27,7,9.80,Pagado,2026-06-27 02:00:07,2026-07-03 21:16:11,1510,9.80,2026-07-03 21:16:11,111113612004634,13854,Efectivo,
3986,2026-06-27,3,7.06,Pagado,2026-06-27 02:00:07,2026-06-29 22:02:22,1515,7.06,2026-06-29 22:02:22,111113612004634,13944,Efectivo,
3987,2026-06-27,29,90.48,Pendiente,2026-06-27 02:00:07,2026-07-25 02:00:03,1517,0.00,,,13985,,
3988,2026-06-27,29,49.49,Pendiente,2026-06-27 02:00:07,2026-07-25 02:00:03,1518,0.00,,,13998,,
3989,2026-06-27,3,3.20,Pagado,2026-06-27 02:00:07,2026-06-29 22:16:08,1520,3.20,2026-06-29 22:16:08,111113612004634,14087,Efectivo,
3990,2026-06-27,21,50.40,Pagado,2026-06-27 02:00:07,2026-07-17 19:47:50,1529,50.40,2026-07-17 19:47:50,111113612004634,14408,Efectivo,
3991,2026-06-27,29,90.48,Pendiente,2026-06-27 02:00:07,2026-07-25 02:00:03,1614,0.00,,,15080,,
3992,2026-06-27,29,41.76,Pendiente,2026-06-27 02:00:07,2026-07-25 02:00:03,1615,0.00,,,15098,,
3993,2026-06-27,29,19.33,Pendiente,2026-06-27 02:00:07,2026-07-25 02:00:03,1616,0.00,,,15116,,
3994,2026-06-27,29,69.59,Pendiente,2026-06-27 02:00:07,2026-07-25 02:00:03,1630,0.00,,,15423,,
3995,2026-06-27,29,69.59,Pendiente,2026-06-27 02:00:07,2026-07-25 02:00:03,1632,0.00,,,15471,,
3996,2026-06-27,7,5.04,Pagado,2026-06-27 02:00:07,2026-07-03 20:58:07,1636,5.04,2026-07-03 20:58:07,111113612004634,15550,Efectivo,
3997,2026-06-27,28,40.32,Pagado,2026-06-27 02:00:07,2026-07-24 17:06:13,1637,40.32,2026-07-24 17:06:13,111113612004634,15563,Efectivo,
3998,2026-06-27,28,40.32,Pagado,2026-06-27 02:00:07,2026-07-24 17:05:17,1638,40.32,2026-07-24 17:05:17,111113612004634,15581,Efectivo,
3999,2026-06-27,28,33.60,Pagado,2026-06-27 02:00:07,2026-07-24 17:09:44,1639,33.60,2026-07-24 17:09:44,111113612004634,15599,Efectivo,
4000,2026-06-27,28,20.16,Pagado,2026-06-27 02:00:07,2026-07-24 17:10:43,1640,20.16,2026-07-24 17:10:43,111113612004634,15617,Efectivo,
4001,2026-06-27,29,30.93,Pendiente,2026-06-27 02:00:07,2026-07-25 02:00:03,1644,0.00,,,15696,,
4002,2026-06-27,29,23.20,Pendiente,2026-06-27 02:00:07,2026-07-25 02:00:03,1673,0.00,,,16443,,
4003,2026-06-27,29,43.16,Pendiente,2026-06-27 02:00:07,2026-07-25 02:00:03,1684,0.00,,,16728,,
4004,2026-06-27,29,68.21,Pendiente,2026-06-27 02:00:07,2026-07-25 02:00:03,1685,0.00,,,16760,,
4005,2026-06-27,29,68.21,Pendiente,2026-06-27 02:00:07,2026-07-25 02:00:03,1686,0.00,,,16778,,
4006,2026-06-27,29,41.76,Pendiente,2026-06-27 02:00:07,2026-07-25 02:00:03,1687,0.00,,,16796,,
4007,2026-06-27,29,68.21,Pendiente,2026-06-27 02:00:07,2026-07-25 02:00:03,1688,0.00,,,16814,,
4008,2026-06-27,29,68.21,Pendiente,2026-06-27 02:00:07,2026-07-25 02:00:03,1689,0.00,,,16832,,
4009,2026-06-27,29,69.59,Pendiente,2026-06-27 02:00:07,2026-07-25 02:00:03,1690,0.00,,,16850,,
4010,2026-06-27,27,25.92,Pagado,2026-06-27 02:00:07,2026-07-23 23:37:52,1692,25.92,2026-07-23 23:37:52,111113612004634,16898,Efectivo,
4011,2026-06-27,29,56.83,Pendiente,2026-06-27 02:00:07,2026-07-25 02:00:03,1694,0.00,,,16934,,
4012,2026-06-27,14,18.66,Pagado,2026-06-27 02:00:07,2026-07-10 19:41:05,1695,18.66,2026-07-10 19:41:05,111113612004634,16958,Efectivo,
4013,2026-06-27,29,27.84,Pendiente,2026-06-27 02:00:07,2026-07-25 02:00:03,1699,0.00,,,17031,,
4014,2026-06-27,29,68.21,Pendiente,2026-06-27 02:00:07,2026-07-25 02:00:03,1715,0.00,,,17360,,
4015,2026-06-27,14,20.16,Pagado,2026-06-27 02:00:07,2026-07-10 19:43:06,1716,20.16,2026-07-10 19:43:06,111113612004634,17378,Efectivo,
4016,2026-06-27,29,34.80,Pendiente,2026-06-27 02:00:07,2026-07-25 02:00:03,1720,0.00,,,17433,,
4017,2026-06-27,29,56.83,Pendiente,2026-06-27 02:00:07,2026-07-25 02:00:03,1723,0.00,,,17501,,
4018,2026-06-27,29,29.00,Pendiente,2026-06-27 02:00:07,2026-07-25 02:00:03,1724,0.00,,,17477,,
4019,2026-06-27,29,75.39,Pendiente,2026-06-27 02:00:07,2026-07-25 02:00:03,1727,0.00,,,17562,,
4020,2026-06-27,29,23.20,Pendiente,2026-06-27 02:00:07,2026-07-25 02:00:03,1728,0.00,,,17586,,
4021,2026-06-27,29,69.59,Pendiente,2026-06-27 02:00:07,2026-07-25 02:00:03,1738,0.00,,,17794,,
4022,2026-06-27,21,62.51,Pagado,2026-06-27 02:00:07,2026-07-17 20:24:01,1739,62.51,2026-07-17 20:24:01,111113612004634,17818,Efectivo,
4023,2026-06-27,29,46.40,Pendiente,2026-06-27 02:00:07,2026-07-25 02:00:03,1749,0.00,,,18050,,
4024,2026-06-27,29,75.39,Pendiente,2026-06-27 02:00:07,2026-07-25 02:00:03,1751,0.00,,,18092,,
4025,2026-06-27,29,56.83,Pendiente,2026-06-27 02:00:07,2026-07-25 02:00:03,1753,0.00,,,18129,,
4026,2026-06-27,29,48.72,Pendiente,2026-06-27 02:00:07,2026-07-25 02:00:03,1755,0.00,,,18171,,
4027,2026-06-27,29,34.53,Pendiente,2026-06-27 02:00:07,2026-07-25 02:00:03,1756,0.00,,,18189,,
4028,2026-06-27,3,6.48,Pagado,2026-06-27 02:00:07,2026-06-29 22:17:13,1775,6.48,2026-06-29 22:17:13,111113612004634,18638,Efectivo,
4029,2026-06-27,29,41.76,Pendiente,2026-06-27 02:00:07,2026-07-25 02:00:03,1781,0.00,,,18737,,
4030,2026-06-27,29,66.82,Pendiente,2026-06-27 02:00:07,2026-07-25 02:00:03,1782,0.00,,,18755,,
4031,2026-06-27,29,40.60,Pendiente,2026-06-27 02:00:07,2026-07-25 02:00:03,1789,0.00,,,18901,,
4032,2026-06-27,27,18.00,Pagado,2026-06-27 02:00:07,2026-07-23 14:10:07,1807,18.00,2026-07-23 14:10:07,111113612004634,19272,Efectivo,
4033,2026-06-27,29,46.40,Pendiente,2026-06-27 02:00:07,2026-07-25 02:00:03,1808,0.00,,,19285,,
4034,2026-06-27,29,38.66,Pendiente,2026-06-27 02:00:07,2026-07-25 02:00:03,1817,0.00,,,19483,,
4035,2026-06-27,29,56.83,Pendiente,2026-06-27 02:00:07,2026-07-25 02:00:03,1849,0.00,,,20258,,
4036,2026-06-27,29,55.68,Pendiente,2026-06-27 02:00:07,2026-07-25 02:00:03,1850,0.00,,,20282,,
4037,2026-06-27,29,55.68,Pendiente,2026-06-27 02:00:07,2026-07-25 02:00:03,1851,0.00,,,20300,,
4038,2026-06-27,29,34.80,Pendiente,2026-06-27 02:00:07,2026-07-25 02:00:03,1854,0.00,,,20366,,
4039,2026-06-27,29,43.01,Pendiente,2026-06-27 02:00:07,2026-07-25 02:00:03,1862,0.00,,,20539,,
4040,2026-06-27,29,69.59,Pendiente,2026-06-27 02:00:07,2026-07-25 02:00:03,1877,0.00,,,20817,,
4041,2026-06-27,29,75.39,Pendiente,2026-06-27 02:00:07,2026-07-25 02:00:03,1878,0.00,,,20841,,
4042,2026-06-27,29,55.68,Pendiente,2026-06-27 02:00:07,2026-07-25 02:00:03,1879,0.00,,,20884,,
4043,2026-06-27,29,97.44,Pendiente,2026-06-27 02:00:07,2026-07-25 02:00:03,1880,0.00,,,20866,,
4044,2026-06-27,29,34.80,Pendiente,2026-06-27 02:00:07,2026-07-25 02:00:03,1890,0.00,,,21095,,
4045,2026-06-27,29,40.21,Pendiente,2026-06-27 02:00:07,2026-07-25 02:00:03,1895,0.00,,,21257,,
4046,2026-06-27,29,69.59,Pendiente,2026-06-27 02:00:07,2026-07-25 02:00:03,1901,0.00,,,21413,,
4047,2026-06-27,29,55.09,Pendiente,2026-06-27 02:00:07,2026-07-25 02:00:03,1903,0.00,,,21461,,
4048,2026-06-27,29,40.60,Pendiente,2026-06-27 02:00:07,2026-07-25 02:00:03,1904,0.00,,,21485,,
4049,2026-06-27,29,40.21,Pendiente,2026-06-27 02:00:07,2026-07-25 02:00:03,1905,0.00,,,21509,,
4050,2026-06-27,29,38.66,Pendiente,2026-06-27 02:00:07,2026-07-25 02:00:03,1908,0.00,,,21604,,
4051,2026-06-27,29,28.99,Pendiente,2026-06-27 02:00:07,2026-07-25 02:00:03,1926,0.00,,,22015,,
4052,2026-06-27,29,93.27,Pendiente,2026-06-27 02:00:07,2026-07-25 02:00:03,1930,0.00,,,22148,,
4053,2026-06-27,21,33.60,Pagado,2026-06-27 02:00:07,2026-07-17 19:36:15,1931,33.60,2026-07-17 19:36:15,111113612004634,22100,Efectivo,
4054,2026-06-27,26,27.73,Pagado,2026-06-27 02:00:07,2026-07-22 21:17:35,1932,27.73,2026-07-22 21:17:35,111113612004634,22181,Efectivo,
4055,2026-06-27,29,17.40,Pendiente,2026-06-27 02:00:07,2026-07-25 02:00:03,1955,0.00,,,22735,,
4056,2026-06-27,29,27.84,Pendiente,2026-06-27 02:00:08,2026-07-25 02:00:03,1957,0.00,,,22777,,
4057,2026-06-27,29,46.40,Pendiente,2026-06-27 02:00:08,2026-07-25 02:00:03,1958,0.00,,,22795,,
4058,2026-06-27,29,28.99,Pendiente,2026-06-27 02:00:08,2026-07-25 02:00:03,1959,0.00,,,22843,,
4059,2026-06-27,29,28.99,Pendiente,2026-06-27 02:00:08,2026-07-25 02:00:03,1960,0.00,,,22856,,
4060,2026-06-28,28,67.20,Pendiente,2026-06-28 02:00:07,2026-07-25 02:00:03,942,0.00,,,2434,,
4061,2026-06-28,28,62.49,Pendiente,2026-06-28 02:00:07,2026-07-25 02:00:03,943,0.00,,,2467,,
4062,2026-06-28,28,54.88,Pendiente,2026-06-28 02:00:07,2026-07-25 02:00:03,946,0.00,,,2538,,
4063,2026-06-28,28,29.87,Pendiente,2026-06-28 02:00:07,2026-07-25 02:00:03,1059,0.00,,,4698,,
4064,2026-06-28,20,38.40,Pagado,2026-06-28 02:00:07,2026-07-17 21:02:48,1066,38.40,2026-07-17 21:02:48,111113612004634,4824,Efectivo,
4065,2026-06-28,28,53.76,Pendiente,2026-06-28 02:00:07,2026-07-25 02:00:03,1067,0.00,,,4843,,
4066,2026-06-28,28,53.76,Pendiente,2026-06-28 02:00:07,2026-07-25 02:00:03,1069,0.00,,,4877,,
4067,2026-06-28,28,72.80,Pendiente,2026-06-28 02:00:07,2026-07-25 02:00:03,1127,0.00,,,5494,,
4068,2026-06-28,28,72.80,Pendiente,2026-06-28 02:00:07,2026-07-25 02:00:03,1129,0.00,,,5542,,
4069,2026-06-28,28,29.87,Pendiente,2026-06-28 02:00:07,2026-07-25 02:00:03,1130,0.00,,,5596,,
4070,2026-06-28,28,22.40,Pendiente,2026-06-28 02:00:07,2026-07-25 02:00:03,1131,0.00,,,5615,,
4071,2026-06-28,28,54.88,Pendiente,2026-06-28 02:00:07,2026-07-25 02:00:03,1132,0.00,,,5639,,
4072,2026-06-28,28,22.40,Pendiente,2026-06-28 02:00:07,2026-07-25 02:00:03,1134,0.00,,,5681,,
4073,2026-06-28,26,104.52,Pagado,2026-06-28 02:00:07,2026-07-23 14:59:49,1233,104.52,2026-07-23 14:59:49,111113612004634,7435,Efectivo,
4074,2026-06-28,26,50.96,Pagado,2026-06-28 02:00:07,2026-07-23 14:58:42,1234,50.96,2026-07-23 14:58:42,111113612004634,7463,Efectivo,
4075,2026-06-28,28,112.56,Pendiente,2026-06-28 02:00:07,2026-07-25 02:00:03,1237,0.00,,,7526,,
4076,2026-06-28,28,29.87,Pendiente,2026-06-28 02:00:07,2026-07-25 02:00:03,1242,0.00,,,7678,,
4077,2026-06-28,27,43.20,Pendiente,2026-06-28 02:00:07,2026-07-24 02:00:03,1244,0.00,,,7735,,
4078,2026-06-28,28,112.56,Pendiente,2026-06-28 02:00:07,2026-07-25 02:00:03,1245,0.00,,,7792,,
4079,2026-06-28,28,180.13,Pendiente,2026-06-28 02:00:07,2026-07-25 02:00:03,1246,0.00,,,7808,,
4080,2026-06-28,28,39.20,Pendiente,2026-06-28 02:00:07,2026-07-25 02:00:03,1249,0.00,,,7912,,
4081,2026-06-28,13,15.60,Pagado,2026-06-28 02:00:07,2026-07-10 19:35:54,1250,15.60,2026-07-10 19:35:54,111113612004634,7936,Efectivo,
4082,2026-06-28,28,29.87,Pendiente,2026-06-28 02:00:07,2026-07-25 02:00:03,1256,0.00,,,8083,,
4083,2026-06-28,27,51.84,Pendiente,2026-06-28 02:00:07,2026-07-24 02:00:03,1259,0.00,,,8181,,
4084,2026-06-28,28,28.00,Pendiente,2026-06-28 02:00:07,2026-07-25 02:00:03,1262,0.00,,,8269,,
4085,2026-06-28,7,11.20,Pagado,2026-06-28 02:00:07,2026-07-04 04:05:29,1263,11.20,2026-07-04 04:05:29,111113612004634,8309,Efectivo,
4086,2026-06-28,2,5.20,Pagado,2026-06-28 02:00:07,2026-06-29 21:31:43,1264,5.20,2026-06-29 21:31:43,111113612004634,8340,Efectivo,
4087,2026-06-28,2,2.13,Pagado,2026-06-28 02:00:07,2026-06-29 21:32:14,1265,2.13,2026-06-29 21:32:14,111113612004634,8378,Efectivo,
4088,2026-06-28,28,50.40,Pendiente,2026-06-28 02:00:07,2026-07-25 02:00:03,1266,0.00,,,8409,,
4089,2026-06-28,28,44.80,Pendiente,2026-06-28 02:00:07,2026-07-25 02:00:03,1268,0.00,,,8452,,
4090,2026-06-28,28,44.80,Pendiente,2026-06-28 02:00:07,2026-07-25 02:00:03,1271,0.00,,,8567,,
4091,2026-06-28,12,31.20,Pagado,2026-06-28 02:00:07,2026-07-09 20:24:23,1272,31.20,2026-07-09 20:24:23,111113612004634,8600,Efectivo,
4092,2026-06-28,28,44.80,Pendiente,2026-06-28 02:00:07,2026-07-25 02:00:03,1275,0.00,,,8699,,
4093,2026-06-28,28,135.05,Pendiente,2026-06-28 02:00:07,2026-07-25 02:00:03,1276,0.00,,,8751,,
4094,2026-06-28,28,72.80,Pendiente,2026-06-28 02:00:07,2026-07-25 02:00:03,1279,0.00,,,8844,,
4095,2026-06-28,25,45.00,Pagado,2026-06-28 02:00:07,2026-07-23 14:45:50,1282,45.00,2026-07-23 14:45:50,111113612004634,8941,Efectivo,
4096,2026-06-28,28,39.20,Pendiente,2026-06-28 02:00:07,2026-07-25 02:00:03,1284,0.00,,,8978,,
4097,2026-06-28,19,22.80,Pagado,2026-06-28 02:00:07,2026-07-16 17:47:08,1285,22.80,2026-07-16 17:47:08,111113612004634,9002,Efectivo,
4098,2026-06-28,2,2.40,Pagado,2026-06-28 02:00:07,2026-06-29 21:32:59,1286,2.40,2026-06-29 21:32:59,111113612004634,9028,Efectivo,
4099,2026-06-28,28,22.40,Pendiente,2026-06-28 02:00:07,2026-07-25 02:00:03,1288,0.00,,,9078,,
4100,2026-06-28,28,157.59,Pendiente,2026-06-28 02:00:07,2026-07-25 02:00:03,1289,0.00,,,9095,,
4101,2026-06-28,28,50.40,Pendiente,2026-06-28 02:00:07,2026-07-25 02:00:03,1290,0.00,,,9130,,
4102,2026-06-28,28,135.05,Pendiente,2026-06-28 02:00:07,2026-07-25 02:00:03,1295,0.00,,,9269,,
4103,2026-06-28,28,112.56,Pendiente,2026-06-28 02:00:07,2026-07-25 02:00:03,1296,0.00,,,9308,,
4104,2026-06-28,28,112.56,Pendiente,2026-06-28 02:00:07,2026-07-25 02:00:03,1297,0.00,,,9342,,
4105,2026-06-28,7,11.20,Pagado,2026-06-28 02:00:07,2026-07-04 04:01:22,1299,11.20,2026-07-04 04:01:22,111113612004634,9416,Efectivo,
4106,2026-06-28,28,157.59,Pendiente,2026-06-28 02:00:07,2026-07-25 02:00:03,1300,0.00,,,9439,,
4107,2026-06-28,5,12.00,Pagado,2026-06-28 02:00:07,2026-07-02 21:14:55,1306,12.00,2026-07-02 21:14:55,111113612004634,9598,Efectivo,
4108,2026-06-28,28,67.20,Pendiente,2026-06-28 02:00:07,2026-07-25 02:00:03,1307,0.00,,,9618,,
4109,2026-06-28,28,29.87,Pendiente,2026-06-28 02:00:07,2026-07-25 02:00:03,1308,0.00,,,9649,,
4110,2026-06-28,28,54.88,Pendiente,2026-06-28 02:00:07,2026-07-25 02:00:03,1309,0.00,,,9697,,
4111,2026-06-28,28,29.87,Pendiente,2026-06-28 02:00:07,2026-07-25 02:00:03,1310,0.00,,,9735,,
4112,2026-06-28,20,80.40,Pagado,2026-06-28 02:00:07,2026-07-17 19:05:38,1311,80.40,2026-07-17 19:05:38,111113612004634,9768,Efectivo,
4113,2026-06-28,28,54.88,Pendiente,2026-06-28 02:00:07,2026-07-25 02:00:03,1312,0.00,,,9796,,
4114,2026-06-28,28,29.87,Pendiente,2026-06-28 02:00:07,2026-07-25 02:00:03,1313,0.00,,,9832,,
4115,2026-06-28,28,28.00,Pendiente,2026-06-28 02:00:07,2026-07-25 02:00:03,1314,0.00,,,9873,,
4116,2026-06-28,12,16.80,Pagado,2026-06-28 02:00:07,2026-07-09 20:13:10,1315,16.80,2026-07-09 20:13:10,111113612004634,9892,Efectivo,
4117,2026-06-28,28,44.80,Pendiente,2026-06-28 02:00:07,2026-07-25 02:00:03,1319,0.00,,,9975,,
4118,2026-06-28,28,53.76,Pendiente,2026-06-28 02:00:07,2026-07-25 02:00:03,1322,0.00,,,10075,,
4119,2026-06-28,28,41.53,Pendiente,2026-06-28 02:00:07,2026-07-25 02:00:03,1557,0.00,,,15052,,
4120,2026-06-28,28,53.76,Pendiente,2026-06-28 02:00:07,2026-07-25 02:00:03,1622,0.00,,,15219,,
4121,2026-06-28,28,53.76,Pendiente,2026-06-28 02:00:07,2026-07-25 02:00:03,1623,0.00,,,15237,,
4122,2026-06-28,6,6.00,Pagado,2026-06-28 02:00:07,2026-07-03 21:14:32,1641,6.00,2026-07-03 21:14:32,111113612004634,15635,Efectivo,
4123,2026-06-28,28,22.40,Pendiente,2026-06-28 02:00:07,2026-07-25 02:00:03,1642,0.00,,,15648,,
4124,2026-06-28,28,50.40,Pendiente,2026-06-28 02:00:07,2026-07-25 02:00:03,1643,0.00,,,15672,,
4125,2026-06-28,28,81.20,Pendiente,2026-06-28 02:00:07,2026-07-25 02:00:03,1676,0.00,,,16529,,
4126,2026-06-28,12,19.20,Pagado,2026-06-28 02:00:07,2026-07-09 20:22:55,1677,19.20,2026-07-09 20:22:55,111113612004634,16545,Efectivo,
4127,2026-06-28,28,246.95,Pendiente,2026-06-28 02:00:07,2026-07-25 02:00:03,1680,0.00,,,16635,,
4128,2026-06-28,28,72.79,Pendiente,2026-06-28 02:00:07,2026-07-25 02:00:03,1682,0.00,,,16672,,
4129,2026-06-28,28,54.87,Pendiente,2026-06-28 02:00:07,2026-07-25 02:00:03,1691,0.00,,,16874,,
4130,2026-06-28,28,44.80,Pendiente,2026-06-28 02:00:07,2026-07-25 02:00:03,1696,0.00,,,16971,,
4131,2026-06-28,28,47.79,Pendiente,2026-06-28 02:00:07,2026-07-25 02:00:03,1704,0.00,,,17143,,
4132,2026-06-28,28,37.32,Pendiente,2026-06-28 02:00:07,2026-07-25 02:00:03,1719,0.00,,,17420,,
4133,2026-06-28,28,54.87,Pendiente,2026-06-28 02:00:07,2026-07-25 02:00:03,1726,0.00,,,17538,,
4134,2026-06-28,28,72.79,Pendiente,2026-06-28 02:00:07,2026-07-25 02:00:03,1729,0.00,,,17610,,
4135,2026-06-28,28,65.86,Pendiente,2026-06-28 02:00:07,2026-07-25 02:00:03,1730,0.00,,,17634,,
4136,2026-06-28,28,98.78,Pendiente,2026-06-28 02:00:07,2026-07-25 02:00:03,1733,0.00,,,17707,,
4137,2026-06-28,28,33.60,Pendiente,2026-06-28 02:00:07,2026-07-25 02:00:03,1746,0.00,,,17984,,
4138,2026-06-28,28,33.60,Pendiente,2026-06-28 02:00:07,2026-07-25 02:00:03,1747,0.00,,,18008,,
4139,2026-06-28,28,28.00,Pendiente,2026-06-28 02:00:07,2026-07-25 02:00:03,1757,0.00,,,18221,,
4140,2026-06-28,27,58.32,Pendiente,2026-06-28 02:00:07,2026-07-24 02:00:03,1762,0.00,,,18361,,
4141,2026-06-28,27,34.56,Pendiente,2026-06-28 02:00:07,2026-07-24 02:00:03,1763,0.00,,,18379,,
4142,2026-06-28,27,35.99,Pendiente,2026-06-28 02:00:07,2026-07-24 02:00:03,1764,0.00,,,18427,,
4143,2026-06-28,28,72.79,Pendiente,2026-06-28 02:00:07,2026-07-25 02:00:03,1776,0.00,,,18656,,
4144,2026-06-28,28,18.67,Pendiente,2026-06-28 02:00:07,2026-07-25 02:00:03,1783,0.00,,,18773,,
4145,2026-06-28,28,74.09,Pendiente,2026-06-28 02:00:07,2026-07-25 02:00:03,1796,0.00,,,19035,,
4146,2026-06-28,28,50.40,Pendiente,2026-06-28 02:00:07,2026-07-25 02:00:03,1804,0.00,,,19211,,
4147,2026-06-28,6,10.80,Pagado,2026-06-28 02:00:07,2026-07-03 21:13:54,1805,10.80,2026-07-03 21:13:54,111113612004634,19235,Efectivo,
4148,2026-06-28,28,27.99,Pendiente,2026-06-28 02:00:07,2026-07-25 02:00:03,1806,0.00,,,19259,,
4149,2026-06-28,25,24.99,Pagado,2026-06-28 02:00:07,2026-07-22 20:53:00,1811,24.99,2026-07-22 20:53:00,111113612004634,19359,Efectivo,
4150,2026-06-28,28,37.32,Pendiente,2026-06-28 02:00:07,2026-07-25 02:00:03,1812,0.00,,,19372,,
4151,2026-06-28,26,17.33,Pagado,2026-06-28 02:00:07,2026-07-23 14:44:05,1815,17.33,2026-07-23 14:44:05,111113612004634,19446,Efectivo,
4152,2026-06-28,28,67.19,Pendiente,2026-06-28 02:00:07,2026-07-25 02:00:03,1816,0.00,,,19459,,
4153,2026-06-28,28,22.40,Pendiente,2026-06-28 02:00:07,2026-07-25 02:00:03,1823,0.00,,,19616,,
4154,2026-06-28,28,33.60,Pendiente,2026-06-28 02:00:07,2026-07-25 02:00:03,1853,0.00,,,20342,,
4155,2026-06-28,28,54.87,Pendiente,2026-06-28 02:00:07,2026-07-25 02:00:03,1855,0.00,,,20390,,
4156,2026-06-28,28,22.40,Pendiente,2026-06-28 02:00:07,2026-07-25 02:00:03,1856,0.00,,,20414,,
4157,2026-06-28,28,67.19,Pendiente,2026-06-28 02:00:07,2026-07-25 02:00:03,1875,0.00,,,20769,,
4158,2026-06-28,28,33.60,Pendiente,2026-06-28 02:00:07,2026-07-25 02:00:03,1876,0.00,,,20793,,
4159,2026-06-28,28,40.32,Pendiente,2026-06-28 02:00:07,2026-07-25 02:00:03,1884,0.00,,,20986,,
4160,2026-06-28,28,26.88,Pendiente,2026-06-28 02:00:08,2026-07-25 02:00:03,1885,0.00,,,21004,,
4161,2026-06-28,28,47.04,Pendiente,2026-06-28 02:00:08,2026-07-25 02:00:03,1886,0.00,,,21040,,
4162,2026-06-28,28,26.88,Pendiente,2026-06-28 02:00:08,2026-07-25 02:00:03,1887,0.00,,,21022,,
4163,2026-06-28,28,53.19,Pendiente,2026-06-28 02:00:08,2026-07-25 02:00:03,1909,0.00,,,21617,,
4164,2026-06-28,28,67.19,Pendiente,2026-06-28 02:00:08,2026-07-25 02:00:03,1911,0.00,,,21665,,
4165,2026-06-28,28,54.87,Pendiente,2026-06-28 02:00:08,2026-07-25 02:00:03,1914,0.00,,,21718,,
4166,2026-06-28,28,53.19,Pendiente,2026-06-28 02:00:08,2026-07-25 02:00:03,1915,0.00,,,21742,,
4167,2026-06-28,28,22.40,Pendiente,2026-06-28 02:00:08,2026-07-25 02:00:03,1916,0.00,,,21766,,
4168,2026-06-28,28,44.80,Pendiente,2026-06-28 02:00:08,2026-07-25 02:00:03,1921,0.00,,,21871,,
4169,2026-06-28,7,18.20,Pagado,2026-06-28 02:00:08,2026-07-04 04:00:17,1927,18.20,2026-07-04 04:00:17,111113612004634,22028,Efectivo,
4170,2026-06-28,25,30.00,Pagado,2026-06-28 02:00:08,2026-07-22 20:52:13,1928,30.00,2026-07-22 20:52:13,111113612004634,22052,Efectivo,
4171,2026-06-28,28,33.60,Pendiente,2026-06-28 02:00:08,2026-07-25 02:00:03,1929,0.00,,,22076,,
4172,2026-06-28,28,54.23,Pendiente,2026-06-28 02:00:08,2026-07-25 02:00:03,1933,0.00,,,22229,,
4173,2026-06-28,28,44.80,Pendiente,2026-06-28 02:00:08,2026-07-25 02:00:03,1936,0.00,,,22293,,
4174,2026-06-28,28,67.19,Pendiente,2026-06-28 02:00:08,2026-07-25 02:00:03,1937,0.00,,,22317,,
4175,2026-06-28,28,50.40,Pendiente,2026-06-28 02:00:08,2026-07-25 02:00:03,1938,0.00,,,22341,,
4176,2026-06-28,28,73.92,Pendiente,2026-06-28 02:00:08,2026-07-25 02:00:03,1939,0.00,,,22365,,
4177,2026-06-28,28,54.87,Pendiente,2026-06-28 02:00:08,2026-07-25 02:00:03,1948,0.00,,,22560,,
4178,2026-06-28,28,61.59,Pendiente,2026-06-28 02:00:08,2026-07-25 02:00:03,1949,0.00,,,22584,,
4179,2026-06-28,28,72.79,Pendiente,2026-06-28 02:00:08,2026-07-25 02:00:03,1950,0.00,,,22608,,
4180,2026-06-28,28,54.87,Pendiente,2026-06-28 02:00:08,2026-07-25 02:00:03,1952,0.00,,,22650,,
4181,2026-06-28,28,29.87,Pendiente,2026-06-28 02:00:08,2026-07-25 02:00:03,1953,0.00,,,22674,,
4182,2026-07-01,25,49.00,Pendiente,2026-07-01 02:00:04,2026-07-25 02:00:03,852,0.00,,,15771,,
4183,2026-07-01,25,26.67,Pendiente,2026-07-01 02:00:04,2026-07-25 02:00:03,853,0.00,,,80,,
4184,2026-07-01,23,24.53,Pagado,2026-07-01 02:00:04,2026-07-23 23:20:06,855,24.53,2026-07-23 23:20:06,111113612004634,175,Efectivo,
4185,2026-07-01,25,21.33,Pendiente,2026-07-01 02:00:04,2026-07-25 02:00:03,858,0.00,,,248,,
4186,2026-07-01,9,5.40,Pagado,2026-07-01 02:00:04,2026-07-09 19:14:34,869,5.40,2026-07-09 19:14:34,111113612004634,537,Efectivo,
4187,2026-07-01,17,13.60,Pagado,2026-07-01 02:00:04,2026-07-17 19:17:00,870,13.60,2026-07-17 19:17:00,111113612004634,560,Efectivo,
4188,2026-07-01,25,15.00,Pendiente,2026-07-01 02:00:04,2026-07-25 02:00:03,1021,0.00,,,3583,,
4189,2026-07-01,22,43.12,Pagado,2026-07-01 02:00:04,2026-07-22 21:16:06,1400,43.12,2026-07-22 21:16:06,111113612004634,11532,Efectivo,
4190,2026-07-01,22,43.12,Pagado,2026-07-01 02:00:04,2026-07-22 21:10:26,1401,43.12,2026-07-22 21:10:26,111113612004634,11556,Efectivo,
4191,2026-07-01,22,43.12,Pagado,2026-07-01 02:00:04,2026-07-22 21:18:30,1402,43.12,2026-07-22 21:18:30,111113612004634,11580,Efectivo,
4192,2026-07-01,22,43.12,Pagado,2026-07-01 02:00:04,2026-07-22 21:14:18,1403,43.12,2026-07-22 21:14:18,111113612004634,11604,Efectivo,
4193,2026-07-01,22,43.12,Pagado,2026-07-01 02:00:04,2026-07-22 21:19:52,1404,43.12,2026-07-22 21:19:52,111113612004634,11628,Efectivo,
4194,2026-07-01,2,3.60,Pagado,2026-07-01 02:00:04,2026-07-02 21:10:45,1405,3.60,2026-07-02 21:10:45,111113612004634,11658,Efectivo,
4195,2026-07-01,22,17.60,Pagado,2026-07-01 02:00:04,2026-07-22 21:22:41,1406,17.60,2026-07-22 21:22:41,111113612004634,11675,Efectivo,
4196,2026-07-01,22,17.60,Pagado,2026-07-01 02:00:04,2026-07-22 21:21:22,1407,17.60,2026-07-22 21:21:22,111113612004634,11699,Efectivo,
4197,2026-07-01,25,49.00,Pendiente,2026-07-01 02:00:04,2026-07-25 02:00:03,1412,0.00,,,11790,,
4198,2026-07-01,25,49.00,Pendiente,2026-07-01 02:00:04,2026-07-25 02:00:03,1415,0.00,,,11851,,
4199,2026-07-01,24,47.04,Pagado,2026-07-01 02:00:04,2026-07-24 16:42:24,1416,47.04,2026-07-24 16:42:24,111113612004634,11875,Efectivo,
4200,2026-07-01,25,49.00,Pendiente,2026-07-01 02:00:04,2026-07-25 02:00:03,1417,0.00,,,11899,,
4201,2026-07-01,25,48.99,Pendiente,2026-07-01 02:00:04,2026-07-25 02:00:03,1645,0.00,,,15746,,
4202,2026-07-01,25,30.00,Pendiente,2026-07-01 02:00:04,2026-07-25 02:00:03,1647,0.00,,,15815,,
4203,2026-07-01,8,11.86,Pagado,2026-07-01 02:00:04,2026-07-08 22:56:10,1674,11.86,2026-07-08 22:56:10,111113612004634,16466,Efectivo,
4204,2026-07-01,25,37.21,Pendiente,2026-07-01 02:00:04,2026-07-25 02:00:03,1683,0.00,,,16697,,
4205,2026-07-01,25,24.00,Pendiente,2026-07-01 02:00:04,2026-07-25 02:00:03,1693,0.00,,,16917,,
4206,2026-07-01,25,24.00,Pendiente,2026-07-01 02:00:04,2026-07-25 02:00:03,1698,0.00,,,17014,,
4207,2026-07-01,25,45.00,Pendiente,2026-07-01 02:00:04,2026-07-25 02:00:03,1702,0.00,,,17087,,
4208,2026-07-01,9,8.64,Pagado,2026-07-01 02:00:04,2026-07-09 20:46:34,1711,8.64,2026-07-09 20:46:34,111113612004634,17295,Efectivo,
4209,2026-07-01,25,24.00,Pendiente,2026-07-01 02:00:04,2026-07-25 02:00:03,1736,0.00,,,17764,,
4210,2026-07-01,9,6.00,Pagado,2026-07-01 02:00:04,2026-07-09 19:14:06,1737,6.00,2026-07-09 19:14:06,111113612004634,17782,Efectivo,
4211,2026-07-01,25,20.00,Pendiente,2026-07-01 02:00:04,2026-07-25 02:00:03,1744,0.00,,,17937,,
4212,2026-07-01,25,30.00,Pendiente,2026-07-01 02:00:04,2026-07-25 02:00:03,1765,0.00,,,18441,,
4213,2026-07-01,25,33.33,Pendiente,2026-07-01 02:00:04,2026-07-25 02:00:03,1766,0.00,,,18465,,
4214,2026-07-01,25,24.99,Pendiente,2026-07-01 02:00:04,2026-07-25 02:00:03,1767,0.00,,,18478,,
4215,2026-07-01,25,37.08,Pendiente,2026-07-01 02:00:04,2026-07-25 02:00:03,1768,0.00,,,18491,,
4216,2026-07-01,25,18.00,Pendiente,2026-07-01 02:00:04,2026-07-25 02:00:03,1779,0.00,,,18707,,
4217,2026-07-01,25,16.67,Pendiente,2026-07-01 02:00:04,2026-07-25 02:00:03,1780,0.00,,,18725,,
4218,2026-07-01,10,19.60,Pagado,2026-07-01 02:00:04,2026-07-10 19:42:04,1786,19.60,2026-07-10 19:42:04,111113612004634,18836,Efectivo,
4219,2026-07-01,25,25.00,Pendiente,2026-07-01 02:00:04,2026-07-25 02:00:03,1787,0.00,,,18860,,
4220,2026-07-01,25,24.00,Pendiente,2026-07-01 02:00:04,2026-07-25 02:00:03,1788,0.00,,,18884,,
4221,2026-07-01,25,24.00,Pendiente,2026-07-01 02:00:04,2026-07-25 02:00:03,1791,0.00,,,18944,,
4222,2026-07-01,25,36.00,Pendiente,2026-07-01 02:00:04,2026-07-25 02:00:03,1792,0.00,,,18962,,
4223,2026-07-01,25,30.00,Pendiente,2026-07-01 02:00:04,2026-07-25 02:00:03,1794,0.00,,,18996,,
4224,2026-07-01,25,48.42,Pendiente,2026-07-01 02:00:04,2026-07-25 02:00:03,1795,0.00,,,19020,,
4225,2026-07-01,25,37.08,Pendiente,2026-07-01 02:00:04,2026-07-25 02:00:03,1797,0.00,,,19060,,
4226,2026-07-01,25,37.08,Pendiente,2026-07-01 02:00:04,2026-07-25 02:00:03,1834,0.00,,,19930,,
4227,2026-07-01,25,35.00,Pendiente,2026-07-01 02:00:04,2026-07-25 02:00:03,1836,0.00,,,19994,,
4228,2026-07-01,25,48.00,Pendiente,2026-07-01 02:00:04,2026-07-25 02:00:03,1840,0.00,,,20079,,
4229,2026-07-01,25,48.00,Pendiente,2026-07-01 02:00:04,2026-07-25 02:00:03,1841,0.00,,,20097,,
4230,2026-07-01,25,37.08,Pendiente,2026-07-01 02:00:04,2026-07-25 02:00:03,1842,0.00,,,20115,,
4231,2026-07-01,25,20.00,Pendiente,2026-07-01 02:00:04,2026-07-25 02:00:03,1845,0.00,,,20169,,
4232,2026-07-01,25,15.00,Pendiente,2026-07-01 02:00:04,2026-07-25 02:00:03,1852,0.00,,,20319,,
4233,2026-07-01,25,48.00,Pendiente,2026-07-01 02:00:04,2026-07-25 02:00:03,1858,0.00,,,20462,,
4234,2026-07-01,25,54.00,Pendiente,2026-07-01 02:00:04,2026-07-25 02:00:03,1859,0.00,,,20480,,
4235,2026-07-01,25,48.00,Pendiente,2026-07-01 02:00:04,2026-07-25 02:00:03,1860,0.00,,,20498,,
4236,2026-07-01,22,23.47,Pagado,2026-07-01 02:00:04,2026-07-22 21:12:26,1863,23.47,2026-07-22 21:12:26,111113612004634,20556,Efectivo,
4237,2026-07-01,25,16.67,Pendiente,2026-07-01 02:00:04,2026-07-25 02:00:03,1869,0.00,,,20694,,
4238,2026-07-01,25,16.67,Pendiente,2026-07-01 02:00:04,2026-07-25 02:00:03,1870,0.00,,,20707,,
4239,2026-07-01,25,16.67,Pendiente,2026-07-01 02:00:04,2026-07-25 02:00:03,1871,0.00,,,20720,,
4240,2026-07-01,25,20.00,Pendiente,2026-07-01 02:00:04,2026-07-25 02:00:03,1897,0.00,,,21324,,
4241,2026-07-01,25,15.00,Pendiente,2026-07-01 02:00:04,2026-07-25 02:00:03,1898,0.00,,,21348,,
4242,2026-07-01,25,25.00,Pendiente,2026-07-01 02:00:04,2026-07-25 02:00:03,1899,0.00,,,21372,,
4243,2026-07-01,25,30.00,Pendiente,2026-07-01 02:00:04,2026-07-25 02:00:03,1934,0.00,,,22270,,
4244,2026-07-01,25,40.00,Pendiente,2026-07-01 02:00:04,2026-07-25 02:00:03,1935,0.00,,,22246,,
4245,2026-07-01,25,16.67,Pendiente,2026-07-01 02:00:04,2026-07-25 02:00:03,1940,0.00,,,22384,,
4246,2026-07-01,25,37.21,Pendiente,2026-07-01 02:00:04,2026-07-25 02:00:03,1942,0.00,,,22421,,
4247,2026-07-01,25,24.00,Pendiente,2026-07-01 02:00:04,2026-07-25 02:00:03,1944,0.00,,,22477,,
4248,2026-07-01,25,24.00,Pendiente,2026-07-01 02:00:04,2026-07-25 02:00:03,1945,0.00,,,22495,,
4249,2026-07-01,25,24.00,Pendiente,2026-07-01 02:00:04,2026-07-25 02:00:03,1956,0.00,,,22760,,
4250,2026-07-01,25,20.00,Pendiente,2026-07-01 02:00:04,2026-07-25 02:00:03,1965,0.00,,,22974,,
4251,2026-07-01,25,48.99,Pendiente,2026-07-01 02:00:04,2026-07-25 02:00:03,1966,0.00,,,22998,,
4252,2026-07-02,24,40.95,Pendiente,2026-07-02 02:00:04,2026-07-25 02:00:03,876,0.00,,,733,,
4253,2026-07-02,24,52.80,Pendiente,2026-07-02 02:00:04,2026-07-25 02:00:03,877,0.00,,,781,,
4254,2026-07-02,15,29.40,Pagado,2026-07-02 02:00:04,2026-07-16 23:49:27,878,29.40,2026-07-16 23:49:27,111113612004634,795,Efectivo,
4255,2026-07-02,15,16.00,Pagado,2026-07-02 02:00:04,2026-07-16 23:50:35,879,16.00,2026-07-16 23:50:35,111113612004634,823,Efectivo,
4256,2026-07-02,24,47.04,Pendiente,2026-07-02 02:00:04,2026-07-25 02:00:03,880,0.00,,,869,,
4257,2026-07-02,24,33.60,Pendiente,2026-07-02 02:00:04,2026-07-25 02:00:03,883,0.00,,,939,,
4258,2026-07-02,24,25.60,Pendiente,2026-07-02 02:00:04,2026-07-25 02:00:03,884,0.00,,,972,,
4259,2026-07-02,24,38.40,Pendiente,2026-07-02 02:00:04,2026-07-25 02:00:03,887,0.00,,,1072,,
4260,2026-07-02,24,19.20,Pendiente,2026-07-02 02:00:04,2026-07-25 02:00:03,892,0.00,,,1208,,
4261,2026-07-02,24,19.20,Pendiente,2026-07-02 02:00:04,2026-07-25 02:00:03,893,0.00,,,1231,,
4262,2026-07-02,24,33.60,Pendiente,2026-07-02 02:00:04,2026-07-25 02:00:03,984,0.00,,,2786,,
4263,2026-07-02,1,1.96,Pagado,2026-07-02 02:00:04,2026-07-02 21:13:36,986,1.96,2026-07-02 21:13:36,111113612004634,2822,Efectivo,
4264,2026-07-02,24,36.00,Pendiente,2026-07-02 02:00:04,2026-07-25 02:00:03,990,0.00,,,2899,,
4265,2026-07-02,24,25.60,Pendiente,2026-07-02 02:00:04,2026-07-25 02:00:03,992,0.00,,,2944,,
4266,2026-07-02,24,46.08,Pendiente,2026-07-02 02:00:04,2026-07-25 02:00:03,1002,0.00,,,3152,,
4267,2026-07-02,24,38.40,Pendiente,2026-07-02 02:00:04,2026-07-25 02:00:03,1009,0.00,,,3320,,
4268,2026-07-02,24,17.28,Pendiente,2026-07-02 02:00:04,2026-07-25 02:00:03,1114,0.00,,,5202,,
4269,2026-07-02,21,16.80,Pagado,2026-07-02 02:00:04,2026-07-22 22:08:12,1117,16.80,2026-07-22 22:08:12,111113612004634,5255,Efectivo,
4270,2026-07-02,21,16.80,Pagado,2026-07-02 02:00:04,2026-07-22 22:11:23,1118,16.80,2026-07-22 22:11:23,111113612004634,5279,Efectivo,
4271,2026-07-02,24,19.20,Pendiente,2026-07-02 02:00:04,2026-07-25 02:00:03,1121,0.00,,,5375,,
4272,2026-07-02,21,16.80,Pagado,2026-07-02 02:00:04,2026-07-22 22:06:53,1122,16.80,2026-07-22 22:06:53,111113612004634,5399,Efectivo,
4273,2026-07-02,24,57.60,Pendiente,2026-07-02 02:00:04,2026-07-25 02:00:03,1181,0.00,,,6868,,
4274,2026-07-02,24,47.04,Pendiente,2026-07-02 02:00:04,2026-07-25 02:00:03,1182,0.00,,,6894,,
4275,2026-07-02,3,2.40,Pagado,2026-07-02 02:00:04,2026-07-04 04:03:49,1188,2.40,2026-07-04 04:03:49,111113612004634,7022,Efectivo,
4276,2026-07-02,24,19.20,Pendiente,2026-07-02 02:00:04,2026-07-25 02:00:03,1190,0.00,,,7062,,
4277,2026-07-02,24,62.40,Pendiente,2026-07-02 02:00:04,2026-07-25 02:00:03,1375,0.00,,,10808,,
4278,2026-07-02,24,43.52,Pendiente,2026-07-02 02:00:04,2026-07-25 02:00:03,1376,0.00,,,10851,,
4279,2026-07-02,24,62.40,Pendiente,2026-07-02 02:00:04,2026-07-25 02:00:03,1377,0.00,,,10882,,
4280,2026-07-02,24,48.64,Pendiente,2026-07-02 02:00:04,2026-07-25 02:00:03,1378,0.00,,,10902,,
4281,2026-07-02,24,47.04,Pendiente,2026-07-02 02:00:04,2026-07-25 02:00:03,1379,0.00,,,10949,,
4282,2026-07-02,24,25.60,Pendiente,2026-07-02 02:00:04,2026-07-25 02:00:03,1380,0.00,,,10998,,
4283,2026-07-02,24,47.04,Pendiente,2026-07-02 02:00:04,2026-07-25 02:00:03,1381,0.00,,,11028,,
4284,2026-07-02,24,38.40,Pendiente,2026-07-02 02:00:04,2026-07-25 02:00:03,1384,0.00,,,11102,,
4285,2026-07-02,24,43.20,Pendiente,2026-07-02 02:00:04,2026-07-25 02:00:03,1385,0.00,,,11146,,
4286,2026-07-02,1,1.94,Pagado,2026-07-02 02:00:04,2026-07-02 21:04:27,1544,1.94,2026-07-02 21:04:27,111113612004634,14788,Efectivo,
4287,2026-07-02,24,91.52,Pendiente,2026-07-02 02:00:04,2026-07-25 02:00:03,1548,0.00,,,14869,,
4288,2026-07-02,24,51.20,Pendiente,2026-07-02 02:00:04,2026-07-25 02:00:03,1624,0.00,,,15256,,
4289,2026-07-02,24,43.20,Pendiente,2026-07-02 02:00:04,2026-07-25 02:00:03,1631,0.00,,,15448,,
4290,2026-07-02,24,47.03,Pendiente,2026-07-02 02:00:04,2026-07-25 02:00:03,1633,0.00,,,15496,,
4291,2026-07-02,21,20.99,Pagado,2026-07-02 02:00:04,2026-07-22 22:09:09,1634,20.99,2026-07-22 22:09:09,111113612004634,15520,Efectivo,
4292,2026-07-02,24,33.28,Pendiente,2026-07-02 02:00:04,2026-07-25 02:00:03,1649,0.00,,,15852,,
4293,2026-07-02,24,25.60,Pendiente,2026-07-02 02:00:04,2026-07-25 02:00:03,1650,0.00,,,15904,,
4294,2026-07-02,24,19.20,Pendiente,2026-07-02 02:00:04,2026-07-25 02:00:03,1651,0.00,,,15966,,
4295,2026-07-02,24,14.40,Pendiente,2026-07-02 02:00:04,2026-07-25 02:00:03,1654,0.00,,,16013,,
4296,2026-07-02,24,57.59,Pendiente,2026-07-02 02:00:04,2026-07-25 02:00:03,1655,0.00,,,16039,,
4297,2026-07-02,24,47.03,Pendiente,2026-07-02 02:00:04,2026-07-25 02:00:03,1656,0.00,,,16061,,
4298,2026-07-02,24,43.52,Pendiente,2026-07-02 02:00:04,2026-07-25 02:00:03,1657,0.00,,,16103,,
4299,2026-07-02,1,3.32,Pagado,2026-07-02 02:00:04,2026-07-02 21:03:14,1658,3.32,2026-07-02 21:03:14,111113612004634,16135,Efectivo,
4300,2026-07-02,24,46.48,Pendiente,2026-07-02 02:00:04,2026-07-25 02:00:03,1660,0.00,,,16165,,
4301,2026-07-02,24,43.52,Pendiente,2026-07-02 02:00:04,2026-07-25 02:00:03,1675,0.00,,,16482,,
4302,2026-07-02,24,57.59,Pendiente,2026-07-02 02:00:04,2026-07-25 02:00:03,1678,0.00,,,16594,,
4303,2026-07-02,24,46.08,Pendiente,2026-07-02 02:00:04,2026-07-25 02:00:03,1679,0.00,,,16618,,
4304,2026-07-02,8,10.66,Pagado,2026-07-02 02:00:04,2026-07-09 23:37:45,1681,10.66,2026-07-09 23:37:45,111113612004634,16660,Efectivo,
4305,2026-07-02,24,47.03,Pendiente,2026-07-02 02:00:04,2026-07-25 02:00:03,1705,0.00,,,17184,,
4306,2026-07-02,24,16.00,Pendiente,2026-07-02 02:00:04,2026-07-25 02:00:03,1706,0.00,,,17208,,
4307,2026-07-02,24,62.39,Pendiente,2026-07-02 02:00:04,2026-07-25 02:00:03,1707,0.00,,,17221,,
4308,2026-07-02,24,24.00,Pendiente,2026-07-02 02:00:04,2026-07-25 02:00:03,1712,0.00,,,17313,,
4309,2026-07-02,24,19.20,Pendiente,2026-07-02 02:00:04,2026-07-25 02:00:03,1718,0.00,,,17397,,
4310,2026-07-02,24,91.50,Pendiente,2026-07-02 02:00:04,2026-07-25 02:00:03,1732,0.00,,,17676,,
4311,2026-07-02,24,69.60,Pendiente,2026-07-02 02:00:04,2026-07-25 02:00:03,1734,0.00,,,17732,,
4312,2026-07-02,24,69.60,Pendiente,2026-07-02 02:00:04,2026-07-25 02:00:03,1735,0.00,,,17748,,
4313,2026-07-02,24,38.40,Pendiente,2026-07-02 02:00:04,2026-07-25 02:00:03,1740,0.00,,,17851,,
4314,2026-07-02,24,14.40,Pendiente,2026-07-02 02:00:04,2026-07-25 02:00:03,1742,0.00,,,17889,,
4315,2026-07-02,24,14.40,Pendiente,2026-07-02 02:00:04,2026-07-25 02:00:03,1743,0.00,,,17913,,
4316,2026-07-02,24,33.60,Pendiente,2026-07-02 02:00:04,2026-07-25 02:00:03,1745,0.00,,,17961,,
4317,2026-07-02,24,51.84,Pendiente,2026-07-02 02:00:04,2026-07-25 02:00:03,1750,0.00,,,18075,,
4318,2026-07-02,21,20.99,Pagado,2026-07-02 02:00:04,2026-07-22 22:10:39,1752,20.99,2026-07-22 22:10:39,111113612004634,18117,Efectivo,
4319,2026-07-02,24,34.56,Pendiente,2026-07-02 02:00:04,2026-07-25 02:00:03,1759,0.00,,,18264,,
4320,2026-07-02,24,109.80,Pendiente,2026-07-02 02:00:04,2026-07-25 02:00:03,1761,0.00,,,18329,,
4321,2026-07-02,24,73.20,Pendiente,2026-07-02 02:00:04,2026-07-25 02:00:03,1769,0.00,,,18507,,
4322,2026-07-02,24,19.20,Pendiente,2026-07-02 02:00:04,2026-07-25 02:00:03,1770,0.00,,,18539,,
4323,2026-07-02,24,57.59,Pendiente,2026-07-02 02:00:04,2026-07-25 02:00:03,1771,0.00,,,18563,,
4324,2026-07-02,24,28.80,Pendiente,2026-07-02 02:00:04,2026-07-25 02:00:03,1774,0.00,,,18621,,
4325,2026-07-02,24,47.03,Pendiente,2026-07-02 02:00:04,2026-07-25 02:00:03,1784,0.00,,,18787,,
4326,2026-07-02,24,47.03,Pendiente,2026-07-02 02:00:04,2026-07-25 02:00:03,1785,0.00,,,18811,,
4327,2026-07-02,24,46.08,Pendiente,2026-07-02 02:00:04,2026-07-25 02:00:03,1790,0.00,,,18926,,
4328,2026-07-02,24,35.59,Pendiente,2026-07-02 02:00:04,2026-07-25 02:00:03,1798,0.00,,,19076,,
4329,2026-07-02,24,47.03,Pendiente,2026-07-02 02:00:04,2026-07-25 02:00:03,1799,0.00,,,19092,,
4330,2026-07-02,24,38.40,Pendiente,2026-07-02 02:00:04,2026-07-25 02:00:03,1800,0.00,,,19116,,
4331,2026-07-02,24,47.03,Pendiente,2026-07-02 02:00:04,2026-07-25 02:00:03,1801,0.00,,,19140,,
4332,2026-07-02,24,28.80,Pendiente,2026-07-02 02:00:04,2026-07-25 02:00:03,1802,0.00,,,19164,,
4333,2026-07-02,24,14.40,Pendiente,2026-07-02 02:00:04,2026-07-25 02:00:03,1803,0.00,,,19188,,
4334,2026-07-02,24,31.99,Pendiente,2026-07-02 02:00:04,2026-07-25 02:00:03,1809,0.00,,,19334,,
4335,2026-07-02,24,16.00,Pendiente,2026-07-02 02:00:04,2026-07-25 02:00:03,1810,0.00,,,19347,,
4336,2026-07-02,24,62.39,Pendiente,2026-07-02 02:00:04,2026-07-25 02:00:03,1818,0.00,,,19497,,
4337,2026-07-02,24,33.60,Pendiente,2026-07-02 02:00:04,2026-07-25 02:00:03,1837,0.00,,,20018,,
4338,2026-07-02,24,16.00,Pendiente,2026-07-02 02:00:04,2026-07-25 02:00:03,1838,0.00,,,20042,,
4339,2026-07-02,24,43.20,Pendiente,2026-07-02 02:00:04,2026-07-25 02:00:03,1839,0.00,,,20055,,
4340,2026-07-02,24,14.40,Pendiente,2026-07-02 02:00:04,2026-07-25 02:00:03,1861,0.00,,,20516,,
4341,2026-07-02,21,14.00,Pagado,2026-07-02 02:00:04,2026-07-22 22:06:03,1873,14.00,2026-07-22 22:06:03,111113612004634,20733,Efectivo,
4342,2026-07-02,24,19.20,Pendiente,2026-07-02 02:00:04,2026-07-25 02:00:03,1874,0.00,,,20746,,
4343,2026-07-02,24,33.60,Pendiente,2026-07-02 02:00:04,2026-07-25 02:00:03,1882,0.00,,,20950,,
4344,2026-07-02,24,19.20,Pendiente,2026-07-02 02:00:04,2026-07-25 02:00:03,1902,0.00,,,21438,,
4345,2026-07-02,24,67.74,Pendiente,2026-07-02 02:00:04,2026-07-25 02:00:03,1906,0.00,,,21557,,
4346,2026-07-02,24,33.60,Pendiente,2026-07-02 02:00:04,2026-07-25 02:00:03,1907,0.00,,,21586,,
4347,2026-07-02,8,15.68,Pagado,2026-07-02 02:00:04,2026-07-09 23:36:38,1910,15.68,2026-07-09 23:36:38,111113612004634,21642,Efectivo,
4348,2026-07-02,24,73.20,Pendiente,2026-07-02 02:00:04,2026-07-25 02:00:03,1917,0.00,,,21791,,
4349,2026-07-02,24,33.60,Pendiente,2026-07-02 02:00:04,2026-07-25 02:00:03,1941,0.00,,,22397,,
4350,2026-07-02,24,19.20,Pendiente,2026-07-02 02:00:04,2026-07-25 02:00:03,1943,0.00,,,22453,,
4351,2026-07-02,24,34.56,Pendiente,2026-07-02 02:00:04,2026-07-25 02:00:03,1969,0.00,,,23070,,
4352,2026-07-02,24,34.56,Pendiente,2026-07-02 02:00:04,2026-07-25 02:00:03,1970,0.00,,,23088,,
4353,2026-07-02,24,23.04,Pendiente,2026-07-02 02:00:04,2026-07-25 02:00:03,1971,0.00,,,23106,,
4354,2026-07-02,24,34.56,Pendiente,2026-07-02 02:00:04,2026-07-25 02:00:03,1972,0.00,,,23124,,
4355,2026-07-02,24,17.28,Pendiente,2026-07-02 02:00:04,2026-07-25 02:00:03,1973,0.00,,,23142,,
4356,2026-07-02,24,17.28,Pendiente,2026-07-02 02:00:04,2026-07-25 02:00:03,1974,0.00,,,23160,,
4357,2026-07-02,24,28.80,Pendiente,2026-07-02 02:00:04,2026-07-25 02:00:03,1991,0.00,,,23555,,
4358,2026-07-02,24,17.28,Pendiente,2026-07-02 02:00:04,2026-07-25 02:00:03,1992,0.00,,,23573,,
4359,2026-07-02,24,28.80,Pendiente,2026-07-02 02:00:04,2026-07-25 02:00:03,1993,0.00,,,23591,,
4360,2026-07-02,24,17.28,Pendiente,2026-07-02 02:00:04,2026-07-25 02:00:03,1994,0.00,,,23609,,
4361,2026-07-03,23,38.64,Pendiente,2026-07-03 02:00:04,2026-07-25 02:00:03,894,0.00,,,1251,,
4362,2026-07-03,7,8.40,Pagado,2026-07-03 02:00:04,2026-07-09 19:52:50,903,8.40,2026-07-09 19:52:50,111113612004634,1425,Efectivo,
4363,2026-07-03,23,41.71,Pendiente,2026-07-03 02:00:04,2026-07-25 02:00:03,916,0.00,,,1786,,
4364,2026-07-03,23,41.71,Pendiente,2026-07-03 02:00:04,2026-07-25 02:00:03,918,0.00,,,1861,,
4365,2026-07-03,7,13.72,Pagado,2026-07-03 02:00:04,2026-07-09 20:52:11,927,13.72,2026-07-09 20:52:11,111113612004634,2087,Efectivo,
4366,2026-07-03,7,7.47,Pagado,2026-07-03 02:00:04,2026-07-09 20:52:31,928,7.47,2026-07-09 20:52:31,111113612004634,2119,Efectivo,
4367,2026-07-03,1,1.20,Pagado,2026-07-03 02:00:04,2026-07-03 21:07:37,931,1.20,2026-07-03 21:07:37,111113612004634,2204,Efectivo,
4368,2026-07-03,23,32.20,Pendiente,2026-07-03 02:00:04,2026-07-25 02:00:03,1143,0.00,,,5939,,
4369,2026-07-03,23,45.08,Pendiente,2026-07-03 02:00:04,2026-07-25 02:00:03,1146,0.00,,,6017,,
4370,2026-07-03,23,22.08,Pendiente,2026-07-03 02:00:04,2026-07-25 02:00:03,1196,0.00,,,7180,,
4371,2026-07-03,23,24.53,Pendiente,2026-07-03 02:00:04,2026-07-25 02:00:03,1199,0.00,,,7250,,
4372,2026-07-03,23,27.60,Pendiente,2026-07-03 02:00:04,2026-07-25 02:00:03,1200,0.00,,,7282,,
4373,2026-07-03,23,24.53,Pendiente,2026-07-03 02:00:04,2026-07-25 02:00:03,1327,0.00,,,10242,,
4374,2026-07-03,15,27.20,Pagado,2026-07-03 02:00:04,2026-07-17 21:37:32,1362,27.20,2026-07-17 21:37:32,111113612004634,10455,Efectivo,
4375,2026-07-03,23,18.40,Pendiente,2026-07-03 02:00:04,2026-07-25 02:00:03,1364,0.00,,,10521,,
4376,2026-07-03,23,18.40,Pendiente,2026-07-03 02:00:04,2026-07-25 02:00:03,1365,0.00,,,10545,,
4377,2026-07-03,23,24.53,Pendiente,2026-07-03 02:00:04,2026-07-25 02:00:03,1388,0.00,,,11253,,
4378,2026-07-03,7,21.84,Pagado,2026-07-03 02:00:04,2026-07-09 21:04:27,1391,21.84,2026-07-09 21:04:27,111113612004634,11308,Efectivo,
4379,2026-07-03,23,36.80,Pendiente,2026-07-03 02:00:04,2026-07-25 02:00:03,1395,0.00,,,11431,,
4380,2026-07-03,1,3.12,Pagado,2026-07-03 02:00:04,2026-07-03 21:09:19,1398,3.12,2026-07-03 21:09:19,111113612004634,11495,Efectivo,
4381,2026-07-03,23,46.61,Pendiente,2026-07-03 02:00:04,2026-07-25 02:00:03,1421,0.00,,,12001,,
4382,2026-07-03,21,48.38,Pagado,2026-07-03 02:00:04,2026-07-23 14:11:05,1617,48.38,2026-07-23 14:11:05,111113612004634,15130,Efectivo,
4383,2026-07-03,21,35.28,Pagado,2026-07-03 02:00:04,2026-07-23 14:17:22,1618,35.28,2026-07-23 14:17:22,111113612004634,15148,Efectivo,
4384,2026-07-03,23,47.47,Pendiente,2026-07-03 02:00:04,2026-07-25 02:00:03,1619,0.00,,,15166,,
4385,2026-07-03,23,38.64,Pendiente,2026-07-03 02:00:04,2026-07-25 02:00:03,1620,0.00,,,15184,,
4386,2026-07-03,21,20.16,Pagado,2026-07-03 02:00:04,2026-07-23 14:13:01,1621,20.16,2026-07-23 14:13:01,111113612004634,15202,Efectivo,
4387,2026-07-03,23,45.07,Pendiente,2026-07-03 02:00:04,2026-07-25 02:00:03,1625,0.00,,,15304,,
4388,2026-07-03,23,45.07,Pendiente,2026-07-03 02:00:04,2026-07-25 02:00:03,1626,0.00,,,15328,,
4389,2026-07-03,23,45.07,Pendiente,2026-07-03 02:00:04,2026-07-25 02:00:04,1627,0.00,,,15352,,
4390,2026-07-03,23,45.07,Pendiente,2026-07-03 02:00:04,2026-07-25 02:00:04,1628,0.00,,,15376,,
4391,2026-07-03,15,29.39,Pagado,2026-07-03 02:00:04,2026-07-17 21:36:51,1629,29.39,2026-07-17 21:36:51,111113612004634,15400,Efectivo,
4392,2026-07-03,23,54.10,Pendiente,2026-07-03 02:00:04,2026-07-25 02:00:04,1663,0.00,,,16229,,
4393,2026-07-03,15,18.00,Pagado,2026-07-03 02:00:04,2026-07-17 20:14:31,1664,18.00,2026-07-17 20:14:31,111113612004634,16265,Efectivo,
4394,2026-07-03,15,28.80,Pagado,2026-07-03 02:00:04,2026-07-17 20:17:29,1665,28.80,2026-07-17 20:17:29,111113612004634,16247,Efectivo,
4395,2026-07-03,23,45.07,Pendiente,2026-07-03 02:00:04,2026-07-25 02:00:04,1666,0.00,,,16355,,
4396,2026-07-03,23,59.79,Pendiente,2026-07-03 02:00:04,2026-07-25 02:00:04,1667,0.00,,,16331,,
4397,2026-07-03,23,59.79,Pendiente,2026-07-03 02:00:04,2026-07-25 02:00:04,1668,0.00,,,16379,,
4398,2026-07-03,23,59.79,Pendiente,2026-07-03 02:00:04,2026-07-25 02:00:04,1669,0.00,,,16307,,
4399,2026-07-03,23,59.79,Pendiente,2026-07-03 02:00:04,2026-07-25 02:00:04,1670,0.00,,,16403,,
4400,2026-07-03,23,45.07,Pendiente,2026-07-03 02:00:04,2026-07-25 02:00:04,1671,0.00,,,16283,,
4401,2026-07-03,23,71.76,Pendiente,2026-07-03 02:00:04,2026-07-25 02:00:04,1701,0.00,,,17069,,
4402,2026-07-03,23,22.99,Pendiente,2026-07-03 02:00:04,2026-07-25 02:00:04,1709,0.00,,,17269,,
4403,2026-07-03,23,32.20,Pendiente,2026-07-03 02:00:04,2026-07-25 02:00:04,1714,0.00,,,17337,,
4404,2026-07-03,7,7.00,Pagado,2026-07-03 02:00:04,2026-07-09 21:07:47,1721,7.00,2026-07-09 21:07:47,111113612004634,17452,Efectivo,
4405,2026-07-03,15,20.00,Pagado,2026-07-03 02:00:04,2026-07-17 21:35:48,1741,20.00,2026-07-17 21:35:48,111113612004634,17875,Efectivo,
4406,2026-07-03,23,54.10,Pendiente,2026-07-03 02:00:04,2026-07-25 02:00:04,1748,0.00,,,18033,,
4407,2026-07-03,23,54.10,Pendiente,2026-07-03 02:00:04,2026-07-25 02:00:04,1754,0.00,,,18154,,
4408,2026-07-03,23,44.16,Pendiente,2026-07-03 02:00:04,2026-07-25 02:00:04,1758,0.00,,,18246,,
4409,2026-07-03,23,39.25,Pendiente,2026-07-03 02:00:04,2026-07-25 02:00:04,1760,0.00,,,18282,,
4410,2026-07-03,23,34.11,Pendiente,2026-07-03 02:00:04,2026-07-25 02:00:04,1772,0.00,,,18587,,
4411,2026-07-03,23,54.10,Pendiente,2026-07-03 02:00:04,2026-07-25 02:00:04,1773,0.00,,,18603,,
4412,2026-07-03,23,15.33,Pendiente,2026-07-03 02:00:04,2026-07-25 02:00:04,1777,0.00,,,18681,,
4413,2026-07-03,23,22.99,Pendiente,2026-07-03 02:00:04,2026-07-25 02:00:04,1778,0.00,,,18694,,
4414,2026-07-03,23,44.54,Pendiente,2026-07-03 02:00:04,2026-07-25 02:00:04,1793,0.00,,,18980,,
4415,2026-07-03,21,14.00,Pagado,2026-07-03 02:00:04,2026-07-23 14:16:43,1813,14.00,2026-07-23 14:16:43,111113612004634,19386,Efectivo,
4416,2026-07-03,7,13.44,Pagado,2026-07-03 02:00:04,2026-07-09 21:03:56,1814,13.44,2026-07-09 21:03:56,111113612004634,19399,Efectivo,
4417,2026-07-03,23,23.00,Pendiente,2026-07-03 02:00:04,2026-07-25 02:00:04,1819,0.00,,,19521,,
4418,2026-07-03,23,55.19,Pendiente,2026-07-03 02:00:04,2026-07-25 02:00:04,1820,0.00,,,19545,,
4419,2026-07-03,23,36.80,Pendiente,2026-07-03 02:00:04,2026-07-25 02:00:04,1821,0.00,,,19569,,
4420,2026-07-03,23,32.20,Pendiente,2026-07-03 02:00:04,2026-07-25 02:00:04,1822,0.00,,,19593,,
4421,2026-07-03,23,34.11,Pendiente,2026-07-03 02:00:04,2026-07-25 02:00:04,1833,0.00,,,19914,,
4422,2026-07-03,23,36.80,Pendiente,2026-07-03 02:00:04,2026-07-25 02:00:04,1835,0.00,,,19946,,
4423,2026-07-03,23,54.10,Pendiente,2026-07-03 02:00:04,2026-07-25 02:00:04,1843,0.00,,,20131,,
4424,2026-07-03,23,33.12,Pendiente,2026-07-03 02:00:04,2026-07-25 02:00:04,1844,0.00,,,20149,,
4425,2026-07-03,23,71.76,Pendiente,2026-07-03 02:00:04,2026-07-25 02:00:04,1848,0.00,,,20241,,
4426,2026-07-03,23,41.40,Pendiente,2026-07-03 02:00:04,2026-07-25 02:00:04,1857,0.00,,,20439,,
4427,2026-07-03,23,44.16,Pendiente,2026-07-03 02:00:04,2026-07-25 02:00:04,1864,0.00,,,20604,,
4428,2026-07-03,23,38.64,Pendiente,2026-07-03 02:00:04,2026-07-25 02:00:04,1865,0.00,,,20622,,
4429,2026-07-03,23,27.60,Pendiente,2026-07-03 02:00:04,2026-07-25 02:00:04,1866,0.00,,,20640,,
4430,2026-07-03,23,27.60,Pendiente,2026-07-03 02:00:04,2026-07-25 02:00:04,1867,0.00,,,20658,,
4431,2026-07-03,23,71.76,Pendiente,2026-07-03 02:00:04,2026-07-25 02:00:04,1868,0.00,,,20676,,
4432,2026-07-03,23,56.43,Pendiente,2026-07-03 02:00:04,2026-07-25 02:00:04,1881,0.00,,,20902,,
4433,2026-07-03,23,22.99,Pendiente,2026-07-03 02:00:04,2026-07-25 02:00:04,1883,0.00,,,20974,,
4434,2026-07-03,23,18.40,Pendiente,2026-07-03 02:00:04,2026-07-25 02:00:04,1888,0.00,,,21059,,
4435,2026-07-03,1,1.33,Pagado,2026-07-03 02:00:04,2026-07-03 21:08:49,1889,1.33,2026-07-03 21:08:49,111113612004634,21083,Efectivo,
4436,2026-07-03,23,39.25,Pendiente,2026-07-03 02:00:04,2026-07-25 02:00:04,1891,0.00,,,21116,,
4437,2026-07-03,23,39.25,Pendiente,2026-07-03 02:00:04,2026-07-25 02:00:04,1892,0.00,,,21164,,
4438,2026-07-03,23,36.80,Pendiente,2026-07-03 02:00:04,2026-07-25 02:00:04,1893,0.00,,,21210,,
4439,2026-07-03,23,36.80,Pendiente,2026-07-03 02:00:04,2026-07-25 02:00:04,1894,0.00,,,21234,,
4440,2026-07-03,23,44.16,Pendiente,2026-07-03 02:00:04,2026-07-25 02:00:04,1896,0.00,,,21306,,
4441,2026-07-03,23,16.56,Pendiente,2026-07-03 02:00:04,2026-07-25 02:00:04,1900,0.00,,,21396,,
4442,2026-07-03,23,30.66,Pendiente,2026-07-03 02:00:04,2026-07-25 02:00:04,1912,0.00,,,21690,,
4443,2026-07-03,23,34.11,Pendiente,2026-07-03 02:00:04,2026-07-25 02:00:04,1913,0.00,,,21703,,
4444,2026-07-03,23,22.99,Pendiente,2026-07-03 02:00:04,2026-07-25 02:00:04,1918,0.00,,,21823,,
4445,2026-07-03,23,27.60,Pendiente,2026-07-03 02:00:04,2026-07-25 02:00:04,1919,0.00,,,21836,,
4446,2026-07-03,23,27.60,Pendiente,2026-07-03 02:00:04,2026-07-25 02:00:04,1920,0.00,,,21854,,
4447,2026-07-03,23,45.08,Pendiente,2026-07-03 02:00:04,2026-07-25 02:00:04,1922,0.00,,,21920,,
4448,2026-07-03,23,45.07,Pendiente,2026-07-03 02:00:04,2026-07-25 02:00:04,1923,0.00,,,21944,,
4449,2026-07-03,23,45.07,Pendiente,2026-07-03 02:00:04,2026-07-25 02:00:04,1924,0.00,,,21968,,
4450,2026-07-03,23,23.00,Pendiente,2026-07-03 02:00:04,2026-07-25 02:00:04,1946,0.00,,,22513,,
4451,2026-07-03,23,23.00,Pendiente,2026-07-03 02:00:04,2026-07-25 02:00:04,1947,0.00,,,22537,,
4452,2026-07-03,7,10.08,Pagado,2026-07-03 02:00:04,2026-07-09 21:07:01,1951,10.08,2026-07-09 21:07:01,111113612004634,22633,Efectivo,
4453,2026-07-03,15,10.00,Pagado,2026-07-03 02:00:04,2026-07-17 20:13:57,1954,10.00,2026-07-17 20:13:57,111113612004634,22723,Efectivo,
4454,2026-07-03,23,71.76,Pendiente,2026-07-03 02:00:04,2026-07-25 02:00:04,1962,0.00,,,22870,,
4455,2026-07-03,23,36.80,Pendiente,2026-07-03 02:00:04,2026-07-25 02:00:04,1963,0.00,,,22889,,
4456,2026-07-03,23,44.54,Pendiente,2026-07-03 02:00:04,2026-07-25 02:00:04,1979,0.00,,,23282,,
4457,2026-07-03,23,44.54,Pendiente,2026-07-03 02:00:04,2026-07-25 02:00:04,1980,0.00,,,23298,,
4458,2026-07-03,23,30.66,Pendiente,2026-07-03 02:00:04,2026-07-25 02:00:04,1987,0.00,,,23422,,
4459,2026-07-04,22,23.47,Pendiente,2026-07-04 02:00:07,2026-07-25 02:00:04,909,0.00,,,1572,,
4460,2026-07-04,22,23.47,Pendiente,2026-07-04 02:00:07,2026-07-25 02:00:04,933,0.00,,,2240,,
4461,2026-07-04,22,21.12,Pendiente,2026-07-04 02:00:07,2026-07-25 02:00:04,938,0.00,,,2361,,
4462,2026-07-04,22,15.84,Pendiente,2026-07-04 02:00:07,2026-07-25 02:00:04,940,0.00,,,2399,,
4463,2026-07-04,7,6.72,Pagado,2026-07-04 02:00:07,2026-07-10 19:47:58,941,6.72,2026-07-10 19:47:58,111113612004634,2417,Efectivo,
4464,2026-07-04,22,118.87,Pendiente,2026-07-04 02:00:07,2026-07-25 02:00:04,1023,0.00,,,3634,,
4465,2026-07-04,22,88.44,Pendiente,2026-07-04 02:00:07,2026-07-25 02:00:04,1025,0.00,,,3692,,
4466,2026-07-04,14,19.60,Pagado,2026-07-04 02:00:07,2026-07-17 19:36:52,1028,19.60,2026-07-17 19:36:52,111113612004634,3778,Efectivo,
4467,2026-07-04,22,35.20,Pendiente,2026-07-04 02:00:07,2026-07-25 02:00:04,1033,0.00,,,3958,,
4468,2026-07-04,22,123.82,Pendiente,2026-07-04 02:00:07,2026-07-25 02:00:04,1034,0.00,,,3991,,
4469,2026-07-04,22,23.47,Pendiente,2026-07-04 02:00:07,2026-07-25 02:00:04,1038,0.00,,,4135,,
4470,2026-07-04,22,28.16,Pendiente,2026-07-04 02:00:07,2026-07-25 02:00:04,1040,0.00,,,4194,,
4471,2026-07-04,22,42.24,Pendiente,2026-07-04 02:00:07,2026-07-25 02:00:04,1042,0.00,,,4269,,
4472,2026-07-04,22,23.47,Pendiente,2026-07-04 02:00:07,2026-07-25 02:00:04,1044,0.00,,,4348,,
4473,2026-07-04,7,18.20,Pagado,2026-07-04 02:00:07,2026-07-10 19:40:24,1045,18.20,2026-07-10 19:40:24,111113612004634,4388,Efectivo,
4474,2026-07-04,22,106.11,Pendiente,2026-07-04 02:00:07,2026-07-25 02:00:04,1047,0.00,,,4422,,
4475,2026-07-04,22,39.60,Pendiente,2026-07-04 02:00:07,2026-07-25 02:00:04,1050,0.00,,,4500,,
4476,2026-07-04,22,106.11,Pendiente,2026-07-04 02:00:07,2026-07-25 02:00:04,1148,0.00,,,6063,,
4477,2026-07-04,22,42.24,Pendiente,2026-07-04 02:00:07,2026-07-25 02:00:04,1150,0.00,,,6114,,
4478,2026-07-04,22,63.36,Pendiente,2026-07-04 02:00:07,2026-07-25 02:00:04,1152,0.00,,,6179,,
4479,2026-07-04,22,23.47,Pendiente,2026-07-04 02:00:07,2026-07-25 02:00:04,1153,0.00,,,6220,,
4480,2026-07-04,22,52.80,Pendiente,2026-07-04 02:00:07,2026-07-25 02:00:04,1154,0.00,,,6245,,
4481,2026-07-04,22,51.77,Pendiente,2026-07-04 02:00:07,2026-07-25 02:00:04,1156,0.00,,,6293,,
4482,2026-07-04,22,23.47,Pendiente,2026-07-04 02:00:07,2026-07-25 02:00:04,1157,0.00,,,6318,,
4483,2026-07-04,22,51.77,Pendiente,2026-07-04 02:00:07,2026-07-25 02:00:04,1158,0.00,,,6360,,
4484,2026-07-04,22,23.47,Pendiente,2026-07-04 02:00:07,2026-07-25 02:00:04,1159,0.00,,,6399,,
4485,2026-07-04,22,63.36,Pendiente,2026-07-04 02:00:07,2026-07-25 02:00:04,1161,0.00,,,6441,,
4486,2026-07-04,22,35.20,Pendiente,2026-07-04 02:00:07,2026-07-25 02:00:04,1162,0.00,,,6469,,
4487,2026-07-04,22,31.68,Pendiente,2026-07-04 02:00:07,2026-07-25 02:00:04,1166,0.00,,,6555,,
4488,2026-07-04,22,31.68,Pendiente,2026-07-04 02:00:07,2026-07-25 02:00:04,1167,0.00,,,6576,,
4489,2026-07-04,22,35.20,Pendiente,2026-07-04 02:00:07,2026-07-25 02:00:04,1175,0.00,,,6724,,
4490,2026-07-04,21,50.40,Pagado,2026-07-04 02:00:07,2026-07-24 15:29:11,1429,50.40,2026-07-24 15:29:11,111113612004634,12256,Efectivo,
4491,2026-07-04,22,52.80,Pendiente,2026-07-04 02:00:07,2026-07-25 02:00:04,1430,0.00,,,12283,,
4492,2026-07-04,22,37.55,Pendiente,2026-07-04 02:00:07,2026-07-25 02:00:04,1431,0.00,,,12309,,
4493,2026-07-04,22,43.12,Pendiente,2026-07-04 02:00:07,2026-07-25 02:00:04,1433,0.00,,,12383,,
4494,2026-07-04,14,33.60,Pagado,2026-07-04 02:00:07,2026-07-17 21:47:06,1437,33.60,2026-07-17 21:47:06,111113612004634,12533,Efectivo,
4495,2026-07-04,14,14.93,Pagado,2026-07-04 02:00:07,2026-07-17 21:48:30,1438,14.93,2026-07-17 21:48:30,111113612004634,12569,Efectivo,
4496,2026-07-04,14,19.60,Pagado,2026-07-04 02:00:07,2026-07-17 22:38:20,1439,19.60,2026-07-17 22:38:20,111113612004634,12605,Efectivo,
4497,2026-07-04,14,26.88,Pagado,2026-07-04 02:00:07,2026-07-17 22:39:58,1440,26.88,2026-07-17 22:39:58,111113612004634,12642,Efectivo,
4498,2026-07-04,22,17.60,Pendiente,2026-07-04 02:00:07,2026-07-25 02:00:04,1441,0.00,,,12677,,
4499,2026-07-04,22,23.47,Pendiente,2026-07-04 02:00:07,2026-07-25 02:00:04,1446,0.00,,,12857,,
4500,2026-07-04,22,18.77,Pendiente,2026-07-04 02:00:07,2026-07-25 02:00:04,1450,0.00,,,12964,,
4501,2026-07-04,22,52.80,Pendiente,2026-07-04 02:00:07,2026-07-25 02:00:04,1457,0.00,,,13143,,
4502,2026-07-04,22,23.47,Pendiente,2026-07-04 02:00:07,2026-07-25 02:00:04,1489,0.00,,,13291,,
4503,2026-07-04,14,67.53,Pagado,2026-07-04 02:00:07,2026-07-17 22:27:25,1493,67.53,2026-07-17 22:27:25,111113612004634,13404,Efectivo,
4504,2026-07-04,22,23.47,Pendiente,2026-07-04 02:00:07,2026-07-25 02:00:04,1495,0.00,,,13485,,
4505,2026-07-04,22,26.40,Pendiente,2026-07-04 02:00:07,2026-07-25 02:00:04,1496,0.00,,,13506,,
4506,2026-07-04,22,30.80,Pendiente,2026-07-04 02:00:07,2026-07-25 02:00:04,1502,0.00,,,13671,,
4507,2026-07-04,22,30.80,Pendiente,2026-07-04 02:00:07,2026-07-25 02:00:04,1503,0.00,,,13694,,
4508,2026-07-04,22,17.60,Pendiente,2026-07-04 02:00:07,2026-07-25 02:00:04,1506,0.00,,,13762,,
4509,2026-07-04,22,13.20,Pendiente,2026-07-04 02:00:07,2026-07-25 02:00:04,1507,0.00,,,13786,,
4510,2026-07-04,7,5.60,Pagado,2026-07-04 02:00:07,2026-07-10 19:50:22,1508,5.60,2026-07-10 19:50:22,111113612004634,13805,Efectivo,
4511,2026-07-04,22,37.55,Pendiente,2026-07-04 02:00:07,2026-07-25 02:00:04,1518,0.00,,,13999,,
4512,2026-07-04,14,33.60,Pagado,2026-07-04 02:00:07,2026-07-17 19:47:59,1529,33.60,2026-07-17 19:47:59,111113612004634,14409,Efectivo,
4513,2026-07-04,22,42.24,Pendiente,2026-07-04 02:00:07,2026-07-25 02:00:04,1533,0.00,,,14503,,
4514,2026-07-04,22,51.77,Pendiente,2026-07-04 02:00:07,2026-07-25 02:00:04,1535,0.00,,,14557,,
4515,2026-07-04,22,68.64,Pendiente,2026-07-04 02:00:07,2026-07-25 02:00:04,1614,0.00,,,15081,,
4516,2026-07-04,22,31.68,Pendiente,2026-07-04 02:00:07,2026-07-25 02:00:04,1615,0.00,,,15099,,
4517,2026-07-04,22,14.67,Pendiente,2026-07-04 02:00:07,2026-07-25 02:00:04,1616,0.00,,,15117,,
4518,2026-07-04,22,52.79,Pendiente,2026-07-04 02:00:07,2026-07-25 02:00:04,1630,0.00,,,15424,,
4519,2026-07-04,22,52.79,Pendiente,2026-07-04 02:00:07,2026-07-25 02:00:04,1632,0.00,,,15472,,
4520,2026-07-04,21,30.24,Pagado,2026-07-04 02:00:07,2026-07-24 17:06:21,1637,30.24,2026-07-24 17:06:21,111113612004634,15564,Efectivo,
4521,2026-07-04,21,30.24,Pagado,2026-07-04 02:00:07,2026-07-24 17:05:23,1638,30.24,2026-07-24 17:05:23,111113612004634,15582,Efectivo,
4522,2026-07-04,21,25.20,Pagado,2026-07-04 02:00:07,2026-07-24 17:09:51,1639,25.20,2026-07-24 17:09:51,111113612004634,15600,Efectivo,
4523,2026-07-04,21,15.12,Pagado,2026-07-04 02:00:07,2026-07-24 17:10:49,1640,15.12,2026-07-24 17:10:49,111113612004634,15618,Efectivo,
4524,2026-07-04,22,23.47,Pendiente,2026-07-04 02:00:07,2026-07-25 02:00:04,1644,0.00,,,15697,,
4525,2026-07-04,22,17.60,Pendiente,2026-07-04 02:00:07,2026-07-25 02:00:04,1673,0.00,,,16444,,
4526,2026-07-04,22,32.74,Pendiente,2026-07-04 02:00:07,2026-07-25 02:00:04,1684,0.00,,,16729,,
4527,2026-07-04,22,51.74,Pendiente,2026-07-04 02:00:07,2026-07-25 02:00:04,1685,0.00,,,16761,,
4528,2026-07-04,22,51.74,Pendiente,2026-07-04 02:00:07,2026-07-25 02:00:04,1686,0.00,,,16779,,
4529,2026-07-04,22,31.68,Pendiente,2026-07-04 02:00:08,2026-07-25 02:00:04,1687,0.00,,,16797,,
4530,2026-07-04,22,51.74,Pendiente,2026-07-04 02:00:08,2026-07-25 02:00:04,1688,0.00,,,16815,,
4531,2026-07-04,22,51.74,Pendiente,2026-07-04 02:00:08,2026-07-25 02:00:04,1689,0.00,,,16833,,
4532,2026-07-04,22,52.79,Pendiente,2026-07-04 02:00:08,2026-07-25 02:00:04,1690,0.00,,,16851,,
4533,2026-07-04,20,19.20,Pagado,2026-07-04 02:00:08,2026-07-23 23:38:02,1692,19.20,2026-07-23 23:38:02,111113612004634,16899,Efectivo,
4534,2026-07-04,22,43.11,Pendiente,2026-07-04 02:00:08,2026-07-25 02:00:04,1694,0.00,,,16935,,
4535,2026-07-04,7,9.33,Pagado,2026-07-04 02:00:08,2026-07-10 19:41:14,1695,9.33,2026-07-10 19:41:14,111113612004634,16959,Efectivo,
4536,2026-07-04,22,68.64,Pendiente,2026-07-04 02:00:08,2026-07-25 02:00:04,1697,0.00,,,16996,,
4537,2026-07-04,22,21.12,Pendiente,2026-07-04 02:00:08,2026-07-25 02:00:04,1699,0.00,,,17032,,
4538,2026-07-04,22,51.74,Pendiente,2026-07-04 02:00:08,2026-07-25 02:00:04,1715,0.00,,,17361,,
4539,2026-07-04,7,10.08,Pagado,2026-07-04 02:00:08,2026-07-10 19:43:18,1716,10.08,2026-07-10 19:43:18,111113612004634,17379,Efectivo,
4540,2026-07-04,22,26.40,Pendiente,2026-07-04 02:00:08,2026-07-25 02:00:04,1720,0.00,,,17434,,
4541,2026-07-04,22,43.11,Pendiente,2026-07-04 02:00:08,2026-07-25 02:00:04,1723,0.00,,,17502,,
4542,2026-07-04,22,22.00,Pendiente,2026-07-04 02:00:08,2026-07-25 02:00:04,1724,0.00,,,17478,,
4543,2026-07-04,22,57.19,Pendiente,2026-07-04 02:00:08,2026-07-25 02:00:04,1727,0.00,,,17563,,
4544,2026-07-04,22,17.60,Pendiente,2026-07-04 02:00:08,2026-07-25 02:00:04,1728,0.00,,,17587,,
4545,2026-07-04,22,52.79,Pendiente,2026-07-04 02:00:08,2026-07-25 02:00:04,1738,0.00,,,17795,,
4546,2026-07-04,14,41.67,Pagado,2026-07-04 02:00:08,2026-07-17 20:24:25,1739,41.67,2026-07-17 20:24:25,111113612004634,17819,Efectivo,
4547,2026-07-04,22,35.20,Pendiente,2026-07-04 02:00:08,2026-07-25 02:00:04,1749,0.00,,,18051,,
4548,2026-07-04,22,57.19,Pendiente,2026-07-04 02:00:08,2026-07-25 02:00:04,1751,0.00,,,18093,,
4549,2026-07-04,22,43.11,Pendiente,2026-07-04 02:00:08,2026-07-25 02:00:04,1753,0.00,,,18130,,
4550,2026-07-04,22,36.96,Pendiente,2026-07-04 02:00:08,2026-07-25 02:00:04,1755,0.00,,,18172,,
4551,2026-07-04,22,26.19,Pendiente,2026-07-04 02:00:08,2026-07-25 02:00:04,1756,0.00,,,18190,,
4552,2026-07-04,22,31.68,Pendiente,2026-07-04 02:00:08,2026-07-25 02:00:04,1781,0.00,,,18738,,
4553,2026-07-04,22,50.69,Pendiente,2026-07-04 02:00:08,2026-07-25 02:00:04,1782,0.00,,,18756,,
4554,2026-07-04,22,30.80,Pendiente,2026-07-04 02:00:08,2026-07-25 02:00:04,1789,0.00,,,18902,,
4555,2026-07-04,20,13.33,Pagado,2026-07-04 02:00:08,2026-07-23 14:10:19,1807,13.33,2026-07-23 14:10:19,111113612004634,19273,Efectivo,
4556,2026-07-04,22,35.20,Pendiente,2026-07-04 02:00:08,2026-07-25 02:00:04,1808,0.00,,,19286,,
4557,2026-07-04,22,29.33,Pendiente,2026-07-04 02:00:08,2026-07-25 02:00:04,1817,0.00,,,19484,,
4558,2026-07-04,22,23.47,Pendiente,2026-07-04 02:00:08,2026-07-25 02:00:04,1832,0.00,,,19891,,
4559,2026-07-04,22,43.11,Pendiente,2026-07-04 02:00:08,2026-07-25 02:00:04,1849,0.00,,,20259,,
4560,2026-07-04,22,42.24,Pendiente,2026-07-04 02:00:08,2026-07-25 02:00:04,1850,0.00,,,20283,,
4561,2026-07-04,22,42.24,Pendiente,2026-07-04 02:00:08,2026-07-25 02:00:04,1851,0.00,,,20301,,
4562,2026-07-04,22,26.40,Pendiente,2026-07-04 02:00:08,2026-07-25 02:00:04,1854,0.00,,,20367,,
4563,2026-07-04,22,32.63,Pendiente,2026-07-04 02:00:08,2026-07-25 02:00:04,1862,0.00,,,20540,,
4564,2026-07-04,22,52.79,Pendiente,2026-07-04 02:00:08,2026-07-25 02:00:04,1877,0.00,,,20818,,
4565,2026-07-04,22,57.19,Pendiente,2026-07-04 02:00:08,2026-07-25 02:00:04,1878,0.00,,,20842,,
4566,2026-07-04,22,42.24,Pendiente,2026-07-04 02:00:08,2026-07-25 02:00:04,1879,0.00,,,20885,,
4567,2026-07-04,22,73.92,Pendiente,2026-07-04 02:00:08,2026-07-25 02:00:04,1880,0.00,,,20867,,
4568,2026-07-04,22,26.40,Pendiente,2026-07-04 02:00:08,2026-07-25 02:00:04,1890,0.00,,,21096,,
4569,2026-07-04,22,30.51,Pendiente,2026-07-04 02:00:08,2026-07-25 02:00:04,1895,0.00,,,21258,,
4570,2026-07-04,22,52.79,Pendiente,2026-07-04 02:00:08,2026-07-25 02:00:04,1901,0.00,,,21414,,
4571,2026-07-04,22,41.79,Pendiente,2026-07-04 02:00:08,2026-07-25 02:00:04,1903,0.00,,,21462,,
4572,2026-07-04,22,30.80,Pendiente,2026-07-04 02:00:08,2026-07-25 02:00:04,1904,0.00,,,21486,,
4573,2026-07-04,22,30.51,Pendiente,2026-07-04 02:00:08,2026-07-25 02:00:04,1905,0.00,,,21510,,
4574,2026-07-04,22,29.33,Pendiente,2026-07-04 02:00:08,2026-07-25 02:00:04,1908,0.00,,,21605,,
4575,2026-07-04,22,21.99,Pendiente,2026-07-04 02:00:08,2026-07-25 02:00:04,1926,0.00,,,22016,,
4576,2026-07-04,22,70.76,Pendiente,2026-07-04 02:00:08,2026-07-25 02:00:04,1930,0.00,,,22149,,
4577,2026-07-04,14,22.40,Pagado,2026-07-04 02:00:08,2026-07-17 19:36:22,1931,22.40,2026-07-17 19:36:22,111113612004634,22101,Efectivo,
4578,2026-07-04,19,20.27,Pagado,2026-07-04 02:00:08,2026-07-22 21:17:42,1932,20.27,2026-07-22 21:17:42,111113612004634,22182,Efectivo,
4579,2026-07-04,22,13.20,Pendiente,2026-07-04 02:00:08,2026-07-25 02:00:04,1955,0.00,,,22736,,
4580,2026-07-04,22,21.12,Pendiente,2026-07-04 02:00:08,2026-07-25 02:00:04,1957,0.00,,,22778,,
4581,2026-07-04,22,35.20,Pendiente,2026-07-04 02:00:08,2026-07-25 02:00:04,1958,0.00,,,22796,,
4582,2026-07-04,22,21.99,Pendiente,2026-07-04 02:00:08,2026-07-25 02:00:04,1959,0.00,,,22844,,
4583,2026-07-04,22,21.99,Pendiente,2026-07-04 02:00:08,2026-07-25 02:00:04,1960,0.00,,,22857,,
4584,2026-07-04,22,30.80,Pendiente,2026-07-04 02:00:08,2026-07-25 02:00:04,1978,0.00,,,23258,,
4585,2026-07-04,22,21.12,Pendiente,2026-07-04 02:00:08,2026-07-25 02:00:04,1981,0.00,,,23314,,
4586,2026-07-04,22,35.20,Pendiente,2026-07-04 02:00:08,2026-07-25 02:00:04,1989,0.00,,,23459,,
4587,2026-07-04,22,30.51,Pendiente,2026-07-04 02:00:08,2026-07-25 02:00:04,1990,0.00,,,23507,,
4588,2026-07-04,13,31.20,Pagado,2026-07-04 02:00:08,2026-07-16 17:45:45,1997,31.20,2026-07-16 17:45:45,111113612004634,23675,Efectivo,
4589,2026-07-05,21,50.40,Pendiente,2026-07-05 02:00:10,2026-07-25 02:00:04,942,0.00,,,2435,,
4590,2026-07-05,21,46.87,Pendiente,2026-07-05 02:00:10,2026-07-25 02:00:04,943,0.00,,,2468,,
4591,2026-07-05,21,41.16,Pendiente,2026-07-05 02:00:10,2026-07-25 02:00:04,946,0.00,,,2539,,
4592,2026-07-05,13,15.60,Pagado,2026-07-05 02:00:10,2026-07-17 19:59:43,948,15.60,2026-07-17 19:59:43,111113612004634,2576,Efectivo,
4593,2026-07-05,21,22.40,Pendiente,2026-07-05 02:00:10,2026-07-25 02:00:04,1059,0.00,,,4699,,
4594,2026-07-05,13,24.96,Pagado,2026-07-05 02:00:10,2026-07-17 21:02:59,1066,24.96,2026-07-17 21:02:59,111113612004634,4825,Efectivo,
4595,2026-07-05,21,40.32,Pendiente,2026-07-05 02:00:10,2026-07-25 02:00:04,1067,0.00,,,4844,,
4596,2026-07-05,21,40.32,Pendiente,2026-07-05 02:00:10,2026-07-25 02:00:04,1069,0.00,,,4878,,
4597,2026-07-05,21,54.60,Pendiente,2026-07-05 02:00:10,2026-07-25 02:00:04,1127,0.00,,,5495,,
4598,2026-07-05,21,54.60,Pendiente,2026-07-05 02:00:10,2026-07-25 02:00:04,1129,0.00,,,5543,,
4599,2026-07-05,21,22.40,Pendiente,2026-07-05 02:00:10,2026-07-25 02:00:04,1130,0.00,,,5597,,
4600,2026-07-05,21,16.80,Pendiente,2026-07-05 02:00:10,2026-07-25 02:00:04,1131,0.00,,,5616,,
4601,2026-07-05,21,41.16,Pendiente,2026-07-05 02:00:10,2026-07-25 02:00:04,1132,0.00,,,5640,,
4602,2026-07-05,21,16.80,Pendiente,2026-07-05 02:00:10,2026-07-25 02:00:04,1134,0.00,,,5682,,
4603,2026-07-05,19,76.38,Pagado,2026-07-05 02:00:10,2026-07-23 14:59:58,1233,76.38,2026-07-23 14:59:58,111113612004634,7436,Efectivo,
4604,2026-07-05,19,37.24,Pagado,2026-07-05 02:00:10,2026-07-23 14:58:53,1234,37.24,2026-07-23 14:58:53,111113612004634,7464,Efectivo,
4605,2026-07-05,21,84.42,Pendiente,2026-07-05 02:00:10,2026-07-25 02:00:04,1237,0.00,,,7527,,
4606,2026-07-05,21,22.40,Pendiente,2026-07-05 02:00:10,2026-07-25 02:00:04,1242,0.00,,,7679,,
4607,2026-07-05,21,33.60,Pendiente,2026-07-05 02:00:10,2026-07-25 02:00:04,1244,0.00,,,7736,,
4608,2026-07-05,21,135.10,Pendiente,2026-07-05 02:00:10,2026-07-25 02:00:04,1246,0.00,,,7809,,
4609,2026-07-05,21,29.40,Pendiente,2026-07-05 02:00:10,2026-07-25 02:00:04,1249,0.00,,,7913,,
4610,2026-07-05,6,7.20,Pagado,2026-07-05 02:00:10,2026-07-10 19:36:10,1250,7.20,2026-07-10 19:36:10,111113612004634,7937,Efectivo,
4611,2026-07-05,21,22.40,Pendiente,2026-07-05 02:00:10,2026-07-25 02:00:04,1256,0.00,,,8084,,
4612,2026-07-05,21,40.32,Pendiente,2026-07-05 02:00:10,2026-07-25 02:00:04,1259,0.00,,,8182,,
4613,2026-07-05,21,37.80,Pendiente,2026-07-05 02:00:10,2026-07-25 02:00:04,1266,0.00,,,8410,,
4614,2026-07-05,21,33.60,Pendiente,2026-07-05 02:00:10,2026-07-25 02:00:04,1268,0.00,,,8453,,
4615,2026-07-05,21,33.60,Pendiente,2026-07-05 02:00:10,2026-07-25 02:00:04,1271,0.00,,,8568,,
4616,2026-07-05,5,13.00,Pendiente,2026-07-05 02:00:10,2026-07-09 02:00:05,1272,0.00,,,8601,,
4617,2026-07-05,21,33.60,Pendiente,2026-07-05 02:00:10,2026-07-25 02:00:04,1275,0.00,,,8700,,
4618,2026-07-05,21,101.29,Pendiente,2026-07-05 02:00:10,2026-07-25 02:00:04,1276,0.00,,,8752,,
4619,2026-07-05,21,54.60,Pendiente,2026-07-05 02:00:10,2026-07-25 02:00:04,1279,0.00,,,8845,,
4620,2026-07-05,19,34.20,Pagado,2026-07-05 02:00:10,2026-07-23 14:46:00,1282,34.20,2026-07-23 14:46:00,111113612004634,8942,Efectivo,
4621,2026-07-05,21,29.40,Pendiente,2026-07-05 02:00:10,2026-07-25 02:00:04,1284,0.00,,,8979,,
4622,2026-07-05,12,14.40,Pagado,2026-07-05 02:00:10,2026-07-16 17:47:15,1285,14.40,2026-07-16 17:47:15,111113612004634,9003,Efectivo,
4623,2026-07-05,21,16.80,Pendiente,2026-07-05 02:00:10,2026-07-25 02:00:04,1288,0.00,,,9079,,
4624,2026-07-05,21,118.19,Pendiente,2026-07-05 02:00:10,2026-07-25 02:00:04,1289,0.00,,,9096,,
4625,2026-07-05,21,37.80,Pendiente,2026-07-05 02:00:10,2026-07-25 02:00:04,1290,0.00,,,9131,,
4626,2026-07-05,21,101.29,Pendiente,2026-07-05 02:00:10,2026-07-25 02:00:04,1295,0.00,,,9270,,
4627,2026-07-05,21,84.42,Pendiente,2026-07-05 02:00:10,2026-07-25 02:00:04,1296,0.00,,,9309,,
4628,2026-07-05,21,84.42,Pendiente,2026-07-05 02:00:10,2026-07-25 02:00:04,1297,0.00,,,9343,,
4629,2026-07-05,21,118.19,Pendiente,2026-07-05 02:00:10,2026-07-25 02:00:04,1300,0.00,,,9440,,
4630,2026-07-05,21,50.40,Pendiente,2026-07-05 02:00:10,2026-07-25 02:00:04,1307,0.00,,,9619,,
4631,2026-07-05,21,22.40,Pendiente,2026-07-05 02:00:10,2026-07-25 02:00:04,1308,0.00,,,9650,,
4632,2026-07-05,21,22.40,Pendiente,2026-07-05 02:00:10,2026-07-25 02:00:04,1310,0.00,,,9736,,
4633,2026-07-05,13,52.26,Pagado,2026-07-05 02:00:10,2026-07-17 19:05:46,1311,52.26,2026-07-17 19:05:46,111113612004634,9769,Efectivo,
4634,2026-07-05,21,41.16,Pendiente,2026-07-05 02:00:10,2026-07-25 02:00:04,1312,0.00,,,9797,,
4635,2026-07-05,21,22.40,Pendiente,2026-07-05 02:00:10,2026-07-25 02:00:04,1313,0.00,,,9833,,
4636,2026-07-05,5,7.00,Pagado,2026-07-05 02:00:10,2026-07-09 20:13:19,1315,7.00,2026-07-09 20:13:19,111113612004634,9893,Efectivo,
4637,2026-07-05,21,33.60,Pendiente,2026-07-05 02:00:10,2026-07-25 02:00:04,1319,0.00,,,9976,,
4638,2026-07-05,21,40.32,Pendiente,2026-07-05 02:00:10,2026-07-25 02:00:04,1322,0.00,,,10076,,
4639,2026-07-05,21,31.15,Pendiente,2026-07-05 02:00:10,2026-07-25 02:00:04,1557,0.00,,,15053,,
4640,2026-07-05,21,40.32,Pendiente,2026-07-05 02:00:10,2026-07-25 02:00:04,1622,0.00,,,15220,,
4641,2026-07-05,21,40.32,Pendiente,2026-07-05 02:00:10,2026-07-25 02:00:04,1623,0.00,,,15238,,
4642,2026-07-05,21,16.80,Pendiente,2026-07-05 02:00:10,2026-07-25 02:00:04,1642,0.00,,,15649,,
4643,2026-07-05,21,37.80,Pendiente,2026-07-05 02:00:10,2026-07-25 02:00:04,1643,0.00,,,15673,,
4644,2026-07-05,21,60.90,Pendiente,2026-07-05 02:00:10,2026-07-25 02:00:04,1676,0.00,,,16530,,
4645,2026-07-05,5,8.00,Pagado,2026-07-05 02:00:10,2026-07-09 20:23:04,1677,8.00,2026-07-09 20:23:04,111113612004634,16546,Efectivo,
4646,2026-07-05,21,185.21,Pendiente,2026-07-05 02:00:10,2026-07-25 02:00:04,1680,0.00,,,16636,,
4647,2026-07-05,21,54.59,Pendiente,2026-07-05 02:00:10,2026-07-25 02:00:04,1682,0.00,,,16673,,
4648,2026-07-05,21,41.15,Pendiente,2026-07-05 02:00:10,2026-07-25 02:00:04,1691,0.00,,,16875,,
4649,2026-07-05,21,33.60,Pendiente,2026-07-05 02:00:10,2026-07-25 02:00:04,1696,0.00,,,16972,,
4650,2026-07-05,21,35.84,Pendiente,2026-07-05 02:00:10,2026-07-25 02:00:04,1704,0.00,,,17144,,
4651,2026-07-05,21,27.99,Pendiente,2026-07-05 02:00:10,2026-07-25 02:00:04,1719,0.00,,,17421,,
4652,2026-07-05,21,41.15,Pendiente,2026-07-05 02:00:10,2026-07-25 02:00:04,1726,0.00,,,17539,,
4653,2026-07-05,21,54.59,Pendiente,2026-07-05 02:00:10,2026-07-25 02:00:04,1729,0.00,,,17611,,
4654,2026-07-05,21,49.39,Pendiente,2026-07-05 02:00:10,2026-07-25 02:00:04,1730,0.00,,,17635,,
4655,2026-07-05,21,74.09,Pendiente,2026-07-05 02:00:10,2026-07-25 02:00:04,1733,0.00,,,17708,,
4656,2026-07-05,21,25.20,Pendiente,2026-07-05 02:00:10,2026-07-25 02:00:04,1746,0.00,,,17985,,
4657,2026-07-05,21,25.20,Pendiente,2026-07-05 02:00:10,2026-07-25 02:00:04,1747,0.00,,,18009,,
4658,2026-07-05,21,21.00,Pendiente,2026-07-05 02:00:10,2026-07-25 02:00:04,1757,0.00,,,18222,,
4659,2026-07-05,21,45.36,Pendiente,2026-07-05 02:00:10,2026-07-25 02:00:04,1762,0.00,,,18362,,
4660,2026-07-05,21,26.88,Pendiente,2026-07-05 02:00:10,2026-07-25 02:00:04,1763,0.00,,,18380,,
4661,2026-07-05,21,27.99,Pendiente,2026-07-05 02:00:10,2026-07-25 02:00:04,1764,0.00,,,18428,,
4662,2026-07-05,21,54.59,Pendiente,2026-07-05 02:00:10,2026-07-25 02:00:04,1776,0.00,,,18657,,
4663,2026-07-05,21,14.00,Pendiente,2026-07-05 02:00:10,2026-07-25 02:00:04,1783,0.00,,,18774,,
4664,2026-07-05,21,55.57,Pendiente,2026-07-05 02:00:10,2026-07-25 02:00:04,1796,0.00,,,19036,,
4665,2026-07-05,21,37.80,Pendiente,2026-07-05 02:00:10,2026-07-25 02:00:04,1804,0.00,,,19212,,
4666,2026-07-05,21,20.99,Pendiente,2026-07-05 02:00:10,2026-07-25 02:00:04,1806,0.00,,,19260,,
4667,2026-07-05,18,17.99,Pagado,2026-07-05 02:00:10,2026-07-22 20:53:14,1811,17.99,2026-07-22 20:53:14,111113612004634,19360,Efectivo,
4668,2026-07-05,21,27.99,Pendiente,2026-07-05 02:00:10,2026-07-25 02:00:04,1812,0.00,,,19373,,
4669,2026-07-05,19,12.67,Pagado,2026-07-05 02:00:10,2026-07-23 14:44:13,1815,12.67,2026-07-23 14:44:13,111113612004634,19447,Efectivo,
4670,2026-07-05,21,50.39,Pendiente,2026-07-05 02:00:10,2026-07-25 02:00:04,1816,0.00,,,19460,,
4671,2026-07-05,21,16.80,Pendiente,2026-07-05 02:00:10,2026-07-25 02:00:04,1823,0.00,,,19617,,
4672,2026-07-05,21,25.20,Pendiente,2026-07-05 02:00:10,2026-07-25 02:00:04,1853,0.00,,,20343,,
4673,2026-07-05,21,41.15,Pendiente,2026-07-05 02:00:10,2026-07-25 02:00:04,1855,0.00,,,20391,,
4674,2026-07-05,21,16.80,Pendiente,2026-07-05 02:00:10,2026-07-25 02:00:04,1856,0.00,,,20415,,
4675,2026-07-05,21,50.39,Pendiente,2026-07-05 02:00:10,2026-07-25 02:00:04,1875,0.00,,,20770,,
4676,2026-07-05,21,25.20,Pendiente,2026-07-05 02:00:10,2026-07-25 02:00:04,1876,0.00,,,20794,,
4677,2026-07-05,21,30.24,Pendiente,2026-07-05 02:00:10,2026-07-25 02:00:04,1884,0.00,,,20987,,
4678,2026-07-05,21,20.16,Pendiente,2026-07-05 02:00:10,2026-07-25 02:00:04,1885,0.00,,,21005,,
4679,2026-07-05,21,35.28,Pendiente,2026-07-05 02:00:10,2026-07-25 02:00:04,1886,0.00,,,21041,,
4680,2026-07-05,21,20.16,Pendiente,2026-07-05 02:00:10,2026-07-25 02:00:04,1887,0.00,,,21023,,
4681,2026-07-05,21,39.89,Pendiente,2026-07-05 02:00:10,2026-07-25 02:00:04,1909,0.00,,,21618,,
4682,2026-07-05,21,50.39,Pendiente,2026-07-05 02:00:10,2026-07-25 02:00:04,1911,0.00,,,21666,,
4683,2026-07-05,21,41.15,Pendiente,2026-07-05 02:00:10,2026-07-25 02:00:04,1914,0.00,,,21719,,
4684,2026-07-05,21,39.89,Pendiente,2026-07-05 02:00:10,2026-07-25 02:00:04,1915,0.00,,,21743,,
4685,2026-07-05,21,16.80,Pendiente,2026-07-05 02:00:10,2026-07-25 02:00:04,1916,0.00,,,21767,,
4686,2026-07-05,21,33.60,Pendiente,2026-07-05 02:00:10,2026-07-25 02:00:04,1921,0.00,,,21872,,
4687,2026-07-05,18,21.60,Pagado,2026-07-05 02:00:10,2026-07-22 20:52:21,1928,21.60,2026-07-22 20:52:21,111113612004634,22053,Efectivo,
4688,2026-07-05,21,25.20,Pendiente,2026-07-05 02:00:10,2026-07-25 02:00:04,1929,0.00,,,22077,,
4689,2026-07-05,21,40.67,Pendiente,2026-07-05 02:00:10,2026-07-25 02:00:04,1933,0.00,,,22230,,
4690,2026-07-05,21,33.60,Pendiente,2026-07-05 02:00:10,2026-07-25 02:00:04,1936,0.00,,,22294,,
4691,2026-07-05,21,50.39,Pendiente,2026-07-05 02:00:10,2026-07-25 02:00:04,1937,0.00,,,22318,,
4692,2026-07-05,21,37.80,Pendiente,2026-07-05 02:00:10,2026-07-25 02:00:04,1938,0.00,,,22342,,
4693,2026-07-05,21,55.44,Pendiente,2026-07-05 02:00:10,2026-07-25 02:00:04,1939,0.00,,,22366,,
4694,2026-07-05,21,41.15,Pendiente,2026-07-05 02:00:10,2026-07-25 02:00:04,1948,0.00,,,22561,,
4695,2026-07-05,21,46.19,Pendiente,2026-07-05 02:00:10,2026-07-25 02:00:04,1949,0.00,,,22585,,
4696,2026-07-05,21,54.59,Pendiente,2026-07-05 02:00:10,2026-07-25 02:00:04,1950,0.00,,,22609,,
4697,2026-07-05,21,41.15,Pendiente,2026-07-05 02:00:10,2026-07-25 02:00:04,1952,0.00,,,22651,,
4698,2026-07-05,21,22.40,Pendiente,2026-07-05 02:00:10,2026-07-25 02:00:04,1953,0.00,,,22675,,
4699,2026-07-05,19,28.28,Pagado,2026-07-05 02:00:10,2026-07-23 14:45:23,1964,28.28,2026-07-23 14:45:23,111113612004634,22942,Efectivo,
4700,2026-07-05,21,12.60,Pendiente,2026-07-05 02:00:10,2026-07-25 02:00:04,1967,0.00,,,23022,,
4701,2026-07-05,21,12.60,Pendiente,2026-07-05 02:00:10,2026-07-25 02:00:04,1968,0.00,,,23046,,
4702,2026-07-05,21,12.60,Pendiente,2026-07-05 02:00:10,2026-07-25 02:00:04,1975,0.00,,,23178,,
4703,2026-07-05,21,12.60,Pendiente,2026-07-05 02:00:10,2026-07-25 02:00:04,1976,0.00,,,23202,,
4704,2026-07-05,21,25.00,Pendiente,2026-07-05 02:00:10,2026-07-25 02:00:04,1977,0.00,,,23226,,
4705,2026-07-05,21,20.16,Pendiente,2026-07-05 02:00:10,2026-07-25 02:00:04,1982,0.00,,,23332,,
4706,2026-07-05,21,20.16,Pendiente,2026-07-05 02:00:10,2026-07-25 02:00:04,1983,0.00,,,23350,,
4707,2026-07-05,21,20.16,Pendiente,2026-07-05 02:00:10,2026-07-25 02:00:04,1984,0.00,,,23368,,
4708,2026-07-05,21,20.16,Pendiente,2026-07-05 02:00:10,2026-07-25 02:00:04,1985,0.00,,,23386,,
4709,2026-07-05,21,20.16,Pendiente,2026-07-05 02:00:10,2026-07-25 02:00:04,1986,0.00,,,23404,,
4710,2026-07-05,21,21.00,Pendiente,2026-07-05 02:00:10,2026-07-25 02:00:04,1988,0.00,,,23435,,
4711,2026-07-05,21,50.39,Pendiente,2026-07-05 02:00:10,2026-07-25 02:00:04,1995,0.00,,,23627,,
4712,2026-07-05,21,58.79,Pendiente,2026-07-05 02:00:10,2026-07-25 02:00:04,1996,0.00,,,23651,,
4713,2026-07-08,16,25.60,Pagado,2026-07-08 00:56:49,2026-07-23 23:19:38,1998,25.60,2026-07-23 23:19:38,111113612004634,23711,Efectivo,
4714,2026-07-08,18,10.80,Pendiente,2026-07-08 00:56:49,2026-07-25 02:00:04,1999,0.00,,,23735,,
4715,2026-07-08,18,10.80,Pendiente,2026-07-08 00:56:49,2026-07-25 02:00:04,2000,0.00,,,23759,,
4716,2026-07-08,18,12.00,Pendiente,2026-07-08 00:56:49,2026-07-25 02:00:04,2005,0.00,,,23868,,
4717,2026-07-08,18,12.00,Pendiente,2026-07-08 00:56:49,2026-07-25 02:00:04,2008,0.00,,,23920,,
4718,2026-07-08,18,21.43,Pendiente,2026-07-08 00:56:49,2026-07-25 02:00:04,2012,0.00,,,23994,,
4719,2026-07-08,10,6.67,Pagado,2026-07-08 00:56:49,2026-07-17 19:16:31,2013,6.67,2026-07-17 19:16:31,111113612004634,24026,Efectivo,
4720,2026-07-08,18,34.56,Pendiente,2026-07-08 00:56:49,2026-07-25 02:00:04,2023,0.00,,,24246,,
4728,2026-07-08,18,35.28,Pendiente,2026-07-08 02:00:09,2026-07-25 02:00:04,852,0.00,,,15772,,
4729,2026-07-08,18,19.20,Pendiente,2026-07-08 02:00:09,2026-07-25 02:00:04,853,0.00,,,81,,
4730,2026-07-08,16,17.07,Pagado,2026-07-08 02:00:09,2026-07-23 23:20:14,855,17.07,2026-07-23 23:20:14,111113612004634,176,Efectivo,
4731,2026-07-08,18,15.36,Pendiente,2026-07-08 02:00:09,2026-07-25 02:00:04,858,0.00,,,249,,
4732,2026-07-08,2,1.20,Pagado,2026-07-08 02:00:09,2026-07-09 19:14:44,869,1.20,2026-07-09 19:14:44,111113612004634,538,Efectivo,
4733,2026-07-08,10,8.00,Pagado,2026-07-08 02:00:09,2026-07-17 19:17:11,870,8.00,2026-07-17 19:17:11,111113612004634,561,Efectivo,
4734,2026-07-08,18,10.80,Pendiente,2026-07-08 02:00:09,2026-07-25 02:00:04,1021,0.00,,,3584,,
4735,2026-07-08,15,29.40,Pagado,2026-07-08 02:00:09,2026-07-22 21:16:14,1400,29.40,2026-07-22 21:16:14,111113612004634,11533,Efectivo,
4736,2026-07-08,15,29.40,Pagado,2026-07-08 02:00:09,2026-07-22 21:10:33,1401,29.40,2026-07-22 21:10:33,111113612004634,11557,Efectivo,
4737,2026-07-08,15,29.40,Pagado,2026-07-08 02:00:09,2026-07-22 21:18:38,1402,29.40,2026-07-22 21:18:38,111113612004634,11581,Efectivo,
4738,2026-07-08,15,29.40,Pagado,2026-07-08 02:00:09,2026-07-22 21:14:28,1403,29.40,2026-07-22 21:14:28,111113612004634,11605,Efectivo,
4739,2026-07-08,15,29.40,Pagado,2026-07-08 02:00:09,2026-07-22 21:20:01,1404,29.40,2026-07-22 21:20:01,111113612004634,11629,Efectivo,
4740,2026-07-08,15,12.00,Pagado,2026-07-08 02:00:09,2026-07-22 21:22:48,1406,12.00,2026-07-22 21:22:48,111113612004634,11676,Efectivo,
4741,2026-07-08,15,12.00,Pagado,2026-07-08 02:00:09,2026-07-22 21:21:29,1407,12.00,2026-07-22 21:21:29,111113612004634,11700,Efectivo,
4742,2026-07-08,18,35.28,Pendiente,2026-07-08 02:00:09,2026-07-25 02:00:04,1412,0.00,,,11791,,
4743,2026-07-08,18,35.28,Pendiente,2026-07-08 02:00:09,2026-07-25 02:00:04,1415,0.00,,,11852,,
4744,2026-07-08,17,33.32,Pagado,2026-07-08 02:00:09,2026-07-24 16:42:32,1416,33.32,2026-07-24 16:42:32,111113612004634,11876,Efectivo,
4745,2026-07-08,18,35.28,Pendiente,2026-07-08 02:00:09,2026-07-25 02:00:04,1417,0.00,,,11900,,
4746,2026-07-08,18,35.27,Pendiente,2026-07-08 02:00:09,2026-07-25 02:00:04,1645,0.00,,,15747,,
4747,2026-07-08,18,21.60,Pendiente,2026-07-08 02:00:09,2026-07-25 02:00:04,1647,0.00,,,15816,,
4748,2026-07-08,1,1.48,Pagado,2026-07-08 02:00:09,2026-07-08 22:56:28,1674,1.48,2026-07-08 22:56:28,111113612004634,16467,Efectivo,
4749,2026-07-08,18,26.79,Pendiente,2026-07-08 02:00:09,2026-07-25 02:00:04,1683,0.00,,,16698,,
4750,2026-07-08,18,17.28,Pendiente,2026-07-08 02:00:09,2026-07-25 02:00:04,1693,0.00,,,16918,,
4751,2026-07-08,18,17.28,Pendiente,2026-07-08 02:00:09,2026-07-25 02:00:04,1698,0.00,,,17015,,
4752,2026-07-08,18,32.40,Pendiente,2026-07-08 02:00:09,2026-07-25 02:00:04,1702,0.00,,,17088,,
4753,2026-07-08,2,1.92,Pagado,2026-07-08 02:00:09,2026-07-09 20:46:43,1711,1.92,2026-07-09 20:46:43,111113612004634,17296,Efectivo,
4754,2026-07-08,2,1.20,Pagado,2026-07-08 02:00:09,2026-07-09 22:03:27,1731,1.20,2026-07-09 22:03:27,111113612004634,17654,Efectivo,
4755,2026-07-08,18,17.28,Pendiente,2026-07-08 02:00:09,2026-07-25 02:00:04,1736,0.00,,,17765,,
4756,2026-07-08,2,1.33,Pagado,2026-07-08 02:00:09,2026-07-09 19:14:16,1737,1.33,2026-07-09 19:14:16,111113612004634,17783,Efectivo,
4757,2026-07-08,18,14.40,Pendiente,2026-07-08 02:00:09,2026-07-25 02:00:04,1744,0.00,,,17938,,
4758,2026-07-08,18,21.60,Pendiente,2026-07-08 02:00:09,2026-07-25 02:00:04,1765,0.00,,,18442,,
4759,2026-07-08,18,23.99,Pendiente,2026-07-08 02:00:09,2026-07-25 02:00:04,1766,0.00,,,18466,,
4760,2026-07-08,18,17.99,Pendiente,2026-07-08 02:00:09,2026-07-25 02:00:04,1767,0.00,,,18479,,
4761,2026-07-08,18,26.69,Pendiente,2026-07-08 02:00:09,2026-07-25 02:00:04,1768,0.00,,,18492,,
4762,2026-07-08,18,12.96,Pendiente,2026-07-08 02:00:09,2026-07-25 02:00:04,1779,0.00,,,18708,,
4763,2026-07-08,18,12.00,Pendiente,2026-07-08 02:00:09,2026-07-25 02:00:04,1780,0.00,,,18726,,
4764,2026-07-08,3,5.88,Pagado,2026-07-08 02:00:09,2026-07-10 19:42:14,1786,5.88,2026-07-10 19:42:14,111113612004634,18837,Efectivo,
4765,2026-07-08,18,18.00,Pendiente,2026-07-08 02:00:09,2026-07-25 02:00:04,1787,0.00,,,18861,,
4766,2026-07-08,18,17.28,Pendiente,2026-07-08 02:00:09,2026-07-25 02:00:04,1788,0.00,,,18885,,
4767,2026-07-08,18,17.28,Pendiente,2026-07-08 02:00:09,2026-07-25 02:00:04,1791,0.00,,,18945,,
4768,2026-07-08,18,25.92,Pendiente,2026-07-08 02:00:09,2026-07-25 02:00:04,1792,0.00,,,18963,,
4769,2026-07-08,18,21.60,Pendiente,2026-07-08 02:00:09,2026-07-25 02:00:04,1794,0.00,,,18997,,
4770,2026-07-08,18,34.86,Pendiente,2026-07-08 02:00:09,2026-07-25 02:00:04,1795,0.00,,,19021,,
4771,2026-07-08,18,26.69,Pendiente,2026-07-08 02:00:09,2026-07-25 02:00:04,1797,0.00,,,19061,,
4772,2026-07-08,18,26.69,Pendiente,2026-07-08 02:00:09,2026-07-25 02:00:04,1834,0.00,,,19931,,
4773,2026-07-08,18,25.20,Pendiente,2026-07-08 02:00:09,2026-07-25 02:00:04,1836,0.00,,,19995,,
4774,2026-07-08,18,34.56,Pendiente,2026-07-08 02:00:09,2026-07-25 02:00:04,1840,0.00,,,20080,,
4775,2026-07-08,18,34.56,Pendiente,2026-07-08 02:00:09,2026-07-25 02:00:04,1841,0.00,,,20098,,
4776,2026-07-08,18,26.69,Pendiente,2026-07-08 02:00:09,2026-07-25 02:00:04,1842,0.00,,,20116,,
4777,2026-07-08,18,14.40,Pendiente,2026-07-08 02:00:09,2026-07-25 02:00:04,1845,0.00,,,20170,,
4778,2026-07-08,18,10.80,Pendiente,2026-07-08 02:00:09,2026-07-25 02:00:04,1852,0.00,,,20320,,
4779,2026-07-08,18,34.56,Pendiente,2026-07-08 02:00:09,2026-07-25 02:00:04,1858,0.00,,,20463,,
4780,2026-07-08,18,38.88,Pendiente,2026-07-08 02:00:09,2026-07-25 02:00:04,1859,0.00,,,20481,,
4781,2026-07-08,18,34.56,Pendiente,2026-07-08 02:00:09,2026-07-25 02:00:04,1860,0.00,,,20499,,
4782,2026-07-08,15,16.00,Pagado,2026-07-08 02:00:09,2026-07-22 21:12:33,1863,16.00,2026-07-22 21:12:33,111113612004634,20557,Efectivo,
4783,2026-07-08,18,12.00,Pendiente,2026-07-08 02:00:09,2026-07-25 02:00:04,1869,0.00,,,20695,,
4784,2026-07-08,18,12.00,Pendiente,2026-07-08 02:00:09,2026-07-25 02:00:04,1870,0.00,,,20708,,
4785,2026-07-08,18,12.00,Pendiente,2026-07-08 02:00:09,2026-07-25 02:00:04,1871,0.00,,,20721,,
4786,2026-07-08,18,14.40,Pendiente,2026-07-08 02:00:09,2026-07-25 02:00:04,1897,0.00,,,21325,,
4787,2026-07-08,18,10.80,Pendiente,2026-07-08 02:00:09,2026-07-25 02:00:04,1898,0.00,,,21349,,
4788,2026-07-08,18,18.00,Pendiente,2026-07-08 02:00:09,2026-07-25 02:00:04,1899,0.00,,,21373,,
4789,2026-07-08,18,21.60,Pendiente,2026-07-08 02:00:09,2026-07-25 02:00:04,1934,0.00,,,22271,,
4790,2026-07-08,18,28.80,Pendiente,2026-07-08 02:00:09,2026-07-25 02:00:04,1935,0.00,,,22247,,
4791,2026-07-08,18,12.00,Pendiente,2026-07-08 02:00:09,2026-07-25 02:00:04,1940,0.00,,,22385,,
4792,2026-07-08,18,26.79,Pendiente,2026-07-08 02:00:09,2026-07-25 02:00:04,1942,0.00,,,22422,,
4793,2026-07-08,18,17.28,Pendiente,2026-07-08 02:00:09,2026-07-25 02:00:04,1944,0.00,,,22478,,
4794,2026-07-08,18,17.28,Pendiente,2026-07-08 02:00:09,2026-07-25 02:00:04,1945,0.00,,,22496,,
4795,2026-07-08,18,17.28,Pendiente,2026-07-08 02:00:09,2026-07-25 02:00:04,1956,0.00,,,22761,,
4796,2026-07-08,18,14.40,Pendiente,2026-07-08 02:00:09,2026-07-25 02:00:04,1965,0.00,,,22975,,
4797,2026-07-08,18,35.27,Pendiente,2026-07-08 02:00:09,2026-07-25 02:00:04,1966,0.00,,,22999,,
4798,2026-07-09,17,29.01,Pendiente,2026-07-09 02:00:05,2026-07-25 02:00:04,876,0.00,,,734,,
4799,2026-07-09,8,15.68,Pagado,2026-07-09 02:00:05,2026-07-16 23:49:35,878,15.68,2026-07-16 23:49:35,111113612004634,796,Efectivo,
4800,2026-07-09,8,8.53,Pagado,2026-07-09 02:00:05,2026-07-16 23:50:42,879,8.53,2026-07-16 23:50:42,111113612004634,824,Efectivo,
4801,2026-07-09,17,33.32,Pendiente,2026-07-09 02:00:05,2026-07-25 02:00:04,880,0.00,,,870,,
4802,2026-07-09,17,23.80,Pendiente,2026-07-09 02:00:05,2026-07-25 02:00:04,883,0.00,,,940,,
4803,2026-07-09,17,18.13,Pendiente,2026-07-09 02:00:05,2026-07-25 02:00:04,884,0.00,,,973,,
4804,2026-07-09,17,27.20,Pendiente,2026-07-09 02:00:05,2026-07-25 02:00:04,887,0.00,,,1073,,
4805,2026-07-09,17,13.60,Pendiente,2026-07-09 02:00:05,2026-07-25 02:00:04,892,0.00,,,1209,,
4806,2026-07-09,17,13.60,Pendiente,2026-07-09 02:00:05,2026-07-25 02:00:04,893,0.00,,,1232,,
4807,2026-07-09,17,23.80,Pendiente,2026-07-09 02:00:05,2026-07-25 02:00:04,984,0.00,,,2787,,
4808,2026-07-09,17,25.50,Pendiente,2026-07-09 02:00:05,2026-07-25 02:00:04,990,0.00,,,2900,,
4809,2026-07-09,17,18.13,Pendiente,2026-07-09 02:00:05,2026-07-25 02:00:04,992,0.00,,,2945,,
4810,2026-07-09,17,32.64,Pendiente,2026-07-09 02:00:05,2026-07-25 02:00:04,1002,0.00,,,3153,,
4811,2026-07-09,17,27.20,Pendiente,2026-07-09 02:00:05,2026-07-25 02:00:04,1009,0.00,,,3321,,
4812,2026-07-09,17,12.24,Pendiente,2026-07-09 02:00:05,2026-07-25 02:00:04,1114,0.00,,,5203,,
4813,2026-07-09,14,11.20,Pagado,2026-07-09 02:00:05,2026-07-22 22:08:19,1117,11.20,2026-07-22 22:08:19,111113612004634,5256,Efectivo,
4814,2026-07-09,14,11.20,Pagado,2026-07-09 02:00:05,2026-07-22 22:11:30,1118,11.20,2026-07-22 22:11:30,111113612004634,5280,Efectivo,
4815,2026-07-09,17,13.60,Pendiente,2026-07-09 02:00:05,2026-07-25 02:00:04,1121,0.00,,,5376,,
4816,2026-07-09,14,11.20,Pagado,2026-07-09 02:00:05,2026-07-22 22:07:00,1122,11.20,2026-07-22 22:07:00,111113612004634,5400,Efectivo,
4817,2026-07-09,17,40.80,Pendiente,2026-07-09 02:00:05,2026-07-25 02:00:04,1181,0.00,,,6869,,
4818,2026-07-09,17,33.32,Pendiente,2026-07-09 02:00:05,2026-07-25 02:00:04,1182,0.00,,,6895,,
4819,2026-07-09,17,13.60,Pendiente,2026-07-09 02:00:05,2026-07-25 02:00:04,1190,0.00,,,7063,,
4820,2026-07-09,17,44.20,Pendiente,2026-07-09 02:00:05,2026-07-25 02:00:04,1375,0.00,,,10809,,
4821,2026-07-09,17,30.83,Pendiente,2026-07-09 02:00:05,2026-07-25 02:00:04,1376,0.00,,,10852,,
4822,2026-07-09,17,44.20,Pendiente,2026-07-09 02:00:05,2026-07-25 02:00:04,1377,0.00,,,10883,,
4823,2026-07-09,17,34.45,Pendiente,2026-07-09 02:00:05,2026-07-25 02:00:04,1378,0.00,,,10903,,
4824,2026-07-09,17,33.32,Pendiente,2026-07-09 02:00:05,2026-07-25 02:00:04,1379,0.00,,,10950,,
4825,2026-07-09,17,18.13,Pendiente,2026-07-09 02:00:05,2026-07-25 02:00:04,1380,0.00,,,10999,,
4826,2026-07-09,17,33.32,Pendiente,2026-07-09 02:00:05,2026-07-25 02:00:04,1381,0.00,,,11029,,
4827,2026-07-09,17,27.20,Pendiente,2026-07-09 02:00:05,2026-07-25 02:00:04,1384,0.00,,,11103,,
4828,2026-07-09,17,30.60,Pendiente,2026-07-09 02:00:05,2026-07-25 02:00:04,1385,0.00,,,11147,,
4829,2026-07-09,17,64.83,Pendiente,2026-07-09 02:00:05,2026-07-25 02:00:04,1548,0.00,,,14870,,
4830,2026-07-09,17,36.27,Pendiente,2026-07-09 02:00:05,2026-07-25 02:00:04,1624,0.00,,,15257,,
4831,2026-07-09,17,30.60,Pendiente,2026-07-09 02:00:05,2026-07-25 02:00:04,1631,0.00,,,15449,,
4832,2026-07-09,17,33.31,Pendiente,2026-07-09 02:00:05,2026-07-25 02:00:04,1633,0.00,,,15497,,
4833,2026-07-09,14,14.00,Pagado,2026-07-09 02:00:05,2026-07-22 22:09:17,1634,14.00,2026-07-22 22:09:17,111113612004634,15521,Efectivo,
4834,2026-07-09,17,23.57,Pendiente,2026-07-09 02:00:05,2026-07-25 02:00:04,1649,0.00,,,15853,,
4835,2026-07-09,17,18.13,Pendiente,2026-07-09 02:00:05,2026-07-25 02:00:04,1650,0.00,,,15905,,
4836,2026-07-09,17,13.60,Pendiente,2026-07-09 02:00:05,2026-07-25 02:00:04,1651,0.00,,,15967,,
4837,2026-07-09,17,10.20,Pendiente,2026-07-09 02:00:05,2026-07-25 02:00:04,1654,0.00,,,16014,,
4838,2026-07-09,17,40.79,Pendiente,2026-07-09 02:00:05,2026-07-25 02:00:04,1655,0.00,,,16040,,
4839,2026-07-09,17,33.31,Pendiente,2026-07-09 02:00:05,2026-07-25 02:00:04,1656,0.00,,,16062,,
4840,2026-07-09,17,30.83,Pendiente,2026-07-09 02:00:05,2026-07-25 02:00:04,1657,0.00,,,16104,,
4841,2026-07-09,17,32.92,Pendiente,2026-07-09 02:00:05,2026-07-25 02:00:04,1660,0.00,,,16166,,
4842,2026-07-09,17,30.83,Pendiente,2026-07-09 02:00:05,2026-07-25 02:00:04,1675,0.00,,,16483,,
4843,2026-07-09,17,40.79,Pendiente,2026-07-09 02:00:05,2026-07-25 02:00:04,1678,0.00,,,16595,,
4844,2026-07-09,17,32.64,Pendiente,2026-07-09 02:00:05,2026-07-25 02:00:04,1679,0.00,,,16619,,
4845,2026-07-09,1,1.33,Pagado,2026-07-09 02:00:05,2026-07-09 23:37:54,1681,1.33,2026-07-09 23:37:54,111113612004634,16661,Efectivo,
4846,2026-07-09,17,33.31,Pendiente,2026-07-09 02:00:05,2026-07-25 02:00:04,1705,0.00,,,17185,,
4847,2026-07-09,17,11.33,Pendiente,2026-07-09 02:00:05,2026-07-25 02:00:04,1706,0.00,,,17209,,
4848,2026-07-09,17,44.19,Pendiente,2026-07-09 02:00:05,2026-07-25 02:00:04,1707,0.00,,,17222,,
4849,2026-07-09,17,17.00,Pendiente,2026-07-09 02:00:05,2026-07-25 02:00:04,1712,0.00,,,17314,,
4850,2026-07-09,17,13.60,Pendiente,2026-07-09 02:00:05,2026-07-25 02:00:04,1718,0.00,,,17398,,
4851,2026-07-09,17,64.82,Pendiente,2026-07-09 02:00:05,2026-07-25 02:00:04,1732,0.00,,,17677,,
4852,2026-07-09,17,49.30,Pendiente,2026-07-09 02:00:05,2026-07-25 02:00:04,1734,0.00,,,17733,,
4853,2026-07-09,17,49.30,Pendiente,2026-07-09 02:00:05,2026-07-25 02:00:04,1735,0.00,,,17749,,
4854,2026-07-09,17,27.20,Pendiente,2026-07-09 02:00:05,2026-07-25 02:00:04,1740,0.00,,,17852,,
4855,2026-07-09,17,10.20,Pendiente,2026-07-09 02:00:05,2026-07-25 02:00:04,1742,0.00,,,17890,,
4856,2026-07-09,17,10.20,Pendiente,2026-07-09 02:00:05,2026-07-25 02:00:04,1743,0.00,,,17914,,
4857,2026-07-09,17,23.80,Pendiente,2026-07-09 02:00:05,2026-07-25 02:00:04,1745,0.00,,,17962,,
4858,2026-07-09,17,36.72,Pendiente,2026-07-09 02:00:05,2026-07-25 02:00:04,1750,0.00,,,18076,,
4859,2026-07-09,14,14.00,Pagado,2026-07-09 02:00:05,2026-07-22 22:10:46,1752,14.00,2026-07-22 22:10:46,111113612004634,18118,Efectivo,
4860,2026-07-09,17,24.48,Pendiente,2026-07-09 02:00:05,2026-07-25 02:00:04,1759,0.00,,,18265,,
4861,2026-07-09,17,77.77,Pendiente,2026-07-09 02:00:05,2026-07-25 02:00:04,1761,0.00,,,18330,,
4862,2026-07-09,17,51.85,Pendiente,2026-07-09 02:00:05,2026-07-25 02:00:04,1769,0.00,,,18508,,
4863,2026-07-09,17,13.60,Pendiente,2026-07-09 02:00:05,2026-07-25 02:00:04,1770,0.00,,,18540,,
4864,2026-07-09,17,40.79,Pendiente,2026-07-09 02:00:05,2026-07-25 02:00:04,1771,0.00,,,18564,,
4865,2026-07-09,17,20.40,Pendiente,2026-07-09 02:00:05,2026-07-25 02:00:04,1774,0.00,,,18622,,
4866,2026-07-09,17,33.31,Pendiente,2026-07-09 02:00:05,2026-07-25 02:00:04,1784,0.00,,,18788,,
4867,2026-07-09,17,33.31,Pendiente,2026-07-09 02:00:05,2026-07-25 02:00:04,1785,0.00,,,18812,,
4868,2026-07-09,17,32.64,Pendiente,2026-07-09 02:00:05,2026-07-25 02:00:04,1790,0.00,,,18927,,
4869,2026-07-09,17,25.21,Pendiente,2026-07-09 02:00:05,2026-07-25 02:00:04,1798,0.00,,,19077,,
4870,2026-07-09,17,33.31,Pendiente,2026-07-09 02:00:05,2026-07-25 02:00:04,1799,0.00,,,19093,,
4871,2026-07-09,17,27.20,Pendiente,2026-07-09 02:00:05,2026-07-25 02:00:04,1800,0.00,,,19117,,
4872,2026-07-09,17,33.31,Pendiente,2026-07-09 02:00:05,2026-07-25 02:00:04,1801,0.00,,,19141,,
4873,2026-07-09,17,20.40,Pendiente,2026-07-09 02:00:05,2026-07-25 02:00:04,1802,0.00,,,19165,,
4874,2026-07-09,17,10.20,Pendiente,2026-07-09 02:00:05,2026-07-25 02:00:04,1803,0.00,,,19189,,
4875,2026-07-09,17,22.66,Pendiente,2026-07-09 02:00:05,2026-07-25 02:00:04,1809,0.00,,,19335,,
4876,2026-07-09,17,11.33,Pendiente,2026-07-09 02:00:05,2026-07-25 02:00:04,1810,0.00,,,19348,,
4877,2026-07-09,17,44.19,Pendiente,2026-07-09 02:00:05,2026-07-25 02:00:04,1818,0.00,,,19498,,
4878,2026-07-09,17,23.80,Pendiente,2026-07-09 02:00:05,2026-07-25 02:00:04,1837,0.00,,,20019,,
4879,2026-07-09,17,11.33,Pendiente,2026-07-09 02:00:05,2026-07-25 02:00:04,1838,0.00,,,20043,,
4880,2026-07-09,17,30.60,Pendiente,2026-07-09 02:00:05,2026-07-25 02:00:04,1839,0.00,,,20056,,
4881,2026-07-09,17,10.20,Pendiente,2026-07-09 02:00:05,2026-07-25 02:00:04,1861,0.00,,,20517,,
4882,2026-07-09,14,9.33,Pagado,2026-07-09 02:00:05,2026-07-22 22:06:12,1873,9.33,2026-07-22 22:06:12,111113612004634,20734,Efectivo,
4883,2026-07-09,17,13.60,Pendiente,2026-07-09 02:00:05,2026-07-25 02:00:04,1874,0.00,,,20747,,
4884,2026-07-09,17,23.80,Pendiente,2026-07-09 02:00:05,2026-07-25 02:00:04,1882,0.00,,,20951,,
4885,2026-07-09,17,13.60,Pendiente,2026-07-09 02:00:05,2026-07-25 02:00:04,1902,0.00,,,21439,,
4886,2026-07-09,17,47.98,Pendiente,2026-07-09 02:00:05,2026-07-25 02:00:04,1906,0.00,,,21558,,
4887,2026-07-09,17,23.80,Pendiente,2026-07-09 02:00:05,2026-07-25 02:00:04,1907,0.00,,,21587,,
4888,2026-07-09,1,1.96,Pagado,2026-07-09 02:00:05,2026-07-09 23:36:49,1910,1.96,2026-07-09 23:36:49,111113612004634,21643,Efectivo,
4889,2026-07-09,17,51.85,Pendiente,2026-07-09 02:00:05,2026-07-25 02:00:04,1917,0.00,,,21792,,
4890,2026-07-09,17,23.80,Pendiente,2026-07-09 02:00:05,2026-07-25 02:00:04,1941,0.00,,,22398,,
4891,2026-07-09,17,13.60,Pendiente,2026-07-09 02:00:05,2026-07-25 02:00:04,1943,0.00,,,22454,,
4892,2026-07-09,17,24.48,Pendiente,2026-07-09 02:00:05,2026-07-25 02:00:04,1969,0.00,,,23071,,
4893,2026-07-09,17,24.48,Pendiente,2026-07-09 02:00:05,2026-07-25 02:00:04,1970,0.00,,,23089,,
4894,2026-07-09,17,16.32,Pendiente,2026-07-09 02:00:05,2026-07-25 02:00:04,1971,0.00,,,23107,,
4895,2026-07-09,17,24.48,Pendiente,2026-07-09 02:00:05,2026-07-25 02:00:04,1972,0.00,,,23125,,
4896,2026-07-09,17,12.24,Pendiente,2026-07-09 02:00:05,2026-07-25 02:00:04,1973,0.00,,,23143,,
4897,2026-07-09,17,12.24,Pendiente,2026-07-09 02:00:05,2026-07-25 02:00:04,1974,0.00,,,23161,,
4898,2026-07-09,17,20.40,Pendiente,2026-07-09 02:00:05,2026-07-25 02:00:04,1991,0.00,,,23556,,
4899,2026-07-09,17,12.24,Pendiente,2026-07-09 02:00:05,2026-07-25 02:00:04,1992,0.00,,,23574,,
4900,2026-07-09,17,20.40,Pendiente,2026-07-09 02:00:05,2026-07-25 02:00:04,1993,0.00,,,23592,,
4901,2026-07-09,17,12.24,Pendiente,2026-07-09 02:00:05,2026-07-25 02:00:04,1994,0.00,,,23610,,
4902,2026-07-09,17,16.99,Pendiente,2026-07-09 02:00:05,2026-07-25 02:00:04,2001,0.00,,,23783,,
4903,2026-07-09,17,13.60,Pendiente,2026-07-09 02:00:05,2026-07-25 02:00:04,2002,0.00,,,23796,,
4904,2026-07-09,17,30.60,Pendiente,2026-07-09 02:00:05,2026-07-25 02:00:04,2003,0.00,,,23820,,
4905,2026-07-09,17,20.40,Pendiente,2026-07-09 02:00:05,2026-07-25 02:00:04,2004,0.00,,,23844,,
4906,2026-07-09,17,16.99,Pendiente,2026-07-09 02:00:05,2026-07-25 02:00:04,2007,0.00,,,23905,,
4907,2026-07-09,17,47.59,Pendiente,2026-07-09 02:00:05,2026-07-25 02:00:04,2014,0.00,,,24039,,
4908,2026-07-10,16,26.88,Pendiente,2026-07-10 02:00:05,2026-07-25 02:00:04,894,0.00,,,1252,,
4909,2026-07-10,16,29.01,Pendiente,2026-07-10 02:00:05,2026-07-25 02:00:04,916,0.00,,,1787,,
4910,2026-07-10,16,29.01,Pendiente,2026-07-10 02:00:05,2026-07-25 02:00:04,918,0.00,,,1862,,
4911,2026-07-10,16,22.40,Pendiente,2026-07-10 02:00:05,2026-07-25 02:00:04,1143,0.00,,,5940,,
4912,2026-07-10,16,31.36,Pendiente,2026-07-10 02:00:05,2026-07-25 02:00:04,1146,0.00,,,6018,,
4913,2026-07-10,16,17.07,Pendiente,2026-07-10 02:00:05,2026-07-25 02:00:04,1199,0.00,,,7251,,
4914,2026-07-10,16,19.20,Pendiente,2026-07-10 02:00:05,2026-07-25 02:00:04,1200,0.00,,,7283,,
4915,2026-07-10,16,17.07,Pendiente,2026-07-10 02:00:05,2026-07-25 02:00:04,1327,0.00,,,10243,,
4916,2026-07-10,8,14.51,Pagado,2026-07-10 02:00:05,2026-07-17 21:37:41,1362,14.51,2026-07-17 21:37:41,111113612004634,10456,Efectivo,
4917,2026-07-10,16,12.80,Pendiente,2026-07-10 02:00:05,2026-07-25 02:00:04,1364,0.00,,,10522,,
4918,2026-07-10,16,12.80,Pendiente,2026-07-10 02:00:05,2026-07-25 02:00:04,1365,0.00,,,10546,,
4919,2026-07-10,16,17.07,Pendiente,2026-07-10 02:00:05,2026-07-25 02:00:04,1388,0.00,,,11254,,
4920,2026-07-10,16,25.60,Pendiente,2026-07-10 02:00:05,2026-07-25 02:00:04,1395,0.00,,,11432,,
4921,2026-07-10,16,32.43,Pendiente,2026-07-10 02:00:05,2026-07-25 02:00:04,1421,0.00,,,12002,,
4922,2026-07-10,14,32.26,Pagado,2026-07-10 02:00:05,2026-07-23 14:11:12,1617,32.26,2026-07-23 14:11:12,111113612004634,15131,Efectivo,
4923,2026-07-10,14,23.52,Pagado,2026-07-10 02:00:05,2026-07-23 14:17:31,1618,23.52,2026-07-23 14:17:31,111113612004634,15149,Efectivo,
4924,2026-07-10,16,33.02,Pendiente,2026-07-10 02:00:05,2026-07-25 02:00:04,1619,0.00,,,15167,,
4925,2026-07-10,16,26.88,Pendiente,2026-07-10 02:00:05,2026-07-25 02:00:04,1620,0.00,,,15185,,
4926,2026-07-10,14,13.44,Pagado,2026-07-10 02:00:05,2026-07-23 14:13:08,1621,13.44,2026-07-23 14:13:08,111113612004634,15203,Efectivo,
4927,2026-07-10,16,31.35,Pendiente,2026-07-10 02:00:05,2026-07-25 02:00:04,1625,0.00,,,15305,,
4928,2026-07-10,16,31.35,Pendiente,2026-07-10 02:00:05,2026-07-25 02:00:04,1626,0.00,,,15329,,
4929,2026-07-10,16,31.35,Pendiente,2026-07-10 02:00:05,2026-07-25 02:00:04,1627,0.00,,,15353,,
4930,2026-07-10,16,31.35,Pendiente,2026-07-10 02:00:05,2026-07-25 02:00:04,1628,0.00,,,15377,,
4931,2026-07-10,8,15.68,Pagado,2026-07-10 02:00:05,2026-07-17 21:36:59,1629,15.68,2026-07-17 21:36:59,111113612004634,15401,Efectivo,
4932,2026-07-10,16,37.63,Pendiente,2026-07-10 02:00:05,2026-07-25 02:00:04,1663,0.00,,,16230,,
4933,2026-07-10,8,9.60,Pagado,2026-07-10 02:00:05,2026-07-17 20:14:39,1664,9.60,2026-07-17 20:14:39,111113612004634,16266,Efectivo,
4934,2026-07-10,8,15.36,Pagado,2026-07-10 02:00:05,2026-07-17 20:17:36,1665,15.36,2026-07-17 20:17:36,111113612004634,16248,Efectivo,
4935,2026-07-10,16,31.35,Pendiente,2026-07-10 02:00:05,2026-07-25 02:00:04,1666,0.00,,,16356,,
4936,2026-07-10,16,41.59,Pendiente,2026-07-10 02:00:05,2026-07-25 02:00:04,1667,0.00,,,16332,,
4937,2026-07-10,16,41.59,Pendiente,2026-07-10 02:00:05,2026-07-25 02:00:04,1668,0.00,,,16380,,
4938,2026-07-10,16,41.59,Pendiente,2026-07-10 02:00:05,2026-07-25 02:00:04,1669,0.00,,,16308,,
4939,2026-07-10,16,41.59,Pendiente,2026-07-10 02:00:05,2026-07-25 02:00:04,1670,0.00,,,16404,,
4940,2026-07-10,16,31.35,Pendiente,2026-07-10 02:00:05,2026-07-25 02:00:04,1671,0.00,,,16284,,
4941,2026-07-10,16,49.92,Pendiente,2026-07-10 02:00:05,2026-07-25 02:00:04,1701,0.00,,,17070,,
4942,2026-07-10,16,15.99,Pendiente,2026-07-10 02:00:05,2026-07-25 02:00:04,1709,0.00,,,17270,,
4943,2026-07-10,16,22.40,Pendiente,2026-07-10 02:00:05,2026-07-25 02:00:04,1714,0.00,,,17338,,
4944,2026-07-10,8,10.66,Pagado,2026-07-10 02:00:05,2026-07-17 21:35:58,1741,10.66,2026-07-17 21:35:58,111113612004634,17876,Efectivo,
4945,2026-07-10,16,37.63,Pendiente,2026-07-10 02:00:05,2026-07-25 02:00:04,1748,0.00,,,18034,,
4946,2026-07-10,16,37.63,Pendiente,2026-07-10 02:00:05,2026-07-25 02:00:04,1754,0.00,,,18155,,
4947,2026-07-10,16,30.72,Pendiente,2026-07-10 02:00:05,2026-07-25 02:00:04,1758,0.00,,,18247,,
4948,2026-07-10,16,27.31,Pendiente,2026-07-10 02:00:05,2026-07-25 02:00:04,1760,0.00,,,18283,,
4949,2026-07-10,16,23.73,Pendiente,2026-07-10 02:00:05,2026-07-25 02:00:04,1772,0.00,,,18588,,
4950,2026-07-10,16,37.63,Pendiente,2026-07-10 02:00:05,2026-07-25 02:00:04,1773,0.00,,,18604,,
4951,2026-07-10,16,10.67,Pendiente,2026-07-10 02:00:05,2026-07-25 02:00:04,1777,0.00,,,18682,,
4952,2026-07-10,16,15.99,Pendiente,2026-07-10 02:00:05,2026-07-25 02:00:04,1778,0.00,,,18695,,
4953,2026-07-10,16,30.99,Pendiente,2026-07-10 02:00:05,2026-07-25 02:00:04,1793,0.00,,,18981,,
4954,2026-07-10,14,9.33,Pagado,2026-07-10 02:00:05,2026-07-23 14:16:50,1813,9.33,2026-07-23 14:16:50,111113612004634,19387,Efectivo,
4955,2026-07-10,16,16.00,Pendiente,2026-07-10 02:00:05,2026-07-25 02:00:04,1819,0.00,,,19522,,
4956,2026-07-10,16,38.39,Pendiente,2026-07-10 02:00:05,2026-07-25 02:00:04,1820,0.00,,,19546,,
4957,2026-07-10,16,25.60,Pendiente,2026-07-10 02:00:05,2026-07-25 02:00:04,1821,0.00,,,19570,,
4958,2026-07-10,16,22.40,Pendiente,2026-07-10 02:00:05,2026-07-25 02:00:04,1822,0.00,,,19594,,
4959,2026-07-10,16,23.73,Pendiente,2026-07-10 02:00:05,2026-07-25 02:00:04,1833,0.00,,,19915,,
4960,2026-07-10,16,25.60,Pendiente,2026-07-10 02:00:05,2026-07-25 02:00:04,1835,0.00,,,19947,,
4961,2026-07-10,16,37.63,Pendiente,2026-07-10 02:00:05,2026-07-25 02:00:04,1843,0.00,,,20132,,
4962,2026-07-10,16,23.04,Pendiente,2026-07-10 02:00:05,2026-07-25 02:00:04,1844,0.00,,,20150,,
4963,2026-07-10,16,49.92,Pendiente,2026-07-10 02:00:05,2026-07-25 02:00:04,1848,0.00,,,20242,,
4964,2026-07-10,16,28.80,Pendiente,2026-07-10 02:00:05,2026-07-25 02:00:04,1857,0.00,,,20440,,
4965,2026-07-10,16,30.72,Pendiente,2026-07-10 02:00:05,2026-07-25 02:00:04,1864,0.00,,,20605,,
4966,2026-07-10,16,26.88,Pendiente,2026-07-10 02:00:05,2026-07-25 02:00:04,1865,0.00,,,20623,,
4967,2026-07-10,16,19.20,Pendiente,2026-07-10 02:00:05,2026-07-25 02:00:04,1866,0.00,,,20641,,
4968,2026-07-10,16,19.20,Pendiente,2026-07-10 02:00:05,2026-07-25 02:00:04,1867,0.00,,,20659,,
4969,2026-07-10,16,49.92,Pendiente,2026-07-10 02:00:05,2026-07-25 02:00:04,1868,0.00,,,20677,,
4970,2026-07-10,16,39.25,Pendiente,2026-07-10 02:00:05,2026-07-25 02:00:04,1881,0.00,,,20903,,
4971,2026-07-10,16,15.99,Pendiente,2026-07-10 02:00:05,2026-07-25 02:00:04,1883,0.00,,,20975,,
4972,2026-07-10,16,12.80,Pendiente,2026-07-10 02:00:05,2026-07-25 02:00:04,1888,0.00,,,21060,,
4973,2026-07-10,16,21.33,Pendiente,2026-07-10 02:00:05,2026-07-25 02:00:04,1889,0.00,,,21084,,
4974,2026-07-10,16,27.31,Pendiente,2026-07-10 02:00:05,2026-07-25 02:00:04,1891,0.00,,,21117,,
4975,2026-07-10,16,27.31,Pendiente,2026-07-10 02:00:05,2026-07-25 02:00:04,1892,0.00,,,21165,,
4976,2026-07-10,16,25.60,Pendiente,2026-07-10 02:00:05,2026-07-25 02:00:04,1893,0.00,,,21211,,
4977,2026-07-10,16,25.60,Pendiente,2026-07-10 02:00:05,2026-07-25 02:00:04,1894,0.00,,,21235,,
4978,2026-07-10,16,30.72,Pendiente,2026-07-10 02:00:05,2026-07-25 02:00:04,1896,0.00,,,21307,,
4979,2026-07-10,16,11.52,Pendiente,2026-07-10 02:00:05,2026-07-25 02:00:04,1900,0.00,,,21397,,
4980,2026-07-10,16,21.33,Pendiente,2026-07-10 02:00:05,2026-07-25 02:00:04,1912,0.00,,,21691,,
4981,2026-07-10,16,23.73,Pendiente,2026-07-10 02:00:05,2026-07-25 02:00:04,1913,0.00,,,21704,,
4982,2026-07-10,16,15.99,Pendiente,2026-07-10 02:00:05,2026-07-25 02:00:04,1918,0.00,,,21824,,
4983,2026-07-10,16,19.20,Pendiente,2026-07-10 02:00:05,2026-07-25 02:00:04,1919,0.00,,,21837,,
4984,2026-07-10,16,19.20,Pendiente,2026-07-10 02:00:05,2026-07-25 02:00:04,1920,0.00,,,21855,,
4985,2026-07-10,16,31.36,Pendiente,2026-07-10 02:00:05,2026-07-25 02:00:04,1922,0.00,,,21921,,
4986,2026-07-10,16,31.35,Pendiente,2026-07-10 02:00:05,2026-07-25 02:00:04,1923,0.00,,,21945,,
4987,2026-07-10,16,31.35,Pendiente,2026-07-10 02:00:05,2026-07-25 02:00:04,1924,0.00,,,21969,,
4988,2026-07-10,16,31.35,Pendiente,2026-07-10 02:00:05,2026-07-25 02:00:04,1925,0.00,,,21993,,
4989,2026-07-10,16,16.00,Pendiente,2026-07-10 02:00:05,2026-07-25 02:00:04,1946,0.00,,,22514,,
4990,2026-07-10,16,16.00,Pendiente,2026-07-10 02:00:05,2026-07-25 02:00:04,1947,0.00,,,22538,,
4991,2026-07-10,8,5.33,Pagado,2026-07-10 02:00:05,2026-07-17 20:14:05,1954,5.33,2026-07-17 20:14:05,111113612004634,22724,Efectivo,
4992,2026-07-10,16,49.92,Pendiente,2026-07-10 02:00:05,2026-07-25 02:00:04,1962,0.00,,,22871,,
4993,2026-07-10,16,25.60,Pendiente,2026-07-10 02:00:05,2026-07-25 02:00:04,1963,0.00,,,22890,,
4994,2026-07-10,16,30.99,Pendiente,2026-07-10 02:00:05,2026-07-25 02:00:04,1979,0.00,,,23283,,
4995,2026-07-10,16,30.99,Pendiente,2026-07-10 02:00:05,2026-07-25 02:00:04,1980,0.00,,,23299,,
4996,2026-07-10,16,21.33,Pendiente,2026-07-10 02:00:05,2026-07-25 02:00:04,1987,0.00,,,23423,,
4997,2026-07-10,16,21.33,Pendiente,2026-07-10 02:00:05,2026-07-25 02:00:04,2009,0.00,,,23933,,
4998,2026-07-11,15,16.00,Pendiente,2026-07-11 02:00:05,2026-07-25 02:00:04,909,0.00,,,1573,,
4999,2026-07-11,15,16.00,Pendiente,2026-07-11 02:00:05,2026-07-25 02:00:04,933,0.00,,,2241,,
5000,2026-07-11,15,14.40,Pendiente,2026-07-11 02:00:05,2026-07-25 02:00:04,938,0.00,,,2362,,
5001,2026-07-11,15,81.05,Pendiente,2026-07-11 02:00:05,2026-07-25 02:00:04,1023,0.00,,,3635,,
5002,2026-07-11,15,60.30,Pendiente,2026-07-11 02:00:05,2026-07-25 02:00:04,1025,0.00,,,3693,,
5003,2026-07-11,7,9.80,Pagado,2026-07-11 02:00:05,2026-07-17 19:37:00,1028,9.80,2026-07-17 19:37:00,111113612004634,3779,Efectivo,
5004,2026-07-11,15,24.00,Pendiente,2026-07-11 02:00:05,2026-07-25 02:00:04,1033,0.00,,,3959,,
5005,2026-07-11,15,84.42,Pendiente,2026-07-11 02:00:05,2026-07-25 02:00:04,1034,0.00,,,3992,,
5006,2026-07-11,15,16.00,Pendiente,2026-07-11 02:00:05,2026-07-25 02:00:04,1038,0.00,,,4136,,
5007,2026-07-11,15,19.20,Pendiente,2026-07-11 02:00:05,2026-07-25 02:00:04,1040,0.00,,,4195,,
5008,2026-07-11,15,28.80,Pendiente,2026-07-11 02:00:05,2026-07-25 02:00:04,1042,0.00,,,4270,,
5009,2026-07-11,15,16.00,Pendiente,2026-07-11 02:00:05,2026-07-25 02:00:04,1044,0.00,,,4349,,
5010,2026-07-11,15,72.35,Pendiente,2026-07-11 02:00:05,2026-07-25 02:00:04,1047,0.00,,,4423,,
5011,2026-07-11,15,27.00,Pendiente,2026-07-11 02:00:05,2026-07-25 02:00:04,1050,0.00,,,4501,,
5012,2026-07-11,15,72.35,Pendiente,2026-07-11 02:00:05,2026-07-25 02:00:04,1148,0.00,,,6064,,
5013,2026-07-11,15,28.80,Pendiente,2026-07-11 02:00:05,2026-07-25 02:00:04,1150,0.00,,,6115,,
5014,2026-07-11,15,16.00,Pendiente,2026-07-11 02:00:05,2026-07-25 02:00:04,1153,0.00,,,6221,,
5015,2026-07-11,15,35.30,Pendiente,2026-07-11 02:00:05,2026-07-25 02:00:04,1156,0.00,,,6294,,
5016,2026-07-11,15,16.00,Pendiente,2026-07-11 02:00:05,2026-07-25 02:00:04,1157,0.00,,,6319,,
5017,2026-07-11,15,35.30,Pendiente,2026-07-11 02:00:05,2026-07-25 02:00:04,1158,0.00,,,6361,,
5018,2026-07-11,15,16.00,Pendiente,2026-07-11 02:00:05,2026-07-25 02:00:04,1159,0.00,,,6400,,
5019,2026-07-11,15,43.20,Pendiente,2026-07-11 02:00:05,2026-07-25 02:00:04,1161,0.00,,,6442,,
5020,2026-07-11,15,24.00,Pendiente,2026-07-11 02:00:05,2026-07-25 02:00:04,1162,0.00,,,6470,,
5021,2026-07-11,15,21.60,Pendiente,2026-07-11 02:00:05,2026-07-25 02:00:04,1166,0.00,,,6556,,
5022,2026-07-11,15,21.60,Pendiente,2026-07-11 02:00:05,2026-07-25 02:00:05,1167,0.00,,,6577,,
5023,2026-07-11,15,24.00,Pendiente,2026-07-11 02:00:05,2026-07-25 02:00:05,1175,0.00,,,6725,,
5024,2026-07-11,14,33.60,Pagado,2026-07-11 02:00:05,2026-07-24 15:29:19,1429,33.60,2026-07-24 15:29:19,111113612004634,12257,Efectivo,
5025,2026-07-11,15,36.00,Pendiente,2026-07-11 02:00:05,2026-07-25 02:00:05,1430,0.00,,,12284,,
5026,2026-07-11,15,25.60,Pendiente,2026-07-11 02:00:05,2026-07-25 02:00:05,1431,0.00,,,12310,,
5027,2026-07-11,15,29.40,Pendiente,2026-07-11 02:00:05,2026-07-25 02:00:05,1433,0.00,,,12384,,
5028,2026-07-11,15,27.20,Pendiente,2026-07-11 02:00:05,2026-07-25 02:00:05,1436,0.00,,,12495,,
5029,2026-07-11,7,16.80,Pagado,2026-07-11 02:00:05,2026-07-17 21:47:15,1437,16.80,2026-07-17 21:47:15,111113612004634,12534,Efectivo,
5030,2026-07-11,7,7.47,Pagado,2026-07-11 02:00:05,2026-07-17 21:48:38,1438,7.47,2026-07-17 21:48:38,111113612004634,12570,Efectivo,
5031,2026-07-11,7,9.80,Pagado,2026-07-11 02:00:05,2026-07-17 22:38:28,1439,9.80,2026-07-17 22:38:28,111113612004634,12606,Efectivo,
5032,2026-07-11,7,13.44,Pagado,2026-07-11 02:00:05,2026-07-17 22:40:05,1440,13.44,2026-07-17 22:40:05,111113612004634,12643,Efectivo,
5033,2026-07-11,15,12.00,Pendiente,2026-07-11 02:00:05,2026-07-25 02:00:05,1441,0.00,,,12678,,
5034,2026-07-11,15,16.00,Pendiente,2026-07-11 02:00:05,2026-07-25 02:00:05,1446,0.00,,,12858,,
5035,2026-07-11,15,12.80,Pendiente,2026-07-11 02:00:05,2026-07-25 02:00:05,1450,0.00,,,12965,,
5036,2026-07-11,15,36.00,Pendiente,2026-07-11 02:00:05,2026-07-25 02:00:05,1457,0.00,,,13144,,
5037,2026-07-11,15,16.00,Pendiente,2026-07-11 02:00:05,2026-07-25 02:00:05,1489,0.00,,,13292,,
5038,2026-07-11,7,33.76,Pagado,2026-07-11 02:00:05,2026-07-17 22:27:31,1493,33.76,2026-07-17 22:27:31,111113612004634,13405,Efectivo,
5039,2026-07-11,15,18.00,Pendiente,2026-07-11 02:00:05,2026-07-25 02:00:05,1496,0.00,,,13507,,
5040,2026-07-11,15,12.80,Pendiente,2026-07-11 02:00:05,2026-07-25 02:00:05,1500,0.00,,,13612,,
5041,2026-07-11,15,21.00,Pendiente,2026-07-11 02:00:05,2026-07-25 02:00:05,1502,0.00,,,13672,,
5042,2026-07-11,15,21.00,Pendiente,2026-07-11 02:00:05,2026-07-25 02:00:05,1503,0.00,,,13695,,
5043,2026-07-11,15,25.60,Pendiente,2026-07-11 02:00:05,2026-07-25 02:00:05,1518,0.00,,,14000,,
5044,2026-07-11,7,16.80,Pagado,2026-07-11 02:00:05,2026-07-17 19:48:06,1529,16.80,2026-07-17 19:48:06,111113612004634,14410,Efectivo,
5045,2026-07-11,15,28.80,Pendiente,2026-07-11 02:00:05,2026-07-25 02:00:05,1533,0.00,,,14504,,
5046,2026-07-11,15,35.30,Pendiente,2026-07-11 02:00:05,2026-07-25 02:00:05,1535,0.00,,,14558,,
5047,2026-07-11,15,46.80,Pendiente,2026-07-11 02:00:05,2026-07-25 02:00:05,1614,0.00,,,15082,,
5048,2026-07-11,15,21.60,Pendiente,2026-07-11 02:00:05,2026-07-25 02:00:05,1615,0.00,,,15100,,
5049,2026-07-11,15,10.00,Pendiente,2026-07-11 02:00:05,2026-07-25 02:00:05,1616,0.00,,,15118,,
5050,2026-07-11,15,35.99,Pendiente,2026-07-11 02:00:05,2026-07-25 02:00:05,1630,0.00,,,15425,,
5051,2026-07-11,15,35.99,Pendiente,2026-07-11 02:00:05,2026-07-25 02:00:05,1632,0.00,,,15473,,
5052,2026-07-11,14,20.16,Pagado,2026-07-11 02:00:05,2026-07-24 17:06:29,1637,20.16,2026-07-24 17:06:29,111113612004634,15565,Efectivo,
5053,2026-07-11,14,20.16,Pagado,2026-07-11 02:00:05,2026-07-24 17:05:31,1638,20.16,2026-07-24 17:05:31,111113612004634,15583,Efectivo,
5054,2026-07-11,14,16.80,Pagado,2026-07-11 02:00:05,2026-07-24 17:10:03,1639,16.80,2026-07-24 17:10:03,111113612004634,15601,Efectivo,
5055,2026-07-11,14,10.08,Pagado,2026-07-11 02:00:05,2026-07-24 17:10:57,1640,10.08,2026-07-24 17:10:57,111113612004634,15619,Efectivo,
5056,2026-07-11,15,16.00,Pendiente,2026-07-11 02:00:05,2026-07-25 02:00:05,1644,0.00,,,15698,,
5057,2026-07-11,15,12.00,Pendiente,2026-07-11 02:00:05,2026-07-25 02:00:05,1673,0.00,,,16445,,
5058,2026-07-11,15,22.32,Pendiente,2026-07-11 02:00:05,2026-07-25 02:00:05,1684,0.00,,,16730,,
5059,2026-07-11,15,35.28,Pendiente,2026-07-11 02:00:05,2026-07-25 02:00:05,1685,0.00,,,16762,,
5060,2026-07-11,15,35.28,Pendiente,2026-07-11 02:00:05,2026-07-25 02:00:05,1686,0.00,,,16780,,
5061,2026-07-11,15,21.60,Pendiente,2026-07-11 02:00:05,2026-07-25 02:00:05,1687,0.00,,,16798,,
5062,2026-07-11,15,35.28,Pendiente,2026-07-11 02:00:05,2026-07-25 02:00:05,1688,0.00,,,16816,,
5063,2026-07-11,15,35.28,Pendiente,2026-07-11 02:00:05,2026-07-25 02:00:05,1689,0.00,,,16834,,
5064,2026-07-11,15,35.99,Pendiente,2026-07-11 02:00:05,2026-07-25 02:00:05,1690,0.00,,,16852,,
5065,2026-07-11,13,12.48,Pagado,2026-07-11 02:00:05,2026-07-23 23:38:12,1692,12.48,2026-07-23 23:38:12,111113612004634,16900,Efectivo,
5066,2026-07-11,15,29.39,Pendiente,2026-07-11 02:00:05,2026-07-25 02:00:05,1694,0.00,,,16936,,
5067,2026-07-11,15,46.80,Pendiente,2026-07-11 02:00:05,2026-07-25 02:00:05,1697,0.00,,,16997,,
5068,2026-07-11,15,14.40,Pendiente,2026-07-11 02:00:05,2026-07-25 02:00:05,1699,0.00,,,17033,,
5069,2026-07-11,15,35.28,Pendiente,2026-07-11 02:00:05,2026-07-25 02:00:05,1715,0.00,,,17362,,
5070,2026-07-11,15,18.00,Pendiente,2026-07-11 02:00:05,2026-07-25 02:00:05,1720,0.00,,,17435,,
5071,2026-07-11,15,29.39,Pendiente,2026-07-11 02:00:05,2026-07-25 02:00:05,1723,0.00,,,17503,,
5072,2026-07-11,15,15.00,Pendiente,2026-07-11 02:00:05,2026-07-25 02:00:05,1724,0.00,,,17479,,
5073,2026-07-11,15,38.99,Pendiente,2026-07-11 02:00:05,2026-07-25 02:00:05,1727,0.00,,,17564,,
5074,2026-07-11,15,12.00,Pendiente,2026-07-11 02:00:05,2026-07-25 02:00:05,1728,0.00,,,17588,,
5075,2026-07-11,15,35.99,Pendiente,2026-07-11 02:00:05,2026-07-25 02:00:05,1738,0.00,,,17796,,
5076,2026-07-11,7,20.84,Pagado,2026-07-11 02:00:05,2026-07-17 20:24:33,1739,20.84,2026-07-17 20:24:33,111113612004634,17820,Efectivo,
5077,2026-07-11,15,24.00,Pendiente,2026-07-11 02:00:05,2026-07-25 02:00:05,1749,0.00,,,18052,,
5078,2026-07-11,15,38.99,Pendiente,2026-07-11 02:00:05,2026-07-25 02:00:05,1751,0.00,,,18094,,
5079,2026-07-11,15,29.39,Pendiente,2026-07-11 02:00:05,2026-07-25 02:00:05,1753,0.00,,,18131,,
5080,2026-07-11,15,25.20,Pendiente,2026-07-11 02:00:05,2026-07-25 02:00:05,1755,0.00,,,18173,,
5081,2026-07-11,15,17.86,Pendiente,2026-07-11 02:00:05,2026-07-25 02:00:05,1756,0.00,,,18191,,
5082,2026-07-11,15,32.40,Pendiente,2026-07-11 02:00:05,2026-07-25 02:00:05,1775,0.00,,,18640,,
5083,2026-07-11,15,21.60,Pendiente,2026-07-11 02:00:05,2026-07-25 02:00:05,1781,0.00,,,18739,,
5084,2026-07-11,15,34.56,Pendiente,2026-07-11 02:00:05,2026-07-25 02:00:05,1782,0.00,,,18757,,
5085,2026-07-11,15,21.00,Pendiente,2026-07-11 02:00:05,2026-07-25 02:00:05,1789,0.00,,,18903,,
5086,2026-07-11,13,8.67,Pagado,2026-07-11 02:00:05,2026-07-23 14:10:28,1807,8.67,2026-07-23 14:10:28,111113612004634,19274,Efectivo,
5087,2026-07-11,15,24.00,Pendiente,2026-07-11 02:00:05,2026-07-25 02:00:05,1808,0.00,,,19287,,
5088,2026-07-11,15,20.00,Pendiente,2026-07-11 02:00:05,2026-07-25 02:00:05,1817,0.00,,,19485,,
5089,2026-07-11,15,16.00,Pendiente,2026-07-11 02:00:05,2026-07-25 02:00:05,1832,0.00,,,19892,,
5090,2026-07-11,15,29.39,Pendiente,2026-07-11 02:00:05,2026-07-25 02:00:05,1849,0.00,,,20260,,
5091,2026-07-11,15,28.80,Pendiente,2026-07-11 02:00:05,2026-07-25 02:00:05,1850,0.00,,,20284,,
5092,2026-07-11,15,28.80,Pendiente,2026-07-11 02:00:05,2026-07-25 02:00:05,1851,0.00,,,20302,,
5093,2026-07-11,15,18.00,Pendiente,2026-07-11 02:00:05,2026-07-25 02:00:05,1854,0.00,,,20368,,
5094,2026-07-11,15,22.25,Pendiente,2026-07-11 02:00:05,2026-07-25 02:00:05,1862,0.00,,,20541,,
5095,2026-07-11,15,35.99,Pendiente,2026-07-11 02:00:05,2026-07-25 02:00:05,1877,0.00,,,20819,,
5096,2026-07-11,15,38.99,Pendiente,2026-07-11 02:00:05,2026-07-25 02:00:05,1878,0.00,,,20843,,
5097,2026-07-11,15,28.80,Pendiente,2026-07-11 02:00:05,2026-07-25 02:00:05,1879,0.00,,,20886,,
5098,2026-07-11,15,50.40,Pendiente,2026-07-11 02:00:05,2026-07-25 02:00:05,1880,0.00,,,20868,,
5099,2026-07-11,15,18.00,Pendiente,2026-07-11 02:00:05,2026-07-25 02:00:05,1890,0.00,,,21097,,
5100,2026-07-11,15,20.80,Pendiente,2026-07-11 02:00:05,2026-07-25 02:00:05,1895,0.00,,,21259,,
5101,2026-07-11,15,35.99,Pendiente,2026-07-11 02:00:05,2026-07-25 02:00:05,1901,0.00,,,21415,,
5102,2026-07-11,15,28.50,Pendiente,2026-07-11 02:00:05,2026-07-25 02:00:05,1903,0.00,,,21463,,
5103,2026-07-11,15,21.00,Pendiente,2026-07-11 02:00:05,2026-07-25 02:00:05,1904,0.00,,,21487,,
5104,2026-07-11,15,20.80,Pendiente,2026-07-11 02:00:05,2026-07-25 02:00:05,1905,0.00,,,21511,,
5105,2026-07-11,15,20.00,Pendiente,2026-07-11 02:00:05,2026-07-25 02:00:05,1908,0.00,,,21606,,
5106,2026-07-11,15,14.99,Pendiente,2026-07-11 02:00:05,2026-07-25 02:00:05,1926,0.00,,,22017,,
5107,2026-07-11,15,48.24,Pendiente,2026-07-11 02:00:05,2026-07-25 02:00:05,1930,0.00,,,22150,,
5108,2026-07-11,7,11.20,Pagado,2026-07-11 02:00:05,2026-07-17 19:36:33,1931,11.20,2026-07-17 19:36:33,111113612004634,22102,Efectivo,
5109,2026-07-11,12,12.80,Pagado,2026-07-11 02:00:05,2026-07-22 21:17:50,1932,12.80,2026-07-22 21:17:50,111113612004634,22183,Efectivo,
5110,2026-07-11,15,9.00,Pendiente,2026-07-11 02:00:05,2026-07-25 02:00:05,1955,0.00,,,22737,,
5111,2026-07-11,15,14.40,Pendiente,2026-07-11 02:00:05,2026-07-25 02:00:05,1957,0.00,,,22779,,
5112,2026-07-11,15,24.00,Pendiente,2026-07-11 02:00:05,2026-07-25 02:00:05,1958,0.00,,,22797,,
5113,2026-07-11,15,14.99,Pendiente,2026-07-11 02:00:05,2026-07-25 02:00:05,1959,0.00,,,22845,,
5114,2026-07-11,15,14.99,Pendiente,2026-07-11 02:00:05,2026-07-25 02:00:05,1960,0.00,,,22858,,
5115,2026-07-11,15,21.00,Pendiente,2026-07-11 02:00:05,2026-07-25 02:00:05,1978,0.00,,,23259,,
5116,2026-07-11,15,14.40,Pendiente,2026-07-11 02:00:05,2026-07-25 02:00:05,1981,0.00,,,23315,,
5117,2026-07-11,15,24.00,Pendiente,2026-07-11 02:00:05,2026-07-25 02:00:05,1989,0.00,,,23460,,
5118,2026-07-11,15,20.80,Pendiente,2026-07-11 02:00:05,2026-07-25 02:00:05,1990,0.00,,,23508,,
5119,2026-07-11,6,14.40,Pagado,2026-07-11 02:00:05,2026-07-16 17:45:55,1997,14.40,2026-07-16 17:45:55,111113612004634,23676,Efectivo,
5120,2026-07-11,15,35.99,Pendiente,2026-07-11 02:00:05,2026-07-25 02:00:05,2006,0.00,,,23881,,
5121,2026-07-11,15,29.39,Pendiente,2026-07-11 02:00:05,2026-07-25 02:00:05,2010,0.00,,,23946,,
5122,2026-07-11,15,29.39,Pendiente,2026-07-11 02:00:05,2026-07-25 02:00:05,2011,0.00,,,23970,,
5123,2026-07-11,15,35.28,Pendiente,2026-07-11 02:00:05,2026-07-25 02:00:05,2021,0.00,,,24180,,
5124,2026-07-11,15,24.00,Pendiente,2026-07-11 02:00:05,2026-07-25 02:00:05,2022,0.00,,,24198,,
5125,2026-07-11,15,10.00,Pendiente,2026-07-11 02:00:05,2026-07-25 02:00:05,2024,0.00,,,24264,,
5126,2026-07-12,14,33.60,Pendiente,2026-07-12 02:00:05,2026-07-25 02:00:05,942,0.00,,,2436,,
5127,2026-07-12,14,31.24,Pendiente,2026-07-12 02:00:05,2026-07-25 02:00:05,943,0.00,,,2469,,
5128,2026-07-12,14,27.44,Pendiente,2026-07-12 02:00:05,2026-07-25 02:00:05,946,0.00,,,2540,,
5129,2026-07-12,6,7.20,Pagado,2026-07-12 02:00:05,2026-07-17 19:59:50,948,7.20,2026-07-17 19:59:50,111113612004634,2577,Efectivo,
5130,2026-07-12,14,14.93,Pendiente,2026-07-12 02:00:05,2026-07-25 02:00:05,1059,0.00,,,4700,,
5131,2026-07-12,6,11.52,Pagado,2026-07-12 02:00:05,2026-07-17 21:03:09,1066,11.52,2026-07-17 21:03:09,111113612004634,4826,Efectivo,
5132,2026-07-12,14,26.88,Pendiente,2026-07-12 02:00:05,2026-07-25 02:00:05,1069,0.00,,,4879,,
5133,2026-07-12,14,36.40,Pendiente,2026-07-12 02:00:05,2026-07-25 02:00:05,1127,0.00,,,5496,,
5134,2026-07-12,14,36.40,Pendiente,2026-07-12 02:00:05,2026-07-25 02:00:05,1129,0.00,,,5544,,
5135,2026-07-12,14,14.93,Pendiente,2026-07-12 02:00:05,2026-07-25 02:00:05,1130,0.00,,,5598,,
5136,2026-07-12,14,11.20,Pendiente,2026-07-12 02:00:05,2026-07-25 02:00:05,1131,0.00,,,5617,,
5137,2026-07-12,14,27.44,Pendiente,2026-07-12 02:00:05,2026-07-25 02:00:05,1132,0.00,,,5641,,
5138,2026-07-12,14,11.20,Pendiente,2026-07-12 02:00:05,2026-07-25 02:00:05,1134,0.00,,,5683,,
5139,2026-07-12,12,48.24,Pagado,2026-07-12 02:00:05,2026-07-23 15:00:06,1233,48.24,2026-07-23 15:00:06,111113612004634,7437,Efectivo,
5140,2026-07-12,14,56.28,Pendiente,2026-07-12 02:00:05,2026-07-25 02:00:05,1237,0.00,,,7528,,
5141,2026-07-12,14,14.93,Pendiente,2026-07-12 02:00:05,2026-07-25 02:00:05,1242,0.00,,,7680,,
5142,2026-07-12,14,22.40,Pendiente,2026-07-12 02:00:05,2026-07-25 02:00:05,1244,0.00,,,7737,,
5143,2026-07-12,14,90.07,Pendiente,2026-07-12 02:00:05,2026-07-25 02:00:05,1246,0.00,,,7810,,
5144,2026-07-12,14,19.60,Pendiente,2026-07-12 02:00:05,2026-07-25 02:00:05,1249,0.00,,,7914,,
5145,2026-07-12,14,14.93,Pendiente,2026-07-12 02:00:05,2026-07-25 02:00:05,1256,0.00,,,8085,,
5146,2026-07-12,14,26.88,Pendiente,2026-07-12 02:00:05,2026-07-25 02:00:05,1259,0.00,,,8183,,
5147,2026-07-12,14,14.93,Pendiente,2026-07-12 02:00:05,2026-07-25 02:00:05,1265,0.00,,,8380,,
5148,2026-07-12,14,25.20,Pendiente,2026-07-12 02:00:05,2026-07-25 02:00:05,1266,0.00,,,8411,,
5149,2026-07-12,14,22.40,Pendiente,2026-07-12 02:00:05,2026-07-25 02:00:05,1268,0.00,,,8454,,
5150,2026-07-12,14,22.40,Pendiente,2026-07-12 02:00:05,2026-07-25 02:00:05,1271,0.00,,,8569,,
5151,2026-07-12,14,22.40,Pendiente,2026-07-12 02:00:05,2026-07-25 02:00:05,1275,0.00,,,8701,,
5152,2026-07-12,14,67.53,Pendiente,2026-07-12 02:00:05,2026-07-25 02:00:05,1276,0.00,,,8753,,
5153,2026-07-12,14,36.40,Pendiente,2026-07-12 02:00:05,2026-07-25 02:00:05,1279,0.00,,,8846,,
5154,2026-07-12,12,21.60,Pagado,2026-07-12 02:00:05,2026-07-23 14:46:10,1282,21.60,2026-07-23 14:46:10,111113612004634,8943,Efectivo,
5155,2026-07-12,14,19.60,Pendiente,2026-07-12 02:00:05,2026-07-25 02:00:05,1284,0.00,,,8980,,
5156,2026-07-12,5,6.00,Pagado,2026-07-12 02:00:05,2026-07-16 17:47:24,1285,6.00,2026-07-16 17:47:24,111113612004634,9004,Efectivo,
5157,2026-07-12,14,16.80,Pendiente,2026-07-12 02:00:05,2026-07-25 02:00:05,1286,0.00,,,9030,,
5158,2026-07-12,14,11.20,Pendiente,2026-07-12 02:00:05,2026-07-25 02:00:05,1288,0.00,,,9080,,
5159,2026-07-12,14,78.80,Pendiente,2026-07-12 02:00:05,2026-07-25 02:00:05,1289,0.00,,,9097,,
5160,2026-07-12,14,25.20,Pendiente,2026-07-12 02:00:05,2026-07-25 02:00:05,1290,0.00,,,9132,,
5161,2026-07-12,14,67.53,Pendiente,2026-07-12 02:00:05,2026-07-25 02:00:05,1295,0.00,,,9271,,
5162,2026-07-12,14,56.28,Pendiente,2026-07-12 02:00:05,2026-07-25 02:00:05,1296,0.00,,,9310,,
5163,2026-07-12,14,56.28,Pendiente,2026-07-12 02:00:05,2026-07-25 02:00:05,1297,0.00,,,9344,,
5164,2026-07-12,14,78.80,Pendiente,2026-07-12 02:00:05,2026-07-25 02:00:05,1300,0.00,,,9441,,
5165,2026-07-12,14,33.60,Pendiente,2026-07-12 02:00:05,2026-07-25 02:00:05,1307,0.00,,,9620,,
5166,2026-07-12,14,14.93,Pendiente,2026-07-12 02:00:05,2026-07-25 02:00:05,1308,0.00,,,9651,,
5167,2026-07-12,14,14.93,Pendiente,2026-07-12 02:00:05,2026-07-25 02:00:05,1310,0.00,,,9737,,
5168,2026-07-12,6,24.12,Pagado,2026-07-12 02:00:05,2026-07-17 19:05:53,1311,24.12,2026-07-17 19:05:53,111113612004634,9770,Efectivo,
5169,2026-07-12,14,27.44,Pendiente,2026-07-12 02:00:05,2026-07-25 02:00:05,1312,0.00,,,9798,,
5170,2026-07-12,14,14.93,Pendiente,2026-07-12 02:00:05,2026-07-25 02:00:05,1313,0.00,,,9834,,
5171,2026-07-12,14,22.40,Pendiente,2026-07-12 02:00:05,2026-07-25 02:00:05,1319,0.00,,,9977,,
5172,2026-07-12,14,26.88,Pendiente,2026-07-12 02:00:05,2026-07-25 02:00:05,1322,0.00,,,10077,,
5173,2026-07-12,14,26.88,Pendiente,2026-07-12 02:00:05,2026-07-25 02:00:05,1622,0.00,,,15221,,
5174,2026-07-12,14,26.88,Pendiente,2026-07-12 02:00:05,2026-07-25 02:00:05,1623,0.00,,,15239,,
5175,2026-07-12,14,11.20,Pendiente,2026-07-12 02:00:05,2026-07-25 02:00:05,1642,0.00,,,15650,,
5176,2026-07-12,14,25.20,Pendiente,2026-07-12 02:00:05,2026-07-25 02:00:05,1643,0.00,,,15674,,
5177,2026-07-12,14,40.60,Pendiente,2026-07-12 02:00:05,2026-07-25 02:00:05,1676,0.00,,,16531,,
5178,2026-07-12,14,123.48,Pendiente,2026-07-12 02:00:05,2026-07-25 02:00:05,1680,0.00,,,16637,,
5179,2026-07-12,14,36.40,Pendiente,2026-07-12 02:00:05,2026-07-25 02:00:05,1682,0.00,,,16674,,
5180,2026-07-12,14,27.44,Pendiente,2026-07-12 02:00:05,2026-07-25 02:00:05,1691,0.00,,,16876,,
5181,2026-07-12,14,22.40,Pendiente,2026-07-12 02:00:05,2026-07-25 02:00:05,1696,0.00,,,16973,,
5182,2026-07-12,14,23.89,Pendiente,2026-07-12 02:00:05,2026-07-25 02:00:05,1704,0.00,,,17145,,
5183,2026-07-12,14,18.66,Pendiente,2026-07-12 02:00:05,2026-07-25 02:00:05,1719,0.00,,,17422,,
5184,2026-07-12,14,27.44,Pendiente,2026-07-12 02:00:05,2026-07-25 02:00:05,1726,0.00,,,17540,,
5185,2026-07-12,14,36.40,Pendiente,2026-07-12 02:00:05,2026-07-25 02:00:05,1729,0.00,,,17612,,
5186,2026-07-12,14,32.93,Pendiente,2026-07-12 02:00:05,2026-07-25 02:00:05,1730,0.00,,,17636,,
5187,2026-07-12,14,49.39,Pendiente,2026-07-12 02:00:05,2026-07-25 02:00:05,1733,0.00,,,17709,,
5188,2026-07-12,14,16.80,Pendiente,2026-07-12 02:00:05,2026-07-25 02:00:05,1746,0.00,,,17986,,
5189,2026-07-12,14,16.80,Pendiente,2026-07-12 02:00:05,2026-07-25 02:00:05,1747,0.00,,,18010,,
5190,2026-07-12,14,14.00,Pendiente,2026-07-12 02:00:05,2026-07-25 02:00:05,1757,0.00,,,18223,,
5191,2026-07-12,14,30.24,Pendiente,2026-07-12 02:00:05,2026-07-25 02:00:05,1762,0.00,,,18363,,
5192,2026-07-12,14,17.92,Pendiente,2026-07-12 02:00:05,2026-07-25 02:00:05,1763,0.00,,,18381,,
5193,2026-07-12,14,18.66,Pendiente,2026-07-12 02:00:05,2026-07-25 02:00:05,1764,0.00,,,18429,,
5194,2026-07-12,14,36.40,Pendiente,2026-07-12 02:00:05,2026-07-25 02:00:05,1776,0.00,,,18658,,
5195,2026-07-12,14,9.33,Pendiente,2026-07-12 02:00:05,2026-07-25 02:00:05,1783,0.00,,,18775,,
5196,2026-07-12,14,37.04,Pendiente,2026-07-12 02:00:05,2026-07-25 02:00:05,1796,0.00,,,19037,,
5197,2026-07-12,14,25.20,Pendiente,2026-07-12 02:00:05,2026-07-25 02:00:05,1804,0.00,,,19213,,
5198,2026-07-12,14,14.00,Pendiente,2026-07-12 02:00:05,2026-07-25 02:00:05,1806,0.00,,,19261,,
5199,2026-07-12,11,11.00,Pagado,2026-07-12 02:00:05,2026-07-22 20:53:22,1811,11.00,2026-07-22 20:53:22,111113612004634,19361,Efectivo,
5200,2026-07-12,14,18.66,Pendiente,2026-07-12 02:00:05,2026-07-25 02:00:05,1812,0.00,,,19374,,
5201,2026-07-12,12,8.00,Pagado,2026-07-12 02:00:05,2026-07-23 14:44:22,1815,8.00,2026-07-23 14:44:22,111113612004634,19448,Efectivo,
5202,2026-07-12,14,33.60,Pendiente,2026-07-12 02:00:05,2026-07-25 02:00:05,1816,0.00,,,19461,,
5203,2026-07-12,14,11.20,Pendiente,2026-07-12 02:00:05,2026-07-25 02:00:05,1823,0.00,,,19618,,
5204,2026-07-12,14,16.80,Pendiente,2026-07-12 02:00:05,2026-07-25 02:00:05,1853,0.00,,,20344,,
5205,2026-07-12,14,27.44,Pendiente,2026-07-12 02:00:05,2026-07-25 02:00:05,1855,0.00,,,20392,,
5206,2026-07-12,14,11.20,Pendiente,2026-07-12 02:00:05,2026-07-25 02:00:05,1856,0.00,,,20416,,
5207,2026-07-12,14,33.60,Pendiente,2026-07-12 02:00:05,2026-07-25 02:00:05,1875,0.00,,,20771,,
5208,2026-07-12,14,16.80,Pendiente,2026-07-12 02:00:05,2026-07-25 02:00:05,1876,0.00,,,20795,,
5209,2026-07-12,14,20.16,Pendiente,2026-07-12 02:00:05,2026-07-25 02:00:05,1884,0.00,,,20988,,
5210,2026-07-12,14,13.44,Pendiente,2026-07-12 02:00:05,2026-07-25 02:00:05,1885,0.00,,,21006,,
5211,2026-07-12,14,23.52,Pendiente,2026-07-12 02:00:05,2026-07-25 02:00:05,1886,0.00,,,21042,,
5212,2026-07-12,14,13.44,Pendiente,2026-07-12 02:00:05,2026-07-25 02:00:05,1887,0.00,,,21024,,
5213,2026-07-12,14,26.60,Pendiente,2026-07-12 02:00:05,2026-07-25 02:00:05,1909,0.00,,,21619,,
5214,2026-07-12,14,33.60,Pendiente,2026-07-12 02:00:05,2026-07-25 02:00:05,1911,0.00,,,21667,,
5215,2026-07-12,14,27.44,Pendiente,2026-07-12 02:00:05,2026-07-25 02:00:05,1914,0.00,,,21720,,
5216,2026-07-12,14,26.60,Pendiente,2026-07-12 02:00:05,2026-07-25 02:00:05,1915,0.00,,,21744,,
5217,2026-07-12,14,11.20,Pendiente,2026-07-12 02:00:05,2026-07-25 02:00:05,1916,0.00,,,21768,,
5218,2026-07-12,14,22.40,Pendiente,2026-07-12 02:00:05,2026-07-25 02:00:05,1921,0.00,,,21873,,
5219,2026-07-12,11,13.20,Pagado,2026-07-12 02:00:05,2026-07-22 20:52:28,1928,13.20,2026-07-22 20:52:28,111113612004634,22054,Efectivo,
5220,2026-07-12,14,16.80,Pendiente,2026-07-12 02:00:05,2026-07-25 02:00:05,1929,0.00,,,22078,,
5221,2026-07-12,14,27.11,Pendiente,2026-07-12 02:00:05,2026-07-25 02:00:05,1933,0.00,,,22231,,
5222,2026-07-12,14,22.40,Pendiente,2026-07-12 02:00:05,2026-07-25 02:00:05,1936,0.00,,,22295,,
5223,2026-07-12,14,33.60,Pendiente,2026-07-12 02:00:05,2026-07-25 02:00:05,1937,0.00,,,22319,,
5224,2026-07-12,14,25.20,Pendiente,2026-07-12 02:00:05,2026-07-25 02:00:05,1938,0.00,,,22343,,
5225,2026-07-12,14,36.96,Pendiente,2026-07-12 02:00:05,2026-07-25 02:00:05,1939,0.00,,,22367,,
5226,2026-07-12,14,27.44,Pendiente,2026-07-12 02:00:05,2026-07-25 02:00:05,1948,0.00,,,22562,,
5227,2026-07-12,14,30.80,Pendiente,2026-07-12 02:00:05,2026-07-25 02:00:05,1949,0.00,,,22586,,
5228,2026-07-12,14,36.40,Pendiente,2026-07-12 02:00:05,2026-07-25 02:00:05,1950,0.00,,,22610,,
5229,2026-07-12,14,27.44,Pendiente,2026-07-12 02:00:05,2026-07-25 02:00:05,1952,0.00,,,22652,,
5230,2026-07-12,14,14.93,Pendiente,2026-07-12 02:00:05,2026-07-25 02:00:05,1953,0.00,,,22676,,
5231,2026-07-12,12,17.86,Pagado,2026-07-12 02:00:05,2026-07-23 14:45:30,1964,17.86,2026-07-23 14:45:30,111113612004634,22943,Efectivo,
5232,2026-07-12,14,8.40,Pendiente,2026-07-12 02:00:05,2026-07-25 02:00:05,1967,0.00,,,23023,,
5233,2026-07-12,14,8.40,Pendiente,2026-07-12 02:00:05,2026-07-25 02:00:05,1968,0.00,,,23047,,
5234,2026-07-12,14,8.40,Pendiente,2026-07-12 02:00:05,2026-07-25 02:00:05,1975,0.00,,,23179,,
5235,2026-07-12,14,8.40,Pendiente,2026-07-12 02:00:05,2026-07-25 02:00:05,1976,0.00,,,23203,,
5236,2026-07-12,14,16.67,Pendiente,2026-07-12 02:00:05,2026-07-25 02:00:05,1977,0.00,,,23227,,
5237,2026-07-12,14,13.44,Pendiente,2026-07-12 02:00:05,2026-07-25 02:00:05,1982,0.00,,,23333,,
5238,2026-07-12,14,13.44,Pendiente,2026-07-12 02:00:05,2026-07-25 02:00:05,1983,0.00,,,23351,,
5239,2026-07-12,14,13.44,Pendiente,2026-07-12 02:00:05,2026-07-25 02:00:05,1984,0.00,,,23369,,
5240,2026-07-12,14,13.44,Pendiente,2026-07-12 02:00:05,2026-07-25 02:00:05,1985,0.00,,,23387,,
5241,2026-07-12,14,13.44,Pendiente,2026-07-12 02:00:05,2026-07-25 02:00:05,1986,0.00,,,23405,,
5242,2026-07-12,14,14.00,Pendiente,2026-07-12 02:00:05,2026-07-25 02:00:05,1988,0.00,,,23436,,
5243,2026-07-12,14,33.60,Pendiente,2026-07-12 02:00:05,2026-07-25 02:00:05,1995,0.00,,,23628,,
5244,2026-07-12,14,39.20,Pendiente,2026-07-12 02:00:05,2026-07-25 02:00:05,1996,0.00,,,23652,,
5245,2026-07-12,14,20.84,Pendiente,2026-07-12 02:00:05,2026-07-25 02:00:05,2016,0.00,,,24063,,
5246,2026-07-12,14,36.40,Pendiente,2026-07-12 02:00:05,2026-07-25 02:00:05,2017,0.00,,,24095,,
5247,2026-07-12,14,19.60,Pendiente,2026-07-12 02:00:05,2026-07-25 02:00:05,2018,0.00,,,24119,,
5248,2026-07-12,14,8.40,Pendiente,2026-07-12 02:00:05,2026-07-25 02:00:05,2019,0.00,,,24143,,
5249,2026-07-12,14,18.66,Pendiente,2026-07-12 02:00:05,2026-07-25 02:00:05,2020,0.00,,,24167,,
5250,2026-07-15,11,21.56,Pendiente,2026-07-15 02:00:06,2026-07-25 02:00:05,852,0.00,,,15773,,
5251,2026-07-15,11,11.73,Pendiente,2026-07-15 02:00:06,2026-07-25 02:00:05,853,0.00,,,82,,
5252,2026-07-15,9,9.60,Pagado,2026-07-15 02:00:06,2026-07-23 23:20:28,855,9.60,2026-07-23 23:20:28,111113612004634,177,Efectivo,
5253,2026-07-15,11,9.39,Pendiente,2026-07-15 02:00:06,2026-07-25 02:00:05,858,0.00,,,250,,
5254,2026-07-15,3,2.40,Pagado,2026-07-15 02:00:06,2026-07-17 19:17:20,870,2.40,2026-07-17 19:17:20,111113612004634,562,Efectivo,
5255,2026-07-15,11,6.60,Pendiente,2026-07-15 02:00:06,2026-07-25 02:00:05,1021,0.00,,,3585,,
5256,2026-07-15,8,15.68,Pagado,2026-07-15 02:00:06,2026-07-22 21:16:21,1400,15.68,2026-07-22 21:16:21,111113612004634,11534,Efectivo,
5257,2026-07-15,8,15.68,Pagado,2026-07-15 02:00:06,2026-07-22 21:10:44,1401,15.68,2026-07-22 21:10:44,111113612004634,11558,Efectivo,
5258,2026-07-15,8,15.68,Pagado,2026-07-15 02:00:06,2026-07-22 21:18:44,1402,15.68,2026-07-22 21:18:44,111113612004634,11582,Efectivo,
5259,2026-07-15,8,15.68,Pagado,2026-07-15 02:00:06,2026-07-22 21:14:35,1403,15.68,2026-07-22 21:14:35,111113612004634,11606,Efectivo,
5260,2026-07-15,8,15.68,Pagado,2026-07-15 02:00:06,2026-07-22 21:20:09,1404,15.68,2026-07-22 21:20:09,111113612004634,11630,Efectivo,
5261,2026-07-15,8,6.40,Pagado,2026-07-15 02:00:06,2026-07-22 21:22:54,1406,6.40,2026-07-22 21:22:54,111113612004634,11677,Efectivo,
5262,2026-07-15,8,6.40,Pagado,2026-07-15 02:00:06,2026-07-22 21:21:36,1407,6.40,2026-07-22 21:21:36,111113612004634,11701,Efectivo,
5263,2026-07-15,11,21.56,Pendiente,2026-07-15 02:00:06,2026-07-25 02:00:05,1412,0.00,,,11792,,
5264,2026-07-15,11,21.56,Pendiente,2026-07-15 02:00:06,2026-07-25 02:00:05,1415,0.00,,,11853,,
5265,2026-07-15,10,19.60,Pagado,2026-07-15 02:00:06,2026-07-24 16:42:39,1416,19.60,2026-07-24 16:42:39,111113612004634,11877,Efectivo,
5266,2026-07-15,11,21.56,Pendiente,2026-07-15 02:00:06,2026-07-25 02:00:05,1417,0.00,,,11901,,
5267,2026-07-15,11,21.56,Pendiente,2026-07-15 02:00:06,2026-07-25 02:00:05,1645,0.00,,,15748,,
5268,2026-07-15,11,13.20,Pendiente,2026-07-15 02:00:06,2026-07-25 02:00:05,1647,0.00,,,15817,,
5269,2026-07-15,11,16.37,Pendiente,2026-07-15 02:00:06,2026-07-25 02:00:05,1683,0.00,,,16699,,
5270,2026-07-15,11,10.56,Pendiente,2026-07-15 02:00:06,2026-07-25 02:00:05,1693,0.00,,,16919,,
5271,2026-07-15,11,10.56,Pendiente,2026-07-15 02:00:06,2026-07-25 02:00:05,1698,0.00,,,17016,,
5272,2026-07-15,11,19.80,Pendiente,2026-07-15 02:00:06,2026-07-25 02:00:05,1702,0.00,,,17089,,
5273,2026-07-15,11,6.60,Pendiente,2026-07-15 02:00:06,2026-07-25 02:00:05,1731,0.00,,,17655,,
5274,2026-07-15,11,10.56,Pendiente,2026-07-15 02:00:06,2026-07-25 02:00:05,1736,0.00,,,17766,,
5275,2026-07-15,11,8.80,Pendiente,2026-07-15 02:00:06,2026-07-25 02:00:05,1744,0.00,,,17939,,
5276,2026-07-15,11,13.20,Pendiente,2026-07-15 02:00:06,2026-07-25 02:00:05,1765,0.00,,,18443,,
5277,2026-07-15,11,14.66,Pendiente,2026-07-15 02:00:06,2026-07-25 02:00:05,1766,0.00,,,18467,,
5278,2026-07-15,11,11.00,Pendiente,2026-07-15 02:00:06,2026-07-25 02:00:05,1767,0.00,,,18480,,
5279,2026-07-15,11,16.31,Pendiente,2026-07-15 02:00:06,2026-07-25 02:00:05,1768,0.00,,,18493,,
5280,2026-07-15,11,7.92,Pendiente,2026-07-15 02:00:06,2026-07-25 02:00:05,1779,0.00,,,18709,,
5281,2026-07-15,11,7.33,Pendiente,2026-07-15 02:00:06,2026-07-25 02:00:05,1780,0.00,,,18727,,
5282,2026-07-15,11,11.00,Pendiente,2026-07-15 02:00:06,2026-07-25 02:00:05,1787,0.00,,,18862,,
5283,2026-07-15,11,10.56,Pendiente,2026-07-15 02:00:06,2026-07-25 02:00:05,1788,0.00,,,18886,,
5284,2026-07-15,11,10.56,Pendiente,2026-07-15 02:00:06,2026-07-25 02:00:05,1791,0.00,,,18946,,
5285,2026-07-15,11,15.84,Pendiente,2026-07-15 02:00:06,2026-07-25 02:00:05,1792,0.00,,,18964,,
5286,2026-07-15,11,13.20,Pendiente,2026-07-15 02:00:06,2026-07-25 02:00:05,1794,0.00,,,18998,,
5287,2026-07-15,11,21.30,Pendiente,2026-07-15 02:00:06,2026-07-25 02:00:05,1795,0.00,,,19022,,
5288,2026-07-15,11,16.31,Pendiente,2026-07-15 02:00:06,2026-07-25 02:00:05,1797,0.00,,,19062,,
5289,2026-07-15,11,16.31,Pendiente,2026-07-15 02:00:06,2026-07-25 02:00:05,1834,0.00,,,19932,,
5290,2026-07-15,11,15.40,Pendiente,2026-07-15 02:00:06,2026-07-25 02:00:05,1836,0.00,,,19996,,
5291,2026-07-15,11,21.12,Pendiente,2026-07-15 02:00:06,2026-07-25 02:00:05,1840,0.00,,,20081,,
5292,2026-07-15,11,21.12,Pendiente,2026-07-15 02:00:06,2026-07-25 02:00:05,1841,0.00,,,20099,,
5293,2026-07-15,11,16.31,Pendiente,2026-07-15 02:00:06,2026-07-25 02:00:05,1842,0.00,,,20117,,
5294,2026-07-15,11,8.80,Pendiente,2026-07-15 02:00:06,2026-07-25 02:00:05,1845,0.00,,,20171,,
5295,2026-07-15,11,6.60,Pendiente,2026-07-15 02:00:06,2026-07-25 02:00:05,1852,0.00,,,20321,,
5296,2026-07-15,11,21.12,Pendiente,2026-07-15 02:00:06,2026-07-25 02:00:05,1858,0.00,,,20464,,
5297,2026-07-15,11,23.76,Pendiente,2026-07-15 02:00:06,2026-07-25 02:00:05,1859,0.00,,,20482,,
5298,2026-07-15,11,21.12,Pendiente,2026-07-15 02:00:06,2026-07-25 02:00:05,1860,0.00,,,20500,,
5299,2026-07-15,8,8.53,Pagado,2026-07-15 02:00:06,2026-07-22 21:12:42,1863,8.53,2026-07-22 21:12:42,111113612004634,20558,Efectivo,
5300,2026-07-15,11,7.33,Pendiente,2026-07-15 02:00:06,2026-07-25 02:00:05,1869,0.00,,,20696,,
5301,2026-07-15,11,7.33,Pendiente,2026-07-15 02:00:06,2026-07-25 02:00:05,1870,0.00,,,20709,,
5302,2026-07-15,11,7.33,Pendiente,2026-07-15 02:00:06,2026-07-25 02:00:05,1871,0.00,,,20722,,
5303,2026-07-15,11,8.80,Pendiente,2026-07-15 02:00:06,2026-07-25 02:00:05,1897,0.00,,,21326,,
5304,2026-07-15,11,6.60,Pendiente,2026-07-15 02:00:06,2026-07-25 02:00:05,1898,0.00,,,21350,,
5305,2026-07-15,11,11.00,Pendiente,2026-07-15 02:00:06,2026-07-25 02:00:05,1899,0.00,,,21374,,
5306,2026-07-15,11,13.20,Pendiente,2026-07-15 02:00:06,2026-07-25 02:00:05,1934,0.00,,,22272,,
5307,2026-07-15,11,17.60,Pendiente,2026-07-15 02:00:06,2026-07-25 02:00:05,1935,0.00,,,22248,,
5308,2026-07-15,11,7.33,Pendiente,2026-07-15 02:00:06,2026-07-25 02:00:05,1940,0.00,,,22386,,
5309,2026-07-15,11,16.37,Pendiente,2026-07-15 02:00:06,2026-07-25 02:00:05,1942,0.00,,,22423,,
5310,2026-07-15,11,10.56,Pendiente,2026-07-15 02:00:06,2026-07-25 02:00:05,1944,0.00,,,22479,,
5311,2026-07-15,11,10.56,Pendiente,2026-07-15 02:00:06,2026-07-25 02:00:05,1945,0.00,,,22497,,
5312,2026-07-15,11,10.56,Pendiente,2026-07-15 02:00:06,2026-07-25 02:00:05,1956,0.00,,,22762,,
5313,2026-07-15,11,8.80,Pendiente,2026-07-15 02:00:06,2026-07-25 02:00:05,1965,0.00,,,22976,,
5314,2026-07-15,11,21.56,Pendiente,2026-07-15 02:00:06,2026-07-25 02:00:05,1966,0.00,,,23000,,
5315,2026-07-15,9,14.40,Pagado,2026-07-15 02:00:06,2026-07-23 23:19:45,1998,14.40,2026-07-23 23:19:45,111113612004634,23712,Efectivo,
5316,2026-07-15,11,6.60,Pendiente,2026-07-15 02:00:06,2026-07-25 02:00:05,1999,0.00,,,23736,,
5317,2026-07-15,11,6.60,Pendiente,2026-07-15 02:00:06,2026-07-25 02:00:05,2000,0.00,,,23760,,
5318,2026-07-15,11,7.33,Pendiente,2026-07-15 02:00:06,2026-07-25 02:00:05,2005,0.00,,,23869,,
5319,2026-07-15,11,7.33,Pendiente,2026-07-15 02:00:06,2026-07-25 02:00:05,2008,0.00,,,23921,,
5320,2026-07-15,11,13.10,Pendiente,2026-07-15 02:00:06,2026-07-25 02:00:05,2012,0.00,,,23995,,
5321,2026-07-15,3,2.00,Pagado,2026-07-15 02:00:06,2026-07-17 19:16:41,2013,2.00,2026-07-17 19:16:41,111113612004634,24027,Efectivo,
5322,2026-07-15,11,21.12,Pendiente,2026-07-15 02:00:06,2026-07-25 02:00:05,2023,0.00,,,24247,,
5323,2026-07-15,11,21.56,Pendiente,2026-07-15 02:00:06,2026-07-25 02:00:05,2029,0.00,,,24349,,
5324,2026-07-15,11,7.33,Pendiente,2026-07-15 02:00:06,2026-07-25 02:00:05,2035,0.00,,,24487,,
5325,2026-07-15,11,7.92,Pendiente,2026-07-15 02:00:06,2026-07-25 02:00:05,2043,0.00,,,24621,,
5326,2026-07-16,10,17.06,Pendiente,2026-07-16 02:00:06,2026-07-25 02:00:05,876,0.00,,,735,,
5327,2026-07-16,1,1.96,Pagado,2026-07-16 02:00:06,2026-07-16 23:49:43,878,1.96,2026-07-16 23:49:43,111113612004634,797,Efectivo,
5328,2026-07-16,1,1.07,Pagado,2026-07-16 02:00:06,2026-07-16 23:50:49,879,1.07,2026-07-16 23:50:49,111113612004634,825,Efectivo,
5329,2026-07-16,10,19.60,Pendiente,2026-07-16 02:00:06,2026-07-25 02:00:05,880,0.00,,,871,,
5330,2026-07-16,10,14.00,Pendiente,2026-07-16 02:00:06,2026-07-25 02:00:05,883,0.00,,,941,,
5331,2026-07-16,10,10.67,Pendiente,2026-07-16 02:00:06,2026-07-25 02:00:05,884,0.00,,,974,,
5332,2026-07-16,10,16.00,Pendiente,2026-07-16 02:00:06,2026-07-25 02:00:05,887,0.00,,,1074,,
5333,2026-07-16,10,8.00,Pendiente,2026-07-16 02:00:06,2026-07-25 02:00:05,892,0.00,,,1210,,
5334,2026-07-16,10,8.00,Pendiente,2026-07-16 02:00:06,2026-07-25 02:00:05,893,0.00,,,1233,,
5335,2026-07-16,10,15.00,Pendiente,2026-07-16 02:00:06,2026-07-25 02:00:05,990,0.00,,,2901,,
5336,2026-07-16,10,10.67,Pendiente,2026-07-16 02:00:06,2026-07-25 02:00:05,992,0.00,,,2946,,
5337,2026-07-16,10,19.20,Pendiente,2026-07-16 02:00:06,2026-07-25 02:00:05,1002,0.00,,,3154,,
5338,2026-07-16,10,16.00,Pendiente,2026-07-16 02:00:06,2026-07-25 02:00:05,1009,0.00,,,3322,,
5339,2026-07-16,10,7.20,Pendiente,2026-07-16 02:00:06,2026-07-25 02:00:05,1114,0.00,,,5204,,
5340,2026-07-16,7,5.60,Pagado,2026-07-16 02:00:06,2026-07-22 22:08:26,1117,5.60,2026-07-22 22:08:26,111113612004634,5257,Efectivo,
5341,2026-07-16,7,5.60,Pagado,2026-07-16 02:00:06,2026-07-22 22:11:37,1118,5.60,2026-07-22 22:11:37,111113612004634,5281,Efectivo,
5342,2026-07-16,10,8.00,Pendiente,2026-07-16 02:00:06,2026-07-25 02:00:05,1121,0.00,,,5377,,
5343,2026-07-16,7,5.60,Pagado,2026-07-16 02:00:06,2026-07-22 22:07:08,1122,5.60,2026-07-22 22:07:08,111113612004634,5401,Efectivo,
5344,2026-07-16,10,24.00,Pendiente,2026-07-16 02:00:06,2026-07-25 02:00:05,1181,0.00,,,6870,,
5345,2026-07-16,10,19.60,Pendiente,2026-07-16 02:00:06,2026-07-25 02:00:05,1182,0.00,,,6896,,
5346,2026-07-16,10,8.00,Pendiente,2026-07-16 02:00:06,2026-07-25 02:00:05,1190,0.00,,,7064,,
5347,2026-07-16,10,26.00,Pendiente,2026-07-16 02:00:06,2026-07-25 02:00:05,1375,0.00,,,10810,,
5348,2026-07-16,10,18.13,Pendiente,2026-07-16 02:00:06,2026-07-25 02:00:05,1376,0.00,,,10853,,
5349,2026-07-16,10,26.00,Pendiente,2026-07-16 02:00:06,2026-07-25 02:00:05,1377,0.00,,,10884,,
5350,2026-07-16,10,20.27,Pendiente,2026-07-16 02:00:06,2026-07-25 02:00:05,1378,0.00,,,10904,,
5351,2026-07-16,10,19.60,Pendiente,2026-07-16 02:00:06,2026-07-25 02:00:05,1379,0.00,,,10951,,
5352,2026-07-16,10,10.67,Pendiente,2026-07-16 02:00:06,2026-07-25 02:00:05,1380,0.00,,,11000,,
5353,2026-07-16,10,16.00,Pendiente,2026-07-16 02:00:06,2026-07-25 02:00:05,1384,0.00,,,11104,,
5354,2026-07-16,10,18.00,Pendiente,2026-07-16 02:00:06,2026-07-25 02:00:05,1385,0.00,,,11148,,
5355,2026-07-16,10,38.13,Pendiente,2026-07-16 02:00:06,2026-07-25 02:00:05,1548,0.00,,,14871,,
5356,2026-07-16,10,21.33,Pendiente,2026-07-16 02:00:06,2026-07-25 02:00:05,1624,0.00,,,15258,,
5357,2026-07-16,10,18.00,Pendiente,2026-07-16 02:00:06,2026-07-25 02:00:05,1631,0.00,,,15450,,
5358,2026-07-16,10,19.60,Pendiente,2026-07-16 02:00:06,2026-07-25 02:00:05,1633,0.00,,,15498,,
5359,2026-07-16,10,13.87,Pendiente,2026-07-16 02:00:06,2026-07-25 02:00:05,1649,0.00,,,15854,,
5360,2026-07-16,10,10.67,Pendiente,2026-07-16 02:00:06,2026-07-25 02:00:05,1650,0.00,,,15906,,
5361,2026-07-16,10,8.00,Pendiente,2026-07-16 02:00:06,2026-07-25 02:00:05,1651,0.00,,,15968,,
5362,2026-07-16,10,6.00,Pendiente,2026-07-16 02:00:06,2026-07-25 02:00:05,1654,0.00,,,16015,,
5363,2026-07-16,10,24.00,Pendiente,2026-07-16 02:00:06,2026-07-25 02:00:05,1655,0.00,,,16041,,
5364,2026-07-16,10,19.60,Pendiente,2026-07-16 02:00:06,2026-07-25 02:00:05,1656,0.00,,,16063,,
5365,2026-07-16,10,18.13,Pendiente,2026-07-16 02:00:06,2026-07-25 02:00:05,1657,0.00,,,16105,,
5366,2026-07-16,10,19.37,Pendiente,2026-07-16 02:00:06,2026-07-25 02:00:05,1660,0.00,,,16167,,
5367,2026-07-16,10,18.13,Pendiente,2026-07-16 02:00:06,2026-07-25 02:00:05,1675,0.00,,,16484,,
5368,2026-07-16,10,24.00,Pendiente,2026-07-16 02:00:06,2026-07-25 02:00:05,1678,0.00,,,16596,,
5369,2026-07-16,10,19.20,Pendiente,2026-07-16 02:00:06,2026-07-25 02:00:05,1679,0.00,,,16620,,
5370,2026-07-16,10,19.60,Pendiente,2026-07-16 02:00:06,2026-07-25 02:00:05,1705,0.00,,,17186,,
5371,2026-07-16,10,6.67,Pendiente,2026-07-16 02:00:06,2026-07-25 02:00:05,1706,0.00,,,17210,,
5372,2026-07-16,10,26.00,Pendiente,2026-07-16 02:00:06,2026-07-25 02:00:05,1707,0.00,,,17223,,
5373,2026-07-16,10,10.00,Pendiente,2026-07-16 02:00:06,2026-07-25 02:00:05,1712,0.00,,,17315,,
5374,2026-07-16,10,8.00,Pendiente,2026-07-16 02:00:06,2026-07-25 02:00:05,1718,0.00,,,17399,,
5375,2026-07-16,10,38.13,Pendiente,2026-07-16 02:00:06,2026-07-25 02:00:05,1732,0.00,,,17678,,
5376,2026-07-16,10,29.00,Pendiente,2026-07-16 02:00:06,2026-07-25 02:00:05,1734,0.00,,,17734,,
5377,2026-07-16,10,29.00,Pendiente,2026-07-16 02:00:06,2026-07-25 02:00:05,1735,0.00,,,17750,,
5378,2026-07-16,10,16.00,Pendiente,2026-07-16 02:00:06,2026-07-25 02:00:05,1740,0.00,,,17853,,
5379,2026-07-16,10,6.00,Pendiente,2026-07-16 02:00:06,2026-07-25 02:00:05,1742,0.00,,,17891,,
5380,2026-07-16,10,6.00,Pendiente,2026-07-16 02:00:06,2026-07-25 02:00:05,1743,0.00,,,17915,,
5381,2026-07-16,10,14.00,Pendiente,2026-07-16 02:00:06,2026-07-25 02:00:05,1745,0.00,,,17963,,
5382,2026-07-16,10,21.60,Pendiente,2026-07-16 02:00:06,2026-07-25 02:00:05,1750,0.00,,,18077,,
5383,2026-07-16,7,7.00,Pagado,2026-07-16 02:00:06,2026-07-22 22:10:53,1752,7.00,2026-07-22 22:10:53,111113612004634,18119,Efectivo,
5384,2026-07-16,10,14.40,Pendiente,2026-07-16 02:00:06,2026-07-25 02:00:05,1759,0.00,,,18266,,
5385,2026-07-16,10,45.75,Pendiente,2026-07-16 02:00:06,2026-07-25 02:00:05,1761,0.00,,,18331,,
5386,2026-07-16,10,30.50,Pendiente,2026-07-16 02:00:06,2026-07-25 02:00:05,1769,0.00,,,18509,,
5387,2026-07-16,10,8.00,Pendiente,2026-07-16 02:00:06,2026-07-25 02:00:05,1770,0.00,,,18541,,
5388,2026-07-16,10,24.00,Pendiente,2026-07-16 02:00:06,2026-07-25 02:00:05,1771,0.00,,,18565,,
5389,2026-07-16,10,12.00,Pendiente,2026-07-16 02:00:06,2026-07-25 02:00:05,1774,0.00,,,18623,,
5390,2026-07-16,10,19.60,Pendiente,2026-07-16 02:00:06,2026-07-25 02:00:05,1784,0.00,,,18789,,
5391,2026-07-16,10,19.60,Pendiente,2026-07-16 02:00:06,2026-07-25 02:00:05,1785,0.00,,,18813,,
5392,2026-07-16,10,19.20,Pendiente,2026-07-16 02:00:06,2026-07-25 02:00:05,1790,0.00,,,18928,,
5393,2026-07-16,10,14.83,Pendiente,2026-07-16 02:00:06,2026-07-25 02:00:05,1798,0.00,,,19078,,
5394,2026-07-16,10,19.60,Pendiente,2026-07-16 02:00:06,2026-07-25 02:00:05,1799,0.00,,,19094,,
5395,2026-07-16,10,16.00,Pendiente,2026-07-16 02:00:06,2026-07-25 02:00:05,1800,0.00,,,19118,,
5396,2026-07-16,10,19.60,Pendiente,2026-07-16 02:00:06,2026-07-25 02:00:05,1801,0.00,,,19142,,
5397,2026-07-16,10,12.00,Pendiente,2026-07-16 02:00:06,2026-07-25 02:00:05,1802,0.00,,,19166,,
5398,2026-07-16,10,6.00,Pendiente,2026-07-16 02:00:06,2026-07-25 02:00:05,1803,0.00,,,19190,,
5399,2026-07-16,10,13.33,Pendiente,2026-07-16 02:00:06,2026-07-25 02:00:05,1809,0.00,,,19336,,
5400,2026-07-16,10,6.67,Pendiente,2026-07-16 02:00:06,2026-07-25 02:00:05,1810,0.00,,,19349,,
5401,2026-07-16,10,26.00,Pendiente,2026-07-16 02:00:06,2026-07-25 02:00:05,1818,0.00,,,19499,,
5402,2026-07-16,10,14.00,Pendiente,2026-07-16 02:00:06,2026-07-25 02:00:05,1837,0.00,,,20020,,
5403,2026-07-16,10,6.67,Pendiente,2026-07-16 02:00:06,2026-07-25 02:00:05,1838,0.00,,,20044,,
5404,2026-07-16,10,18.00,Pendiente,2026-07-16 02:00:06,2026-07-25 02:00:05,1839,0.00,,,20057,,
5405,2026-07-16,10,6.00,Pendiente,2026-07-16 02:00:06,2026-07-25 02:00:05,1861,0.00,,,20518,,
5406,2026-07-16,7,4.67,Pagado,2026-07-16 02:00:06,2026-07-22 22:06:19,1873,4.67,2026-07-22 22:06:19,111113612004634,20735,Efectivo,
5407,2026-07-16,10,8.00,Pendiente,2026-07-16 02:00:06,2026-07-25 02:00:05,1874,0.00,,,20748,,
5408,2026-07-16,10,14.00,Pendiente,2026-07-16 02:00:06,2026-07-25 02:00:05,1882,0.00,,,20952,,
5409,2026-07-16,10,8.00,Pendiente,2026-07-16 02:00:06,2026-07-25 02:00:05,1902,0.00,,,21440,,
5410,2026-07-16,10,28.22,Pendiente,2026-07-16 02:00:06,2026-07-25 02:00:05,1906,0.00,,,21559,,
5411,2026-07-16,10,14.00,Pendiente,2026-07-16 02:00:06,2026-07-25 02:00:05,1907,0.00,,,21588,,
5412,2026-07-16,10,19.60,Pendiente,2026-07-16 02:00:06,2026-07-25 02:00:05,1910,0.00,,,21644,,
5413,2026-07-16,10,30.50,Pendiente,2026-07-16 02:00:06,2026-07-25 02:00:05,1917,0.00,,,21793,,
5414,2026-07-16,10,14.00,Pendiente,2026-07-16 02:00:06,2026-07-25 02:00:05,1941,0.00,,,22399,,
5415,2026-07-16,10,8.00,Pendiente,2026-07-16 02:00:06,2026-07-25 02:00:05,1943,0.00,,,22455,,
5416,2026-07-16,10,14.40,Pendiente,2026-07-16 02:00:06,2026-07-25 02:00:05,1969,0.00,,,23072,,
5417,2026-07-16,10,14.40,Pendiente,2026-07-16 02:00:06,2026-07-25 02:00:05,1970,0.00,,,23090,,
5418,2026-07-16,10,9.60,Pendiente,2026-07-16 02:00:06,2026-07-25 02:00:05,1971,0.00,,,23108,,
5419,2026-07-16,10,14.40,Pendiente,2026-07-16 02:00:06,2026-07-25 02:00:05,1972,0.00,,,23126,,
5420,2026-07-16,10,7.20,Pendiente,2026-07-16 02:00:06,2026-07-25 02:00:05,1973,0.00,,,23144,,
5421,2026-07-16,10,7.20,Pendiente,2026-07-16 02:00:06,2026-07-25 02:00:05,1974,0.00,,,23162,,
5422,2026-07-16,10,12.00,Pendiente,2026-07-16 02:00:06,2026-07-25 02:00:05,1991,0.00,,,23557,,
5423,2026-07-16,10,7.20,Pendiente,2026-07-16 02:00:06,2026-07-25 02:00:05,1992,0.00,,,23575,,
5424,2026-07-16,10,12.00,Pendiente,2026-07-16 02:00:06,2026-07-25 02:00:05,1993,0.00,,,23593,,
5425,2026-07-16,10,7.20,Pendiente,2026-07-16 02:00:06,2026-07-25 02:00:05,1994,0.00,,,23611,,
5426,2026-07-16,10,10.00,Pendiente,2026-07-16 02:00:06,2026-07-25 02:00:05,2001,0.00,,,23784,,
5427,2026-07-16,10,8.00,Pendiente,2026-07-16 02:00:06,2026-07-25 02:00:05,2002,0.00,,,23797,,
5428,2026-07-16,10,18.00,Pendiente,2026-07-16 02:00:06,2026-07-25 02:00:05,2003,0.00,,,23821,,
5429,2026-07-16,10,12.00,Pendiente,2026-07-16 02:00:06,2026-07-25 02:00:05,2004,0.00,,,23845,,
5430,2026-07-16,10,10.00,Pendiente,2026-07-16 02:00:06,2026-07-25 02:00:05,2007,0.00,,,23906,,
5431,2026-07-16,10,28.00,Pendiente,2026-07-16 02:00:06,2026-07-25 02:00:05,2014,0.00,,,24040,,
5432,2026-07-16,10,39.50,Pendiente,2026-07-16 02:00:06,2026-07-25 02:00:05,2025,0.00,,,24277,,
5433,2026-07-16,10,19.37,Pendiente,2026-07-16 02:00:06,2026-07-25 02:00:05,2026,0.00,,,24293,,
5434,2026-07-16,10,19.37,Pendiente,2026-07-16 02:00:06,2026-07-25 02:00:05,2027,0.00,,,24309,,
5435,2026-07-16,10,19.60,Pendiente,2026-07-16 02:00:06,2026-07-25 02:00:05,2030,0.00,,,24373,,
5436,2026-07-16,10,14.40,Pendiente,2026-07-16 02:00:06,2026-07-25 02:00:05,2038,0.00,,,24536,,
5437,2026-07-16,10,12.00,Pendiente,2026-07-16 02:00:06,2026-07-25 02:00:05,2045,0.00,,,24663,,
5438,2026-07-17,9,15.12,Pendiente,2026-07-17 02:00:07,2026-07-25 02:00:05,894,0.00,,,1253,,
5439,2026-07-17,9,16.32,Pendiente,2026-07-17 02:00:07,2026-07-25 02:00:05,916,0.00,,,1788,,
5440,2026-07-17,9,16.32,Pendiente,2026-07-17 02:00:07,2026-07-25 02:00:05,918,0.00,,,1863,,
5441,2026-07-17,9,9.60,Pendiente,2026-07-17 02:00:07,2026-07-25 02:00:05,928,0.00,,,2121,,
5442,2026-07-17,9,12.60,Pendiente,2026-07-17 02:00:07,2026-07-25 02:00:05,1143,0.00,,,5941,,
5443,2026-07-17,9,17.64,Pendiente,2026-07-17 02:00:07,2026-07-25 02:00:05,1146,0.00,,,6019,,
5444,2026-07-17,9,9.60,Pendiente,2026-07-17 02:00:07,2026-07-25 02:00:05,1199,0.00,,,7252,,
5445,2026-07-17,9,10.80,Pendiente,2026-07-17 02:00:07,2026-07-25 02:00:05,1200,0.00,,,7284,,
5446,2026-07-17,9,9.60,Pendiente,2026-07-17 02:00:07,2026-07-25 02:00:05,1327,0.00,,,10244,,
5447,2026-07-17,1,1.81,Pagado,2026-07-17 02:00:07,2026-07-17 21:37:48,1362,1.81,2026-07-17 21:37:48,111113612004634,10457,Efectivo,
5448,2026-07-17,9,7.20,Pendiente,2026-07-17 02:00:07,2026-07-25 02:00:05,1364,0.00,,,10523,,
5449,2026-07-17,9,7.20,Pendiente,2026-07-17 02:00:07,2026-07-25 02:00:05,1365,0.00,,,10547,,
5450,2026-07-17,9,9.60,Pendiente,2026-07-17 02:00:07,2026-07-25 02:00:05,1388,0.00,,,11255,,
5451,2026-07-17,9,14.40,Pendiente,2026-07-17 02:00:07,2026-07-25 02:00:05,1395,0.00,,,11433,,
5452,2026-07-17,9,18.24,Pendiente,2026-07-17 02:00:07,2026-07-25 02:00:05,1421,0.00,,,12003,,
5453,2026-07-17,7,16.13,Pagado,2026-07-17 02:00:07,2026-07-23 14:11:21,1617,16.13,2026-07-23 14:11:21,111113612004634,15132,Efectivo,
5454,2026-07-17,7,11.76,Pagado,2026-07-17 02:00:07,2026-07-23 14:17:39,1618,11.76,2026-07-23 14:17:39,111113612004634,15150,Efectivo,
5455,2026-07-17,9,18.58,Pendiente,2026-07-17 02:00:07,2026-07-25 02:00:05,1619,0.00,,,15168,,
5456,2026-07-17,9,15.12,Pendiente,2026-07-17 02:00:07,2026-07-25 02:00:05,1620,0.00,,,15186,,
5457,2026-07-17,7,6.72,Pagado,2026-07-17 02:00:07,2026-07-23 14:13:18,1621,6.72,2026-07-23 14:13:18,111113612004634,15204,Efectivo,
5458,2026-07-17,9,17.64,Pendiente,2026-07-17 02:00:07,2026-07-25 02:00:05,1625,0.00,,,15306,,
5459,2026-07-17,9,17.64,Pendiente,2026-07-17 02:00:07,2026-07-25 02:00:05,1626,0.00,,,15330,,
5460,2026-07-17,9,17.64,Pendiente,2026-07-17 02:00:07,2026-07-25 02:00:05,1627,0.00,,,15354,,
5461,2026-07-17,9,17.64,Pendiente,2026-07-17 02:00:07,2026-07-25 02:00:05,1628,0.00,,,15378,,
5462,2026-07-17,1,1.96,Pagado,2026-07-17 02:00:07,2026-07-17 21:37:06,1629,1.96,2026-07-17 21:37:06,111113612004634,15402,Efectivo,
5463,2026-07-17,9,21.17,Pendiente,2026-07-17 02:00:07,2026-07-25 02:00:05,1663,0.00,,,16231,,
5464,2026-07-17,1,1.20,Pagado,2026-07-17 02:00:07,2026-07-17 20:14:50,1664,1.20,2026-07-17 20:14:50,111113612004634,16267,Efectivo,
5465,2026-07-17,1,1.92,Pagado,2026-07-17 02:00:07,2026-07-17 20:17:46,1665,1.92,2026-07-17 20:17:46,111113612004634,16249,Efectivo,
5466,2026-07-17,9,17.64,Pendiente,2026-07-17 02:00:07,2026-07-25 02:00:05,1666,0.00,,,16357,,
5467,2026-07-17,9,23.40,Pendiente,2026-07-17 02:00:07,2026-07-25 02:00:05,1667,0.00,,,16333,,
5468,2026-07-17,9,23.40,Pendiente,2026-07-17 02:00:07,2026-07-25 02:00:05,1668,0.00,,,16381,,
5469,2026-07-17,9,23.40,Pendiente,2026-07-17 02:00:07,2026-07-25 02:00:05,1669,0.00,,,16309,,
5470,2026-07-17,9,23.40,Pendiente,2026-07-17 02:00:07,2026-07-25 02:00:05,1670,0.00,,,16405,,
5471,2026-07-17,9,17.64,Pendiente,2026-07-17 02:00:07,2026-07-25 02:00:05,1671,0.00,,,16285,,
5472,2026-07-17,9,28.08,Pendiente,2026-07-17 02:00:07,2026-07-25 02:00:05,1701,0.00,,,17071,,
5473,2026-07-17,9,9.00,Pendiente,2026-07-17 02:00:07,2026-07-25 02:00:05,1709,0.00,,,17271,,
5474,2026-07-17,9,12.60,Pendiente,2026-07-17 02:00:07,2026-07-25 02:00:05,1714,0.00,,,17339,,
5475,2026-07-17,1,1.33,Pagado,2026-07-17 02:00:07,2026-07-17 21:36:06,1741,1.33,2026-07-17 21:36:06,111113612004634,17877,Efectivo,
5476,2026-07-17,9,21.17,Pendiente,2026-07-17 02:00:07,2026-07-25 02:00:05,1748,0.00,,,18035,,
5477,2026-07-17,9,21.17,Pendiente,2026-07-17 02:00:07,2026-07-25 02:00:05,1754,0.00,,,18156,,
5478,2026-07-17,9,17.28,Pendiente,2026-07-17 02:00:07,2026-07-25 02:00:05,1758,0.00,,,18248,,
5479,2026-07-17,9,15.36,Pendiente,2026-07-17 02:00:07,2026-07-25 02:00:05,1760,0.00,,,18284,,
5480,2026-07-17,9,13.35,Pendiente,2026-07-17 02:00:07,2026-07-25 02:00:05,1772,0.00,,,18589,,
5481,2026-07-17,9,21.17,Pendiente,2026-07-17 02:00:07,2026-07-25 02:00:05,1773,0.00,,,18605,,
5482,2026-07-17,9,6.00,Pendiente,2026-07-17 02:00:07,2026-07-25 02:00:05,1777,0.00,,,18683,,
5483,2026-07-17,9,9.00,Pendiente,2026-07-17 02:00:07,2026-07-25 02:00:05,1778,0.00,,,18696,,
5484,2026-07-17,9,17.43,Pendiente,2026-07-17 02:00:07,2026-07-25 02:00:05,1793,0.00,,,18982,,
5485,2026-07-17,7,4.67,Pagado,2026-07-17 02:00:07,2026-07-23 14:16:58,1813,4.67,2026-07-23 14:16:58,111113612004634,19388,Efectivo,
5486,2026-07-17,9,17.28,Pendiente,2026-07-17 02:00:07,2026-07-25 02:00:05,1814,0.00,,,19401,,
5487,2026-07-17,9,9.00,Pendiente,2026-07-17 02:00:07,2026-07-25 02:00:05,1819,0.00,,,19523,,
5488,2026-07-17,9,21.60,Pendiente,2026-07-17 02:00:07,2026-07-25 02:00:05,1820,0.00,,,19547,,
5489,2026-07-17,9,14.40,Pendiente,2026-07-17 02:00:07,2026-07-25 02:00:05,1821,0.00,,,19571,,
5490,2026-07-17,9,12.60,Pendiente,2026-07-17 02:00:07,2026-07-25 02:00:05,1822,0.00,,,19595,,
5491,2026-07-17,9,13.35,Pendiente,2026-07-17 02:00:07,2026-07-25 02:00:05,1833,0.00,,,19916,,
5492,2026-07-17,9,14.40,Pendiente,2026-07-17 02:00:07,2026-07-25 02:00:05,1835,0.00,,,19948,,
5493,2026-07-17,9,21.17,Pendiente,2026-07-17 02:00:07,2026-07-25 02:00:05,1843,0.00,,,20133,,
5494,2026-07-17,9,12.96,Pendiente,2026-07-17 02:00:07,2026-07-25 02:00:05,1844,0.00,,,20151,,
5495,2026-07-17,9,28.08,Pendiente,2026-07-17 02:00:07,2026-07-25 02:00:05,1848,0.00,,,20243,,
5496,2026-07-17,9,16.20,Pendiente,2026-07-17 02:00:07,2026-07-25 02:00:05,1857,0.00,,,20441,,
5497,2026-07-17,9,17.28,Pendiente,2026-07-17 02:00:07,2026-07-25 02:00:05,1864,0.00,,,20606,,
5498,2026-07-17,9,15.12,Pendiente,2026-07-17 02:00:07,2026-07-25 02:00:05,1865,0.00,,,20624,,
5499,2026-07-17,9,10.80,Pendiente,2026-07-17 02:00:07,2026-07-25 02:00:05,1866,0.00,,,20642,,
5500,2026-07-17,9,10.80,Pendiente,2026-07-17 02:00:07,2026-07-25 02:00:05,1867,0.00,,,20660,,
5501,2026-07-17,9,28.08,Pendiente,2026-07-17 02:00:07,2026-07-25 02:00:05,1868,0.00,,,20678,,
5502,2026-07-17,9,22.08,Pendiente,2026-07-17 02:00:07,2026-07-25 02:00:05,1881,0.00,,,20904,,
5503,2026-07-17,9,9.00,Pendiente,2026-07-17 02:00:07,2026-07-25 02:00:05,1883,0.00,,,20976,,
5504,2026-07-17,9,7.20,Pendiente,2026-07-17 02:00:07,2026-07-25 02:00:05,1888,0.00,,,21061,,
5505,2026-07-17,9,12.00,Pendiente,2026-07-17 02:00:07,2026-07-25 02:00:05,1889,0.00,,,21085,,
5506,2026-07-17,9,15.36,Pendiente,2026-07-17 02:00:07,2026-07-25 02:00:05,1891,0.00,,,21118,,
5507,2026-07-17,9,15.36,Pendiente,2026-07-17 02:00:07,2026-07-25 02:00:05,1892,0.00,,,21166,,
5508,2026-07-17,9,14.40,Pendiente,2026-07-17 02:00:07,2026-07-25 02:00:05,1893,0.00,,,21212,,
5509,2026-07-17,9,14.40,Pendiente,2026-07-17 02:00:07,2026-07-25 02:00:05,1894,0.00,,,21236,,
5510,2026-07-17,9,17.28,Pendiente,2026-07-17 02:00:07,2026-07-25 02:00:05,1896,0.00,,,21308,,
5511,2026-07-17,9,6.48,Pendiente,2026-07-17 02:00:07,2026-07-25 02:00:05,1900,0.00,,,21398,,
5512,2026-07-17,9,12.00,Pendiente,2026-07-17 02:00:07,2026-07-25 02:00:05,1912,0.00,,,21692,,
5513,2026-07-17,9,13.35,Pendiente,2026-07-17 02:00:07,2026-07-25 02:00:05,1913,0.00,,,21705,,
5514,2026-07-17,9,9.00,Pendiente,2026-07-17 02:00:07,2026-07-25 02:00:05,1918,0.00,,,21825,,
5515,2026-07-17,9,10.80,Pendiente,2026-07-17 02:00:07,2026-07-25 02:00:05,1919,0.00,,,21838,,
5516,2026-07-17,9,10.80,Pendiente,2026-07-17 02:00:07,2026-07-25 02:00:05,1920,0.00,,,21856,,
5517,2026-07-17,9,17.64,Pendiente,2026-07-17 02:00:07,2026-07-25 02:00:05,1922,0.00,,,21922,,
5518,2026-07-17,9,17.64,Pendiente,2026-07-17 02:00:07,2026-07-25 02:00:05,1923,0.00,,,21946,,
5519,2026-07-17,9,17.64,Pendiente,2026-07-17 02:00:07,2026-07-25 02:00:05,1924,0.00,,,21970,,
5520,2026-07-17,9,17.64,Pendiente,2026-07-17 02:00:07,2026-07-25 02:00:05,1925,0.00,,,21994,,
5521,2026-07-17,9,9.00,Pendiente,2026-07-17 02:00:07,2026-07-25 02:00:05,1946,0.00,,,22515,,
5522,2026-07-17,9,9.00,Pendiente,2026-07-17 02:00:07,2026-07-25 02:00:05,1947,0.00,,,22539,,
5523,2026-07-17,9,12.96,Pendiente,2026-07-17 02:00:07,2026-07-25 02:00:05,1951,0.00,,,22635,,
5524,2026-07-17,1,0.67,Pagado,2026-07-17 02:00:07,2026-07-17 20:14:13,1954,0.67,2026-07-17 20:14:13,111113612004634,22725,Efectivo,
5525,2026-07-17,9,28.08,Pendiente,2026-07-17 02:00:07,2026-07-25 02:00:05,1962,0.00,,,22872,,
5526,2026-07-17,9,14.40,Pendiente,2026-07-17 02:00:07,2026-07-25 02:00:05,1963,0.00,,,22891,,
5527,2026-07-17,9,17.43,Pendiente,2026-07-17 02:00:07,2026-07-25 02:00:05,1979,0.00,,,23284,,
5528,2026-07-17,9,17.43,Pendiente,2026-07-17 02:00:07,2026-07-25 02:00:05,1980,0.00,,,23300,,
5529,2026-07-17,9,12.00,Pendiente,2026-07-17 02:00:07,2026-07-25 02:00:05,1987,0.00,,,23424,,
5530,2026-07-17,9,12.00,Pendiente,2026-07-17 02:00:07,2026-07-25 02:00:05,2009,0.00,,,23934,,
5531,2026-07-17,9,23.81,Pendiente,2026-07-17 02:00:07,2026-07-25 02:00:05,2028,0.00,,,24325,,
5532,2026-07-17,9,17.64,Pendiente,2026-07-17 02:00:07,2026-07-25 02:00:05,2034,0.00,,,24463,,
5533,2026-07-17,9,28.08,Pendiente,2026-07-17 02:00:07,2026-07-25 02:00:05,2036,0.00,,,24518,,
5534,2026-07-17,8,18.82,Pagado,2026-07-17 02:00:07,2026-07-24 16:30:47,2037,18.82,2026-07-24 16:30:47,111113612004634,24500,Efectivo,
5535,2026-07-18,8,8.53,Pendiente,2026-07-18 02:00:06,2026-07-25 02:00:05,909,0.00,,,1574,,
5536,2026-07-18,8,8.53,Pendiente,2026-07-18 02:00:06,2026-07-25 02:00:05,933,0.00,,,2242,,
5537,2026-07-18,8,7.68,Pendiente,2026-07-18 02:00:06,2026-07-25 02:00:05,938,0.00,,,2363,,
5538,2026-07-18,8,43.23,Pendiente,2026-07-18 02:00:06,2026-07-25 02:00:05,1023,0.00,,,3636,,
5539,2026-07-18,8,32.16,Pendiente,2026-07-18 02:00:06,2026-07-25 02:00:05,1025,0.00,,,3694,,
5540,2026-07-18,8,12.80,Pendiente,2026-07-18 02:00:06,2026-07-25 02:00:05,1033,0.00,,,3960,,
5541,2026-07-18,8,45.03,Pendiente,2026-07-18 02:00:06,2026-07-25 02:00:05,1034,0.00,,,3993,,
5542,2026-07-18,8,8.53,Pendiente,2026-07-18 02:00:06,2026-07-25 02:00:05,1038,0.00,,,4137,,
5543,2026-07-18,8,10.24,Pendiente,2026-07-18 02:00:06,2026-07-25 02:00:05,1040,0.00,,,4196,,
5544,2026-07-18,8,15.36,Pendiente,2026-07-18 02:00:06,2026-07-25 02:00:05,1042,0.00,,,4271,,
5545,2026-07-18,8,8.53,Pendiente,2026-07-18 02:00:06,2026-07-25 02:00:05,1044,0.00,,,4350,,
5546,2026-07-18,8,38.59,Pendiente,2026-07-18 02:00:06,2026-07-25 02:00:05,1047,0.00,,,4424,,
5547,2026-07-18,8,14.40,Pendiente,2026-07-18 02:00:06,2026-07-25 02:00:05,1050,0.00,,,4502,,
5548,2026-07-18,8,38.59,Pendiente,2026-07-18 02:00:06,2026-07-25 02:00:05,1148,0.00,,,6065,,
5549,2026-07-18,8,15.36,Pendiente,2026-07-18 02:00:06,2026-07-25 02:00:05,1150,0.00,,,6116,,
5550,2026-07-18,8,8.53,Pendiente,2026-07-18 02:00:06,2026-07-25 02:00:05,1153,0.00,,,6222,,
5551,2026-07-18,8,18.83,Pendiente,2026-07-18 02:00:06,2026-07-25 02:00:05,1156,0.00,,,6295,,
5552,2026-07-18,8,8.53,Pendiente,2026-07-18 02:00:06,2026-07-25 02:00:05,1157,0.00,,,6320,,
5553,2026-07-18,8,8.53,Pendiente,2026-07-18 02:00:06,2026-07-25 02:00:05,1159,0.00,,,6401,,
5554,2026-07-18,8,23.04,Pendiente,2026-07-18 02:00:06,2026-07-25 02:00:05,1161,0.00,,,6443,,
5555,2026-07-18,8,12.80,Pendiente,2026-07-18 02:00:06,2026-07-25 02:00:05,1162,0.00,,,6471,,
5556,2026-07-18,8,11.52,Pendiente,2026-07-18 02:00:06,2026-07-25 02:00:05,1166,0.00,,,6557,,
5557,2026-07-18,8,11.52,Pendiente,2026-07-18 02:00:06,2026-07-25 02:00:05,1167,0.00,,,6578,,
5558,2026-07-18,8,12.80,Pendiente,2026-07-18 02:00:06,2026-07-25 02:00:05,1175,0.00,,,6726,,
5559,2026-07-18,7,16.80,Pagado,2026-07-18 02:00:06,2026-07-24 15:29:27,1429,16.80,2026-07-24 15:29:27,111113612004634,12258,Efectivo,
5560,2026-07-18,8,19.20,Pendiente,2026-07-18 02:00:07,2026-07-25 02:00:05,1430,0.00,,,12285,,
5561,2026-07-18,8,13.65,Pendiente,2026-07-18 02:00:07,2026-07-25 02:00:05,1431,0.00,,,12311,,
5562,2026-07-18,8,15.68,Pendiente,2026-07-18 02:00:07,2026-07-25 02:00:05,1433,0.00,,,12385,,
5563,2026-07-18,8,14.51,Pendiente,2026-07-18 02:00:07,2026-07-25 02:00:05,1436,0.00,,,12496,,
5564,2026-07-18,8,8.53,Pendiente,2026-07-18 02:00:07,2026-07-25 02:00:05,1438,0.00,,,12571,,
5565,2026-07-18,8,6.40,Pendiente,2026-07-18 02:00:07,2026-07-25 02:00:05,1441,0.00,,,12679,,
5566,2026-07-18,8,8.53,Pendiente,2026-07-18 02:00:07,2026-07-25 02:00:05,1446,0.00,,,12859,,
5567,2026-07-18,8,6.83,Pendiente,2026-07-18 02:00:07,2026-07-25 02:00:05,1450,0.00,,,12966,,
5568,2026-07-18,8,19.20,Pendiente,2026-07-18 02:00:07,2026-07-25 02:00:05,1457,0.00,,,13145,,
5569,2026-07-18,8,8.53,Pendiente,2026-07-18 02:00:07,2026-07-25 02:00:05,1489,0.00,,,13293,,
5570,2026-07-18,8,9.60,Pendiente,2026-07-18 02:00:07,2026-07-25 02:00:05,1496,0.00,,,13508,,
5571,2026-07-18,8,6.83,Pendiente,2026-07-18 02:00:07,2026-07-25 02:00:05,1500,0.00,,,13613,,
5572,2026-07-18,8,11.20,Pendiente,2026-07-18 02:00:07,2026-07-25 02:00:05,1502,0.00,,,13673,,
5573,2026-07-18,8,11.20,Pendiente,2026-07-18 02:00:07,2026-07-25 02:00:05,1503,0.00,,,13696,,
5574,2026-07-18,8,13.65,Pendiente,2026-07-18 02:00:07,2026-07-25 02:00:05,1518,0.00,,,14001,,
5575,2026-07-18,8,15.36,Pendiente,2026-07-18 02:00:07,2026-07-25 02:00:06,1533,0.00,,,14505,,
5576,2026-07-18,8,18.83,Pendiente,2026-07-18 02:00:07,2026-07-25 02:00:06,1535,0.00,,,14559,,
5577,2026-07-18,8,24.96,Pendiente,2026-07-18 02:00:07,2026-07-25 02:00:06,1614,0.00,,,15083,,
5578,2026-07-18,8,11.52,Pendiente,2026-07-18 02:00:07,2026-07-25 02:00:06,1615,0.00,,,15101,,
5579,2026-07-18,8,19.20,Pendiente,2026-07-18 02:00:07,2026-07-25 02:00:06,1630,0.00,,,15426,,
5580,2026-07-18,8,19.20,Pendiente,2026-07-18 02:00:07,2026-07-25 02:00:06,1632,0.00,,,15474,,
5581,2026-07-18,7,10.08,Pagado,2026-07-18 02:00:07,2026-07-24 17:06:36,1637,10.08,2026-07-24 17:06:36,111113612004634,15566,Efectivo,
5582,2026-07-18,7,10.08,Pagado,2026-07-18 02:00:07,2026-07-24 17:05:39,1638,10.08,2026-07-24 17:05:39,111113612004634,15584,Efectivo,
5583,2026-07-18,7,8.40,Pagado,2026-07-18 02:00:07,2026-07-24 17:10:12,1639,8.40,2026-07-24 17:10:12,111113612004634,15602,Efectivo,
5584,2026-07-18,7,5.04,Pagado,2026-07-18 02:00:07,2026-07-24 17:11:04,1640,5.04,2026-07-24 17:11:04,111113612004634,15620,Efectivo,
5585,2026-07-18,8,8.53,Pendiente,2026-07-18 02:00:07,2026-07-25 02:00:06,1644,0.00,,,15699,,
5586,2026-07-18,8,6.40,Pendiente,2026-07-18 02:00:07,2026-07-25 02:00:06,1673,0.00,,,16446,,
5587,2026-07-18,8,11.91,Pendiente,2026-07-18 02:00:07,2026-07-25 02:00:06,1684,0.00,,,16731,,
5588,2026-07-18,8,18.82,Pendiente,2026-07-18 02:00:07,2026-07-25 02:00:06,1685,0.00,,,16763,,
5589,2026-07-18,8,18.82,Pendiente,2026-07-18 02:00:07,2026-07-25 02:00:06,1686,0.00,,,16781,,
5590,2026-07-18,8,11.52,Pendiente,2026-07-18 02:00:07,2026-07-25 02:00:06,1687,0.00,,,16799,,
5591,2026-07-18,8,18.82,Pendiente,2026-07-18 02:00:07,2026-07-25 02:00:06,1688,0.00,,,16817,,
5592,2026-07-18,8,18.82,Pendiente,2026-07-18 02:00:07,2026-07-25 02:00:06,1689,0.00,,,16835,,
5593,2026-07-18,8,19.20,Pendiente,2026-07-18 02:00:07,2026-07-25 02:00:06,1690,0.00,,,16853,,
5594,2026-07-18,6,5.76,Pagado,2026-07-18 02:00:07,2026-07-23 23:38:21,1692,5.76,2026-07-23 23:38:21,111113612004634,16901,Efectivo,
5595,2026-07-18,8,15.68,Pendiente,2026-07-18 02:00:07,2026-07-25 02:00:06,1694,0.00,,,16937,,
5596,2026-07-18,8,24.96,Pendiente,2026-07-18 02:00:07,2026-07-25 02:00:06,1697,0.00,,,16998,,
5597,2026-07-18,8,7.68,Pendiente,2026-07-18 02:00:07,2026-07-25 02:00:06,1699,0.00,,,17034,,
5598,2026-07-18,8,18.82,Pendiente,2026-07-18 02:00:07,2026-07-25 02:00:06,1715,0.00,,,17363,,
5599,2026-07-18,8,9.60,Pendiente,2026-07-18 02:00:07,2026-07-25 02:00:06,1720,0.00,,,17436,,
5600,2026-07-18,8,15.68,Pendiente,2026-07-18 02:00:07,2026-07-25 02:00:06,1723,0.00,,,17504,,
5601,2026-07-18,8,8.00,Pendiente,2026-07-18 02:00:07,2026-07-25 02:00:06,1724,0.00,,,17480,,
5602,2026-07-18,8,20.80,Pendiente,2026-07-18 02:00:07,2026-07-25 02:00:06,1727,0.00,,,17565,,
5603,2026-07-18,8,6.40,Pendiente,2026-07-18 02:00:07,2026-07-25 02:00:06,1728,0.00,,,17589,,
5604,2026-07-18,8,19.20,Pendiente,2026-07-18 02:00:07,2026-07-25 02:00:06,1738,0.00,,,17797,,
5605,2026-07-18,8,12.80,Pendiente,2026-07-18 02:00:07,2026-07-25 02:00:06,1749,0.00,,,18053,,
5606,2026-07-18,8,20.80,Pendiente,2026-07-18 02:00:07,2026-07-25 02:00:06,1751,0.00,,,18095,,
5607,2026-07-18,8,15.68,Pendiente,2026-07-18 02:00:07,2026-07-25 02:00:06,1753,0.00,,,18132,,
5608,2026-07-18,8,13.44,Pendiente,2026-07-18 02:00:07,2026-07-25 02:00:06,1755,0.00,,,18174,,
5609,2026-07-18,8,9.53,Pendiente,2026-07-18 02:00:07,2026-07-25 02:00:06,1756,0.00,,,18192,,
5610,2026-07-18,8,17.28,Pendiente,2026-07-18 02:00:07,2026-07-25 02:00:06,1775,0.00,,,18641,,
5611,2026-07-18,8,11.52,Pendiente,2026-07-18 02:00:07,2026-07-25 02:00:06,1781,0.00,,,18740,,
5612,2026-07-18,8,18.43,Pendiente,2026-07-18 02:00:07,2026-07-25 02:00:06,1782,0.00,,,18758,,
5613,2026-07-18,8,11.20,Pendiente,2026-07-18 02:00:07,2026-07-25 02:00:06,1789,0.00,,,18904,,
5614,2026-07-18,6,4.00,Pagado,2026-07-18 02:00:07,2026-07-23 14:10:37,1807,4.00,2026-07-23 14:10:37,111113612004634,19275,Efectivo,
5615,2026-07-18,8,12.80,Pendiente,2026-07-18 02:00:07,2026-07-25 02:00:06,1808,0.00,,,19288,,
5616,2026-07-18,8,10.66,Pendiente,2026-07-18 02:00:07,2026-07-25 02:00:06,1817,0.00,,,19486,,
5617,2026-07-18,8,8.53,Pendiente,2026-07-18 02:00:07,2026-07-25 02:00:06,1832,0.00,,,19893,,
5618,2026-07-18,8,15.68,Pendiente,2026-07-18 02:00:07,2026-07-25 02:00:06,1849,0.00,,,20261,,
5619,2026-07-18,8,15.36,Pendiente,2026-07-18 02:00:07,2026-07-25 02:00:06,1850,0.00,,,20285,,
5620,2026-07-18,8,15.36,Pendiente,2026-07-18 02:00:07,2026-07-25 02:00:06,1851,0.00,,,20303,,
5621,2026-07-18,8,9.60,Pendiente,2026-07-18 02:00:07,2026-07-25 02:00:06,1854,0.00,,,20369,,
5622,2026-07-18,8,11.86,Pendiente,2026-07-18 02:00:07,2026-07-25 02:00:06,1862,0.00,,,20542,,
5623,2026-07-18,8,19.20,Pendiente,2026-07-18 02:00:07,2026-07-25 02:00:06,1877,0.00,,,20820,,
5624,2026-07-18,8,20.80,Pendiente,2026-07-18 02:00:07,2026-07-25 02:00:06,1878,0.00,,,20844,,
5625,2026-07-18,8,15.36,Pendiente,2026-07-18 02:00:07,2026-07-25 02:00:06,1879,0.00,,,20887,,
5626,2026-07-18,8,26.88,Pendiente,2026-07-18 02:00:07,2026-07-25 02:00:06,1880,0.00,,,20869,,
5627,2026-07-18,8,9.60,Pendiente,2026-07-18 02:00:07,2026-07-25 02:00:06,1890,0.00,,,21098,,
5628,2026-07-18,8,11.09,Pendiente,2026-07-18 02:00:07,2026-07-25 02:00:06,1895,0.00,,,21260,,
5629,2026-07-18,8,19.20,Pendiente,2026-07-18 02:00:07,2026-07-25 02:00:06,1901,0.00,,,21416,,
5630,2026-07-18,8,15.20,Pendiente,2026-07-18 02:00:07,2026-07-25 02:00:06,1903,0.00,,,21464,,
5631,2026-07-18,8,11.20,Pendiente,2026-07-18 02:00:07,2026-07-25 02:00:06,1904,0.00,,,21488,,
5632,2026-07-18,8,11.09,Pendiente,2026-07-18 02:00:07,2026-07-25 02:00:06,1905,0.00,,,21512,,
5633,2026-07-18,8,10.66,Pendiente,2026-07-18 02:00:07,2026-07-25 02:00:06,1908,0.00,,,21607,,
5634,2026-07-18,8,8.00,Pendiente,2026-07-18 02:00:07,2026-07-25 02:00:06,1926,0.00,,,22018,,
5635,2026-07-18,8,25.73,Pendiente,2026-07-18 02:00:07,2026-07-25 02:00:06,1930,0.00,,,22151,,
5636,2026-07-18,8,12.80,Pendiente,2026-07-18 02:00:07,2026-07-25 02:00:06,1931,0.00,,,22103,,
5637,2026-07-18,5,5.33,Pagado,2026-07-18 02:00:07,2026-07-22 21:17:58,1932,5.33,2026-07-22 21:17:58,111113612004634,22184,Efectivo,
5638,2026-07-18,8,4.80,Pendiente,2026-07-18 02:00:07,2026-07-25 02:00:06,1955,0.00,,,22738,,
5639,2026-07-18,8,7.68,Pendiente,2026-07-18 02:00:07,2026-07-25 02:00:06,1957,0.00,,,22780,,
5640,2026-07-18,8,12.80,Pendiente,2026-07-18 02:00:07,2026-07-25 02:00:06,1958,0.00,,,22798,,
5641,2026-07-18,8,8.00,Pendiente,2026-07-18 02:00:07,2026-07-25 02:00:06,1959,0.00,,,22846,,
5642,2026-07-18,8,8.00,Pendiente,2026-07-18 02:00:07,2026-07-25 02:00:06,1960,0.00,,,22859,,
5643,2026-07-18,8,11.20,Pendiente,2026-07-18 02:00:07,2026-07-25 02:00:06,1978,0.00,,,23260,,
5644,2026-07-18,8,7.68,Pendiente,2026-07-18 02:00:07,2026-07-25 02:00:06,1981,0.00,,,23316,,
5645,2026-07-18,8,12.80,Pendiente,2026-07-18 02:00:07,2026-07-25 02:00:06,1989,0.00,,,23461,,
5646,2026-07-18,8,11.09,Pendiente,2026-07-18 02:00:07,2026-07-25 02:00:06,1990,0.00,,,23509,,
5647,2026-07-18,8,19.20,Pendiente,2026-07-18 02:00:07,2026-07-25 02:00:06,1997,0.00,,,23677,,
5648,2026-07-18,8,19.20,Pendiente,2026-07-18 02:00:07,2026-07-25 02:00:06,2006,0.00,,,23882,,
5649,2026-07-18,8,15.68,Pendiente,2026-07-18 02:00:07,2026-07-25 02:00:06,2010,0.00,,,23947,,
5650,2026-07-18,8,15.68,Pendiente,2026-07-18 02:00:07,2026-07-25 02:00:06,2011,0.00,,,23971,,
5651,2026-07-18,8,18.82,Pendiente,2026-07-18 02:00:07,2026-07-25 02:00:06,2021,0.00,,,24181,,
5652,2026-07-18,8,12.80,Pendiente,2026-07-18 02:00:07,2026-07-25 02:00:06,2022,0.00,,,24199,,
5653,2026-07-18,8,5.33,Pendiente,2026-07-18 02:00:07,2026-07-25 02:00:06,2024,0.00,,,24265,,
5654,2026-07-18,8,11.52,Pendiente,2026-07-18 02:00:07,2026-07-25 02:00:06,2033,0.00,,,24445,,
5655,2026-07-18,8,11.52,Pendiente,2026-07-18 02:00:07,2026-07-25 02:00:06,2039,0.00,,,24554,,
5656,2026-07-18,8,13.44,Pendiente,2026-07-18 02:00:07,2026-07-25 02:00:06,2041,0.00,,,24585,,
5657,2026-07-18,8,7.68,Pendiente,2026-07-18 02:00:07,2026-07-25 02:00:06,2047,0.00,,,24687,,
5658,2026-07-18,8,5.76,Pendiente,2026-07-18 02:00:07,2026-07-25 02:00:06,2048,0.00,,,24705,,
5659,2026-07-18,8,5.76,Pendiente,2026-07-18 02:00:07,2026-07-25 02:00:06,2049,0.00,,,24723,,
5660,2026-07-18,8,5.76,Pendiente,2026-07-18 02:00:07,2026-07-25 02:00:06,2050,0.00,,,24741,,
5661,2026-07-18,8,5.76,Pendiente,2026-07-18 02:00:07,2026-07-25 02:00:06,2051,0.00,,,24759,,
5662,2026-07-19,7,16.80,Pendiente,2026-07-19 02:00:07,2026-07-25 02:00:06,942,0.00,,,2437,,
5663,2026-07-19,7,15.62,Pendiente,2026-07-19 02:00:07,2026-07-25 02:00:06,943,0.00,,,2470,,
5664,2026-07-19,7,13.72,Pendiente,2026-07-19 02:00:07,2026-07-25 02:00:06,946,0.00,,,2541,,
5665,2026-07-19,7,13.44,Pendiente,2026-07-19 02:00:07,2026-07-25 02:00:06,1069,0.00,,,4880,,
5666,2026-07-19,7,18.20,Pendiente,2026-07-19 02:00:07,2026-07-25 02:00:06,1127,0.00,,,5497,,
5667,2026-07-19,7,18.20,Pendiente,2026-07-19 02:00:07,2026-07-25 02:00:06,1129,0.00,,,5545,,
5668,2026-07-19,7,7.47,Pendiente,2026-07-19 02:00:07,2026-07-25 02:00:06,1130,0.00,,,5599,,
5669,2026-07-19,7,5.60,Pendiente,2026-07-19 02:00:07,2026-07-25 02:00:06,1131,0.00,,,5618,,
5670,2026-07-19,7,13.72,Pendiente,2026-07-19 02:00:07,2026-07-25 02:00:06,1132,0.00,,,5642,,
5671,2026-07-19,7,5.60,Pendiente,2026-07-19 02:00:07,2026-07-25 02:00:06,1134,0.00,,,5684,,
5672,2026-07-19,5,20.10,Pagado,2026-07-19 02:00:07,2026-07-23 15:00:14,1233,20.10,2026-07-23 15:00:14,111113612004634,7438,Efectivo,
5673,2026-07-19,7,28.14,Pendiente,2026-07-19 02:00:07,2026-07-25 02:00:06,1237,0.00,,,7529,,
5674,2026-07-19,7,7.47,Pendiente,2026-07-19 02:00:07,2026-07-25 02:00:06,1242,0.00,,,7681,,
5675,2026-07-19,7,11.20,Pendiente,2026-07-19 02:00:07,2026-07-25 02:00:06,1244,0.00,,,7738,,
5676,2026-07-19,7,45.03,Pendiente,2026-07-19 02:00:07,2026-07-25 02:00:06,1246,0.00,,,7811,,
5677,2026-07-19,7,9.80,Pendiente,2026-07-19 02:00:07,2026-07-25 02:00:06,1249,0.00,,,7915,,
5678,2026-07-19,7,8.40,Pendiente,2026-07-19 02:00:07,2026-07-25 02:00:06,1250,0.00,,,7939,,
5679,2026-07-19,7,7.47,Pendiente,2026-07-19 02:00:07,2026-07-25 02:00:06,1256,0.00,,,8086,,
5680,2026-07-19,7,13.44,Pendiente,2026-07-19 02:00:07,2026-07-25 02:00:06,1259,0.00,,,8184,,
5681,2026-07-19,7,11.20,Pendiente,2026-07-19 02:00:07,2026-07-25 02:00:06,1263,0.00,,,8312,,
5682,2026-07-19,7,7.47,Pendiente,2026-07-19 02:00:07,2026-07-25 02:00:06,1265,0.00,,,8381,,
5683,2026-07-19,7,12.60,Pendiente,2026-07-19 02:00:07,2026-07-25 02:00:06,1266,0.00,,,8412,,
5684,2026-07-19,7,11.20,Pendiente,2026-07-19 02:00:07,2026-07-25 02:00:06,1268,0.00,,,8455,,
5685,2026-07-19,7,11.20,Pendiente,2026-07-19 02:00:07,2026-07-25 02:00:06,1271,0.00,,,8570,,
5686,2026-07-19,7,11.20,Pendiente,2026-07-19 02:00:07,2026-07-25 02:00:06,1275,0.00,,,8702,,
5687,2026-07-19,7,33.76,Pendiente,2026-07-19 02:00:07,2026-07-25 02:00:06,1276,0.00,,,8754,,
5688,2026-07-19,7,18.20,Pendiente,2026-07-19 02:00:07,2026-07-25 02:00:06,1279,0.00,,,8847,,
5689,2026-07-19,5,9.00,Pagado,2026-07-19 02:00:07,2026-07-23 14:46:18,1282,9.00,2026-07-23 14:46:18,111113612004634,8944,Efectivo,
5690,2026-07-19,7,9.80,Pendiente,2026-07-19 02:00:07,2026-07-25 02:00:06,1284,0.00,,,8981,,
5691,2026-07-19,7,8.40,Pendiente,2026-07-19 02:00:07,2026-07-25 02:00:06,1286,0.00,,,9031,,
5692,2026-07-19,7,5.60,Pendiente,2026-07-19 02:00:07,2026-07-25 02:00:06,1288,0.00,,,9081,,
5693,2026-07-19,7,39.40,Pendiente,2026-07-19 02:00:07,2026-07-25 02:00:06,1289,0.00,,,9098,,
5694,2026-07-19,7,12.60,Pendiente,2026-07-19 02:00:07,2026-07-25 02:00:06,1290,0.00,,,9133,,
5695,2026-07-19,7,33.76,Pendiente,2026-07-19 02:00:07,2026-07-25 02:00:06,1295,0.00,,,9272,,
5696,2026-07-19,7,28.14,Pendiente,2026-07-19 02:00:07,2026-07-25 02:00:06,1296,0.00,,,9311,,
5697,2026-07-19,7,28.14,Pendiente,2026-07-19 02:00:07,2026-07-25 02:00:06,1297,0.00,,,9345,,
5698,2026-07-19,7,39.40,Pendiente,2026-07-19 02:00:07,2026-07-25 02:00:06,1300,0.00,,,9442,,
5699,2026-07-19,7,16.80,Pendiente,2026-07-19 02:00:07,2026-07-25 02:00:06,1307,0.00,,,9621,,
5700,2026-07-19,7,7.47,Pendiente,2026-07-19 02:00:07,2026-07-25 02:00:06,1308,0.00,,,9652,,
5701,2026-07-19,7,7.47,Pendiente,2026-07-19 02:00:07,2026-07-25 02:00:06,1310,0.00,,,9738,,
5702,2026-07-19,7,13.72,Pendiente,2026-07-19 02:00:07,2026-07-25 02:00:06,1312,0.00,,,9799,,
5703,2026-07-19,7,7.47,Pendiente,2026-07-19 02:00:07,2026-07-25 02:00:06,1313,0.00,,,9835,,
5704,2026-07-19,7,11.20,Pendiente,2026-07-19 02:00:07,2026-07-25 02:00:06,1319,0.00,,,9978,,
5705,2026-07-19,7,13.44,Pendiente,2026-07-19 02:00:07,2026-07-25 02:00:06,1322,0.00,,,10078,,
5706,2026-07-19,7,13.44,Pendiente,2026-07-19 02:00:07,2026-07-25 02:00:06,1622,0.00,,,15222,,
5707,2026-07-19,7,13.44,Pendiente,2026-07-19 02:00:07,2026-07-25 02:00:06,1623,0.00,,,15240,,
5708,2026-07-19,7,5.60,Pendiente,2026-07-19 02:00:07,2026-07-25 02:00:06,1642,0.00,,,15651,,
5709,2026-07-19,7,12.60,Pendiente,2026-07-19 02:00:07,2026-07-25 02:00:06,1643,0.00,,,15675,,
5710,2026-07-19,7,20.30,Pendiente,2026-07-19 02:00:07,2026-07-25 02:00:06,1676,0.00,,,16532,,
5711,2026-07-19,7,11.20,Pendiente,2026-07-19 02:00:07,2026-07-25 02:00:06,1677,0.00,,,16548,,
5712,2026-07-19,7,61.74,Pendiente,2026-07-19 02:00:07,2026-07-25 02:00:06,1680,0.00,,,16638,,
5713,2026-07-19,7,18.20,Pendiente,2026-07-19 02:00:07,2026-07-25 02:00:06,1682,0.00,,,16675,,
5714,2026-07-19,7,13.72,Pendiente,2026-07-19 02:00:07,2026-07-25 02:00:06,1691,0.00,,,16877,,
5715,2026-07-19,7,11.20,Pendiente,2026-07-19 02:00:07,2026-07-25 02:00:06,1696,0.00,,,16974,,
5716,2026-07-19,7,11.95,Pendiente,2026-07-19 02:00:07,2026-07-25 02:00:06,1704,0.00,,,17146,,
5717,2026-07-19,7,9.33,Pendiente,2026-07-19 02:00:07,2026-07-25 02:00:06,1719,0.00,,,17423,,
5718,2026-07-19,7,13.72,Pendiente,2026-07-19 02:00:07,2026-07-25 02:00:06,1726,0.00,,,17541,,
5719,2026-07-19,7,18.20,Pendiente,2026-07-19 02:00:07,2026-07-25 02:00:06,1729,0.00,,,17613,,
5720,2026-07-19,7,16.46,Pendiente,2026-07-19 02:00:07,2026-07-25 02:00:06,1730,0.00,,,17637,,
5721,2026-07-19,7,24.70,Pendiente,2026-07-19 02:00:07,2026-07-25 02:00:06,1733,0.00,,,17710,,
5722,2026-07-19,7,8.40,Pendiente,2026-07-19 02:00:07,2026-07-25 02:00:06,1746,0.00,,,17987,,
5723,2026-07-19,7,8.40,Pendiente,2026-07-19 02:00:07,2026-07-25 02:00:06,1747,0.00,,,18011,,
5724,2026-07-19,7,7.00,Pendiente,2026-07-19 02:00:07,2026-07-25 02:00:06,1757,0.00,,,18224,,
5725,2026-07-19,7,15.12,Pendiente,2026-07-19 02:00:07,2026-07-25 02:00:06,1762,0.00,,,18364,,
5726,2026-07-19,7,8.96,Pendiente,2026-07-19 02:00:07,2026-07-25 02:00:06,1763,0.00,,,18382,,
5727,2026-07-19,7,9.33,Pendiente,2026-07-19 02:00:07,2026-07-25 02:00:06,1764,0.00,,,18430,,
5728,2026-07-19,7,18.20,Pendiente,2026-07-19 02:00:07,2026-07-25 02:00:06,1776,0.00,,,18659,,
5729,2026-07-19,7,4.67,Pendiente,2026-07-19 02:00:07,2026-07-25 02:00:06,1783,0.00,,,18776,,
5730,2026-07-19,7,18.52,Pendiente,2026-07-19 02:00:07,2026-07-25 02:00:06,1796,0.00,,,19038,,
5731,2026-07-19,7,12.60,Pendiente,2026-07-19 02:00:07,2026-07-25 02:00:06,1804,0.00,,,19214,,
5732,2026-07-19,7,12.60,Pendiente,2026-07-19 02:00:07,2026-07-25 02:00:06,1805,0.00,,,19238,,
5733,2026-07-19,7,7.00,Pendiente,2026-07-19 02:00:07,2026-07-25 02:00:06,1806,0.00,,,19262,,
5734,2026-07-19,4,4.00,Pagado,2026-07-19 02:00:07,2026-07-22 20:53:30,1811,4.00,2026-07-22 20:53:30,111113612004634,19362,Efectivo,
5735,2026-07-19,7,9.33,Pendiente,2026-07-19 02:00:07,2026-07-25 02:00:06,1812,0.00,,,19375,,
5736,2026-07-19,5,3.33,Pagado,2026-07-19 02:00:07,2026-07-23 14:44:32,1815,3.33,2026-07-23 14:44:32,111113612004634,19449,Efectivo,
5737,2026-07-19,7,16.80,Pendiente,2026-07-19 02:00:07,2026-07-25 02:00:06,1816,0.00,,,19462,,
5738,2026-07-19,7,5.60,Pendiente,2026-07-19 02:00:07,2026-07-25 02:00:06,1823,0.00,,,19619,,
5739,2026-07-19,7,8.40,Pendiente,2026-07-19 02:00:07,2026-07-25 02:00:06,1853,0.00,,,20345,,
5740,2026-07-19,7,13.72,Pendiente,2026-07-19 02:00:07,2026-07-25 02:00:06,1855,0.00,,,20393,,
5741,2026-07-19,7,5.60,Pendiente,2026-07-19 02:00:07,2026-07-25 02:00:06,1856,0.00,,,20417,,
5742,2026-07-19,7,16.80,Pendiente,2026-07-19 02:00:07,2026-07-25 02:00:06,1875,0.00,,,20772,,
5743,2026-07-19,7,8.40,Pendiente,2026-07-19 02:00:07,2026-07-25 02:00:06,1876,0.00,,,20796,,
5744,2026-07-19,7,10.08,Pendiente,2026-07-19 02:00:07,2026-07-25 02:00:06,1884,0.00,,,20989,,
5745,2026-07-19,7,6.72,Pendiente,2026-07-19 02:00:07,2026-07-25 02:00:06,1885,0.00,,,21007,,
5746,2026-07-19,7,11.76,Pendiente,2026-07-19 02:00:07,2026-07-25 02:00:06,1886,0.00,,,21043,,
5747,2026-07-19,7,6.72,Pendiente,2026-07-19 02:00:07,2026-07-25 02:00:06,1887,0.00,,,21025,,
5748,2026-07-19,7,13.30,Pendiente,2026-07-19 02:00:07,2026-07-25 02:00:06,1909,0.00,,,21620,,
5749,2026-07-19,7,16.80,Pendiente,2026-07-19 02:00:07,2026-07-25 02:00:06,1911,0.00,,,21668,,
5750,2026-07-19,7,13.72,Pendiente,2026-07-19 02:00:07,2026-07-25 02:00:06,1914,0.00,,,21721,,
5751,2026-07-19,7,13.30,Pendiente,2026-07-19 02:00:07,2026-07-25 02:00:06,1915,0.00,,,21745,,
5752,2026-07-19,7,5.60,Pendiente,2026-07-19 02:00:07,2026-07-25 02:00:06,1916,0.00,,,21769,,
5753,2026-07-19,7,11.20,Pendiente,2026-07-19 02:00:07,2026-07-25 02:00:06,1921,0.00,,,21874,,
5754,2026-07-19,7,18.20,Pendiente,2026-07-19 02:00:07,2026-07-25 02:00:06,1927,0.00,,,22031,,
5755,2026-07-19,4,4.80,Pagado,2026-07-19 02:00:07,2026-07-22 20:52:36,1928,4.80,2026-07-22 20:52:36,111113612004634,22055,Efectivo,
5756,2026-07-19,7,8.40,Pendiente,2026-07-19 02:00:07,2026-07-25 02:00:06,1929,0.00,,,22079,,
5757,2026-07-19,7,13.56,Pendiente,2026-07-19 02:00:07,2026-07-25 02:00:06,1933,0.00,,,22232,,
5758,2026-07-19,7,11.20,Pendiente,2026-07-19 02:00:07,2026-07-25 02:00:06,1936,0.00,,,22296,,
5759,2026-07-19,7,16.80,Pendiente,2026-07-19 02:00:07,2026-07-25 02:00:06,1937,0.00,,,22320,,
5760,2026-07-19,7,12.60,Pendiente,2026-07-19 02:00:07,2026-07-25 02:00:06,1938,0.00,,,22344,,
5761,2026-07-19,7,18.48,Pendiente,2026-07-19 02:00:07,2026-07-25 02:00:06,1939,0.00,,,22368,,
5762,2026-07-19,7,13.72,Pendiente,2026-07-19 02:00:07,2026-07-25 02:00:06,1948,0.00,,,22563,,
5763,2026-07-19,7,15.40,Pendiente,2026-07-19 02:00:07,2026-07-25 02:00:06,1949,0.00,,,22587,,
5764,2026-07-19,7,18.20,Pendiente,2026-07-19 02:00:07,2026-07-25 02:00:06,1950,0.00,,,22611,,
5765,2026-07-19,7,13.72,Pendiente,2026-07-19 02:00:07,2026-07-25 02:00:06,1952,0.00,,,22653,,
5766,2026-07-19,7,7.47,Pendiente,2026-07-19 02:00:07,2026-07-25 02:00:06,1953,0.00,,,22677,,
5767,2026-07-19,5,7.44,Pagado,2026-07-19 02:00:07,2026-07-23 14:45:38,1964,7.44,2026-07-23 14:45:38,111113612004634,22944,Efectivo,
5768,2026-07-19,7,4.20,Pendiente,2026-07-19 02:00:07,2026-07-25 02:00:06,1967,0.00,,,23024,,
5769,2026-07-19,7,4.20,Pendiente,2026-07-19 02:00:07,2026-07-25 02:00:06,1968,0.00,,,23048,,
5770,2026-07-19,7,4.20,Pendiente,2026-07-19 02:00:07,2026-07-25 02:00:06,1975,0.00,,,23180,,
5771,2026-07-19,7,4.20,Pendiente,2026-07-19 02:00:07,2026-07-25 02:00:06,1976,0.00,,,23204,,
5772,2026-07-19,7,8.33,Pendiente,2026-07-19 02:00:07,2026-07-25 02:00:06,1977,0.00,,,23228,,
5773,2026-07-19,7,6.72,Pendiente,2026-07-19 02:00:07,2026-07-25 02:00:06,1982,0.00,,,23334,,
5774,2026-07-19,7,6.72,Pendiente,2026-07-19 02:00:07,2026-07-25 02:00:06,1983,0.00,,,23352,,
5775,2026-07-19,7,6.72,Pendiente,2026-07-19 02:00:07,2026-07-25 02:00:06,1984,0.00,,,23370,,
5776,2026-07-19,7,6.72,Pendiente,2026-07-19 02:00:07,2026-07-25 02:00:06,1985,0.00,,,23388,,
5777,2026-07-19,7,6.72,Pendiente,2026-07-19 02:00:07,2026-07-25 02:00:06,1986,0.00,,,23406,,
5778,2026-07-19,7,7.00,Pendiente,2026-07-19 02:00:07,2026-07-25 02:00:06,1988,0.00,,,23437,,
5779,2026-07-19,7,16.80,Pendiente,2026-07-19 02:00:07,2026-07-25 02:00:06,1995,0.00,,,23629,,
5780,2026-07-19,7,19.60,Pendiente,2026-07-19 02:00:07,2026-07-25 02:00:06,1996,0.00,,,23653,,
5781,2026-07-19,7,10.42,Pendiente,2026-07-19 02:00:07,2026-07-25 02:00:06,2016,0.00,,,24064,,
5782,2026-07-19,7,18.20,Pendiente,2026-07-19 02:00:07,2026-07-25 02:00:06,2017,0.00,,,24096,,
5783,2026-07-19,7,9.80,Pendiente,2026-07-19 02:00:07,2026-07-25 02:00:06,2018,0.00,,,24120,,
5784,2026-07-19,7,4.20,Pendiente,2026-07-19 02:00:07,2026-07-25 02:00:06,2019,0.00,,,24144,,
5785,2026-07-19,7,9.33,Pendiente,2026-07-19 02:00:07,2026-07-25 02:00:06,2020,0.00,,,24168,,
5786,2026-07-19,7,8.40,Pendiente,2026-07-19 02:00:07,2026-07-25 02:00:06,2031,0.00,,,24397,,
5787,2026-07-19,7,13.72,Pendiente,2026-07-19 02:00:07,2026-07-25 02:00:06,2032,0.00,,,24421,,
5788,2026-07-19,7,7.00,Pendiente,2026-07-19 02:00:07,2026-07-25 02:00:06,2040,0.00,,,24572,,
5789,2026-07-19,7,13.44,Pendiente,2026-07-19 02:00:07,2026-07-25 02:00:06,2042,0.00,,,24603,,
5790,2026-07-19,7,13.44,Pendiente,2026-07-19 02:00:07,2026-07-25 02:00:06,2044,0.00,,,25216,,
5791,2026-07-19,7,11.20,Pendiente,2026-07-19 02:00:07,2026-07-25 02:00:06,2046,0.00,,,24639,,
5792,2026-07-22,4,7.84,Pendiente,2026-07-22 02:00:06,2026-07-25 02:00:06,852,0.00,,,15774,,
5793,2026-07-22,4,4.27,Pendiente,2026-07-22 02:00:06,2026-07-25 02:00:06,853,0.00,,,83,,
5794,2026-07-22,2,2.13,Pagado,2026-07-22 02:00:06,2026-07-23 23:20:37,855,2.13,2026-07-23 23:20:37,111113612004634,178,Efectivo,
5795,2026-07-22,4,3.41,Pendiente,2026-07-22 02:00:06,2026-07-25 02:00:06,858,0.00,,,251,,
5796,2026-07-22,4,2.40,Pendiente,2026-07-22 02:00:06,2026-07-25 02:00:06,1021,0.00,,,3586,,
5797,2026-07-22,1,1.96,Pagado,2026-07-22 02:00:06,2026-07-22 21:16:28,1400,1.96,2026-07-22 21:16:28,111113612004634,11535,Efectivo,
5798,2026-07-22,1,1.96,Pagado,2026-07-22 02:00:06,2026-07-22 21:10:57,1401,1.96,2026-07-22 21:10:57,111113612004634,11559,Efectivo,
5799,2026-07-22,1,1.96,Pagado,2026-07-22 02:00:06,2026-07-22 21:18:51,1402,1.96,2026-07-22 21:18:51,111113612004634,11583,Efectivo,
5800,2026-07-22,1,1.96,Pagado,2026-07-22 02:00:06,2026-07-22 21:14:54,1403,1.96,2026-07-22 21:14:54,111113612004634,11607,Efectivo,
5801,2026-07-22,1,1.96,Pagado,2026-07-22 02:00:06,2026-07-22 21:20:16,1404,1.96,2026-07-22 21:20:16,111113612004634,11631,Efectivo,
5802,2026-07-22,1,0.80,Pagado,2026-07-22 02:00:06,2026-07-22 21:23:01,1406,0.80,2026-07-22 21:23:01,111113612004634,11678,Efectivo,
5803,2026-07-22,1,0.80,Pagado,2026-07-22 02:00:06,2026-07-22 21:21:45,1407,0.80,2026-07-22 21:21:45,111113612004634,11702,Efectivo,
5804,2026-07-22,4,7.84,Pendiente,2026-07-22 02:00:06,2026-07-25 02:00:06,1412,0.00,,,11793,,
5805,2026-07-22,4,7.84,Pendiente,2026-07-22 02:00:06,2026-07-25 02:00:06,1415,0.00,,,11854,,
5806,2026-07-22,3,5.88,Pagado,2026-07-22 02:00:06,2026-07-24 16:42:45,1416,5.88,2026-07-24 16:42:45,111113612004634,11878,Efectivo,
5807,2026-07-22,4,7.84,Pendiente,2026-07-22 02:00:06,2026-07-25 02:00:06,1417,0.00,,,11902,,
5808,2026-07-22,4,7.84,Pendiente,2026-07-22 02:00:06,2026-07-25 02:00:06,1645,0.00,,,15749,,
5809,2026-07-22,4,4.80,Pendiente,2026-07-22 02:00:06,2026-07-25 02:00:06,1647,0.00,,,15818,,
5810,2026-07-22,4,5.95,Pendiente,2026-07-22 02:00:06,2026-07-25 02:00:06,1683,0.00,,,16700,,
5811,2026-07-22,4,3.84,Pendiente,2026-07-22 02:00:06,2026-07-25 02:00:06,1693,0.00,,,16920,,
5812,2026-07-22,4,3.84,Pendiente,2026-07-22 02:00:06,2026-07-25 02:00:06,1698,0.00,,,17017,,
5813,2026-07-22,4,7.20,Pendiente,2026-07-22 02:00:06,2026-07-25 02:00:06,1702,0.00,,,17090,,
5814,2026-07-22,4,2.40,Pendiente,2026-07-22 02:00:06,2026-07-25 02:00:06,1731,0.00,,,17656,,
5815,2026-07-22,4,3.84,Pendiente,2026-07-22 02:00:06,2026-07-25 02:00:06,1736,0.00,,,17767,,
5816,2026-07-22,4,2.67,Pendiente,2026-07-22 02:00:06,2026-07-25 02:00:06,1737,0.00,,,17785,,
5817,2026-07-22,4,3.20,Pendiente,2026-07-22 02:00:06,2026-07-25 02:00:06,1744,0.00,,,17940,,
5818,2026-07-22,4,4.80,Pendiente,2026-07-22 02:00:06,2026-07-25 02:00:06,1765,0.00,,,18444,,
5819,2026-07-22,4,5.33,Pendiente,2026-07-22 02:00:06,2026-07-25 02:00:06,1766,0.00,,,18468,,
5820,2026-07-22,4,4.00,Pendiente,2026-07-22 02:00:06,2026-07-25 02:00:06,1767,0.00,,,18481,,
5821,2026-07-22,4,5.93,Pendiente,2026-07-22 02:00:06,2026-07-25 02:00:06,1768,0.00,,,18494,,
5822,2026-07-22,4,2.88,Pendiente,2026-07-22 02:00:06,2026-07-25 02:00:06,1779,0.00,,,18710,,
5823,2026-07-22,4,2.67,Pendiente,2026-07-22 02:00:06,2026-07-25 02:00:06,1780,0.00,,,18728,,
5824,2026-07-22,4,7.84,Pendiente,2026-07-22 02:00:06,2026-07-25 02:00:06,1786,0.00,,,18839,,
5825,2026-07-22,4,4.00,Pendiente,2026-07-22 02:00:06,2026-07-25 02:00:06,1787,0.00,,,18863,,
5826,2026-07-22,4,3.84,Pendiente,2026-07-22 02:00:06,2026-07-25 02:00:06,1788,0.00,,,18887,,
5827,2026-07-22,4,3.84,Pendiente,2026-07-22 02:00:06,2026-07-25 02:00:06,1791,0.00,,,18947,,
5828,2026-07-22,4,5.76,Pendiente,2026-07-22 02:00:06,2026-07-25 02:00:06,1792,0.00,,,18965,,
5829,2026-07-22,4,4.80,Pendiente,2026-07-22 02:00:06,2026-07-25 02:00:06,1794,0.00,,,18999,,
5830,2026-07-22,4,7.75,Pendiente,2026-07-22 02:00:06,2026-07-25 02:00:06,1795,0.00,,,19023,,
5831,2026-07-22,4,5.93,Pendiente,2026-07-22 02:00:06,2026-07-25 02:00:06,1797,0.00,,,19063,,
5832,2026-07-22,4,5.93,Pendiente,2026-07-22 02:00:06,2026-07-25 02:00:06,1834,0.00,,,19933,,
5833,2026-07-22,4,5.60,Pendiente,2026-07-22 02:00:06,2026-07-25 02:00:06,1836,0.00,,,19997,,
5834,2026-07-22,4,7.68,Pendiente,2026-07-22 02:00:06,2026-07-25 02:00:06,1840,0.00,,,20082,,
5835,2026-07-22,4,7.68,Pendiente,2026-07-22 02:00:06,2026-07-25 02:00:06,1841,0.00,,,20100,,
5836,2026-07-22,4,5.93,Pendiente,2026-07-22 02:00:06,2026-07-25 02:00:06,1842,0.00,,,20118,,
5837,2026-07-22,4,3.20,Pendiente,2026-07-22 02:00:06,2026-07-25 02:00:06,1845,0.00,,,20172,,
5838,2026-07-22,4,2.40,Pendiente,2026-07-22 02:00:06,2026-07-25 02:00:06,1852,0.00,,,20322,,
5839,2026-07-22,4,7.68,Pendiente,2026-07-22 02:00:06,2026-07-25 02:00:06,1858,0.00,,,20465,,
5840,2026-07-22,4,8.64,Pendiente,2026-07-22 02:00:06,2026-07-25 02:00:06,1859,0.00,,,20483,,
5841,2026-07-22,4,7.68,Pendiente,2026-07-22 02:00:06,2026-07-25 02:00:06,1860,0.00,,,20501,,
5842,2026-07-22,1,1.07,Pagado,2026-07-22 02:00:06,2026-07-22 21:12:49,1863,1.07,2026-07-22 21:12:49,111113612004634,20559,Efectivo,
5843,2026-07-22,4,2.67,Pendiente,2026-07-22 02:00:06,2026-07-25 02:00:06,1869,0.00,,,20697,,
5844,2026-07-22,4,2.67,Pendiente,2026-07-22 02:00:06,2026-07-25 02:00:06,1870,0.00,,,20710,,
5845,2026-07-22,4,2.67,Pendiente,2026-07-22 02:00:06,2026-07-25 02:00:06,1871,0.00,,,20723,,
5846,2026-07-22,4,3.20,Pendiente,2026-07-22 02:00:06,2026-07-25 02:00:06,1897,0.00,,,21327,,
5847,2026-07-22,4,2.40,Pendiente,2026-07-22 02:00:06,2026-07-25 02:00:06,1898,0.00,,,21351,,
5848,2026-07-22,4,4.00,Pendiente,2026-07-22 02:00:06,2026-07-25 02:00:06,1899,0.00,,,21375,,
5849,2026-07-22,4,4.80,Pendiente,2026-07-22 02:00:06,2026-07-25 02:00:06,1934,0.00,,,22273,,
5850,2026-07-22,4,6.40,Pendiente,2026-07-22 02:00:06,2026-07-25 02:00:06,1935,0.00,,,22249,,
5851,2026-07-22,4,2.67,Pendiente,2026-07-22 02:00:06,2026-07-25 02:00:06,1940,0.00,,,22387,,
5852,2026-07-22,4,5.95,Pendiente,2026-07-22 02:00:06,2026-07-25 02:00:06,1942,0.00,,,22424,,
5853,2026-07-22,4,3.84,Pendiente,2026-07-22 02:00:06,2026-07-25 02:00:06,1944,0.00,,,22480,,
5854,2026-07-22,4,3.84,Pendiente,2026-07-22 02:00:06,2026-07-25 02:00:06,1945,0.00,,,22498,,
5855,2026-07-22,4,3.84,Pendiente,2026-07-22 02:00:06,2026-07-25 02:00:06,1956,0.00,,,22763,,
5856,2026-07-22,4,3.20,Pendiente,2026-07-22 02:00:06,2026-07-25 02:00:06,1965,0.00,,,22977,,
5857,2026-07-22,4,7.84,Pendiente,2026-07-22 02:00:06,2026-07-25 02:00:06,1966,0.00,,,23001,,
5858,2026-07-22,2,3.20,Pagado,2026-07-22 02:00:06,2026-07-23 23:19:56,1998,3.20,2026-07-23 23:19:56,111113612004634,23713,Efectivo,
5859,2026-07-22,4,2.40,Pendiente,2026-07-22 02:00:06,2026-07-25 02:00:06,1999,0.00,,,23737,,
5860,2026-07-22,4,2.40,Pendiente,2026-07-22 02:00:06,2026-07-25 02:00:06,2000,0.00,,,23761,,
5861,2026-07-22,4,2.67,Pendiente,2026-07-22 02:00:06,2026-07-25 02:00:06,2005,0.00,,,23870,,
5862,2026-07-22,4,2.67,Pendiente,2026-07-22 02:00:06,2026-07-25 02:00:06,2008,0.00,,,23922,,
5863,2026-07-22,4,4.76,Pendiente,2026-07-22 02:00:06,2026-07-25 02:00:06,2012,0.00,,,23996,,
5864,2026-07-22,4,7.68,Pendiente,2026-07-22 02:00:06,2026-07-25 02:00:06,2023,0.00,,,24248,,
5865,2026-07-22,4,7.84,Pendiente,2026-07-22 02:00:06,2026-07-25 02:00:06,2029,0.00,,,24350,,
5866,2026-07-22,4,2.67,Pendiente,2026-07-22 02:00:06,2026-07-25 02:00:06,2035,0.00,,,24488,,
5867,2026-07-22,4,2.88,Pendiente,2026-07-22 02:00:06,2026-07-25 02:00:06,2043,0.00,,,24622,,
5868,2026-07-22,4,7.75,Pendiente,2026-07-22 02:00:06,2026-07-25 02:00:06,2052,0.00,,,24777,,
5869,2026-07-22,4,4.80,Pendiente,2026-07-22 02:00:06,2026-07-25 02:00:06,2053,0.00,,,24793,,
5870,2026-07-22,4,7.68,Pendiente,2026-07-22 02:00:06,2026-07-25 02:00:06,2059,0.00,,,24909,,
5871,2026-07-22,4,2.67,Pendiente,2026-07-22 02:00:06,2026-07-25 02:00:06,2064,0.00,,,25006,,
5872,2026-07-22,4,4.00,Pendiente,2026-07-22 02:00:06,2026-07-25 02:00:06,2071,0.00,,,25119,,
5873,2026-07-23,3,5.12,Pendiente,2026-07-23 02:00:06,2026-07-25 02:00:06,876,0.00,,,736,,
5874,2026-07-23,3,5.88,Pendiente,2026-07-23 02:00:06,2026-07-25 02:00:06,880,0.00,,,872,,
5875,2026-07-23,3,4.20,Pendiente,2026-07-23 02:00:06,2026-07-25 02:00:06,883,0.00,,,942,,
5876,2026-07-23,3,3.20,Pendiente,2026-07-23 02:00:06,2026-07-25 02:00:06,884,0.00,,,975,,
5877,2026-07-23,3,4.80,Pendiente,2026-07-23 02:00:06,2026-07-25 02:00:06,887,0.00,,,1075,,
5878,2026-07-23,3,2.40,Pendiente,2026-07-23 02:00:06,2026-07-25 02:00:06,892,0.00,,,1211,,
5879,2026-07-23,3,2.40,Pendiente,2026-07-23 02:00:06,2026-07-25 02:00:06,893,0.00,,,1234,,
5880,2026-07-23,3,4.50,Pendiente,2026-07-23 02:00:06,2026-07-25 02:00:06,990,0.00,,,2902,,
5881,2026-07-23,3,3.20,Pendiente,2026-07-23 02:00:06,2026-07-25 02:00:06,992,0.00,,,2947,,
5882,2026-07-23,3,5.76,Pendiente,2026-07-23 02:00:06,2026-07-25 02:00:06,1002,0.00,,,3155,,
5883,2026-07-23,3,4.80,Pendiente,2026-07-23 02:00:06,2026-07-25 02:00:06,1009,0.00,,,3323,,
5884,2026-07-23,3,2.40,Pendiente,2026-07-23 02:00:06,2026-07-25 02:00:06,1121,0.00,,,5378,,
5885,2026-07-23,3,7.20,Pendiente,2026-07-23 02:00:06,2026-07-25 02:00:06,1181,0.00,,,6871,,
5886,2026-07-23,3,5.88,Pendiente,2026-07-23 02:00:06,2026-07-25 02:00:06,1182,0.00,,,6897,,
5887,2026-07-23,3,2.40,Pendiente,2026-07-23 02:00:06,2026-07-25 02:00:06,1190,0.00,,,7065,,
5888,2026-07-23,3,7.80,Pendiente,2026-07-23 02:00:06,2026-07-25 02:00:06,1375,0.00,,,10811,,
5889,2026-07-23,3,5.44,Pendiente,2026-07-23 02:00:06,2026-07-25 02:00:06,1376,0.00,,,10854,,
5890,2026-07-23,3,7.80,Pendiente,2026-07-23 02:00:06,2026-07-25 02:00:06,1377,0.00,,,10885,,
5891,2026-07-23,3,6.08,Pendiente,2026-07-23 02:00:06,2026-07-25 02:00:06,1378,0.00,,,10905,,
5892,2026-07-23,3,5.88,Pendiente,2026-07-23 02:00:06,2026-07-25 02:00:06,1379,0.00,,,10952,,
5893,2026-07-23,3,3.20,Pendiente,2026-07-23 02:00:06,2026-07-25 02:00:06,1380,0.00,,,11001,,
5894,2026-07-23,3,4.80,Pendiente,2026-07-23 02:00:06,2026-07-25 02:00:06,1384,0.00,,,11105,,
5895,2026-07-23,3,5.40,Pendiente,2026-07-23 02:00:06,2026-07-25 02:00:06,1385,0.00,,,11149,,
5896,2026-07-23,3,11.44,Pendiente,2026-07-23 02:00:06,2026-07-25 02:00:06,1548,0.00,,,14872,,
5897,2026-07-23,3,6.40,Pendiente,2026-07-23 02:00:06,2026-07-25 02:00:06,1624,0.00,,,15259,,
5898,2026-07-23,3,5.40,Pendiente,2026-07-23 02:00:06,2026-07-25 02:00:06,1631,0.00,,,15451,,
5899,2026-07-23,3,5.88,Pendiente,2026-07-23 02:00:06,2026-07-25 02:00:06,1633,0.00,,,15499,,
5900,2026-07-23,3,4.16,Pendiente,2026-07-23 02:00:06,2026-07-25 02:00:06,1649,0.00,,,15855,,
5901,2026-07-23,3,3.20,Pendiente,2026-07-23 02:00:06,2026-07-25 02:00:06,1650,0.00,,,15907,,
5902,2026-07-23,3,2.40,Pendiente,2026-07-23 02:00:06,2026-07-25 02:00:06,1651,0.00,,,15969,,
5903,2026-07-23,3,1.80,Pendiente,2026-07-23 02:00:06,2026-07-25 02:00:06,1654,0.00,,,16016,,
5904,2026-07-23,3,7.20,Pendiente,2026-07-23 02:00:06,2026-07-25 02:00:06,1655,0.00,,,16042,,
5905,2026-07-23,3,5.88,Pendiente,2026-07-23 02:00:06,2026-07-25 02:00:06,1656,0.00,,,16064,,
5906,2026-07-23,3,5.44,Pendiente,2026-07-23 02:00:06,2026-07-25 02:00:06,1657,0.00,,,16106,,
5907,2026-07-23,3,5.81,Pendiente,2026-07-23 02:00:06,2026-07-25 02:00:06,1660,0.00,,,16168,,
5908,2026-07-23,3,5.44,Pendiente,2026-07-23 02:00:06,2026-07-25 02:00:06,1675,0.00,,,16485,,
5909,2026-07-23,3,7.20,Pendiente,2026-07-23 02:00:06,2026-07-25 02:00:06,1678,0.00,,,16597,,
5910,2026-07-23,3,5.76,Pendiente,2026-07-23 02:00:06,2026-07-25 02:00:06,1679,0.00,,,16621,,
5911,2026-07-23,3,5.88,Pendiente,2026-07-23 02:00:06,2026-07-25 02:00:06,1705,0.00,,,17187,,
5912,2026-07-23,3,2.00,Pendiente,2026-07-23 02:00:06,2026-07-25 02:00:06,1706,0.00,,,17211,,
5913,2026-07-23,3,7.80,Pendiente,2026-07-23 02:00:06,2026-07-25 02:00:06,1707,0.00,,,17224,,
5914,2026-07-23,3,3.00,Pendiente,2026-07-23 02:00:06,2026-07-25 02:00:06,1712,0.00,,,17316,,
5915,2026-07-23,3,2.40,Pendiente,2026-07-23 02:00:06,2026-07-25 02:00:06,1718,0.00,,,17400,,
5916,2026-07-23,3,11.44,Pendiente,2026-07-23 02:00:06,2026-07-25 02:00:06,1732,0.00,,,17679,,
5917,2026-07-23,3,8.70,Pendiente,2026-07-23 02:00:06,2026-07-25 02:00:06,1734,0.00,,,17735,,
5918,2026-07-23,3,8.70,Pendiente,2026-07-23 02:00:06,2026-07-25 02:00:06,1735,0.00,,,17751,,
5919,2026-07-23,3,4.80,Pendiente,2026-07-23 02:00:06,2026-07-25 02:00:06,1740,0.00,,,17854,,
5920,2026-07-23,3,1.80,Pendiente,2026-07-23 02:00:06,2026-07-25 02:00:06,1742,0.00,,,17892,,
5921,2026-07-23,3,1.80,Pendiente,2026-07-23 02:00:06,2026-07-25 02:00:06,1743,0.00,,,17916,,
5922,2026-07-23,3,4.20,Pendiente,2026-07-23 02:00:06,2026-07-25 02:00:06,1745,0.00,,,17964,,
5923,2026-07-23,3,6.48,Pendiente,2026-07-23 02:00:06,2026-07-25 02:00:06,1750,0.00,,,18078,,
5924,2026-07-23,3,3.00,Pendiente,2026-07-23 02:00:06,2026-07-25 02:00:06,1752,0.00,,,18120,,
5925,2026-07-23,3,4.32,Pendiente,2026-07-23 02:00:06,2026-07-25 02:00:06,1759,0.00,,,18267,,
5926,2026-07-23,3,13.73,Pendiente,2026-07-23 02:00:06,2026-07-25 02:00:06,1761,0.00,,,18332,,
5927,2026-07-23,3,9.15,Pendiente,2026-07-23 02:00:06,2026-07-25 02:00:06,1769,0.00,,,18510,,
5928,2026-07-23,3,2.40,Pendiente,2026-07-23 02:00:06,2026-07-25 02:00:06,1770,0.00,,,18542,,
5929,2026-07-23,3,7.20,Pendiente,2026-07-23 02:00:06,2026-07-25 02:00:06,1771,0.00,,,18566,,
5930,2026-07-23,3,3.60,Pendiente,2026-07-23 02:00:06,2026-07-25 02:00:06,1774,0.00,,,18624,,
5931,2026-07-23,3,5.88,Pendiente,2026-07-23 02:00:06,2026-07-25 02:00:06,1784,0.00,,,18790,,
5932,2026-07-23,3,5.88,Pendiente,2026-07-23 02:00:06,2026-07-25 02:00:06,1785,0.00,,,18814,,
5933,2026-07-23,3,5.76,Pendiente,2026-07-23 02:00:06,2026-07-25 02:00:06,1790,0.00,,,18929,,
5934,2026-07-23,3,4.45,Pendiente,2026-07-23 02:00:06,2026-07-25 02:00:06,1798,0.00,,,19079,,
5935,2026-07-23,3,5.88,Pendiente,2026-07-23 02:00:06,2026-07-25 02:00:06,1799,0.00,,,19095,,
5936,2026-07-23,3,4.80,Pendiente,2026-07-23 02:00:06,2026-07-25 02:00:06,1800,0.00,,,19119,,
5937,2026-07-23,3,5.88,Pendiente,2026-07-23 02:00:06,2026-07-25 02:00:06,1801,0.00,,,19143,,
5938,2026-07-23,3,3.60,Pendiente,2026-07-23 02:00:06,2026-07-25 02:00:06,1802,0.00,,,19167,,
5939,2026-07-23,3,1.80,Pendiente,2026-07-23 02:00:06,2026-07-25 02:00:06,1803,0.00,,,19191,,
5940,2026-07-23,3,4.00,Pendiente,2026-07-23 02:00:06,2026-07-25 02:00:06,1809,0.00,,,19337,,
5941,2026-07-23,3,2.00,Pendiente,2026-07-23 02:00:06,2026-07-25 02:00:06,1810,0.00,,,19350,,
5942,2026-07-23,3,7.80,Pendiente,2026-07-23 02:00:06,2026-07-25 02:00:06,1818,0.00,,,19500,,
5943,2026-07-23,3,4.20,Pendiente,2026-07-23 02:00:06,2026-07-25 02:00:06,1837,0.00,,,20021,,
5944,2026-07-23,3,2.00,Pendiente,2026-07-23 02:00:06,2026-07-25 02:00:06,1838,0.00,,,20045,,
5945,2026-07-23,3,5.40,Pendiente,2026-07-23 02:00:06,2026-07-25 02:00:06,1839,0.00,,,20058,,
5946,2026-07-23,3,1.80,Pendiente,2026-07-23 02:00:06,2026-07-25 02:00:06,1861,0.00,,,20519,,
5947,2026-07-23,3,2.00,Pendiente,2026-07-23 02:00:06,2026-07-25 02:00:06,1873,0.00,,,20736,,
5948,2026-07-23,3,2.40,Pendiente,2026-07-23 02:00:06,2026-07-25 02:00:06,1874,0.00,,,20749,,
5949,2026-07-23,3,4.20,Pendiente,2026-07-23 02:00:06,2026-07-25 02:00:06,1882,0.00,,,20953,,
5950,2026-07-23,3,2.40,Pendiente,2026-07-23 02:00:06,2026-07-25 02:00:06,1902,0.00,,,21441,,
5951,2026-07-23,3,8.47,Pendiente,2026-07-23 02:00:06,2026-07-25 02:00:06,1906,0.00,,,21560,,
5952,2026-07-23,3,4.20,Pendiente,2026-07-23 02:00:06,2026-07-25 02:00:06,1907,0.00,,,21589,,
5953,2026-07-23,3,5.88,Pendiente,2026-07-23 02:00:06,2026-07-25 02:00:06,1910,0.00,,,21645,,
5954,2026-07-23,3,9.15,Pendiente,2026-07-23 02:00:06,2026-07-25 02:00:06,1917,0.00,,,21794,,
5955,2026-07-23,3,4.20,Pendiente,2026-07-23 02:00:06,2026-07-25 02:00:06,1941,0.00,,,22400,,
5956,2026-07-23,3,2.40,Pendiente,2026-07-23 02:00:06,2026-07-25 02:00:06,1943,0.00,,,22456,,
5957,2026-07-23,3,4.32,Pendiente,2026-07-23 02:00:06,2026-07-25 02:00:06,1969,0.00,,,23073,,
5958,2026-07-23,3,4.32,Pendiente,2026-07-23 02:00:06,2026-07-25 02:00:06,1970,0.00,,,23091,,
5959,2026-07-23,3,2.88,Pendiente,2026-07-23 02:00:06,2026-07-25 02:00:06,1971,0.00,,,23109,,
5960,2026-07-23,3,4.32,Pendiente,2026-07-23 02:00:06,2026-07-25 02:00:06,1972,0.00,,,23127,,
5961,2026-07-23,3,2.16,Pendiente,2026-07-23 02:00:06,2026-07-25 02:00:06,1973,0.00,,,23145,,
5962,2026-07-23,3,2.16,Pendiente,2026-07-23 02:00:06,2026-07-25 02:00:06,1974,0.00,,,23163,,
5963,2026-07-23,3,3.60,Pendiente,2026-07-23 02:00:06,2026-07-25 02:00:06,1991,0.00,,,23558,,
5964,2026-07-23,3,2.16,Pendiente,2026-07-23 02:00:06,2026-07-25 02:00:06,1992,0.00,,,23576,,
5965,2026-07-23,3,3.60,Pendiente,2026-07-23 02:00:06,2026-07-25 02:00:06,1993,0.00,,,23594,,
5966,2026-07-23,3,2.16,Pendiente,2026-07-23 02:00:06,2026-07-25 02:00:06,1994,0.00,,,23612,,
5967,2026-07-23,3,3.00,Pendiente,2026-07-23 02:00:06,2026-07-25 02:00:06,2001,0.00,,,23785,,
5968,2026-07-23,3,2.40,Pendiente,2026-07-23 02:00:06,2026-07-25 02:00:06,2002,0.00,,,23798,,
5969,2026-07-23,3,5.40,Pendiente,2026-07-23 02:00:06,2026-07-25 02:00:06,2003,0.00,,,23822,,
5970,2026-07-23,3,3.60,Pendiente,2026-07-23 02:00:06,2026-07-25 02:00:06,2004,0.00,,,23846,,
5971,2026-07-23,3,3.00,Pendiente,2026-07-23 02:00:06,2026-07-25 02:00:06,2007,0.00,,,23907,,
5972,2026-07-23,3,8.40,Pendiente,2026-07-23 02:00:06,2026-07-25 02:00:06,2014,0.00,,,24041,,
5973,2026-07-23,3,11.85,Pendiente,2026-07-23 02:00:06,2026-07-25 02:00:06,2025,0.00,,,24278,,
5974,2026-07-23,3,5.81,Pendiente,2026-07-23 02:00:06,2026-07-25 02:00:06,2026,0.00,,,24294,,
5975,2026-07-23,3,5.81,Pendiente,2026-07-23 02:00:06,2026-07-25 02:00:06,2027,0.00,,,24310,,
5976,2026-07-23,3,5.88,Pendiente,2026-07-23 02:00:06,2026-07-25 02:00:06,2030,0.00,,,24374,,
5977,2026-07-23,3,4.32,Pendiente,2026-07-23 02:00:06,2026-07-25 02:00:06,2038,0.00,,,24537,,
5978,2026-07-23,3,3.60,Pendiente,2026-07-23 02:00:07,2026-07-25 02:00:06,2045,0.00,,,24664,,
5979,2026-07-23,3,2.40,Pendiente,2026-07-23 02:00:07,2026-07-25 02:00:06,2065,0.00,,,25019,,
5980,2026-07-23,3,3.00,Pendiente,2026-07-23 02:00:07,2026-07-25 02:00:06,2066,0.00,,,25043,,
5981,2026-07-23,3,4.00,Pendiente,2026-07-23 02:00:07,2026-07-25 02:00:06,2068,0.00,,,25069,,
5982,2026-07-24,2,3.36,Pendiente,2026-07-24 02:00:06,2026-07-25 02:00:06,894,0.00,,,1254,,
5983,2026-07-24,2,3.63,Pendiente,2026-07-24 02:00:06,2026-07-25 02:00:06,916,0.00,,,1789,,
5984,2026-07-24,2,3.63,Pendiente,2026-07-24 02:00:06,2026-07-25 02:00:06,918,0.00,,,1864,,
5985,2026-07-24,2,2.13,Pendiente,2026-07-24 02:00:06,2026-07-25 02:00:06,928,0.00,,,2122,,
5986,2026-07-24,2,2.80,Pendiente,2026-07-24 02:00:06,2026-07-25 02:00:06,1143,0.00,,,5942,,
5987,2026-07-24,2,3.92,Pendiente,2026-07-24 02:00:06,2026-07-25 02:00:06,1146,0.00,,,6020,,
5988,2026-07-24,2,2.13,Pendiente,2026-07-24 02:00:06,2026-07-25 02:00:06,1199,0.00,,,7253,,
5989,2026-07-24,2,2.40,Pendiente,2026-07-24 02:00:06,2026-07-25 02:00:06,1200,0.00,,,7285,,
5990,2026-07-24,2,2.13,Pendiente,2026-07-24 02:00:06,2026-07-25 02:00:06,1327,0.00,,,10245,,
5991,2026-07-24,2,3.63,Pendiente,2026-07-24 02:00:06,2026-07-25 02:00:06,1362,0.00,,,10458,,
5992,2026-07-24,2,1.60,Pendiente,2026-07-24 02:00:06,2026-07-25 02:00:06,1364,0.00,,,10524,,
5993,2026-07-24,2,1.60,Pendiente,2026-07-24 02:00:06,2026-07-25 02:00:06,1365,0.00,,,10548,,
5994,2026-07-24,2,2.13,Pendiente,2026-07-24 02:00:06,2026-07-25 02:00:06,1388,0.00,,,11256,,
5995,2026-07-24,2,6.24,Pendiente,2026-07-24 02:00:06,2026-07-25 02:00:06,1391,0.00,,,11311,,
5996,2026-07-24,2,3.20,Pendiente,2026-07-24 02:00:06,2026-07-25 02:00:06,1395,0.00,,,11434,,
5997,2026-07-24,2,4.05,Pendiente,2026-07-24 02:00:06,2026-07-25 02:00:06,1421,0.00,,,12004,,
5998,2026-07-24,2,4.13,Pendiente,2026-07-24 02:00:06,2026-07-25 02:00:06,1619,0.00,,,15169,,
5999,2026-07-24,2,3.36,Pendiente,2026-07-24 02:00:06,2026-07-25 02:00:06,1620,0.00,,,15187,,
6000,2026-07-24,2,3.92,Pendiente,2026-07-24 02:00:06,2026-07-25 02:00:06,1625,0.00,,,15307,,
6001,2026-07-24,2,3.92,Pendiente,2026-07-24 02:00:06,2026-07-25 02:00:06,1626,0.00,,,15331,,
6002,2026-07-24,2,3.92,Pendiente,2026-07-24 02:00:06,2026-07-25 02:00:06,1627,0.00,,,15355,,
6003,2026-07-24,2,3.92,Pendiente,2026-07-24 02:00:06,2026-07-25 02:00:06,1628,0.00,,,15379,,
6004,2026-07-24,2,3.92,Pendiente,2026-07-24 02:00:06,2026-07-25 02:00:06,1629,0.00,,,15403,,
6005,2026-07-24,2,4.70,Pendiente,2026-07-24 02:00:06,2026-07-25 02:00:06,1663,0.00,,,16232,,
6006,2026-07-24,2,3.92,Pendiente,2026-07-24 02:00:06,2026-07-25 02:00:06,1666,0.00,,,16358,,
6007,2026-07-24,2,5.20,Pendiente,2026-07-24 02:00:06,2026-07-25 02:00:06,1667,0.00,,,16334,,
6008,2026-07-24,2,5.20,Pendiente,2026-07-24 02:00:06,2026-07-25 02:00:06,1668,0.00,,,16382,,
6009,2026-07-24,2,5.20,Pendiente,2026-07-24 02:00:06,2026-07-25 02:00:06,1669,0.00,,,16310,,
6010,2026-07-24,2,5.20,Pendiente,2026-07-24 02:00:06,2026-07-25 02:00:06,1670,0.00,,,16406,,
6011,2026-07-24,2,3.92,Pendiente,2026-07-24 02:00:06,2026-07-25 02:00:06,1671,0.00,,,16286,,
6012,2026-07-24,2,6.24,Pendiente,2026-07-24 02:00:06,2026-07-25 02:00:06,1701,0.00,,,17072,,
6013,2026-07-24,2,2.00,Pendiente,2026-07-24 02:00:06,2026-07-25 02:00:06,1709,0.00,,,17272,,
6014,2026-07-24,2,2.80,Pendiente,2026-07-24 02:00:06,2026-07-25 02:00:06,1714,0.00,,,17340,,
6015,2026-07-24,2,4.70,Pendiente,2026-07-24 02:00:06,2026-07-25 02:00:06,1748,0.00,,,18036,,
6016,2026-07-24,2,4.70,Pendiente,2026-07-24 02:00:06,2026-07-25 02:00:06,1754,0.00,,,18157,,
6017,2026-07-24,2,3.84,Pendiente,2026-07-24 02:00:06,2026-07-25 02:00:06,1758,0.00,,,18249,,
6018,2026-07-24,2,3.41,Pendiente,2026-07-24 02:00:06,2026-07-25 02:00:06,1760,0.00,,,18285,,
6019,2026-07-24,2,2.97,Pendiente,2026-07-24 02:00:06,2026-07-25 02:00:06,1772,0.00,,,18590,,
6020,2026-07-24,2,4.70,Pendiente,2026-07-24 02:00:06,2026-07-25 02:00:06,1773,0.00,,,18606,,
6021,2026-07-24,2,1.33,Pendiente,2026-07-24 02:00:06,2026-07-25 02:00:06,1777,0.00,,,18684,,
6022,2026-07-24,2,2.00,Pendiente,2026-07-24 02:00:06,2026-07-25 02:00:06,1778,0.00,,,18697,,
6023,2026-07-24,2,3.87,Pendiente,2026-07-24 02:00:06,2026-07-25 02:00:06,1793,0.00,,,18983,,
6024,2026-07-24,2,1.33,Pendiente,2026-07-24 02:00:06,2026-07-25 02:00:06,1813,0.00,,,19389,,
6025,2026-07-24,2,3.84,Pendiente,2026-07-24 02:00:06,2026-07-25 02:00:06,1814,0.00,,,19402,,
6026,2026-07-24,2,2.00,Pendiente,2026-07-24 02:00:06,2026-07-25 02:00:06,1819,0.00,,,19524,,
6027,2026-07-24,2,4.80,Pendiente,2026-07-24 02:00:06,2026-07-25 02:00:06,1820,0.00,,,19548,,
6028,2026-07-24,2,3.20,Pendiente,2026-07-24 02:00:06,2026-07-25 02:00:06,1821,0.00,,,19572,,
6029,2026-07-24,2,2.80,Pendiente,2026-07-24 02:00:06,2026-07-25 02:00:06,1822,0.00,,,19596,,
6030,2026-07-24,2,2.97,Pendiente,2026-07-24 02:00:06,2026-07-25 02:00:06,1833,0.00,,,19917,,
6031,2026-07-24,2,3.20,Pendiente,2026-07-24 02:00:06,2026-07-25 02:00:06,1835,0.00,,,19949,,
6032,2026-07-24,2,4.70,Pendiente,2026-07-24 02:00:06,2026-07-25 02:00:06,1843,0.00,,,20134,,
6033,2026-07-24,2,2.88,Pendiente,2026-07-24 02:00:06,2026-07-25 02:00:06,1844,0.00,,,20152,,
6034,2026-07-24,2,6.24,Pendiente,2026-07-24 02:00:06,2026-07-25 02:00:06,1848,0.00,,,20244,,
6035,2026-07-24,2,3.60,Pendiente,2026-07-24 02:00:06,2026-07-25 02:00:06,1857,0.00,,,20442,,
6036,2026-07-24,2,3.84,Pendiente,2026-07-24 02:00:06,2026-07-25 02:00:06,1864,0.00,,,20607,,
6037,2026-07-24,2,3.36,Pendiente,2026-07-24 02:00:06,2026-07-25 02:00:06,1865,0.00,,,20625,,
6038,2026-07-24,2,2.40,Pendiente,2026-07-24 02:00:06,2026-07-25 02:00:06,1866,0.00,,,20643,,
6039,2026-07-24,2,2.40,Pendiente,2026-07-24 02:00:06,2026-07-25 02:00:06,1867,0.00,,,20661,,
6040,2026-07-24,2,6.24,Pendiente,2026-07-24 02:00:06,2026-07-25 02:00:06,1868,0.00,,,20679,,
6041,2026-07-24,2,4.91,Pendiente,2026-07-24 02:00:06,2026-07-25 02:00:06,1881,0.00,,,20905,,
6042,2026-07-24,2,2.00,Pendiente,2026-07-24 02:00:06,2026-07-25 02:00:06,1883,0.00,,,20977,,
6043,2026-07-24,2,1.60,Pendiente,2026-07-24 02:00:06,2026-07-25 02:00:06,1888,0.00,,,21062,,
6044,2026-07-24,2,2.67,Pendiente,2026-07-24 02:00:06,2026-07-25 02:00:06,1889,0.00,,,21086,,
6045,2026-07-24,2,3.41,Pendiente,2026-07-24 02:00:06,2026-07-25 02:00:06,1891,0.00,,,21119,,
6046,2026-07-24,2,3.41,Pendiente,2026-07-24 02:00:06,2026-07-25 02:00:06,1892,0.00,,,21167,,
6047,2026-07-24,2,3.20,Pendiente,2026-07-24 02:00:06,2026-07-25 02:00:06,1893,0.00,,,21213,,
6048,2026-07-24,2,3.20,Pendiente,2026-07-24 02:00:06,2026-07-25 02:00:06,1894,0.00,,,21237,,
6049,2026-07-24,2,3.84,Pendiente,2026-07-24 02:00:06,2026-07-25 02:00:06,1896,0.00,,,21309,,
6050,2026-07-24,2,1.44,Pendiente,2026-07-24 02:00:06,2026-07-25 02:00:06,1900,0.00,,,21399,,
6051,2026-07-24,2,2.67,Pendiente,2026-07-24 02:00:06,2026-07-25 02:00:06,1912,0.00,,,21693,,
6052,2026-07-24,2,2.97,Pendiente,2026-07-24 02:00:06,2026-07-25 02:00:06,1913,0.00,,,21706,,
6053,2026-07-24,2,2.00,Pendiente,2026-07-24 02:00:06,2026-07-25 02:00:06,1918,0.00,,,21826,,
6054,2026-07-24,2,2.40,Pendiente,2026-07-24 02:00:06,2026-07-25 02:00:06,1919,0.00,,,21839,,
6055,2026-07-24,2,2.40,Pendiente,2026-07-24 02:00:06,2026-07-25 02:00:06,1920,0.00,,,21857,,
6056,2026-07-24,2,3.92,Pendiente,2026-07-24 02:00:06,2026-07-25 02:00:06,1922,0.00,,,21923,,
6057,2026-07-24,2,3.92,Pendiente,2026-07-24 02:00:06,2026-07-25 02:00:06,1923,0.00,,,21947,,
6058,2026-07-24,2,3.92,Pendiente,2026-07-24 02:00:06,2026-07-25 02:00:06,1924,0.00,,,21971,,
6059,2026-07-24,2,3.92,Pendiente,2026-07-24 02:00:06,2026-07-25 02:00:06,1925,0.00,,,21995,,
6060,2026-07-24,2,2.00,Pendiente,2026-07-24 02:00:06,2026-07-25 02:00:06,1946,0.00,,,22516,,
6061,2026-07-24,2,2.00,Pendiente,2026-07-24 02:00:06,2026-07-25 02:00:06,1947,0.00,,,22540,,
6062,2026-07-24,2,2.88,Pendiente,2026-07-24 02:00:06,2026-07-25 02:00:06,1951,0.00,,,22636,,
6063,2026-07-24,2,1.33,Pendiente,2026-07-24 02:00:06,2026-07-25 02:00:06,1954,0.00,,,22726,,
6064,2026-07-24,2,6.24,Pendiente,2026-07-24 02:00:06,2026-07-25 02:00:06,1962,0.00,,,22873,,
6065,2026-07-24,2,3.20,Pendiente,2026-07-24 02:00:06,2026-07-25 02:00:06,1963,0.00,,,22892,,
6066,2026-07-24,2,3.87,Pendiente,2026-07-24 02:00:06,2026-07-25 02:00:06,1979,0.00,,,23285,,
6067,2026-07-24,2,3.87,Pendiente,2026-07-24 02:00:06,2026-07-25 02:00:06,1980,0.00,,,23301,,
6068,2026-07-24,2,2.67,Pendiente,2026-07-24 02:00:06,2026-07-25 02:00:06,1987,0.00,,,23425,,
6069,2026-07-24,2,2.67,Pendiente,2026-07-24 02:00:06,2026-07-25 02:00:06,2009,0.00,,,23935,,
6070,2026-07-24,2,5.29,Pendiente,2026-07-24 02:00:06,2026-07-25 02:00:06,2028,0.00,,,24326,,
6071,2026-07-24,2,3.92,Pendiente,2026-07-24 02:00:06,2026-07-25 02:00:06,2034,0.00,,,24464,,
6072,2026-07-24,2,6.24,Pendiente,2026-07-24 02:00:06,2026-07-25 02:00:06,2036,0.00,,,24519,,
6073,2026-07-24,1,2.35,Pagado,2026-07-24 02:00:06,2026-07-24 16:30:55,2037,2.35,2026-07-24 16:30:55,111113612004634,24501,Efectivo,
6074,2026-07-24,2,4.70,Pendiente,2026-07-24 02:00:06,2026-07-25 02:00:06,2054,0.00,,,24817,,
6075,2026-07-24,2,1.33,Pendiente,2026-07-24 02:00:06,2026-07-25 02:00:06,2055,0.00,,,24848,,
6076,2026-07-24,2,2.00,Pendiente,2026-07-24 02:00:06,2026-07-25 02:00:06,2056,0.00,,,24835,,
6077,2026-07-24,2,3.60,Pendiente,2026-07-24 02:00:06,2026-07-25 02:00:06,2060,0.00,,,24927,,
6078,2026-07-24,2,6.24,Pendiente,2026-07-24 02:00:06,2026-07-25 02:00:06,2061,0.00,,,24964,,
6079,2026-07-24,2,2.00,Pendiente,2026-07-24 02:00:06,2026-07-25 02:00:06,2062,0.00,,,24951,,
6080,2026-07-24,2,1.60,Pendiente,2026-07-24 02:00:06,2026-07-25 02:00:06,2063,0.00,,,24982,,
6081,2026-07-24,2,2.00,Pendiente,2026-07-24 02:00:06,2026-07-25 02:00:06,2067,0.00,,,25056,,
6082,2026-07-25,1,1.07,Pendiente,2026-07-25 02:00:06,2026-07-25 02:00:06,909,0.00,,,1575,,
6083,2026-07-25,1,1.07,Pendiente,2026-07-25 02:00:06,2026-07-25 02:00:06,933,0.00,,,2243,,
6084,2026-07-25,1,5.40,Pendiente,2026-07-25 02:00:06,2026-07-25 02:00:06,1023,0.00,,,3637,,
6085,2026-07-25,1,4.02,Pendiente,2026-07-25 02:00:06,2026-07-25 02:00:06,1025,0.00,,,3695,,
6086,2026-07-25,1,1.60,Pendiente,2026-07-25 02:00:06,2026-07-25 02:00:06,1033,0.00,,,3961,,
6087,2026-07-25,1,5.63,Pendiente,2026-07-25 02:00:06,2026-07-25 02:00:06,1034,0.00,,,3994,,
6088,2026-07-25,1,1.07,Pendiente,2026-07-25 02:00:06,2026-07-25 02:00:06,1038,0.00,,,4138,,
6089,2026-07-25,1,1.28,Pendiente,2026-07-25 02:00:06,2026-07-25 02:00:06,1040,0.00,,,4197,,
6090,2026-07-25,1,1.92,Pendiente,2026-07-25 02:00:06,2026-07-25 02:00:06,1042,0.00,,,4272,,
6091,2026-07-25,1,1.07,Pendiente,2026-07-25 02:00:06,2026-07-25 02:00:06,1044,0.00,,,4351,,
6092,2026-07-25,1,4.82,Pendiente,2026-07-25 02:00:06,2026-07-25 02:00:06,1047,0.00,,,4425,,
6093,2026-07-25,1,1.80,Pendiente,2026-07-25 02:00:06,2026-07-25 02:00:06,1050,0.00,,,4503,,
6094,2026-07-25,1,4.82,Pendiente,2026-07-25 02:00:06,2026-07-25 02:00:06,1148,0.00,,,6066,,
6095,2026-07-25,1,1.92,Pendiente,2026-07-25 02:00:06,2026-07-25 02:00:06,1150,0.00,,,6117,,
6096,2026-07-25,1,1.07,Pendiente,2026-07-25 02:00:06,2026-07-25 02:00:06,1153,0.00,,,6223,,
6097,2026-07-25,1,1.07,Pendiente,2026-07-25 02:00:06,2026-07-25 02:00:06,1157,0.00,,,6321,,
6098,2026-07-25,1,1.07,Pendiente,2026-07-25 02:00:06,2026-07-25 02:00:06,1159,0.00,,,6402,,
6099,2026-07-25,1,2.88,Pendiente,2026-07-25 02:00:06,2026-07-25 02:00:06,1161,0.00,,,6444,,
6100,2026-07-25,1,1.60,Pendiente,2026-07-25 02:00:06,2026-07-25 02:00:06,1162,0.00,,,6472,,
6101,2026-07-25,1,1.44,Pendiente,2026-07-25 02:00:07,2026-07-25 02:00:07,1166,0.00,,,6558,,
6102,2026-07-25,1,1.60,Pendiente,2026-07-25 02:00:07,2026-07-25 02:00:07,1175,0.00,,,6727,,
6103,2026-07-25,1,2.40,Pendiente,2026-07-25 02:00:07,2026-07-25 02:00:07,1430,0.00,,,12286,,
6104,2026-07-25,1,1.71,Pendiente,2026-07-25 02:00:07,2026-07-25 02:00:07,1431,0.00,,,12312,,
6105,2026-07-25,1,1.96,Pendiente,2026-07-25 02:00:07,2026-07-25 02:00:07,1433,0.00,,,12386,,
6106,2026-07-25,1,1.81,Pendiente,2026-07-25 02:00:07,2026-07-25 02:00:07,1436,0.00,,,12497,,
6107,2026-07-25,1,1.07,Pendiente,2026-07-25 02:00:07,2026-07-25 02:00:07,1438,0.00,,,12572,,
6108,2026-07-25,1,0.80,Pendiente,2026-07-25 02:00:07,2026-07-25 02:00:07,1441,0.00,,,12680,,
6109,2026-07-25,1,1.07,Pendiente,2026-07-25 02:00:07,2026-07-25 02:00:07,1446,0.00,,,12860,,
6110,2026-07-25,1,0.85,Pendiente,2026-07-25 02:00:07,2026-07-25 02:00:07,1450,0.00,,,12967,,
6111,2026-07-25,1,2.40,Pendiente,2026-07-25 02:00:07,2026-07-25 02:00:07,1457,0.00,,,13146,,
6112,2026-07-25,1,1.07,Pendiente,2026-07-25 02:00:07,2026-07-25 02:00:07,1489,0.00,,,13294,,
6113,2026-07-25,1,1.20,Pendiente,2026-07-25 02:00:07,2026-07-25 02:00:07,1496,0.00,,,13509,,
6114,2026-07-25,1,0.85,Pendiente,2026-07-25 02:00:07,2026-07-25 02:00:07,1500,0.00,,,13614,,
6115,2026-07-25,1,1.40,Pendiente,2026-07-25 02:00:07,2026-07-25 02:00:07,1502,0.00,,,13674,,
6116,2026-07-25,1,1.40,Pendiente,2026-07-25 02:00:07,2026-07-25 02:00:07,1503,0.00,,,13697,,
6117,2026-07-25,1,1.71,Pendiente,2026-07-25 02:00:07,2026-07-25 02:00:07,1518,0.00,,,14002,,
6118,2026-07-25,1,1.92,Pendiente,2026-07-25 02:00:07,2026-07-25 02:00:07,1533,0.00,,,14506,,
6119,2026-07-25,1,2.35,Pendiente,2026-07-25 02:00:07,2026-07-25 02:00:07,1535,0.00,,,14560,,
6120,2026-07-25,1,3.12,Pendiente,2026-07-25 02:00:07,2026-07-25 02:00:07,1614,0.00,,,15084,,
6121,2026-07-25,1,1.44,Pendiente,2026-07-25 02:00:07,2026-07-25 02:00:07,1615,0.00,,,15102,,
6122,2026-07-25,1,2.40,Pendiente,2026-07-25 02:00:07,2026-07-25 02:00:07,1630,0.00,,,15427,,
6123,2026-07-25,1,2.40,Pendiente,2026-07-25 02:00:07,2026-07-25 02:00:07,1632,0.00,,,15475,,
6124,2026-07-25,1,0.72,Pendiente,2026-07-25 02:00:07,2026-07-25 02:00:07,1640,0.00,,,15621,,
6125,2026-07-25,1,1.07,Pendiente,2026-07-25 02:00:07,2026-07-25 02:00:07,1644,0.00,,,15700,,
6126,2026-07-25,1,0.80,Pendiente,2026-07-25 02:00:07,2026-07-25 02:00:07,1673,0.00,,,16447,,
6127,2026-07-25,1,1.49,Pendiente,2026-07-25 02:00:07,2026-07-25 02:00:07,1684,0.00,,,16732,,
6128,2026-07-25,1,2.35,Pendiente,2026-07-25 02:00:07,2026-07-25 02:00:07,1685,0.00,,,16764,,
6129,2026-07-25,1,2.35,Pendiente,2026-07-25 02:00:07,2026-07-25 02:00:07,1686,0.00,,,16782,,
6130,2026-07-25,1,1.44,Pendiente,2026-07-25 02:00:07,2026-07-25 02:00:07,1687,0.00,,,16800,,
6131,2026-07-25,1,2.35,Pendiente,2026-07-25 02:00:07,2026-07-25 02:00:07,1688,0.00,,,16818,,
6132,2026-07-25,1,2.35,Pendiente,2026-07-25 02:00:07,2026-07-25 02:00:07,1689,0.00,,,16836,,
6133,2026-07-25,1,2.40,Pendiente,2026-07-25 02:00:07,2026-07-25 02:00:07,1690,0.00,,,16854,,
6134,2026-07-25,1,1.96,Pendiente,2026-07-25 02:00:07,2026-07-25 02:00:07,1694,0.00,,,16938,,
6135,2026-07-25,1,3.12,Pendiente,2026-07-25 02:00:07,2026-07-25 02:00:07,1697,0.00,,,16999,,
6136,2026-07-25,1,0.96,Pendiente,2026-07-25 02:00:07,2026-07-25 02:00:07,1699,0.00,,,17035,,
6137,2026-07-25,1,2.35,Pendiente,2026-07-25 02:00:07,2026-07-25 02:00:07,1715,0.00,,,17364,,
6138,2026-07-25,1,1.20,Pendiente,2026-07-25 02:00:07,2026-07-25 02:00:07,1720,0.00,,,17437,,
6139,2026-07-25,1,1.96,Pendiente,2026-07-25 02:00:07,2026-07-25 02:00:07,1723,0.00,,,17505,,
6140,2026-07-25,1,1.00,Pendiente,2026-07-25 02:00:07,2026-07-25 02:00:07,1724,0.00,,,17481,,
6141,2026-07-25,1,2.60,Pendiente,2026-07-25 02:00:07,2026-07-25 02:00:07,1727,0.00,,,17566,,
6142,2026-07-25,1,0.80,Pendiente,2026-07-25 02:00:07,2026-07-25 02:00:07,1728,0.00,,,17590,,
6143,2026-07-25,1,2.40,Pendiente,2026-07-25 02:00:07,2026-07-25 02:00:07,1738,0.00,,,17798,,
6144,2026-07-25,1,2.98,Pendiente,2026-07-25 02:00:07,2026-07-25 02:00:07,1739,0.00,,,17822,,
6145,2026-07-25,1,1.60,Pendiente,2026-07-25 02:00:07,2026-07-25 02:00:07,1749,0.00,,,18054,,
6146,2026-07-25,1,2.60,Pendiente,2026-07-25 02:00:07,2026-07-25 02:00:07,1751,0.00,,,18096,,
6147,2026-07-25,1,1.96,Pendiente,2026-07-25 02:00:07,2026-07-25 02:00:07,1753,0.00,,,18133,,
6148,2026-07-25,1,1.68,Pendiente,2026-07-25 02:00:07,2026-07-25 02:00:07,1755,0.00,,,18175,,
6149,2026-07-25,1,1.19,Pendiente,2026-07-25 02:00:07,2026-07-25 02:00:07,1756,0.00,,,18193,,
6150,2026-07-25,1,2.16,Pendiente,2026-07-25 02:00:07,2026-07-25 02:00:07,1775,0.00,,,18642,,
6151,2026-07-25,1,1.44,Pendiente,2026-07-25 02:00:07,2026-07-25 02:00:07,1781,0.00,,,18741,,
6152,2026-07-25,1,2.30,Pendiente,2026-07-25 02:00:07,2026-07-25 02:00:07,1782,0.00,,,18759,,
6153,2026-07-25,1,1.40,Pendiente,2026-07-25 02:00:07,2026-07-25 02:00:07,1789,0.00,,,18905,,
6154,2026-07-25,1,0.67,Pendiente,2026-07-25 02:00:07,2026-07-25 02:00:07,1807,0.00,,,19276,,
6155,2026-07-25,1,1.60,Pendiente,2026-07-25 02:00:07,2026-07-25 02:00:07,1808,0.00,,,19289,,
6156,2026-07-25,1,1.33,Pendiente,2026-07-25 02:00:07,2026-07-25 02:00:07,1817,0.00,,,19487,,
6157,2026-07-25,1,1.07,Pendiente,2026-07-25 02:00:07,2026-07-25 02:00:07,1832,0.00,,,19894,,
6158,2026-07-25,1,1.96,Pendiente,2026-07-25 02:00:07,2026-07-25 02:00:07,1849,0.00,,,20262,,
6159,2026-07-25,1,1.92,Pendiente,2026-07-25 02:00:07,2026-07-25 02:00:07,1850,0.00,,,20286,,
6160,2026-07-25,1,1.92,Pendiente,2026-07-25 02:00:07,2026-07-25 02:00:07,1851,0.00,,,20304,,
6161,2026-07-25,1,1.20,Pendiente,2026-07-25 02:00:07,2026-07-25 02:00:07,1854,0.00,,,20370,,
6162,2026-07-25,1,1.48,Pendiente,2026-07-25 02:00:07,2026-07-25 02:00:07,1862,0.00,,,20543,,
6163,2026-07-25,1,2.40,Pendiente,2026-07-25 02:00:07,2026-07-25 02:00:07,1877,0.00,,,20821,,
6164,2026-07-25,1,2.60,Pendiente,2026-07-25 02:00:07,2026-07-25 02:00:07,1878,0.00,,,20845,,
6165,2026-07-25,1,1.92,Pendiente,2026-07-25 02:00:07,2026-07-25 02:00:07,1879,0.00,,,20888,,
6166,2026-07-25,1,3.36,Pendiente,2026-07-25 02:00:07,2026-07-25 02:00:07,1880,0.00,,,20870,,
6167,2026-07-25,1,1.20,Pendiente,2026-07-25 02:00:07,2026-07-25 02:00:07,1890,0.00,,,21099,,
6168,2026-07-25,1,1.39,Pendiente,2026-07-25 02:00:07,2026-07-25 02:00:07,1895,0.00,,,21261,,
6169,2026-07-25,1,2.40,Pendiente,2026-07-25 02:00:07,2026-07-25 02:00:07,1901,0.00,,,21417,,
6170,2026-07-25,1,1.90,Pendiente,2026-07-25 02:00:07,2026-07-25 02:00:07,1903,0.00,,,21465,,
6171,2026-07-25,1,1.40,Pendiente,2026-07-25 02:00:07,2026-07-25 02:00:07,1904,0.00,,,21489,,
6172,2026-07-25,1,1.39,Pendiente,2026-07-25 02:00:07,2026-07-25 02:00:07,1905,0.00,,,21513,,
6173,2026-07-25,1,1.33,Pendiente,2026-07-25 02:00:07,2026-07-25 02:00:07,1908,0.00,,,21608,,
6174,2026-07-25,1,1.00,Pendiente,2026-07-25 02:00:07,2026-07-25 02:00:07,1926,0.00,,,22019,,
6175,2026-07-25,1,3.22,Pendiente,2026-07-25 02:00:07,2026-07-25 02:00:07,1930,0.00,,,22152,,
6176,2026-07-25,1,1.60,Pendiente,2026-07-25 02:00:07,2026-07-25 02:00:07,1931,0.00,,,22104,,
6177,2026-07-25,1,1.07,Pendiente,2026-07-25 02:00:07,2026-07-25 02:00:07,1932,0.00,,,22185,,
6178,2026-07-25,1,0.60,Pendiente,2026-07-25 02:00:07,2026-07-25 02:00:07,1955,0.00,,,22739,,
6179,2026-07-25,1,0.96,Pendiente,2026-07-25 02:00:07,2026-07-25 02:00:07,1957,0.00,,,22781,,
6180,2026-07-25,1,1.60,Pendiente,2026-07-25 02:00:07,2026-07-25 02:00:07,1958,0.00,,,22799,,
6181,2026-07-25,1,1.00,Pendiente,2026-07-25 02:00:07,2026-07-25 02:00:07,1959,0.00,,,22847,,
6182,2026-07-25,1,1.00,Pendiente,2026-07-25 02:00:07,2026-07-25 02:00:07,1960,0.00,,,22860,,
6183,2026-07-25,1,1.40,Pendiente,2026-07-25 02:00:07,2026-07-25 02:00:07,1978,0.00,,,23261,,
6184,2026-07-25,1,0.96,Pendiente,2026-07-25 02:00:07,2026-07-25 02:00:07,1981,0.00,,,23317,,
6185,2026-07-25,1,1.60,Pendiente,2026-07-25 02:00:07,2026-07-25 02:00:07,1989,0.00,,,23462,,
6186,2026-07-25,1,1.39,Pendiente,2026-07-25 02:00:07,2026-07-25 02:00:07,1990,0.00,,,23510,,
6187,2026-07-25,1,2.40,Pendiente,2026-07-25 02:00:07,2026-07-25 02:00:07,1997,0.00,,,23678,,
6188,2026-07-25,1,2.40,Pendiente,2026-07-25 02:00:07,2026-07-25 02:00:07,2006,0.00,,,23883,,
6189,2026-07-25,1,1.96,Pendiente,2026-07-25 02:00:07,2026-07-25 02:00:07,2010,0.00,,,23948,,
6190,2026-07-25,1,1.96,Pendiente,2026-07-25 02:00:07,2026-07-25 02:00:07,2011,0.00,,,23972,,
6191,2026-07-25,1,2.35,Pendiente,2026-07-25 02:00:07,2026-07-25 02:00:07,2021,0.00,,,24182,,
6192,2026-07-25,1,1.60,Pendiente,2026-07-25 02:00:07,2026-07-25 02:00:07,2022,0.00,,,24200,,
6193,2026-07-25,1,0.67,Pendiente,2026-07-25 02:00:07,2026-07-25 02:00:07,2024,0.00,,,24266,,
6194,2026-07-25,1,1.44,Pendiente,2026-07-25 02:00:07,2026-07-25 02:00:07,2033,0.00,,,24446,,
6195,2026-07-25,1,1.44,Pendiente,2026-07-25 02:00:07,2026-07-25 02:00:07,2039,0.00,,,24555,,
6196,2026-07-25,1,1.68,Pendiente,2026-07-25 02:00:07,2026-07-25 02:00:07,2041,0.00,,,24586,,
6197,2026-07-25,1,0.96,Pendiente,2026-07-25 02:00:07,2026-07-25 02:00:07,2047,0.00,,,24688,,
6198,2026-07-25,1,0.72,Pendiente,2026-07-25 02:00:07,2026-07-25 02:00:07,2048,0.00,,,24706,,
6199,2026-07-25,1,0.72,Pendiente,2026-07-25 02:00:07,2026-07-25 02:00:07,2049,0.00,,,24724,,
6200,2026-07-25,1,0.72,Pendiente,2026-07-25 02:00:07,2026-07-25 02:00:07,2050,0.00,,,24742,,
6201,2026-07-25,1,0.72,Pendiente,2026-07-25 02:00:07,2026-07-25 02:00:07,2051,0.00,,,24760,,
6202,2026-07-25,1,2.20,Pendiente,2026-07-25 02:00:07,2026-07-25 02:00:07,2070,0.00,,,25095,,
6203,2026-07-25,1,1.92,Pendiente,2026-07-25 02:00:07,2026-07-25 02:00:07,2072,0.00,,,25132,,
6204,2026-07-25,1,1.44,Pendiente,2026-07-25 02:00:07,2026-07-25 02:00:07,2073,0.00,,,25150,,
6205,2026-07-25,1,0.80,Pendiente,2026-07-25 02:00:07,2026-07-25 02:00:07,2074,0.00,,,25168,,
6206,2026-07-25,1,1.00,Pendiente,2026-07-25 02:00:07,2026-07-25 02:00:07,2075,0.00,,,25192,,
6207,2026-07-25,1,1.39,Pendiente,2026-07-25 02:00:07,2026-07-25 02:00:07,2076,0.00,,,25312,,
6208,2026-07-25,1,1.60,Pendiente,2026-07-25 02:00:07,2026-07-25 02:00:07,2077,0.00,,,25264,,
