id_movimiento,tipo_movimiento,monto,fecha_movimiento,metodo_movimiento,estado,referencia,fecha_creacion,fecha_actualizacion,fecha_confirmacion,id_ahorro,id_prestamo,id_usuario_registro,id_usuario_confirmacion
1,apertura,0.00,2026-04-06 20:43:51,Sistema,Confirmado,,2026-04-06 20:43:51,2026-04-06 20:43:51,,1,,,
2,Deposito,42.00,2026-04-06 20:43:51,Efectivo,Confirmado,,2026-04-06 20:43:51,2026-06-30 05:30:08,,1,1413,111113612603105,111113612603105
3,apertura,0.00,2026-04-06 20:44:32,Sistema,Confirmado,,2026-04-06 20:44:32,2026-04-06 20:44:32,,2,,,
4,Deposito,32.00,2026-04-06 20:44:32,Efectivo,Confirmado,,2026-04-06 20:44:32,2026-06-30 05:30:08,,2,1415,111113612603105,111113612603105
5,apertura,0.00,2026-04-06 20:45:09,Sistema,Confirmado,,2026-04-06 20:45:09,2026-04-06 20:45:09,,3,,,
6,Deposito,32.00,2026-04-06 20:45:09,Efectivo,Confirmado,,2026-04-06 20:45:09,2026-06-30 05:30:08,,3,1417,111113612603105,111113612603105
7,apertura,0.00,2026-04-06 20:46:15,Sistema,Confirmado,,2026-04-06 20:46:15,2026-04-06 20:46:15,,4,,,
8,Deposito,62.00,2026-04-06 20:46:15,Efectivo,Confirmado,,2026-04-06 20:46:15,2026-06-30 05:30:08,,4,1416,111113612603105,111113612603105
9,apertura,0.00,2026-04-06 21:36:37,Sistema,Confirmado,,2026-04-06 21:36:37,2026-04-06 21:36:37,,5,,,
10,Deposito,10.00,2026-04-06 21:36:37,Efectivo,Confirmado,,2026-04-06 21:36:37,2026-06-30 05:30:08,,5,853,111113612603105,111113612603105
11,apertura,0.00,2026-04-06 21:37:19,Sistema,Confirmado,,2026-04-06 21:37:19,2026-04-06 21:37:19,,6,,,
12,Deposito,20.00,2026-04-06 21:37:19,Efectivo,Confirmado,,2026-04-06 21:37:19,2026-06-30 05:30:08,,6,855,111113612603105,111113612603105
13,apertura,0.00,2026-04-06 21:37:41,Sistema,Confirmado,,2026-04-06 21:37:41,2026-04-06 21:37:41,,7,,,
14,Deposito,20.00,2026-04-06 21:37:41,Efectivo,Confirmado,,2026-04-06 21:37:41,2026-06-30 05:30:08,,7,1645,111113612603105,111113612603105
15,apertura,0.00,2026-04-06 21:38:05,Sistema,Confirmado,,2026-04-06 21:38:05,2026-04-06 21:38:05,,8,,,
16,Deposito,26.00,2026-04-06 21:38:05,Efectivo,Confirmado,,2026-04-06 21:38:05,2026-06-30 05:30:08,,8,858,111113612603105,111113612603105
17,apertura,0.00,2026-04-06 21:38:57,Sistema,Confirmado,,2026-04-06 21:38:57,2026-04-06 21:38:57,,9,,,
18,Deposito,12.00,2026-04-06 21:38:57,Efectivo,Confirmado,,2026-04-06 21:38:57,2026-06-30 05:30:08,,9,852,111113612603105,111113612603105
19,apertura,0.00,2026-04-06 21:39:38,Sistema,Confirmado,,2026-04-06 21:39:38,2026-04-06 21:39:38,,10,,,
20,Deposito,20.00,2026-04-06 21:39:38,Efectivo,Confirmado,,2026-04-06 21:39:38,2026-06-30 05:30:08,,10,1647,111113612603105,111113612603105
21,apertura,0.00,2026-04-06 21:40:00,Sistema,Confirmado,,2026-04-06 21:40:00,2026-04-06 21:40:00,,11,,,
22,Deposito,20.00,2026-04-06 21:40:00,Efectivo,Confirmado,,2026-04-06 21:40:00,2026-06-30 05:30:08,,11,1646,111113612603105,111113612603105
23,apertura,0.00,2026-04-06 21:40:52,Sistema,Confirmado,,2026-04-06 21:40:52,2026-04-06 21:40:52,,12,,,
25,Deposito,20.00,2026-04-06 21:42:14,Efectivo,Confirmado,,2026-04-06 21:42:14,2026-06-30 05:30:08,,12,856,111113612603105,111113612603105
26,apertura,0.00,2026-04-06 21:42:34,Sistema,Confirmado,,2026-04-06 21:42:34,2026-04-06 21:42:34,,13,,,
27,Deposito,20.00,2026-04-06 21:42:34,Efectivo,Confirmado,,2026-04-06 21:42:34,2026-06-30 05:30:08,,13,864,111113612603105,111113612603105
28,apertura,0.00,2026-04-06 21:43:11,Sistema,Confirmado,,2026-04-06 21:43:11,2026-04-06 21:43:11,,14,,,
29,Deposito,60.00,2026-04-06 21:43:11,Efectivo,Confirmado,,2026-04-06 21:43:11,2026-06-30 05:30:08,,14,861,111113612603105,111113612603105
30,apertura,0.00,2026-04-06 21:43:46,Sistema,Confirmado,,2026-04-06 21:43:46,2026-04-06 21:43:46,,15,,,
31,Deposito,20.00,2026-04-06 21:43:46,Efectivo,Confirmado,,2026-04-06 21:43:46,2026-06-30 05:30:08,,15,865,111113612603105,111113612603105
32,apertura,0.00,2026-04-06 21:44:08,Sistema,Confirmado,,2026-04-06 21:44:08,2026-04-06 21:44:08,,16,,,
33,Deposito,20.00,2026-04-06 21:44:08,Efectivo,Confirmado,,2026-04-06 21:44:08,2026-06-30 05:30:08,,16,862,111113612603105,111113612603105
34,apertura,0.00,2026-04-06 21:44:28,Sistema,Confirmado,,2026-04-06 21:44:28,2026-04-06 21:44:28,,17,,,
35,Deposito,20.00,2026-04-06 21:44:28,Efectivo,Confirmado,,2026-04-06 21:44:28,2026-06-30 05:30:08,,17,863,111113612603105,111113612603105
36,apertura,0.00,2026-04-06 21:44:49,Sistema,Confirmado,,2026-04-06 21:44:49,2026-04-06 21:44:49,,18,,,
37,Deposito,20.00,2026-04-06 21:44:49,Efectivo,Confirmado,,2026-04-06 21:44:49,2026-06-30 05:30:08,,18,866,111113612603105,111113612603105
38,apertura,0.00,2026-04-06 21:45:55,Sistema,Confirmado,,2026-04-06 21:45:55,2026-04-06 21:45:55,,19,,,
39,Deposito,20.00,2026-04-06 21:45:55,Efectivo,Confirmado,,2026-04-06 21:45:55,2026-06-30 05:30:08,,19,1648,111113612603105,111113612603105
40,apertura,0.00,2026-04-06 21:50:24,Sistema,Confirmado,,2026-04-06 21:50:24,2026-04-06 21:50:24,,20,,,
41,Deposito,20.00,2026-04-06 21:50:24,Efectivo,Confirmado,,2026-04-06 21:50:24,2026-06-30 05:30:08,,20,869,111113612603105,111113612603105
42,apertura,0.00,2026-04-06 21:51:02,Sistema,Confirmado,,2026-04-06 21:51:02,2026-04-06 21:51:02,,21,,,
43,Deposito,30.00,2026-04-06 21:51:02,Efectivo,Confirmado,,2026-04-06 21:51:02,2026-06-30 05:30:08,,21,870,111113612603105,111113612603105
44,apertura,0.00,2026-04-06 21:51:23,Sistema,Confirmado,,2026-04-06 21:51:23,2026-04-06 21:51:23,,22,,,
45,Deposito,20.00,2026-04-06 21:51:23,Efectivo,Confirmado,,2026-04-06 21:51:23,2026-06-30 05:30:08,,22,1021,111113612603105,111113612603105
46,apertura,0.00,2026-04-06 22:03:48,Sistema,Confirmado,,2026-04-06 22:03:48,2026-04-06 22:03:48,,23,,,
47,Deposito,55.00,2026-04-06 22:03:48,Efectivo,Confirmado,,2026-04-06 22:03:48,2026-06-30 05:30:08,,23,1540,111113612603105,111113612603105
48,apertura,0.00,2026-04-06 22:06:57,Sistema,Confirmado,,2026-04-06 22:06:57,2026-04-06 22:06:57,,24,,,
49,Deposito,62.00,2026-04-06 22:06:57,Efectivo,Confirmado,,2026-04-06 22:06:57,2026-06-30 05:30:08,,24,1400,111113612603105,111113612603105
50,apertura,0.00,2026-04-06 22:07:21,Sistema,Confirmado,,2026-04-06 22:07:21,2026-04-06 22:07:21,,25,,,
51,Deposito,62.00,2026-04-06 22:07:21,Efectivo,Confirmado,,2026-04-06 22:07:21,2026-06-30 05:30:08,,25,1403,111113612603105,111113612603105
52,apertura,0.00,2026-04-06 22:07:43,Sistema,Confirmado,,2026-04-06 22:07:43,2026-04-06 22:07:43,,26,,,
53,Deposito,62.00,2026-04-06 22:07:43,Efectivo,Confirmado,,2026-04-06 22:07:43,2026-06-30 05:30:08,,26,1401,111113612603105,111113612603105
54,apertura,0.00,2026-04-06 22:15:07,Sistema,Confirmado,,2026-04-06 22:15:07,2026-04-06 22:15:07,,27,,,
55,Deposito,20.00,2026-04-06 22:15:07,Transferencia,Confirmado,50114093TRANSBPI44313947,2026-04-06 22:15:07,2026-06-30 05:30:08,,27,1405,111113612603105,111113612603105
56,apertura,0.00,2026-04-06 22:16:30,Sistema,Confirmado,,2026-04-06 22:16:30,2026-04-06 22:16:30,,28,,,
57,Deposito,60.00,2026-04-06 22:16:30,Efectivo,Confirmado,,2026-04-06 22:16:30,2026-06-30 05:30:08,,28,1406,111113612603105,111113612603105
58,apertura,0.00,2026-04-06 22:16:47,Sistema,Confirmado,,2026-04-06 22:16:47,2026-04-06 22:16:47,,29,,,
59,Deposito,20.00,2026-04-06 22:16:47,Efectivo,Confirmado,,2026-04-06 22:16:47,2026-06-30 05:30:08,,29,1407,111113612603105,111113612603105
60,apertura,0.00,2026-04-06 22:19:20,Sistema,Confirmado,,2026-04-06 22:19:20,2026-04-06 22:19:20,,30,,,
61,Deposito,44.00,2026-04-06 22:19:20,Efectivo,Confirmado,,2026-04-06 22:19:20,2026-06-30 05:30:08,,30,1123,111113612603105,111113612603105
62,apertura,0.00,2026-04-06 22:19:39,Sistema,Confirmado,,2026-04-06 22:19:39,2026-04-06 22:19:39,,31,,,
63,Deposito,44.00,2026-04-06 22:19:39,Efectivo,Confirmado,,2026-04-06 22:19:39,2026-06-30 05:30:08,,31,1124,111113612603105,111113612603105
64,apertura,0.00,2026-04-06 22:20:04,Sistema,Confirmado,,2026-04-06 22:20:04,2026-04-06 22:20:04,,32,,,
65,Deposito,44.00,2026-04-06 22:20:04,Efectivo,Confirmado,,2026-04-06 22:20:04,2026-06-30 05:30:08,,32,1125,111113612603105,111113612603105
66,apertura,0.00,2026-04-06 22:20:33,Sistema,Confirmado,,2026-04-06 22:20:33,2026-04-06 22:20:33,,33,,,
67,Deposito,84.00,2026-04-06 22:20:33,Efectivo,Confirmado,,2026-04-06 22:20:33,2026-06-30 05:30:08,,33,1126,111113612603105,111113612603105
68,apertura,0.00,2026-04-06 22:21:29,Sistema,Confirmado,,2026-04-06 22:21:29,2026-04-06 22:21:29,,34,,,
69,Deposito,36.00,2026-04-06 22:21:29,Efectivo,Confirmado,,2026-04-06 22:21:29,2026-06-30 05:30:08,,34,1683,111113612603105,111113612603105
70,apertura,0.00,2026-04-06 22:21:59,Sistema,Confirmado,,2026-04-06 22:21:59,2026-04-06 22:21:59,,35,,,
71,Deposito,38.00,2026-04-06 22:21:59,Efectivo,Confirmado,,2026-04-06 22:21:59,2026-06-30 05:30:08,,35,1052,111113612603105,111113612603105
72,apertura,0.00,2026-04-06 22:36:51,Sistema,Confirmado,,2026-04-06 22:36:51,2026-04-06 22:36:51,,36,,,
73,Deposito,38.00,2026-04-06 22:36:51,Efectivo,Confirmado,,2026-04-06 22:36:51,2026-06-30 05:30:08,,36,1053,111113612603105,111113612603105
74,apertura,0.00,2026-04-06 22:37:15,Sistema,Confirmado,,2026-04-06 22:37:15,2026-04-06 22:37:15,,37,,,
75,Deposito,34.00,2026-04-06 22:37:15,Efectivo,Confirmado,,2026-04-06 22:37:15,2026-06-30 05:30:08,,37,1054,111113612603105,111113612603105
76,apertura,0.00,2026-04-08 15:14:35,Sistema,Confirmado,,2026-04-08 15:14:35,2026-04-08 15:14:35,,38,,,
77,Deposito,13.00,2026-04-08 15:14:35,Efectivo,Confirmado,,2026-04-08 15:14:35,2026-06-30 05:30:08,,38,1541,111113612603105,111113612603105
78,apertura,0.00,2026-04-08 15:15:18,Sistema,Confirmado,,2026-04-08 15:15:18,2026-04-08 15:15:18,,39,,,
79,Deposito,113.00,2026-04-08 15:15:18,Efectivo,Confirmado,,2026-04-08 15:15:18,2026-06-30 05:30:08,,39,1542,111113612603105,111113612603105
80,apertura,0.00,2026-04-08 15:15:49,Sistema,Confirmado,,2026-04-08 15:15:49,2026-04-08 15:15:49,,40,,,
81,Deposito,56.00,2026-04-08 15:15:49,Efectivo,Confirmado,,2026-04-08 15:15:49,2026-06-30 05:30:08,,40,1543,111113612603105,111113612603105
82,apertura,0.00,2026-04-08 15:17:31,Sistema,Confirmado,,2026-04-08 15:17:31,2026-04-08 15:17:31,,41,,,
83,Deposito,70.00,2026-04-08 15:17:31,Efectivo,Confirmado,,2026-04-08 15:17:31,2026-06-30 05:30:08,,41,1544,111113612603105,111113612603105
84,apertura,0.00,2026-04-08 15:22:44,Sistema,Confirmado,,2026-04-08 15:22:44,2026-04-08 15:22:44,,42,,,
85,Deposito,19.00,2026-04-08 15:22:44,Efectivo,Confirmado,,2026-04-08 15:22:44,2026-06-30 05:30:08,,42,1545,111113612603105,111113612603105
86,apertura,0.00,2026-04-08 15:23:33,Sistema,Confirmado,,2026-04-08 15:23:33,2026-04-08 15:23:33,,43,,,
87,Deposito,213.00,2026-04-08 15:23:33,Efectivo,Confirmado,,2026-04-08 15:23:33,2026-06-30 05:30:08,,43,1546,111113612603105,111113612603105
88,apertura,0.00,2026-04-08 15:24:27,Sistema,Confirmado,,2026-04-08 15:24:27,2026-04-08 15:24:27,,44,,,
89,Deposito,80.00,2026-04-08 15:24:27,Efectivo,Confirmado,,2026-04-08 15:24:27,2026-06-30 05:30:08,,44,1547,111113612603105,111113612603105
90,apertura,0.00,2026-04-08 15:26:27,Sistema,Confirmado,,2026-04-08 15:26:27,2026-04-08 15:26:27,,45,,,
91,Deposito,56.00,2026-04-08 15:26:27,Efectivo,Confirmado,,2026-04-08 15:26:27,2026-06-30 05:30:08,,45,1548,111113612603105,111113612603105
92,apertura,0.00,2026-04-08 15:28:40,Sistema,Confirmado,,2026-04-08 15:28:40,2026-04-08 15:28:40,,46,,,
93,Deposito,54.00,2026-04-08 15:28:40,Efectivo,Confirmado,,2026-04-08 15:28:40,2026-06-30 05:30:08,,46,1658,111113612603105,111113612603105
94,apertura,0.00,2026-04-08 15:30:20,Sistema,Confirmado,,2026-04-08 15:30:20,2026-04-08 15:30:20,,47,,,
95,Deposito,85.00,2026-04-08 15:30:20,Efectivo,Confirmado,,2026-04-08 15:30:20,2026-06-30 05:30:08,,47,1550,111113612603105,111113612603105
96,apertura,0.00,2026-04-08 15:31:45,Sistema,Confirmado,,2026-04-08 15:31:45,2026-04-08 15:31:45,,48,,,
97,Deposito,5.00,2026-04-08 15:31:45,Efectivo,Confirmado,,2026-04-08 15:31:45,2026-06-30 05:30:08,,48,1551,111113612603105,111113612603105
98,apertura,0.00,2026-04-08 15:32:48,Sistema,Confirmado,,2026-04-08 15:32:48,2026-04-08 15:32:48,,49,,,
99,Deposito,119.00,2026-04-08 15:32:48,Efectivo,Confirmado,,2026-04-08 15:32:48,2026-06-30 05:30:08,,49,1660,111113612603105,111113612603105
100,apertura,0.00,2026-04-08 15:35:52,Sistema,Confirmado,,2026-04-08 15:35:52,2026-04-08 15:35:52,,50,,,
101,Deposito,10.00,2026-04-08 15:35:52,Efectivo,Confirmado,,2026-04-08 15:35:52,2026-06-30 05:30:08,,50,871,111113612603105,111113612603105
102,apertura,0.00,2026-04-08 15:36:32,Sistema,Confirmado,,2026-04-08 15:36:32,2026-04-08 15:36:32,,51,,,
103,Deposito,10.00,2026-04-08 15:36:32,Efectivo,Confirmado,,2026-04-08 15:36:32,2026-06-30 05:30:08,,51,1624,111113612603105,111113612603105
104,apertura,0.00,2026-04-08 15:37:03,Sistema,Confirmado,,2026-04-08 15:37:03,2026-04-08 15:37:03,,52,,,
105,Deposito,20.00,2026-04-08 15:37:03,Efectivo,Confirmado,,2026-04-08 15:37:03,2026-06-30 05:30:08,,52,876,111113612603105,111113612603105
106,apertura,0.00,2026-04-08 15:40:37,Sistema,Confirmado,,2026-04-08 15:40:37,2026-04-08 15:40:37,,53,,,
107,Deposito,20.00,2026-04-08 15:40:37,Efectivo,Confirmado,,2026-04-08 15:40:37,2026-06-30 05:30:08,,53,874,111113612603105,111113612603105
108,apertura,0.00,2026-04-08 15:41:41,Sistema,Confirmado,,2026-04-08 15:41:41,2026-04-08 15:41:41,,54,,,
109,Deposito,42.00,2026-04-08 15:41:41,Efectivo,Confirmado,,2026-04-08 15:41:41,2026-06-30 05:30:08,,54,1650,111113612603105,111113612603105
110,apertura,0.00,2026-04-08 15:42:25,Sistema,Confirmado,,2026-04-08 15:42:25,2026-04-08 15:42:25,,55,,,
111,Deposito,10.00,2026-04-08 15:42:25,Efectivo,Confirmado,,2026-04-08 15:42:25,2026-06-30 05:30:08,,55,879,111113612603105,111113612603105
112,apertura,0.00,2026-04-08 15:43:01,Sistema,Confirmado,,2026-04-08 15:43:01,2026-04-08 15:43:01,,56,,,
113,Deposito,20.00,2026-04-08 15:43:01,Efectivo,Confirmado,,2026-04-08 15:43:01,2026-06-30 05:30:08,,56,884,111113612603105,111113612603105
114,apertura,0.00,2026-04-08 15:48:05,Sistema,Confirmado,,2026-04-08 15:48:05,2026-04-08 15:48:05,,57,,,
115,Deposito,20.00,2026-04-08 15:48:05,Efectivo,Confirmado,,2026-04-08 15:48:05,2026-06-30 05:30:08,,57,885,111113612603105,111113612603105
116,apertura,0.00,2026-04-08 15:48:35,Sistema,Confirmado,,2026-04-08 15:48:35,2026-04-08 15:48:35,,58,,,
117,Deposito,10.00,2026-04-08 15:48:35,Efectivo,Confirmado,,2026-04-08 15:48:35,2026-06-30 05:30:08,,58,887,111113612603105,111113612603105
118,apertura,0.00,2026-04-08 15:49:08,Sistema,Confirmado,,2026-04-08 15:49:08,2026-04-08 15:49:08,,59,,,
119,Deposito,20.00,2026-04-08 15:49:08,Efectivo,Confirmado,,2026-04-08 15:49:08,2026-06-30 05:30:08,,59,888,111113612603105,111113612603105
120,apertura,0.00,2026-04-08 15:49:30,Sistema,Confirmado,,2026-04-08 15:49:30,2026-04-08 15:49:30,,60,,,
122,Deposito,20.00,2026-04-08 15:51:23,Efectivo,Confirmado,,2026-04-08 15:51:23,2026-06-30 05:30:08,,60,889,111113612603105,111113612603105
123,apertura,0.00,2026-04-08 15:52:06,Sistema,Confirmado,,2026-04-08 15:52:06,2026-04-08 15:52:06,,61,,,
124,Deposito,20.00,2026-04-08 15:52:06,Efectivo,Confirmado,,2026-04-08 15:52:06,2026-06-30 05:30:08,,61,890,111113612603105,111113612603105
125,apertura,0.00,2026-04-08 15:53:29,Sistema,Confirmado,,2026-04-08 15:53:29,2026-04-08 15:53:29,,62,,,
126,Deposito,20.00,2026-04-08 15:53:29,Efectivo,Confirmado,,2026-04-08 15:53:29,2026-06-30 05:30:08,,62,892,111113612603105,111113612603105
127,apertura,0.00,2026-04-08 15:54:00,Sistema,Confirmado,,2026-04-08 15:54:00,2026-04-08 15:54:00,,63,,,
128,Deposito,20.00,2026-04-08 15:54:00,Efectivo,Confirmado,,2026-04-08 15:54:00,2026-06-30 05:30:08,,63,893,111113612603105,111113612603105
129,apertura,0.00,2026-04-08 16:04:35,Sistema,Confirmado,,2026-04-08 16:04:35,2026-04-08 16:04:35,,64,,,
130,Deposito,20.00,2026-04-08 16:04:35,Efectivo,Confirmado,,2026-04-08 16:04:35,2026-06-30 05:30:08,,64,891,111113612603105,111113612603105
131,apertura,0.00,2026-04-08 16:06:56,Sistema,Confirmado,,2026-04-08 16:06:56,2026-04-08 16:06:56,,65,,,
132,Deposito,60.00,2026-04-08 16:06:56,Efectivo,Confirmado,,2026-04-08 16:06:56,2026-06-30 05:30:08,,65,1634,111113612603105,111113612603105
133,apertura,0.00,2026-04-08 16:07:20,Sistema,Confirmado,,2026-04-08 16:07:20,2026-04-08 16:07:20,,66,,,
134,Deposito,60.00,2026-04-08 16:07:20,Efectivo,Confirmado,,2026-04-08 16:07:20,2026-06-30 05:30:08,,66,1118,111113612603105,111113612603105
135,apertura,0.00,2026-04-08 16:07:57,Sistema,Confirmado,,2026-04-08 16:07:57,2026-04-08 16:07:57,,67,,,
136,Deposito,60.00,2026-04-08 16:07:57,Efectivo,Confirmado,,2026-04-08 16:07:57,2026-06-30 05:30:08,,67,1657,111113612603105,111113612603105
137,apertura,0.00,2026-04-08 16:08:46,Sistema,Confirmado,,2026-04-08 16:08:46,2026-04-08 16:08:46,,68,,,
138,Deposito,60.00,2026-04-08 16:08:46,Efectivo,Confirmado,,2026-04-08 16:08:46,2026-06-30 05:30:08,,68,1121,111113612603105,111113612603105
139,apertura,0.00,2026-04-08 16:09:17,Sistema,Confirmado,,2026-04-08 16:09:17,2026-04-08 16:09:17,,69,,,
140,Deposito,60.00,2026-04-08 16:09:17,Efectivo,Confirmado,,2026-04-08 16:09:17,2026-06-30 05:30:08,,69,1122,111113612603105,111113612603105
141,apertura,0.00,2026-04-08 16:10:38,Sistema,Confirmado,,2026-04-08 16:10:38,2026-04-08 16:10:38,,70,,,
142,Deposito,38.00,2026-04-08 16:10:38,Efectivo,Confirmado,,2026-04-08 16:10:38,2026-06-30 05:30:08,,70,1427,111113612603105,111113612603105
143,apertura,0.00,2026-04-08 16:11:07,Sistema,Confirmado,,2026-04-08 16:11:07,2026-04-08 16:11:07,,71,,,
144,Deposito,30.00,2026-04-08 16:11:07,Efectivo,Confirmado,,2026-04-08 16:11:07,2026-06-30 05:30:09,,71,1428,111113612603105,111113612603105
145,apertura,0.00,2026-04-08 16:16:47,Sistema,Confirmado,,2026-04-08 16:16:47,2026-04-08 16:16:47,,72,,,
146,Deposito,26.00,2026-04-08 16:16:47,Efectivo,Confirmado,,2026-04-08 16:16:47,2026-06-30 05:30:09,,72,1679,111113612603105,111113612603105
147,apertura,0.00,2026-04-08 16:17:43,Sistema,Confirmado,,2026-04-08 16:17:43,2026-04-08 16:17:43,,73,,,
148,Deposito,10.00,2026-04-08 16:17:43,Efectivo,Confirmado,,2026-04-08 16:17:43,2026-06-30 05:30:09,,73,1376,111113612603105,111113612603105
149,apertura,0.00,2026-04-08 16:18:28,Sistema,Confirmado,,2026-04-08 16:18:28,2026-04-08 16:18:28,,74,,,
150,Deposito,20.00,2026-04-08 16:18:28,Efectivo,Confirmado,,2026-04-08 16:18:28,2026-06-30 05:30:09,,74,1378,111113612603105,111113612603105
151,apertura,0.00,2026-04-08 16:19:14,Sistema,Confirmado,,2026-04-08 16:19:14,2026-04-08 16:19:14,,75,,,
152,Deposito,10.00,2026-04-08 16:19:14,Efectivo,Confirmado,,2026-04-08 16:19:14,2026-06-30 05:30:09,,75,1380,111113612603105,111113612603105
153,apertura,0.00,2026-04-08 16:19:46,Sistema,Confirmado,,2026-04-08 16:19:46,2026-04-08 16:19:46,,76,,,
154,Deposito,10.00,2026-04-08 16:19:46,Efectivo,Confirmado,,2026-04-08 16:19:46,2026-06-30 05:30:09,,76,1381,111113612603105,111113612603105
155,apertura,0.00,2026-04-08 16:20:15,Sistema,Confirmado,,2026-04-08 16:20:15,2026-04-08 16:20:15,,77,,,
156,Deposito,10.00,2026-04-08 16:20:15,Efectivo,Confirmado,,2026-04-08 16:20:15,2026-06-30 05:30:09,,77,1384,111113612603105,111113612603105
157,apertura,0.00,2026-04-08 16:20:42,Sistema,Confirmado,,2026-04-08 16:20:42,2026-04-08 16:20:42,,78,,,
158,Deposito,10.00,2026-04-08 16:20:42,Efectivo,Confirmado,,2026-04-08 16:20:42,2026-06-30 05:30:09,,78,1385,111113612603105,111113612603105
159,apertura,0.00,2026-04-08 16:21:08,Sistema,Confirmado,,2026-04-08 16:21:08,2026-04-08 16:21:08,,79,,,
160,Deposito,10.00,2026-04-08 16:21:08,Efectivo,Confirmado,,2026-04-08 16:21:08,2026-06-30 05:30:09,,79,1382,111113612603105,111113612603105
161,apertura,0.00,2026-04-08 16:25:25,Sistema,Confirmado,,2026-04-08 16:25:25,2026-04-08 16:25:25,,80,,,
162,Deposito,30.00,2026-04-08 16:25:25,Efectivo,Confirmado,,2026-04-08 16:25:25,2026-06-30 05:30:09,,80,1181,111113612603105,111113612603105
163,apertura,0.00,2026-04-08 16:26:33,Sistema,Confirmado,,2026-04-08 16:26:33,2026-04-08 16:26:33,,81,,,
164,Deposito,20.00,2026-04-08 16:26:33,Efectivo,Confirmado,,2026-04-08 16:26:33,2026-06-30 05:30:09,,81,1182,111113612603105,111113612603105
165,apertura,0.00,2026-04-08 16:27:01,Sistema,Confirmado,,2026-04-08 16:27:01,2026-04-08 16:27:01,,82,,,
166,Deposito,20.00,2026-04-08 16:27:01,Efectivo,Confirmado,,2026-04-08 16:27:01,2026-06-30 05:30:09,,82,1678,111113612603105,111113612603105
167,apertura,0.00,2026-04-08 16:28:54,Sistema,Confirmado,,2026-04-08 16:28:54,2026-04-08 16:28:54,,83,,,
168,Deposito,20.00,2026-04-08 16:28:54,Efectivo,Confirmado,,2026-04-08 16:28:54,2026-06-30 05:30:09,,83,1189,111113612603105,111113612603105
169,apertura,0.00,2026-04-08 16:29:53,Sistema,Confirmado,,2026-04-08 16:29:53,2026-04-08 16:29:53,,84,,,
170,Deposito,20.00,2026-04-08 16:29:53,Efectivo,Confirmado,,2026-04-08 16:29:53,2026-06-30 05:30:09,,84,1188,111113612603105,111113612603105
171,apertura,0.00,2026-04-08 16:31:32,Sistema,Confirmado,,2026-04-08 16:31:32,2026-04-08 16:31:32,,85,,,
172,Deposito,20.00,2026-04-08 16:31:32,Efectivo,Confirmado,,2026-04-08 16:31:32,2026-06-30 05:30:09,,85,1190,111113612603105,111113612603105
173,apertura,0.00,2026-04-08 16:35:12,Sistema,Confirmado,,2026-04-08 16:35:12,2026-04-08 16:35:12,,86,,,
174,Deposito,40.00,2026-04-08 16:35:12,Efectivo,Confirmado,,2026-04-08 16:35:12,2026-06-30 05:30:09,,86,1076,111113612603105,111113612603105
175,apertura,0.00,2026-04-08 16:36:32,Sistema,Confirmado,,2026-04-08 16:36:32,2026-04-08 16:36:32,,87,,,
176,Deposito,20.00,2026-04-08 16:36:32,Efectivo,Confirmado,,2026-04-08 16:36:32,2026-06-30 05:30:09,,87,982,111113612603105,111113612603105
177,apertura,0.00,2026-04-08 16:37:00,Sistema,Confirmado,,2026-04-08 16:37:00,2026-04-08 16:37:00,,88,,,
178,Deposito,22.00,2026-04-08 16:37:00,Efectivo,Confirmado,,2026-04-08 16:37:00,2026-06-30 05:30:09,,88,987,111113612603105,111113612603105
179,apertura,0.00,2026-04-08 16:38:28,Sistema,Confirmado,,2026-04-08 16:38:28,2026-04-08 16:38:28,,89,,,
180,Deposito,20.00,2026-04-08 16:38:28,Efectivo,Confirmado,,2026-04-08 16:38:28,2026-06-30 05:30:09,,89,983,111113612603105,111113612603105
181,apertura,0.00,2026-04-08 16:39:17,Sistema,Confirmado,,2026-04-08 16:39:17,2026-04-08 16:39:17,,90,,,
182,Deposito,20.00,2026-04-08 16:39:17,Efectivo,Confirmado,,2026-04-08 16:39:17,2026-06-30 05:30:09,,90,990,111113612603105,111113612603105
183,apertura,0.00,2026-04-08 16:42:34,Sistema,Confirmado,,2026-04-08 16:42:34,2026-04-08 16:42:34,,91,,,
184,Deposito,20.00,2026-04-08 16:42:34,Efectivo,Confirmado,,2026-04-08 16:42:34,2026-06-30 05:30:09,,91,1652,111113612603105,111113612603105
185,apertura,0.00,2026-04-08 16:43:33,Sistema,Confirmado,,2026-04-08 16:43:33,2026-04-08 16:43:33,,92,,,
186,Deposito,20.00,2026-04-08 16:43:33,Efectivo,Confirmado,,2026-04-08 16:43:33,2026-06-30 05:30:09,,92,1651,111113612603105,111113612603105
187,apertura,0.00,2026-04-08 16:44:49,Sistema,Confirmado,,2026-04-08 16:44:49,2026-04-08 16:44:49,,93,,,
188,Deposito,44.00,2026-04-08 16:44:49,Efectivo,Confirmado,,2026-04-08 16:44:49,2026-06-30 05:30:09,,93,1114,111113612603105,111113612603105
189,apertura,0.00,2026-04-08 16:45:17,Sistema,Confirmado,,2026-04-08 16:45:17,2026-04-08 16:45:17,,94,,,
190,Deposito,44.00,2026-04-08 16:45:17,Efectivo,Confirmado,,2026-04-08 16:45:17,2026-06-30 05:30:09,,94,1115,111113612603105,111113612603105
191,apertura,0.00,2026-04-08 16:46:08,Sistema,Confirmado,,2026-04-08 16:46:08,2026-04-08 16:46:08,,95,,,
192,Deposito,44.00,2026-04-08 16:46:08,Efectivo,Confirmado,,2026-04-08 16:46:08,2026-06-30 05:30:09,,95,1116,111113612603105,111113612603105
193,apertura,0.00,2026-04-08 16:49:50,Sistema,Confirmado,,2026-04-08 16:49:50,2026-04-08 16:49:50,,96,,,
194,Deposito,32.00,2026-04-08 16:49:50,Efectivo,Confirmado,,2026-04-08 16:49:50,2026-06-30 05:30:09,,96,994,111113612603105,111113612603105
195,apertura,0.00,2026-04-08 16:50:47,Sistema,Confirmado,,2026-04-08 16:50:47,2026-04-08 16:50:47,,97,,,
196,Deposito,28.00,2026-04-08 16:50:47,Efectivo,Confirmado,,2026-04-08 16:50:47,2026-06-30 05:30:09,,97,996,111113612603105,111113612603105
197,apertura,0.00,2026-04-08 16:51:16,Sistema,Confirmado,,2026-04-08 16:51:16,2026-04-08 16:51:16,,98,,,
198,Deposito,28.00,2026-04-08 16:51:16,Efectivo,Confirmado,,2026-04-08 16:51:16,2026-06-30 05:30:09,,98,997,111113612603105,111113612603105
199,apertura,0.00,2026-04-08 17:15:33,Sistema,Confirmado,,2026-04-08 17:15:33,2026-04-08 17:15:33,,99,,,
200,Deposito,20.00,2026-04-08 17:15:33,Efectivo,Confirmado,,2026-04-08 17:15:33,2026-06-30 05:30:09,,99,1675,111113612603105,111113612603105
201,apertura,0.00,2026-04-08 17:56:43,Sistema,Confirmado,,2026-04-08 17:56:43,2026-04-08 17:56:43,,100,,,
202,Deposito,20.00,2026-04-08 17:56:43,Efectivo,Confirmado,,2026-04-08 17:56:43,2026-06-30 05:30:09,,100,1372,111113612603105,111113612603105
203,apertura,0.00,2026-04-08 17:57:10,Sistema,Confirmado,,2026-04-08 17:57:10,2026-04-08 17:57:10,,101,,,
204,Deposito,20.00,2026-04-08 17:57:10,Efectivo,Confirmado,,2026-04-08 17:57:10,2026-06-30 05:30:09,,101,1373,111113612603105,111113612603105
205,apertura,0.00,2026-04-08 18:02:11,Sistema,Confirmado,,2026-04-08 18:02:11,2026-04-08 18:02:11,,102,,,
206,Deposito,20.00,2026-04-08 18:02:11,Efectivo,Confirmado,,2026-04-08 18:02:11,2026-06-30 05:30:09,,102,1374,111113612603105,111113612603105
207,apertura,0.00,2026-04-08 18:04:06,Sistema,Confirmado,,2026-04-08 18:04:06,2026-04-08 18:04:06,,103,,,
208,Deposito,20.00,2026-04-08 18:04:06,Efectivo,Confirmado,,2026-04-08 18:04:06,2026-06-30 05:30:09,,103,1002,111113612603105,111113612603105
209,apertura,0.00,2026-04-08 18:06:44,Sistema,Confirmado,,2026-04-08 18:06:44,2026-04-08 18:06:44,,104,,,
210,Deposito,20.00,2026-04-08 18:06:44,Efectivo,Confirmado,,2026-04-08 18:06:44,2026-06-30 05:30:09,,104,1004,111113612603105,111113612603105
211,apertura,0.00,2026-04-08 18:07:21,Sistema,Confirmado,,2026-04-08 18:07:21,2026-04-08 18:07:21,,105,,,
212,Deposito,20.00,2026-04-08 18:07:21,Efectivo,Confirmado,,2026-04-08 18:07:21,2026-06-30 05:30:09,,105,1006,111113612603105,111113612603105
213,apertura,0.00,2026-04-08 18:07:45,Sistema,Confirmado,,2026-04-08 18:07:45,2026-04-08 18:07:45,,106,,,
214,Deposito,20.00,2026-04-08 18:07:45,Efectivo,Confirmado,,2026-04-08 18:07:45,2026-06-30 05:30:09,,106,1653,111113612603105,111113612603105
215,apertura,0.00,2026-04-08 18:08:09,Sistema,Confirmado,,2026-04-08 18:08:09,2026-04-08 18:08:09,,107,,,
216,Deposito,32.00,2026-04-08 18:08:09,Efectivo,Confirmado,,2026-04-08 18:08:09,2026-06-30 05:30:09,,107,1009,111113612603105,111113612603105
217,apertura,0.00,2026-04-08 18:08:36,Sistema,Confirmado,,2026-04-08 18:08:36,2026-04-08 18:08:36,,108,,,
218,Deposito,20.00,2026-04-08 18:08:36,Efectivo,Confirmado,,2026-04-08 18:08:36,2026-06-30 05:30:09,,108,,111113612603105,111113612603105
219,apertura,0.00,2026-04-08 18:08:55,Sistema,Confirmado,,2026-04-08 18:08:55,2026-04-08 18:08:55,,109,,,
220,Deposito,20.00,2026-04-08 18:08:55,Efectivo,Confirmado,,2026-04-08 18:08:55,2026-06-30 05:30:09,,109,1631,111113612603105,111113612603105
221,apertura,0.00,2026-04-08 18:10:50,Sistema,Confirmado,,2026-04-08 18:10:50,2026-04-08 18:10:50,,110,,,
222,Deposito,20.00,2026-04-08 18:10:50,Efectivo,Confirmado,,2026-04-08 18:10:50,2026-06-30 05:30:09,,110,1013,111113612603105,111113612603105
223,apertura,0.00,2026-04-08 18:11:13,Sistema,Confirmado,,2026-04-08 18:11:13,2026-04-08 18:11:13,,111,,,
224,Deposito,20.00,2026-04-08 18:11:13,Efectivo,Confirmado,,2026-04-08 18:11:13,2026-06-30 05:30:09,,111,1014,111113612603105,111113612603105
225,apertura,0.00,2026-04-08 18:12:16,Sistema,Confirmado,,2026-04-08 18:12:16,2026-04-08 18:12:16,,112,,,
226,Deposito,20.00,2026-04-08 18:12:16,Efectivo,Confirmado,,2026-04-08 18:12:16,2026-06-30 05:30:09,,112,1654,111113612603105,111113612603105
227,apertura,0.00,2026-04-08 20:36:37,Sistema,Confirmado,,2026-04-08 20:36:37,2026-04-08 20:36:37,,113,,,
228,Deposito,20.00,2026-04-08 20:36:37,Efectivo,Confirmado,,2026-04-08 20:36:37,2026-06-30 05:30:09,,113,1667,111113612603105,111113612603105
229,apertura,0.00,2026-04-08 20:37:06,Sistema,Confirmado,,2026-04-08 20:37:06,2026-04-08 20:37:06,,114,,,
230,Deposito,70.00,2026-04-08 20:37:06,Efectivo,Confirmado,,2026-04-08 20:37:06,2026-06-30 05:30:09,,114,1668,111113612603105,111113612603105
231,apertura,0.00,2026-04-08 20:37:31,Sistema,Confirmado,,2026-04-08 20:37:31,2026-04-08 20:37:31,,115,,,
232,Deposito,300.00,2026-04-08 20:37:31,Efectivo,Confirmado,,2026-04-08 20:37:31,2026-06-30 05:30:09,,115,1669,111113612603105,111113612603105
233,apertura,0.00,2026-04-08 20:38:28,Sistema,Confirmado,,2026-04-08 20:38:28,2026-04-08 20:38:28,,116,,,
234,Deposito,580.00,2026-04-08 20:38:28,Efectivo,Confirmado,,2026-04-08 20:38:28,2026-06-30 05:30:09,,116,1670,111113612603105,111113612603105
235,apertura,0.00,2026-04-08 20:44:49,Sistema,Confirmado,,2026-04-08 20:44:49,2026-04-08 20:44:49,,117,,,
236,Deposito,22.00,2026-04-08 20:44:49,Efectivo,Confirmado,,2026-04-08 20:44:49,2026-06-30 05:30:09,,117,1671,111113612603105,111113612603105
237,apertura,0.00,2026-04-08 20:45:10,Sistema,Confirmado,,2026-04-08 20:45:10,2026-04-08 20:45:10,,118,,,
238,Deposito,32.00,2026-04-08 20:45:10,Efectivo,Confirmado,,2026-04-08 20:45:10,2026-06-30 05:30:09,,118,1666,111113612603105,111113612603105
239,apertura,0.00,2026-04-08 20:48:40,Sistema,Confirmado,,2026-04-08 20:48:40,2026-04-08 20:48:40,,119,,,
240,Deposito,20.00,2026-04-08 20:48:40,Efectivo,Confirmado,,2026-04-08 20:48:40,2026-06-30 05:30:09,,119,895,111113612603105,111113612603105
241,apertura,0.00,2026-04-08 20:49:08,Sistema,Confirmado,,2026-04-08 20:49:08,2026-04-08 20:49:08,,120,,,
242,Deposito,20.00,2026-04-08 20:49:08,Efectivo,Confirmado,,2026-04-08 20:49:08,2026-06-30 05:30:09,,120,898,111113612603105,111113612603105
243,apertura,0.00,2026-04-08 20:49:35,Sistema,Confirmado,,2026-04-08 20:49:35,2026-04-08 20:49:35,,121,,,
244,Deposito,20.00,2026-04-08 20:49:35,Efectivo,Confirmado,,2026-04-08 20:49:35,2026-06-30 05:30:09,,121,900,111113612603105,111113612603105
245,apertura,0.00,2026-04-08 20:51:09,Sistema,Confirmado,,2026-04-08 20:51:09,2026-04-08 20:51:09,,122,,,
246,Deposito,20.00,2026-04-08 20:51:09,Efectivo,Confirmado,,2026-04-08 20:51:09,2026-06-30 05:30:09,,122,901,111113612603105,111113612603105
247,apertura,0.00,2026-04-08 20:51:42,Sistema,Confirmado,,2026-04-08 20:51:42,2026-04-08 20:51:42,,123,,,
248,Deposito,28.00,2026-04-08 20:51:42,Efectivo,Confirmado,,2026-04-08 20:51:42,2026-06-30 05:30:09,,123,904,111113612603105,111113612603105
249,apertura,0.00,2026-04-08 20:53:24,Sistema,Confirmado,,2026-04-08 20:53:24,2026-04-08 20:53:24,,124,,,
250,Deposito,20.00,2026-04-08 20:53:24,Efectivo,Confirmado,,2026-04-08 20:53:24,2026-06-30 05:30:09,,124,905,111113612603105,111113612603105
251,apertura,0.00,2026-04-08 21:32:04,Sistema,Confirmado,,2026-04-08 21:32:04,2026-04-08 21:32:04,,125,,,
252,Deposito,20.00,2026-04-08 21:32:04,Efectivo,Confirmado,,2026-04-08 21:32:04,2026-06-30 05:30:09,,125,1629,111113612603105,111113612603105
253,apertura,0.00,2026-04-08 21:32:33,Sistema,Confirmado,,2026-04-08 21:32:33,2026-04-08 21:32:33,,126,,,
254,Deposito,20.00,2026-04-08 21:32:33,Efectivo,Confirmado,,2026-04-08 21:32:33,2026-06-30 05:30:09,,126,1627,111113612603105,111113612603105
255,apertura,0.00,2026-04-08 21:32:53,Sistema,Confirmado,,2026-04-08 21:32:53,2026-04-08 21:32:53,,127,,,
256,Deposito,20.00,2026-04-08 21:32:53,Efectivo,Confirmado,,2026-04-08 21:32:53,2026-06-30 05:30:09,,127,1628,111113612603105,111113612603105
257,apertura,0.00,2026-04-08 21:33:13,Sistema,Confirmado,,2026-04-08 21:33:13,2026-04-08 21:33:13,,128,,,
258,Deposito,20.00,2026-04-08 21:33:13,Efectivo,Confirmado,,2026-04-08 21:33:13,2026-06-30 05:30:09,,128,1626,111113612603105,111113612603105
259,apertura,0.00,2026-04-08 21:33:33,Sistema,Confirmado,,2026-04-08 21:33:33,2026-04-08 21:33:33,,129,,,
260,Deposito,20.00,2026-04-08 21:33:33,Efectivo,Confirmado,,2026-04-08 21:33:33,2026-06-30 05:30:09,,129,1363,111113612603105,111113612603105
261,apertura,0.00,2026-04-08 21:34:10,Sistema,Confirmado,,2026-04-08 21:34:10,2026-04-08 21:34:10,,130,,,
262,Deposito,20.00,2026-04-08 21:34:10,Efectivo,Confirmado,,2026-04-08 21:34:10,2026-06-30 05:30:09,,130,1366,111113612603105,111113612603105
263,apertura,0.00,2026-04-08 21:34:29,Sistema,Confirmado,,2026-04-08 21:34:29,2026-04-08 21:34:29,,131,,,
264,Deposito,20.00,2026-04-08 21:34:29,Efectivo,Confirmado,,2026-04-08 21:34:29,2026-06-30 05:30:09,,131,1367,111113612603105,111113612603105
265,apertura,0.00,2026-04-08 21:36:20,Sistema,Confirmado,,2026-04-08 21:36:20,2026-04-08 21:36:20,,132,,,
266,Deposito,20.00,2026-04-08 21:36:20,Efectivo,Confirmado,,2026-04-08 21:36:20,2026-06-30 05:30:09,,132,1364,111113612603105,111113612603105
267,apertura,0.00,2026-04-08 21:36:47,Sistema,Confirmado,,2026-04-08 21:36:47,2026-04-08 21:36:47,,133,,,
268,Deposito,20.00,2026-04-08 21:36:47,Efectivo,Confirmado,,2026-04-08 21:36:47,2026-06-30 05:30:09,,133,1365,111113612603105,111113612603105
271,apertura,0.00,2026-04-08 21:44:09,Sistema,Confirmado,,2026-04-08 21:44:09,2026-04-08 21:44:09,,135,,,
272,Deposito,20.00,2026-04-08 21:44:09,Efectivo,Confirmado,,2026-04-08 21:44:09,2026-06-30 05:30:09,,135,1137,111113612603105,111113612603105
273,apertura,0.00,2026-04-08 21:44:32,Sistema,Confirmado,,2026-04-08 21:44:32,2026-04-08 21:44:32,,136,,,
274,Deposito,30.00,2026-04-08 21:44:32,Efectivo,Confirmado,,2026-04-08 21:44:32,2026-06-30 05:30:09,,136,1140,111113612603105,111113612603105
275,apertura,0.00,2026-04-08 21:44:54,Sistema,Confirmado,,2026-04-08 21:44:54,2026-04-08 21:44:54,,137,,,
276,Deposito,24.00,2026-04-08 21:44:54,Efectivo,Confirmado,,2026-04-08 21:44:54,2026-06-30 05:30:09,,137,1139,111113612603105,111113612603105
277,apertura,0.00,2026-04-08 21:45:13,Sistema,Confirmado,,2026-04-08 21:45:13,2026-04-08 21:45:13,,138,,,
278,Deposito,20.00,2026-04-08 21:45:13,Efectivo,Confirmado,,2026-04-08 21:45:13,2026-06-30 05:30:09,,138,1141,111113612603105,111113612603105
279,apertura,0.00,2026-04-08 21:45:46,Sistema,Confirmado,,2026-04-08 21:45:46,2026-04-08 21:45:46,,139,,,
280,Deposito,22.00,2026-04-08 21:45:46,Efectivo,Confirmado,,2026-04-08 21:45:46,2026-06-30 05:30:09,,139,1145,111113612603105,111113612603105
281,apertura,0.00,2026-04-08 21:46:04,Sistema,Confirmado,,2026-04-08 21:46:04,2026-04-08 21:46:04,,140,,,
282,Deposito,20.00,2026-04-08 21:46:04,Efectivo,Confirmado,,2026-04-08 21:46:04,2026-06-30 05:30:09,,140,1147,111113612603105,111113612603105
283,apertura,0.00,2026-04-08 21:46:58,Sistema,Confirmado,,2026-04-08 21:46:58,2026-04-08 21:46:58,,141,,,
284,Deposito,40.00,2026-04-08 21:46:58,Efectivo,Confirmado,,2026-04-08 21:46:58,2026-06-30 05:30:09,,141,1108,111113612603105,111113612603105
285,apertura,0.00,2026-04-08 21:47:22,Sistema,Confirmado,,2026-04-08 21:47:22,2026-04-08 21:47:22,,142,,,
286,Deposito,34.00,2026-04-08 21:47:22,Efectivo,Confirmado,,2026-04-08 21:47:22,2026-06-30 05:30:09,,142,1110,111113612603105,111113612603105
287,apertura,0.00,2026-04-08 21:48:18,Sistema,Confirmado,,2026-04-08 21:48:18,2026-04-08 21:48:18,,143,,,
288,Deposito,34.00,2026-04-08 21:48:18,Efectivo,Confirmado,,2026-04-08 21:48:18,2026-06-30 05:30:09,,143,1111,111113612603105,111113612603105
289,apertura,0.00,2026-04-08 21:49:23,Sistema,Confirmado,,2026-04-08 21:49:23,2026-04-08 21:49:23,,144,,,
290,Deposito,34.00,2026-04-08 21:49:23,Efectivo,Confirmado,,2026-04-08 21:49:23,2026-06-30 05:30:09,,144,1112,111113612603105,111113612603105
291,apertura,0.00,2026-04-08 21:49:52,Sistema,Confirmado,,2026-04-08 21:49:52,2026-04-08 21:49:52,,145,,,
292,Deposito,34.00,2026-04-08 21:49:52,Efectivo,Confirmado,,2026-04-08 21:49:52,2026-06-30 05:30:09,,145,1113,111113612603105,111113612603105
293,apertura,0.00,2026-04-08 22:29:09,Sistema,Confirmado,,2026-04-08 22:29:09,2026-04-08 22:29:09,,146,,,
294,Deposito,40.00,2026-04-08 22:29:09,Efectivo,Confirmado,,2026-04-08 22:29:09,2026-06-30 05:30:09,,146,1200,111113612603105,111113612603105
295,apertura,0.00,2026-04-08 22:29:40,Sistema,Confirmado,,2026-04-08 22:29:40,2026-04-08 22:29:40,,147,,,
296,Deposito,24.00,2026-04-08 22:29:40,Efectivo,Confirmado,,2026-04-08 22:29:40,2026-06-30 05:30:09,,147,1392,111113612603105,111113612603105
297,apertura,0.00,2026-04-08 22:30:05,Sistema,Confirmado,,2026-04-08 22:30:05,2026-04-08 22:30:05,,148,,,
298,Deposito,44.00,2026-04-08 22:30:05,Efectivo,Confirmado,,2026-04-08 22:30:05,2026-06-30 05:30:09,,148,1663,111113612603105,111113612603105
299,apertura,0.00,2026-04-08 22:30:22,Sistema,Confirmado,,2026-04-08 22:30:22,2026-04-08 22:30:22,,149,,,
300,Deposito,64.00,2026-04-08 22:30:22,Efectivo,Confirmado,,2026-04-08 22:30:22,2026-06-30 05:30:09,,149,1398,111113612603105,111113612603105
301,apertura,0.00,2026-04-08 22:31:15,Sistema,Confirmado,,2026-04-08 22:31:15,2026-04-08 22:31:15,,150,,,
302,Deposito,20.00,2026-04-08 22:31:15,Efectivo,Confirmado,,2026-04-08 22:31:15,2026-06-30 05:30:09,,150,1664,111113612603105,111113612603105
303,apertura,0.00,2026-04-08 22:34:16,Sistema,Confirmado,,2026-04-08 22:34:16,2026-04-08 22:34:16,,151,,,
304,Deposito,20.00,2026-04-08 22:34:16,Efectivo,Confirmado,,2026-04-08 22:34:16,2026-06-30 05:30:09,,151,918,111113612603105,111113612603105
305,apertura,0.00,2026-04-08 22:34:38,Sistema,Confirmado,,2026-04-08 22:34:38,2026-04-08 22:34:38,,152,,,
306,Deposito,22.00,2026-04-08 22:34:38,Efectivo,Confirmado,,2026-04-08 22:34:38,2026-06-30 05:30:09,,152,923,111113612603105,111113612603105
307,apertura,0.00,2026-04-08 22:35:16,Sistema,Confirmado,,2026-04-08 22:35:16,2026-04-08 22:35:16,,153,,,
308,Deposito,12.00,2026-04-08 22:35:16,Efectivo,Confirmado,,2026-04-08 22:35:16,2026-06-30 05:30:09,,153,926,111113612603105,111113612603105
309,apertura,0.00,2026-04-08 22:35:36,Sistema,Confirmado,,2026-04-08 22:35:36,2026-04-08 22:35:36,,154,,,
310,Deposito,40.00,2026-04-08 22:35:36,Efectivo,Confirmado,,2026-04-08 22:35:36,2026-06-30 05:30:09,,154,931,111113612603105,111113612603105
311,apertura,0.00,2026-04-08 22:46:53,Sistema,Confirmado,,2026-04-08 22:46:53,2026-04-08 22:46:53,,155,,,
312,Deposito,50.00,2026-04-08 22:46:53,Efectivo,Confirmado,,2026-04-08 22:46:53,2026-06-30 05:30:09,,155,1672,111113612603105,111113612603105
313,apertura,0.00,2026-04-08 22:47:12,Sistema,Confirmado,,2026-04-08 22:47:12,2026-04-08 22:47:12,,156,,,
314,Deposito,70.00,2026-04-08 22:47:12,Efectivo,Confirmado,,2026-04-08 22:47:12,2026-06-30 05:30:09,,156,1554,111113612603105,111113612603105
315,apertura,0.00,2026-04-08 22:47:29,Sistema,Confirmado,,2026-04-08 22:47:29,2026-04-08 22:47:29,,157,,,
316,Deposito,19.00,2026-04-08 22:47:29,Efectivo,Confirmado,,2026-04-08 22:47:29,2026-06-30 05:30:09,,157,1553,111113612603105,111113612603105
317,apertura,0.00,2026-04-09 21:50:24,Sistema,Confirmado,,2026-04-09 21:50:24,2026-04-09 21:50:24,,158,,,
318,Deposito,20.00,2026-04-09 21:50:24,Efectivo,Confirmado,,2026-04-09 21:50:24,2026-06-30 05:30:09,,158,1686,111113612603105,111113612603105
319,apertura,0.00,2026-04-09 21:50:53,Sistema,Confirmado,,2026-04-09 21:50:53,2026-04-09 21:50:53,,159,,,
320,Deposito,64.00,2026-04-09 21:50:53,Efectivo,Confirmado,,2026-04-09 21:50:53,2026-06-30 05:30:09,,159,1685,111113612603105,111113612603105
321,apertura,0.00,2026-04-09 21:51:24,Sistema,Confirmado,,2026-04-09 21:51:24,2026-04-09 21:51:24,,160,,,
322,Deposito,34.00,2026-04-09 21:51:24,Efectivo,Confirmado,,2026-04-09 21:51:24,2026-06-30 05:30:09,,160,1178,111113612603105,111113612603105
323,apertura,0.00,2026-04-09 21:52:27,Sistema,Confirmado,,2026-04-09 21:52:27,2026-04-09 21:52:27,,161,,,
324,Deposito,20.00,2026-04-09 21:52:27,Efectivo,Confirmado,,2026-04-09 21:52:27,2026-06-30 05:30:09,,161,1534,111113612603105,111113612603105
325,apertura,0.00,2026-04-09 21:58:08,Sistema,Confirmado,,2026-04-09 21:58:08,2026-04-09 21:58:08,,162,,,
326,Deposito,20.00,2026-04-09 21:58:08,Efectivo,Confirmado,,2026-04-09 21:58:08,2026-06-30 05:30:09,,162,1700,111113612603105,111113612603105
327,apertura,0.00,2026-04-09 21:58:27,Sistema,Confirmado,,2026-04-09 21:58:27,2026-04-09 21:58:27,,163,,,
328,Deposito,20.00,2026-04-09 21:58:27,Efectivo,Confirmado,,2026-04-09 21:58:27,2026-06-30 05:30:09,,163,1418,111113612603105,111113612603105
329,apertura,0.00,2026-04-09 22:12:10,Sistema,Confirmado,,2026-04-09 22:12:10,2026-04-09 22:12:10,,164,,,
330,Deposito,48.00,2026-04-09 22:12:10,Efectivo,Confirmado,,2026-04-09 22:12:10,2026-06-30 05:30:09,,164,1515,111113612603105,111113612603105
331,apertura,0.00,2026-04-09 22:13:22,Sistema,Confirmado,,2026-04-09 22:13:22,2026-04-09 22:13:22,,165,,,
332,Deposito,16.00,2026-04-09 22:13:22,Efectivo,Confirmado,,2026-04-09 22:13:22,2026-06-30 05:30:09,,165,1516,111113612603105,111113612603105
333,apertura,0.00,2026-04-09 22:13:52,Sistema,Confirmado,,2026-04-09 22:13:52,2026-04-09 22:13:52,,166,,,
334,Deposito,52.00,2026-04-09 22:13:52,Efectivo,Confirmado,,2026-04-09 22:13:52,2026-06-30 05:30:09,,166,1518,111113612603105,111113612603105
335,apertura,0.00,2026-04-09 22:14:18,Sistema,Confirmado,,2026-04-09 22:14:18,2026-04-09 22:14:18,,167,,,
336,Deposito,20.00,2026-04-09 22:14:18,Efectivo,Confirmado,,2026-04-09 22:14:18,2026-06-30 05:30:09,,167,1520,111113612603105,111113612603105
337,apertura,0.00,2026-04-09 22:15:16,Sistema,Confirmado,,2026-04-09 22:15:16,2026-04-09 22:15:16,,168,,,
338,Deposito,10.00,2026-04-09 22:15:16,Efectivo,Confirmado,,2026-04-09 22:15:16,2026-06-30 05:30:09,,168,1509,111113612603105,111113612603105
339,apertura,0.00,2026-04-09 22:15:46,Sistema,Confirmado,,2026-04-09 22:15:46,2026-04-09 22:15:46,,169,,,
340,Deposito,30.00,2026-04-09 22:15:46,Efectivo,Confirmado,,2026-04-09 22:15:46,2026-06-30 05:30:09,,169,1510,111113612603105,111113612603105
341,apertura,0.00,2026-04-09 22:16:12,Sistema,Confirmado,,2026-04-09 22:16:12,2026-04-09 22:16:12,,170,,,
342,Deposito,20.00,2026-04-09 22:16:12,Efectivo,Confirmado,,2026-04-09 22:16:12,2026-06-30 05:30:09,,170,1511,111113612603105,111113612603105
343,apertura,0.00,2026-04-09 22:18:29,Sistema,Confirmado,,2026-04-09 22:18:29,2026-04-09 22:18:29,,171,,,
344,Deposito,20.00,2026-04-09 22:18:29,Efectivo,Confirmado,,2026-04-09 22:18:29,2026-06-30 05:30:09,,171,1673,111113612603105,111113612603105
346,apertura,0.00,2026-04-09 22:22:40,Sistema,Confirmado,,2026-04-09 22:22:40,2026-04-09 22:22:40,,172,,,
347,Deposito,26.00,2026-04-09 22:22:40,Efectivo,Confirmado,,2026-04-09 22:22:40,2026-06-30 05:30:09,,172,1684,111113612603105,111113612603105
348,apertura,0.00,2026-04-09 22:23:59,Sistema,Confirmado,,2026-04-09 22:23:59,2026-04-09 22:23:59,,173,,,
349,Deposito,2.00,2026-04-09 22:23:59,Efectivo,Confirmado,,2026-04-09 22:23:59,2026-06-30 05:30:09,,173,935,111113612603105,111113612603105
350,apertura,0.00,2026-04-09 22:30:23,Sistema,Confirmado,,2026-04-09 22:30:23,2026-04-09 22:30:23,,174,,,
351,Deposito,34.00,2026-04-09 22:30:23,Efectivo,Confirmado,,2026-04-09 22:30:23,2026-06-30 05:30:09,,174,936,111113612603105,111113612603105
352,apertura,0.00,2026-04-09 22:31:03,Sistema,Confirmado,,2026-04-09 22:31:03,2026-04-09 22:31:03,,175,,,
353,Deposito,34.00,2026-04-09 22:31:03,Efectivo,Confirmado,,2026-04-09 22:31:03,2026-06-30 05:30:09,,175,937,111113612603105,111113612603105
354,apertura,0.00,2026-04-09 22:33:45,Sistema,Confirmado,,2026-04-09 22:33:45,2026-04-09 22:33:45,,176,,,
355,Deposito,34.00,2026-04-09 22:33:45,Efectivo,Confirmado,,2026-04-09 22:33:45,2026-06-30 05:30:09,,176,940,111113612603105,111113612603105
356,apertura,0.00,2026-04-09 22:35:07,Sistema,Confirmado,,2026-04-09 22:35:07,2026-04-09 22:35:07,,177,,,
357,Deposito,42.00,2026-04-09 22:35:07,Efectivo,Confirmado,,2026-04-09 22:35:07,2026-06-30 05:30:10,,177,941,111113612603105,111113612603105
358,apertura,0.00,2026-04-09 22:36:09,Sistema,Confirmado,,2026-04-09 22:36:09,2026-04-09 22:36:09,,178,,,
359,Deposito,62.00,2026-04-09 22:36:09,Efectivo,Confirmado,,2026-04-09 22:36:09,2026-06-30 05:30:10,,178,938,111113612603105,111113612603105
360,apertura,0.00,2026-04-09 22:36:53,Sistema,Confirmado,,2026-04-09 22:36:53,2026-04-09 22:36:53,,179,,,
361,Deposito,62.00,2026-04-09 22:36:53,Efectivo,Confirmado,,2026-04-09 22:36:53,2026-06-30 05:30:10,,179,939,111113612603105,111113612603105
362,apertura,0.00,2026-04-09 22:38:50,Sistema,Confirmado,,2026-04-09 22:38:50,2026-04-09 22:38:50,,180,,,
363,Deposito,20.00,2026-04-09 22:38:50,Efectivo,Confirmado,,2026-04-09 22:38:50,2026-06-30 05:30:10,,180,1644,111113612603105,111113612603105
364,apertura,0.00,2026-04-09 22:42:39,Sistema,Confirmado,,2026-04-09 22:42:39,2026-04-09 22:42:39,,181,,,
365,Deposito,30.00,2026-04-09 22:42:39,Efectivo,Confirmado,,2026-04-09 22:42:39,2026-06-30 05:30:10,,181,1450,111113612603105,111113612603105
366,apertura,0.00,2026-04-09 22:43:00,Sistema,Confirmado,,2026-04-09 22:43:00,2026-04-09 22:43:00,,182,,,
367,Deposito,32.00,2026-04-09 22:43:00,Efectivo,Confirmado,,2026-04-09 22:43:00,2026-06-30 05:30:10,,182,1434,111113612603105,111113612603105
368,apertura,0.00,2026-04-09 22:44:41,Sistema,Confirmado,,2026-04-09 22:44:41,2026-04-09 22:44:41,,183,,,
369,Deposito,10.00,2026-04-09 22:44:41,Efectivo,Confirmado,,2026-04-09 22:44:41,2026-06-30 05:30:10,,183,1492,111113612603105,111113612603105
370,apertura,0.00,2026-04-09 22:45:03,Sistema,Confirmado,,2026-04-09 22:45:03,2026-04-09 22:45:03,,184,,,
371,Deposito,30.00,2026-04-09 22:45:03,Efectivo,Confirmado,,2026-04-09 22:45:03,2026-06-30 05:30:10,,184,1498,111113612603105,111113612603105
372,apertura,0.00,2026-04-09 22:45:25,Sistema,Confirmado,,2026-04-09 22:45:25,2026-04-09 22:45:25,,185,,,
373,Deposito,34.00,2026-04-09 22:45:25,Efectivo,Confirmado,,2026-04-09 22:45:25,2026-06-30 05:30:10,,185,1500,111113612603105,111113612603105
374,apertura,0.00,2026-04-09 22:45:50,Sistema,Confirmado,,2026-04-09 22:45:50,2026-04-09 22:45:50,,186,,,
375,Deposito,20.00,2026-04-09 22:45:50,Efectivo,Confirmado,,2026-04-09 22:45:50,2026-06-30 05:30:10,,186,1507,111113612603105,111113612603105
376,apertura,0.00,2026-04-09 22:46:17,Sistema,Confirmado,,2026-04-09 22:46:17,2026-04-09 22:46:17,,187,,,
377,Deposito,10.00,2026-04-09 22:46:17,Efectivo,Confirmado,,2026-04-09 22:46:17,2026-06-30 05:30:10,,187,1505,111113612603105,111113612603105
378,apertura,0.00,2026-04-09 22:46:50,Sistema,Confirmado,,2026-04-09 22:46:50,2026-04-09 22:46:50,,188,,,
379,Deposito,10.00,2026-04-09 22:46:50,Efectivo,Confirmado,,2026-04-09 22:46:50,2026-06-30 05:30:10,,188,1441,111113612603105,111113612603105
380,apertura,0.00,2026-04-09 22:53:24,Sistema,Confirmado,,2026-04-09 22:53:24,2026-04-09 22:53:24,,189,,,
381,Deposito,30.00,2026-04-09 22:53:24,Efectivo,Confirmado,,2026-04-09 22:53:24,2026-06-30 05:30:10,,189,1429,111113612603105,111113612603105
382,apertura,0.00,2026-04-09 22:53:49,Sistema,Confirmado,,2026-04-09 22:53:49,2026-04-09 22:53:49,,190,,,
383,Deposito,26.00,2026-04-09 22:53:49,Efectivo,Confirmado,,2026-04-09 22:53:49,2026-06-30 05:30:10,,190,1436,111113612603105,111113612603105
384,apertura,0.00,2026-04-09 22:54:19,Sistema,Confirmado,,2026-04-09 22:54:19,2026-04-09 22:54:19,,191,,,
385,Deposito,10.00,2026-04-09 22:54:19,Efectivo,Confirmado,,2026-04-09 22:54:19,2026-06-30 05:30:10,,191,1495,111113612603105,111113612603105
386,apertura,0.00,2026-04-09 22:55:28,Sistema,Confirmado,,2026-04-09 22:55:28,2026-04-09 22:55:28,,192,,,
387,Deposito,30.00,2026-04-09 22:55:28,Efectivo,Confirmado,,2026-04-09 22:55:28,2026-06-30 05:30:10,,192,1438,111113612603105,111113612603105
388,apertura,0.00,2026-04-09 22:58:16,Sistema,Confirmado,,2026-04-09 22:58:16,2026-04-09 22:58:16,,193,,,
389,Deposito,20.00,2026-04-09 22:58:16,Efectivo,Confirmado,,2026-04-09 22:58:16,2026-06-30 05:30:10,,193,1497,111113612603105,111113612603105
390,apertura,0.00,2026-04-09 22:59:08,Sistema,Confirmado,,2026-04-09 22:59:08,2026-04-09 22:59:08,,194,,,
391,Deposito,20.00,2026-04-09 22:59:08,Efectivo,Confirmado,,2026-04-09 22:59:08,2026-06-30 05:30:10,,194,1485,111113612603105,111113612603105
392,apertura,0.00,2026-04-09 22:59:37,Sistema,Confirmado,,2026-04-09 22:59:37,2026-04-09 22:59:37,,195,,,
393,Deposito,53.00,2026-04-09 22:59:37,Efectivo,Confirmado,,2026-04-09 22:59:37,2026-06-30 05:30:10,,195,1493,111113612603105,111113612603105
394,apertura,0.00,2026-04-09 23:00:19,Sistema,Confirmado,,2026-04-09 23:00:19,2026-04-09 23:00:19,,196,,,
395,Deposito,30.00,2026-04-09 23:00:19,Efectivo,Confirmado,,2026-04-09 23:00:19,2026-06-30 05:30:10,,196,1502,111113612603105,111113612603105
396,apertura,0.00,2026-04-09 23:00:45,Sistema,Confirmado,,2026-04-09 23:00:45,2026-04-09 23:00:45,,197,,,
397,Deposito,4.00,2026-04-09 23:00:45,Efectivo,Confirmado,,2026-04-09 23:00:45,2026-06-30 05:30:10,,197,1440,111113612603105,111113612603105
398,apertura,0.00,2026-04-09 23:01:05,Sistema,Confirmado,,2026-04-09 23:01:05,2026-04-09 23:01:05,,198,,,
399,Deposito,20.00,2026-04-09 23:01:05,Efectivo,Confirmado,,2026-04-09 23:01:05,2026-06-30 05:30:10,,198,1630,111113612603105,111113612603105
400,apertura,0.00,2026-04-09 23:02:04,Sistema,Confirmado,,2026-04-09 23:02:04,2026-04-09 23:02:04,,199,,,
401,Deposito,20.00,2026-04-09 23:02:04,Efectivo,Confirmado,,2026-04-09 23:02:04,2026-06-30 05:30:10,,199,1496,111113612603105,111113612603105
402,apertura,0.00,2026-04-09 23:02:29,Sistema,Confirmado,,2026-04-09 23:02:29,2026-04-09 23:02:29,,200,,,
403,Deposito,54.00,2026-04-09 23:02:29,Efectivo,Confirmado,,2026-04-09 23:02:29,2026-06-30 05:30:10,,200,1632,111113612603105,111113612603105
404,apertura,0.00,2026-04-10 23:31:17,Sistema,Confirmado,,2026-04-10 23:31:17,2026-04-10 23:31:17,,201,,,
405,Deposito,20.00,2026-04-10 23:31:17,Efectivo,Confirmado,,2026-04-10 23:31:17,2026-06-30 05:30:10,,201,1238,111113612603105,111113612603105
406,apertura,0.00,2026-04-10 23:31:34,Sistema,Confirmado,,2026-04-10 23:31:34,2026-04-10 23:31:34,,202,,,
407,Deposito,20.00,2026-04-10 23:31:34,Efectivo,Confirmado,,2026-04-10 23:31:34,2026-06-30 05:30:10,,202,1240,111113612603105,111113612603105
408,apertura,0.00,2026-04-10 23:33:39,Sistema,Confirmado,,2026-04-10 23:33:39,2026-04-10 23:33:39,,203,,,
409,Deposito,20.00,2026-04-10 23:33:39,Efectivo,Confirmado,,2026-04-10 23:33:39,2026-06-30 05:30:10,,203,,111113612603105,111113612603105
410,apertura,0.00,2026-04-10 23:33:59,Sistema,Confirmado,,2026-04-10 23:33:59,2026-04-10 23:33:59,,204,,,
411,Deposito,20.00,2026-04-10 23:33:59,Efectivo,Confirmado,,2026-04-10 23:33:59,2026-06-30 05:30:10,,204,1130,111113612603105,111113612603105
412,apertura,0.00,2026-04-10 23:34:18,Sistema,Confirmado,,2026-04-10 23:34:18,2026-04-10 23:34:18,,205,,,
413,Deposito,32.00,2026-04-10 23:34:18,Efectivo,Confirmado,,2026-04-10 23:34:18,2026-06-30 05:30:10,,205,1133,111113612603105,111113612603105
414,apertura,0.00,2026-04-10 23:34:38,Sistema,Confirmado,,2026-04-10 23:34:38,2026-04-10 23:34:38,,206,,,
415,Deposito,20.00,2026-04-10 23:34:38,Efectivo,Confirmado,,2026-04-10 23:34:38,2026-06-30 05:30:10,,206,1134,111113612603105,111113612603105
416,apertura,0.00,2026-04-10 23:43:49,Sistema,Confirmado,,2026-04-10 23:43:49,2026-04-10 23:43:49,,207,,,
417,Deposito,20.00,2026-04-10 23:43:49,Efectivo,Confirmado,,2026-04-10 23:43:49,2026-06-30 05:30:10,,207,1131,111113612603105,111113612603105
418,apertura,0.00,2026-04-10 23:58:02,Sistema,Confirmado,,2026-04-10 23:58:02,2026-04-10 23:58:02,,208,,,
419,Deposito,20.00,2026-04-10 23:58:02,Efectivo,Confirmado,,2026-04-10 23:58:02,2026-06-30 05:30:10,,208,1614,111113612603105,111113612603105
420,apertura,0.00,2026-04-10 23:58:36,Sistema,Confirmado,,2026-04-10 23:58:36,2026-04-10 23:58:36,,209,,,
421,Deposito,20.00,2026-04-10 23:58:36,Efectivo,Confirmado,,2026-04-10 23:58:36,2026-06-30 05:30:10,,209,1162,111113612603105,111113612603105
422,apertura,0.00,2026-04-10 23:59:04,Sistema,Confirmado,,2026-04-10 23:59:04,2026-04-10 23:59:04,,210,,,
423,Deposito,20.00,2026-04-10 23:59:04,Efectivo,Confirmado,,2026-04-10 23:59:04,2026-06-30 05:30:10,,210,1159,111113612603105,111113612603105
424,apertura,0.00,2026-04-10 23:59:45,Sistema,Confirmado,,2026-04-10 23:59:45,2026-04-10 23:59:45,,211,,,
425,Deposito,20.00,2026-04-10 23:59:45,Efectivo,Confirmado,,2026-04-10 23:59:45,2026-06-30 05:30:10,,211,1168,111113612603105,111113612603105
426,apertura,0.00,2026-04-11 00:00:13,Sistema,Confirmado,,2026-04-11 00:00:13,2026-04-11 00:00:13,,212,,,
427,Deposito,20.00,2026-04-11 00:00:13,Efectivo,Confirmado,,2026-04-11 00:00:13,2026-06-30 05:30:10,,212,1165,111113612603105,111113612603105
428,apertura,0.00,2026-04-11 00:00:34,Sistema,Confirmado,,2026-04-11 00:00:34,2026-04-11 00:00:34,,213,,,
429,Deposito,20.00,2026-04-11 00:00:34,Efectivo,Confirmado,,2026-04-11 00:00:34,2026-06-30 05:30:10,,213,1154,111113612603105,111113612603105
430,apertura,0.00,2026-04-11 00:00:55,Sistema,Confirmado,,2026-04-11 00:00:55,2026-04-11 00:00:55,,214,,,
431,Deposito,60.00,2026-04-11 00:00:55,Efectivo,Confirmado,,2026-04-11 00:00:55,2026-06-30 05:30:10,,214,1155,111113612603105,111113612603105
432,apertura,0.00,2026-04-11 00:02:42,Sistema,Confirmado,,2026-04-11 00:02:42,2026-04-11 00:02:42,,215,,,
433,Deposito,20.00,2026-04-11 00:02:42,Efectivo,Confirmado,,2026-04-11 00:02:42,2026-06-30 05:30:10,,215,1160,111113612603105,111113612603105
434,apertura,0.00,2026-04-11 00:03:04,Sistema,Confirmado,,2026-04-11 00:03:04,2026-04-11 00:03:04,,216,,,
435,Deposito,20.00,2026-04-11 00:03:04,Efectivo,Confirmado,,2026-04-11 00:03:04,2026-06-30 05:30:10,,216,,111113612603105,111113612603105
436,apertura,0.00,2026-04-11 00:03:32,Sistema,Confirmado,,2026-04-11 00:03:32,2026-04-11 00:03:32,,217,,,
437,Deposito,13.00,2026-04-11 00:03:32,Efectivo,Confirmado,,2026-04-11 00:03:32,2026-06-30 05:30:10,,217,1615,111113612603105,111113612603105
438,apertura,0.00,2026-04-11 00:11:39,Sistema,Confirmado,,2026-04-11 00:11:39,2026-04-11 00:11:39,,218,,,
439,Deposito,20.00,2026-04-11 00:11:39,Efectivo,Confirmado,,2026-04-11 00:11:39,2026-06-30 05:30:10,,218,1151,111113612603105,111113612603105
440,apertura,0.00,2026-04-11 00:12:17,Sistema,Confirmado,,2026-04-11 00:12:17,2026-04-11 00:12:17,,219,,,
441,Deposito,20.00,2026-04-11 00:12:17,Efectivo,Confirmado,,2026-04-11 00:12:17,2026-06-30 05:30:10,,219,,111113612603105,111113612603105
442,apertura,0.00,2026-04-11 00:13:51,Sistema,Confirmado,,2026-04-11 00:13:51,2026-04-11 00:13:51,,220,,,
443,Deposito,20.00,2026-04-11 00:13:51,Efectivo,Confirmado,,2026-04-11 00:13:51,2026-06-30 05:30:10,,220,1166,111113612603105,111113612603105
444,apertura,0.00,2026-04-11 00:14:39,Sistema,Confirmado,,2026-04-11 00:14:39,2026-04-11 00:14:39,,221,,,
445,Deposito,20.00,2026-04-11 00:14:39,Efectivo,Confirmado,,2026-04-11 00:14:39,2026-06-30 05:30:10,,221,1167,111113612603105,111113612603105
446,apertura,0.00,2026-04-11 00:15:21,Sistema,Confirmado,,2026-04-11 00:15:21,2026-04-11 00:15:21,,222,,,
447,Deposito,20.00,2026-04-11 00:15:21,Efectivo,Confirmado,,2026-04-11 00:15:21,2026-06-30 05:30:10,,222,1616,111113612603105,111113612603105
448,apertura,0.00,2026-04-11 00:15:42,Sistema,Confirmado,,2026-04-11 00:15:42,2026-04-11 00:15:42,,223,,,
449,Deposito,20.00,2026-04-11 00:15:42,Efectivo,Confirmado,,2026-04-11 00:15:42,2026-06-30 05:30:10,,223,1171,111113612603105,111113612603105
450,apertura,0.00,2026-04-11 16:22:38,Sistema,Confirmado,,2026-04-11 16:22:38,2026-04-11 16:22:38,,224,,,
451,Deposito,68.00,2026-04-11 16:22:38,Efectivo,Confirmado,,2026-04-11 16:22:38,2026-06-30 05:30:10,,224,1061,111113612603105,111113612603105
452,apertura,0.00,2026-04-11 16:23:03,Sistema,Confirmado,,2026-04-11 16:23:03,2026-04-11 16:23:03,,225,,,
454,Deposito,68.00,2026-04-11 16:24:10,Efectivo,Confirmado,,2026-04-11 16:24:10,2026-06-30 05:30:10,,94,1115,111113612603105,111113612603105
455,apertura,0.00,2026-04-11 16:24:33,Sistema,Confirmado,,2026-04-11 16:24:33,2026-04-11 16:24:33,,226,,,
456,Deposito,124.00,2026-04-11 16:24:33,Efectivo,Confirmado,,2026-04-11 16:24:33,2026-06-30 05:30:10,,226,1057,111113612603105,111113612603105
457,apertura,0.00,2026-04-11 16:25:25,Sistema,Confirmado,,2026-04-11 16:25:25,2026-04-11 16:25:25,,227,,,
458,Deposito,102.00,2026-04-11 16:25:25,Efectivo,Confirmado,,2026-04-11 16:25:25,2026-06-30 05:30:10,,227,1059,111113612603105,111113612603105
459,apertura,0.00,2026-04-11 16:26:39,Sistema,Confirmado,,2026-04-11 16:26:39,2026-04-11 16:26:39,,228,,,
460,Deposito,36.00,2026-04-11 16:26:39,Efectivo,Confirmado,,2026-04-11 16:26:39,2026-06-30 05:30:10,,228,1259,111113612603105,111113612603105
461,apertura,0.00,2026-04-11 16:27:00,Sistema,Confirmado,,2026-04-11 16:27:00,2026-04-11 16:27:00,,229,,,
462,Deposito,20.00,2026-04-11 16:27:00,Efectivo,Confirmado,,2026-04-11 16:27:00,2026-06-30 05:30:10,,229,1268,111113612603105,111113612603105
463,apertura,0.00,2026-04-11 16:27:20,Sistema,Confirmado,,2026-04-11 16:27:20,2026-04-11 16:27:20,,230,,,
464,Deposito,20.00,2026-04-11 16:27:20,Efectivo,Confirmado,,2026-04-11 16:27:20,2026-06-30 05:30:10,,230,1265,111113612603105,111113612603105
465,apertura,0.00,2026-04-11 16:27:40,Sistema,Confirmado,,2026-04-11 16:27:40,2026-04-11 16:27:40,,231,,,
466,Deposito,20.00,2026-04-11 16:27:40,Efectivo,Confirmado,,2026-04-11 16:27:40,2026-06-30 05:30:10,,231,1691,111113612603105,111113612603105
467,apertura,0.00,2026-04-11 16:28:04,Sistema,Confirmado,,2026-04-11 16:28:04,2026-04-11 16:28:04,,232,,,
468,Deposito,40.00,2026-04-11 16:28:04,Efectivo,Confirmado,,2026-04-11 16:28:04,2026-06-30 05:30:10,,232,1271,111113612603105,111113612603105
469,apertura,0.00,2026-04-11 16:28:48,Sistema,Confirmado,,2026-04-11 16:28:48,2026-04-11 16:28:48,,233,,,
470,Deposito,10.00,2026-04-11 16:28:48,Efectivo,Confirmado,,2026-04-11 16:28:48,2026-06-30 05:30:10,,233,1677,111113612603105,111113612603105
471,apertura,0.00,2026-04-11 16:29:32,Sistema,Confirmado,,2026-04-11 16:29:32,2026-04-11 16:29:32,,234,,,
472,Deposito,30.00,2026-04-11 16:29:32,Efectivo,Confirmado,,2026-04-11 16:29:32,2026-06-30 05:30:10,,234,1275,111113612603105,111113612603105
473,apertura,0.00,2026-04-11 16:29:56,Sistema,Confirmado,,2026-04-11 16:29:56,2026-04-11 16:29:56,,235,,,
474,Deposito,20.00,2026-04-11 16:29:56,Efectivo,Confirmado,,2026-04-11 16:29:56,2026-06-30 05:30:10,,235,1269,111113612603105,111113612603105
475,apertura,0.00,2026-04-11 16:30:25,Sistema,Confirmado,,2026-04-11 16:30:25,2026-04-11 16:30:25,,236,,,
476,Deposito,50.00,2026-04-11 16:30:25,Efectivo,Confirmado,,2026-04-11 16:30:25,2026-06-30 05:30:10,,236,1696,111113612603105,111113612603105
477,apertura,0.00,2026-04-11 16:30:45,Sistema,Confirmado,,2026-04-11 16:30:45,2026-04-11 16:30:45,,237,,,
478,Deposito,10.00,2026-04-11 16:30:45,Efectivo,Confirmado,,2026-04-11 16:30:45,2026-06-30 05:30:10,,237,1281,111113612603105,111113612603105
479,apertura,0.00,2026-04-11 16:31:03,Sistema,Confirmado,,2026-04-11 16:31:03,2026-04-11 16:31:03,,238,,,
480,Deposito,40.00,2026-04-11 16:31:03,Efectivo,Confirmado,,2026-04-11 16:31:03,2026-06-30 05:30:10,,238,1283,111113612603105,111113612603105
481,apertura,0.00,2026-04-11 16:31:23,Sistema,Confirmado,,2026-04-11 16:31:23,2026-04-11 16:31:23,,239,,,
482,Deposito,40.00,2026-04-11 16:31:23,Efectivo,Confirmado,,2026-04-11 16:31:23,2026-06-30 05:30:10,,239,1285,111113612603105,111113612603105
483,apertura,0.00,2026-04-11 16:36:35,Sistema,Confirmado,,2026-04-11 16:36:35,2026-04-11 16:36:35,,240,,,
484,Deposito,15.00,2026-04-11 16:36:35,Efectivo,Confirmado,,2026-04-11 16:36:35,2026-06-30 05:30:10,,240,1023,111113612603105,111113612603105
485,apertura,0.00,2026-04-11 16:46:49,Sistema,Confirmado,,2026-04-11 16:46:49,2026-04-11 16:46:49,,241,,,
486,Deposito,10.50,2026-04-11 16:46:49,Efectivo,Confirmado,,2026-04-11 16:46:49,2026-06-30 05:30:10,,241,1027,111113612603105,111113612603105
487,apertura,0.00,2026-04-11 16:47:26,Sistema,Confirmado,,2026-04-11 16:47:26,2026-04-11 16:47:26,,242,,,
489,apertura,0.00,2026-04-11 16:47:42,Sistema,Confirmado,,2026-04-11 16:47:42,2026-04-11 16:47:42,,243,,,
490,Deposito,53.00,2026-04-11 16:47:42,Efectivo,Confirmado,,2026-04-11 16:47:42,2026-06-30 05:30:10,,243,1033,111113612603105,111113612603105
491,apertura,0.00,2026-04-11 16:47:59,Sistema,Confirmado,,2026-04-11 16:47:59,2026-04-11 16:47:59,,244,,,
492,Deposito,15.00,2026-04-11 16:47:59,Efectivo,Confirmado,,2026-04-11 16:47:59,2026-06-30 05:30:10,,244,1025,111113612603105,111113612603105
493,apertura,0.00,2026-04-11 16:48:20,Sistema,Confirmado,,2026-04-11 16:48:20,2026-04-11 16:48:20,,245,,,
494,Deposito,10.00,2026-04-11 16:48:20,Efectivo,Confirmado,,2026-04-11 16:48:20,2026-06-30 05:30:10,,245,1029,111113612603105,111113612603105
495,apertura,0.00,2026-04-11 16:48:36,Sistema,Confirmado,,2026-04-11 16:48:36,2026-04-11 16:48:36,,246,,,
496,Deposito,10.00,2026-04-11 16:48:36,Efectivo,Confirmado,,2026-04-11 16:48:36,2026-06-30 05:30:10,,246,1036,111113612603105,111113612603105
497,apertura,0.00,2026-04-11 16:48:56,Sistema,Confirmado,,2026-04-11 16:48:56,2026-04-11 16:48:56,,247,,,
498,Deposito,10.00,2026-04-11 16:48:56,Efectivo,Confirmado,,2026-04-11 16:48:56,2026-06-30 05:30:10,,247,1038,111113612603105,111113612603105
499,apertura,0.00,2026-04-11 16:49:25,Sistema,Confirmado,,2026-04-11 16:49:25,2026-04-11 16:49:25,,248,,,
500,Deposito,14.00,2026-04-11 16:49:25,Efectivo,Confirmado,,2026-04-11 16:49:25,2026-06-30 05:30:10,,248,1042,111113612603105,111113612603105
501,apertura,0.00,2026-04-11 16:49:48,Sistema,Confirmado,,2026-04-11 16:49:48,2026-04-11 16:49:48,,249,,,
502,Deposito,31.50,2026-04-11 16:49:48,Efectivo,Confirmado,,2026-04-11 16:49:48,2026-06-30 05:30:10,,249,1034,111113612603105,111113612603105
503,apertura,0.00,2026-04-11 16:50:14,Sistema,Confirmado,,2026-04-11 16:50:14,2026-04-11 16:50:14,,250,,,
504,Deposito,16.00,2026-04-11 16:50:14,Efectivo,Confirmado,,2026-04-11 16:50:14,2026-06-30 05:30:10,,250,1040,111113612603105,111113612603105
505,apertura,0.00,2026-04-11 16:50:33,Sistema,Confirmado,,2026-04-11 16:50:33,2026-04-11 16:50:33,,251,,,
506,Deposito,10.00,2026-04-11 16:50:33,Efectivo,Confirmado,,2026-04-11 16:50:33,2026-06-30 05:30:10,,251,1690,111113612603105,111113612603105
507,apertura,0.00,2026-04-11 16:50:58,Sistema,Confirmado,,2026-04-11 16:50:58,2026-04-11 16:50:58,,252,,,
508,Deposito,20.00,2026-04-11 16:50:58,Efectivo,Confirmado,,2026-04-11 16:50:58,2026-06-30 05:30:10,,252,1695,111113612603105,111113612603105
509,apertura,0.00,2026-04-11 16:51:12,Sistema,Confirmado,,2026-04-11 16:51:12,2026-04-11 16:51:12,,253,,,
510,Deposito,20.00,2026-04-11 16:51:12,Efectivo,Confirmado,,2026-04-11 16:51:12,2026-06-30 05:30:10,,253,1044,111113612603105,111113612603105
511,apertura,0.00,2026-04-11 16:51:45,Sistema,Confirmado,,2026-04-11 16:51:45,2026-04-11 16:51:45,,254,,,
512,Deposito,10.00,2026-04-11 16:51:45,Efectivo,Confirmado,,2026-04-11 16:51:45,2026-06-30 05:30:10,,254,1048,111113612603105,111113612603105
513,apertura,0.00,2026-04-11 16:52:42,Sistema,Confirmado,,2026-04-11 16:52:42,2026-04-11 16:52:42,,255,,,
514,Deposito,10.00,2026-04-11 16:52:42,Efectivo,Confirmado,,2026-04-11 16:52:42,2026-06-30 05:30:10,,255,,111113612603105,111113612603105
515,apertura,0.00,2026-04-11 16:53:12,Sistema,Confirmado,,2026-04-11 16:53:12,2026-04-11 16:53:12,,256,,,
516,Deposito,20.00,2026-04-11 16:53:12,Efectivo,Confirmado,,2026-04-11 16:53:12,2026-06-30 05:30:10,,256,1050,111113612603105,111113612603105
517,apertura,0.00,2026-04-11 16:58:21,Sistema,Confirmado,,2026-04-11 16:58:21,2026-04-11 16:58:21,,257,,,
518,Deposito,64.00,2026-04-11 16:58:21,Efectivo,Confirmado,,2026-04-11 16:58:21,2026-06-30 05:30:10,,257,1638,111113612603105,111113612603105
519,apertura,0.00,2026-04-11 16:58:40,Sistema,Confirmado,,2026-04-11 16:58:40,2026-04-11 16:58:40,,258,,,
520,Deposito,40.00,2026-04-11 16:58:40,Efectivo,Confirmado,,2026-04-11 16:58:40,2026-06-30 05:30:10,,258,1639,111113612603105,111113612603105
521,apertura,0.00,2026-04-11 16:58:58,Sistema,Confirmado,,2026-04-11 16:58:58,2026-04-11 16:58:58,,259,,,
522,Deposito,164.00,2026-04-11 16:58:58,Efectivo,Confirmado,,2026-04-11 16:58:58,2026-06-30 05:30:10,,259,1637,111113612603105,111113612603105
523,apertura,0.00,2026-04-11 16:59:14,Sistema,Confirmado,,2026-04-11 16:59:14,2026-04-11 16:59:14,,260,,,
524,Deposito,34.00,2026-04-11 16:59:14,Efectivo,Confirmado,,2026-04-11 16:59:14,2026-06-30 05:30:10,,260,1636,111113612603105,111113612603105
525,apertura,0.00,2026-04-11 17:00:16,Sistema,Confirmado,,2026-04-11 17:00:16,2026-04-11 17:00:16,,261,,,
526,Deposito,34.00,2026-04-11 17:00:16,Efectivo,Confirmado,,2026-04-11 17:00:16,2026-06-30 05:30:10,,261,1640,111113612603105,111113612603105
527,apertura,0.00,2026-04-11 17:02:07,Sistema,Confirmado,,2026-04-11 17:02:07,2026-04-11 17:02:07,,262,,,
528,Deposito,20.00,2026-04-11 17:02:07,Efectivo,Confirmado,,2026-04-11 17:02:07,2026-06-30 05:30:10,,262,980,111113612603105,111113612603105
529,apertura,0.00,2026-04-11 17:02:24,Sistema,Confirmado,,2026-04-11 17:02:24,2026-04-11 17:02:24,,263,,,
530,Deposito,20.00,2026-04-11 17:02:24,Efectivo,Confirmado,,2026-04-11 17:02:24,2026-06-30 05:30:10,,263,981,111113612603105,111113612603105
531,apertura,0.00,2026-04-11 17:09:10,Sistema,Confirmado,,2026-04-11 17:09:10,2026-04-11 17:09:10,,264,,,
532,Deposito,106.00,2026-04-11 17:09:10,Efectivo,Confirmado,,2026-04-11 17:09:10,2026-06-30 05:30:10,,264,1555,111113612603105,111113612603105
533,apertura,0.00,2026-04-11 17:09:40,Sistema,Confirmado,,2026-04-11 17:09:40,2026-04-11 17:09:40,,265,,,
534,Deposito,5.00,2026-04-11 17:09:40,Efectivo,Confirmado,,2026-04-11 17:09:40,2026-06-30 05:30:10,,265,1557,111113612603105,111113612603105
535,apertura,0.00,2026-04-13 15:41:00,Sistema,Confirmado,,2026-04-13 15:41:00,2026-04-13 15:41:00,,266,,,
536,Deposito,42.00,2026-04-13 15:41:00,Efectivo,Confirmado,,2026-04-13 15:41:00,2026-06-30 05:30:10,,266,1393,111113612603105,111113612603105
537,Retiro,42.00,2026-04-13 15:45:59,Efectivo,Confirmado,,2026-04-13 15:45:59,2026-06-30 05:30:10,2026-04-13 21:45:59,266,1393,111113612603105,111113612603105
540,Deposito,444.00,2026-04-13 16:17:44,Efectivo,Confirmado,,2026-04-13 16:17:44,2026-06-30 05:30:10,,243,1033,111113612603105,111113612603105
541,Deposito,230.00,2026-04-13 16:20:00,Efectivo,Confirmado,,2026-04-13 16:20:00,2026-06-30 05:30:10,,251,1690,111113612603105,111113612603105
542,Retiro,464.00,2026-04-13 16:22:40,Efectivo,Confirmado,,2026-04-13 16:22:39,2026-06-30 05:30:10,2026-04-13 22:22:40,243,1033,111113612603105,111113612603105
543,Retiro,240.00,2026-04-13 16:22:40,Efectivo,Confirmado,,2026-04-13 16:22:39,2026-06-30 05:30:10,2026-04-13 22:22:40,251,1690,111113612603105,111113612603105
544,Deposito,960.00,2026-04-13 16:32:55,Efectivo,Confirmado,,2026-04-13 16:32:55,2026-06-30 05:30:10,,156,1554,111113612603105,111113612603105
545,Retiro,1030.00,2026-04-13 16:33:19,Efectivo,Confirmado,,2026-04-13 16:33:19,2026-06-30 05:30:10,2026-04-13 22:33:19,156,1554,111113612603105,111113612603105
546,apertura,0.00,2026-04-13 16:57:13,Sistema,Confirmado,,2026-04-13 16:57:13,2026-04-13 16:57:13,,267,,,
547,Deposito,650.00,2026-04-13 16:57:13,Efectivo,Confirmado,,2026-04-13 16:57:13,2026-06-30 05:30:10,,267,1676,111113612603105,111113612603105
548,Retiro,650.00,2026-04-13 16:57:35,Efectivo,Confirmado,,2026-04-13 16:57:35,2026-06-30 05:30:10,2026-04-13 22:57:35,267,1676,111113612603105,111113612603105
549,Deposito,420.00,2026-04-13 17:13:12,Efectivo,Confirmado,,2026-04-13 17:13:12,2026-06-30 05:30:10,,82,1678,111113612603105,111113612603105
550,Retiro,440.00,2026-04-13 17:14:35,Efectivo,Confirmado,,2026-04-13 17:14:34,2026-06-30 05:29:35,2026-04-13 23:14:35,82,1678,111113612603105,
551,Deposito,1002.00,2026-04-13 17:36:03,Efectivo,Confirmado,,2026-04-13 17:36:03,2026-06-30 05:30:10,,200,1632,111113612603105,111113612603105
552,apertura,0.00,2026-04-13 17:36:20,Sistema,Confirmado,,2026-04-13 17:36:20,2026-04-13 17:36:20,,268,,,
553,Deposito,30.00,2026-04-13 17:36:20,Efectivo,Confirmado,,2026-04-13 17:36:20,2026-06-30 05:30:10,,268,,111113612603105,111113612603105
554,apertura,0.00,2026-04-13 17:36:39,Sistema,Confirmado,,2026-04-13 17:36:39,2026-04-13 17:36:39,,269,,,
555,Deposito,280.00,2026-04-13 17:36:39,Efectivo,Confirmado,,2026-04-13 17:36:39,2026-06-30 05:30:10,,269,1694,111113612603105,111113612603105
556,Retiro,280.00,2026-04-13 18:07:06,Efectivo,Confirmado,,2026-04-13 18:07:05,2026-06-30 05:29:35,2026-04-14 00:07:06,269,1694,111113612603105,
557,Retiro,1002.00,2026-04-13 18:07:06,Efectivo,Confirmado,,2026-04-13 18:07:05,2026-06-30 05:29:35,2026-04-14 00:07:06,200,1632,111113612603105,
558,Retiro,30.00,2026-04-13 18:07:06,Efectivo,Confirmado,,2026-04-13 18:07:05,2026-06-30 05:30:10,2026-04-14 00:07:06,268,,111113612603105,111113612603105
559,Deposito,160.00,2026-04-13 18:21:39,Efectivo,Confirmado,,2026-04-13 18:21:39,2026-06-30 05:30:10,,203,,111113612603105,111113612603105
560,Retiro,180.00,2026-04-13 18:24:22,Efectivo,Confirmado,,2026-04-13 18:24:22,2026-06-30 05:30:10,2026-04-14 00:24:22,203,,111113612603105,111113612603105
561,apertura,0.00,2026-04-13 18:36:01,Sistema,Confirmado,,2026-04-13 18:36:01,2026-04-13 18:36:01,,270,,,
562,Deposito,780.00,2026-04-13 18:36:01,Efectivo,Confirmado,,2026-04-13 18:36:01,2026-06-30 05:30:10,,270,1072,111113612603105,111113612603105
563,Retiro,780.00,2026-04-13 18:36:53,Efectivo,Confirmado,,2026-04-13 18:36:52,2026-06-30 05:30:10,2026-04-14 00:36:53,270,1072,111113612603105,111113612603105
564,Deposito,400.00,2026-04-13 18:47:28,Efectivo,Confirmado,,2026-04-13 18:47:28,2026-06-30 05:30:10,,231,1691,111113612603105,111113612603105
565,Deposito,1040.00,2026-04-13 18:48:21,Efectivo,Confirmado,,2026-04-13 18:48:21,2026-06-30 05:30:10,,236,1696,111113612603105,111113612603105
566,Retiro,420.00,2026-04-13 18:51:33,Efectivo,Confirmado,,2026-04-13 18:51:32,2026-06-30 05:30:10,2026-04-14 00:51:33,231,1691,111113612603105,111113612603105
567,Retiro,1090.00,2026-04-13 18:51:33,Efectivo,Confirmado,,2026-04-13 18:51:32,2026-06-30 05:30:11,2026-04-14 00:51:33,236,1696,111113612603105,111113612603105
568,apertura,0.00,2026-04-13 19:02:13,Sistema,Confirmado,,2026-04-13 19:02:13,2026-04-13 19:02:13,,271,,,
569,Deposito,180.00,2026-04-13 19:02:13,Efectivo,Confirmado,,2026-04-13 19:02:13,2026-06-30 05:30:11,,271,,111113612603105,111113612603105
570,apertura,0.00,2026-04-13 19:05:02,Sistema,Confirmado,,2026-04-13 19:05:02,2026-04-13 19:05:02,,272,,,
571,Deposito,200.00,2026-04-13 19:05:02,Efectivo,Confirmado,,2026-04-13 19:05:02,2026-06-30 05:30:11,,272,,111113612603105,111113612603105
574,apertura,0.00,2026-04-13 19:05:27,Sistema,Confirmado,,2026-04-13 19:05:27,2026-04-13 19:05:27,,273,,,
575,Deposito,30.00,2026-04-13 19:05:27,Efectivo,Confirmado,,2026-04-13 19:05:27,2026-06-30 05:30:11,,273,,111113612603105,111113612603105
576,Retiro,180.00,2026-04-13 19:09:07,Efectivo,Confirmado,,2026-04-13 19:09:07,2026-06-30 05:30:11,2026-04-14 01:09:07,271,,111113612603105,111113612603105
577,Retiro,200.00,2026-04-13 19:09:07,Efectivo,Confirmado,,2026-04-13 19:09:07,2026-06-30 05:30:11,2026-04-14 01:09:07,272,,111113612603105,111113612603105
578,Retiro,30.00,2026-04-13 19:09:07,Efectivo,Confirmado,,2026-04-13 19:09:07,2026-06-30 05:30:11,2026-04-14 01:09:07,273,,111113612603105,111113612603105
579,Deposito,42.00,2026-04-13 21:16:10,Efectivo,Confirmado,,2026-04-13 21:16:10,2026-06-30 05:30:11,,1,1413,111113612603105,111113612603105
580,Deposito,32.00,2026-04-13 21:16:25,Efectivo,Confirmado,,2026-04-13 21:16:25,2026-06-30 05:30:11,,2,1415,111113612603105,111113612603105
581,Deposito,32.00,2026-04-13 21:16:50,Efectivo,Confirmado,,2026-04-13 21:16:50,2026-06-30 05:30:11,,3,1417,111113612603105,111113612603105
582,Deposito,62.00,2026-04-13 21:17:07,Efectivo,Confirmado,,2026-04-13 21:17:07,2026-06-30 05:30:11,,4,1416,111113612603105,111113612603105
583,Deposito,20.00,2026-04-13 21:28:14,Efectivo,Confirmado,,2026-04-13 21:28:14,2026-06-30 05:30:11,,5,1702,111113612603105,111113612603105
584,Deposito,20.00,2026-04-13 21:28:38,Efectivo,Confirmado,,2026-04-13 21:28:38,2026-06-30 05:30:11,,6,855,111113612603105,111113612603105
585,Deposito,20.00,2026-04-13 21:29:10,Efectivo,Confirmado,,2026-04-13 21:29:10,2026-06-30 05:30:11,,7,1645,111113612603105,111113612603105
586,Deposito,6.00,2026-04-13 21:29:34,Efectivo,Confirmado,,2026-04-13 21:29:34,2026-06-30 05:30:11,,8,858,111113612603105,111113612603105
587,Deposito,12.00,2026-04-13 21:35:14,Efectivo,Confirmado,,2026-04-13 21:35:14,2026-06-30 05:30:11,,9,852,111113612603105,111113612603105
588,Deposito,20.00,2026-04-13 21:35:34,Efectivo,Confirmado,,2026-04-13 21:35:34,2026-06-30 05:30:11,,10,1647,111113612603105,111113612603105
589,Deposito,20.00,2026-04-13 21:36:05,Efectivo,Confirmado,,2026-04-13 21:36:05,2026-06-30 05:30:11,,11,1646,111113612603105,111113612603105
590,Deposito,20.00,2026-04-13 21:36:32,Efectivo,Confirmado,,2026-04-13 21:36:32,2026-06-30 05:30:11,,12,856,111113612603105,111113612603105
591,Deposito,20.00,2026-04-13 21:36:50,Efectivo,Confirmado,,2026-04-13 21:36:50,2026-06-30 05:30:11,,13,864,111113612603105,111113612603105
592,Deposito,60.00,2026-04-13 21:37:18,Efectivo,Confirmado,,2026-04-13 21:37:18,2026-06-30 05:30:11,,14,861,111113612603105,111113612603105
593,Deposito,20.00,2026-04-13 21:39:27,Efectivo,Confirmado,,2026-04-13 21:39:27,2026-06-30 05:30:11,,15,865,111113612603105,111113612603105
594,Deposito,20.00,2026-04-13 21:40:01,Efectivo,Confirmado,,2026-04-13 21:40:01,2026-06-30 05:30:11,,16,862,111113612603105,111113612603105
595,Deposito,20.00,2026-04-13 21:40:20,Efectivo,Confirmado,,2026-04-13 21:40:20,2026-06-30 05:30:11,,17,863,111113612603105,111113612603105
596,Deposito,20.00,2026-04-13 21:40:52,Efectivo,Confirmado,,2026-04-13 21:40:52,2026-06-30 05:30:11,,19,1648,111113612603105,111113612603105
597,Deposito,20.00,2026-04-13 21:43:55,Efectivo,Confirmado,,2026-04-13 21:43:55,2026-06-30 05:30:11,,20,869,111113612603105,111113612603105
598,Deposito,30.00,2026-04-13 21:44:16,Efectivo,Confirmado,,2026-04-13 21:44:16,2026-06-30 05:30:11,,21,870,111113612603105,111113612603105
599,Deposito,20.00,2026-04-13 21:44:35,Efectivo,Confirmado,,2026-04-13 21:44:35,2026-06-30 05:30:11,,22,1021,111113612603105,111113612603105
600,apertura,0.00,2026-04-13 21:45:49,Sistema,Confirmado,,2026-04-13 21:45:49,2026-04-13 21:45:49,,274,,,
601,Deposito,5.00,2026-04-13 21:45:49,Efectivo,Confirmado,,2026-04-13 21:45:49,2026-06-30 05:30:11,,274,1674,111113612603105,111113612603105
602,Deposito,55.00,2026-04-13 21:46:24,Efectivo,Confirmado,,2026-04-13 21:46:24,2026-06-30 05:30:11,,23,1540,111113612603105,111113612603105
603,Deposito,36.00,2026-04-13 21:55:06,Efectivo,Confirmado,,2026-04-13 21:55:06,2026-06-30 05:30:11,,34,1683,111113612603105,111113612603105
604,Deposito,38.00,2026-04-13 21:55:24,Efectivo,Confirmado,,2026-04-13 21:55:24,2026-06-30 05:30:11,,35,1710,111113612603105,111113612603105
605,Deposito,38.00,2026-04-13 22:02:36,Efectivo,Confirmado,,2026-04-13 22:02:36,2026-06-30 05:30:11,,36,1053,111113612603105,111113612603105
606,apertura,0.00,2026-04-13 22:04:05,Sistema,Confirmado,,2026-04-13 22:04:05,2026-04-13 22:04:05,,275,,,
607,Deposito,28.00,2026-04-13 22:04:05,Efectivo,Confirmado,,2026-04-13 22:04:05,2026-06-30 05:30:11,,275,1693,111113612603105,111113612603105
608,Deposito,44.00,2026-04-13 22:15:01,Efectivo,Confirmado,,2026-04-13 22:15:01,2026-06-30 05:30:11,,30,1123,111113612603105,111113612603105
609,Deposito,44.00,2026-04-13 22:15:28,Efectivo,Confirmado,,2026-04-13 22:15:28,2026-06-30 05:30:11,,31,1124,111113612603105,111113612603105
610,Deposito,44.00,2026-04-13 22:15:43,Efectivo,Confirmado,,2026-04-13 22:15:43,2026-06-30 05:30:11,,32,1125,111113612603105,111113612603105
611,Deposito,44.00,2026-04-13 22:16:02,Efectivo,Confirmado,,2026-04-13 22:16:02,2026-06-30 05:30:11,,33,1126,111113612603105,111113612603105
612,Deposito,62.00,2026-04-13 22:16:32,Efectivo,Confirmado,,2026-04-13 22:16:32,2026-06-30 05:30:11,,24,1400,111113612603105,111113612603105
613,Deposito,62.00,2026-04-13 22:16:50,Efectivo,Confirmado,,2026-04-13 22:16:50,2026-06-30 05:30:11,,25,1403,111113612603105,111113612603105
614,Deposito,62.00,2026-04-13 22:17:13,Efectivo,Confirmado,,2026-04-13 22:17:13,2026-06-30 05:30:11,,26,1401,111113612603105,111113612603105
615,apertura,0.00,2026-04-13 22:17:30,Sistema,Confirmado,,2026-04-13 22:17:30,2026-04-13 22:17:30,,276,,,
616,Deposito,62.00,2026-04-13 22:17:30,Efectivo,Confirmado,,2026-04-13 22:17:30,2026-06-30 05:30:11,,276,1402,111113612603105,111113612603105
617,apertura,0.00,2026-04-13 22:17:50,Sistema,Confirmado,,2026-04-13 22:17:50,2026-04-13 22:17:50,,277,,,
618,Deposito,62.00,2026-04-13 22:17:50,Efectivo,Confirmado,,2026-04-13 22:17:50,2026-06-30 05:30:11,,277,1404,111113612603105,111113612603105
619,Deposito,20.00,2026-04-13 22:18:13,Efectivo,Confirmado,,2026-04-13 22:18:13,2026-06-30 05:30:11,,27,1405,111113612603105,111113612603105
620,Deposito,60.00,2026-04-13 22:18:44,Efectivo,Confirmado,,2026-04-13 22:18:44,2026-06-30 05:30:11,,28,1406,111113612603105,111113612603105
621,Deposito,20.00,2026-04-13 22:18:57,Efectivo,Confirmado,,2026-04-13 22:18:57,2026-06-30 05:30:11,,29,1407,111113612603105,111113612603105
622,Deposito,19.00,2026-04-14 20:07:57,Efectivo,Confirmado,,2026-04-14 20:07:57,2026-06-30 05:30:11,,42,1545,111113612603105,111113612603105
623,Deposito,85.00,2026-04-14 20:18:51,Efectivo,Confirmado,,2026-04-14 20:18:51,2026-06-30 05:30:11,,47,1550,111113612603105,111113612603105
624,Deposito,56.00,2026-04-14 20:20:11,Efectivo,Confirmado,,2026-04-14 20:20:11,2026-06-30 05:30:11,,45,1548,111113612603105,111113612603105
625,Deposito,80.00,2026-04-14 20:51:13,Efectivo,Confirmado,,2026-04-14 20:51:13,2026-06-30 05:30:11,,44,1547,111113612603105,111113612603105
626,Deposito,119.00,2026-04-14 20:51:42,Efectivo,Confirmado,,2026-04-14 20:51:42,2026-06-30 05:30:11,,49,1660,111113612603105,111113612603105
627,Deposito,34.00,2026-04-14 20:52:13,Efectivo,Confirmado,,2026-04-14 20:52:13,2026-06-30 05:30:11,,46,1658,111113612603105,111113612603105
628,Deposito,13.00,2026-04-14 20:52:55,Efectivo,Confirmado,,2026-04-14 20:52:55,2026-06-30 05:30:11,,38,1541,111113612603105,111113612603105
629,Deposito,56.00,2026-04-14 20:53:25,Efectivo,Confirmado,,2026-04-14 20:53:25,2026-06-30 05:30:11,,40,1543,111113612603105,111113612603105
630,Deposito,70.00,2026-04-14 20:53:51,Efectivo,Confirmado,,2026-04-14 20:53:51,2026-06-30 05:30:11,,41,1544,111113612603105,111113612603105
631,Deposito,113.00,2026-04-14 20:54:20,Efectivo,Confirmado,,2026-04-14 20:54:20,2026-06-30 05:30:11,,39,1542,111113612603105,111113612603105
632,Deposito,213.00,2026-04-14 20:54:47,Efectivo,Confirmado,,2026-04-14 20:54:47,2026-06-30 05:30:11,,43,1546,111113612603105,111113612603105
633,Deposito,10.00,2026-04-14 21:30:56,Efectivo,Confirmado,,2026-04-14 21:30:56,2026-06-30 05:30:11,,51,1624,111113612603105,111113612603105
634,Deposito,20.00,2026-04-14 21:31:14,Efectivo,Confirmado,,2026-04-14 21:31:14,2026-06-30 05:30:11,,52,1707,111113612603105,111113612603105
635,Deposito,20.00,2026-04-14 21:31:31,Efectivo,Confirmado,,2026-04-14 21:31:31,2026-06-30 05:30:11,,53,874,111113612603105,111113612603105
636,Deposito,42.00,2026-04-14 21:32:04,Efectivo,Confirmado,,2026-04-14 21:32:04,2026-06-30 05:30:11,,54,1650,111113612603105,111113612603105
637,apertura,0.00,2026-04-14 21:32:28,Sistema,Confirmado,,2026-04-14 21:32:28,2026-04-14 21:32:28,,278,,,
638,Deposito,60.00,2026-04-14 21:32:28,Efectivo,Confirmado,,2026-04-14 21:32:28,2026-06-30 05:30:11,,278,1633,111113612603105,111113612603105
639,Deposito,10.00,2026-04-14 21:32:54,Efectivo,Confirmado,,2026-04-14 21:32:54,2026-06-30 05:30:11,,55,879,111113612603105,111113612603105
640,Deposito,20.00,2026-04-14 21:33:12,Efectivo,Confirmado,,2026-04-14 21:33:12,2026-06-30 05:30:11,,56,884,111113612603105,111113612603105
641,Deposito,20.00,2026-04-14 21:33:48,Efectivo,Confirmado,,2026-04-14 21:33:48,2026-06-30 05:30:11,,57,885,111113612603105,111113612603105
642,Deposito,20.00,2026-04-14 21:34:17,Efectivo,Confirmado,,2026-04-14 21:34:17,2026-06-30 05:30:11,,59,888,111113612603105,111113612603105
643,Deposito,20.00,2026-04-14 21:34:42,Efectivo,Confirmado,,2026-04-14 21:34:42,2026-06-30 05:30:11,,64,891,111113612603105,111113612603105
644,Deposito,20.00,2026-04-14 21:48:07,Efectivo,Confirmado,,2026-04-14 21:48:07,2026-06-30 05:30:11,,62,892,111113612603105,111113612603105
645,Deposito,20.00,2026-04-14 21:48:24,Efectivo,Confirmado,,2026-04-14 21:48:24,2026-06-30 05:30:11,,63,893,111113612603105,111113612603105
646,Deposito,10.00,2026-04-14 22:21:14,Efectivo,Confirmado,,2026-04-14 22:21:14,2026-06-30 05:30:11,,73,1376,111113612603105,111113612603105
647,Deposito,10.00,2026-04-14 22:24:44,Efectivo,Confirmado,,2026-04-14 22:24:44,2026-06-30 05:30:11,,74,1378,111113612603105,111113612603105
648,Deposito,10.00,2026-04-14 22:31:53,Efectivo,Confirmado,,2026-04-14 22:31:53,2026-06-30 05:30:11,,75,1380,111113612603105,111113612603105
649,Deposito,10.00,2026-04-14 22:32:13,Efectivo,Confirmado,,2026-04-14 22:32:13,2026-06-30 05:30:11,,76,1381,111113612603105,111113612603105
650,Deposito,10.00,2026-04-14 22:32:42,Efectivo,Confirmado,,2026-04-14 22:32:42,2026-06-30 05:30:11,,77,1384,111113612603105,111113612603105
651,Deposito,10.00,2026-04-14 22:33:07,Efectivo,Confirmado,,2026-04-14 22:33:07,2026-06-30 05:30:11,,78,1385,111113612603105,111113612603105
652,Deposito,10.00,2026-04-14 22:33:25,Efectivo,Confirmado,,2026-04-14 22:33:25,2026-06-30 05:30:11,,79,1382,111113612603105,111113612603105
653,Deposito,26.00,2026-04-14 22:34:55,Efectivo,Confirmado,,2026-04-14 22:34:55,2026-06-30 05:30:11,,72,1679,111113612603105,111113612603105
654,Deposito,60.00,2026-04-14 22:35:18,Efectivo,Confirmado,,2026-04-14 22:35:18,2026-06-30 05:30:11,,65,1634,111113612603105,111113612603105
655,Deposito,60.00,2026-04-14 22:35:36,Efectivo,Confirmado,,2026-04-14 22:35:36,2026-06-30 05:30:11,,66,1118,111113612603105,111113612603105
656,Deposito,60.00,2026-04-14 22:35:54,Efectivo,Confirmado,,2026-04-14 22:35:54,2026-06-30 05:30:11,,67,1657,111113612603105,111113612603105
657,Deposito,60.00,2026-04-14 22:36:16,Efectivo,Confirmado,,2026-04-14 22:36:16,2026-06-30 05:30:11,,68,1121,111113612603105,111113612603105
658,Deposito,60.00,2026-04-14 22:36:35,Efectivo,Confirmado,,2026-04-14 22:36:35,2026-06-30 05:30:11,,69,1122,111113612603105,111113612603105
659,Deposito,38.00,2026-04-14 22:38:06,Efectivo,Confirmado,,2026-04-14 22:38:06,2026-06-30 05:30:11,,70,1427,111113612603105,111113612603105
660,Deposito,30.00,2026-04-14 22:38:27,Efectivo,Confirmado,,2026-04-14 22:38:27,2026-06-30 05:30:11,,71,1428,111113612603105,111113612603105
661,Deposito,30.00,2026-04-14 22:38:57,Efectivo,Confirmado,,2026-04-14 22:38:57,2026-06-30 05:30:11,,80,1181,111113612603105,111113612603105
662,Deposito,20.00,2026-04-14 22:39:22,Efectivo,Confirmado,,2026-04-14 22:39:22,2026-06-30 05:30:11,,81,1182,111113612603105,111113612603105
663,Deposito,22.00,2026-04-14 22:39:40,Efectivo,Confirmado,,2026-04-14 22:39:40,2026-06-30 05:30:11,,82,1678,111113612603105,111113612603105
664,Deposito,44.00,2026-04-14 22:40:23,Efectivo,Confirmado,,2026-04-14 22:40:23,2026-06-30 05:30:11,,93,1114,111113612603105,111113612603105
665,Deposito,44.00,2026-04-14 22:40:56,Efectivo,Confirmado,,2026-04-14 22:40:56,2026-06-30 05:30:11,,94,1115,111113612603105,111113612603105
666,Deposito,44.00,2026-04-14 22:41:15,Efectivo,Confirmado,,2026-04-14 22:41:15,2026-06-30 05:30:11,,95,1116,111113612603105,111113612603105
667,Deposito,22.00,2026-04-14 22:41:40,Efectivo,Confirmado,,2026-04-14 22:41:40,2026-06-30 05:30:11,,88,987,111113612603105,111113612603105
668,Deposito,22.00,2026-04-14 22:42:07,Efectivo,Confirmado,,2026-04-14 22:42:07,2026-06-30 05:30:11,,89,983,111113612603105,111113612603105
669,Deposito,20.00,2026-04-14 22:42:37,Efectivo,Confirmado,,2026-04-14 22:42:37,2026-06-30 05:30:11,,91,1652,111113612603105,111113612603105
670,Deposito,20.00,2026-04-14 22:43:05,Efectivo,Confirmado,,2026-04-14 22:43:05,2026-06-30 05:30:11,,92,1651,111113612603105,111113612603105
671,Deposito,104.00,2026-04-14 22:43:55,Efectivo,Confirmado,,2026-04-14 22:43:55,2026-06-30 05:30:11,,86,1076,111113612603105,111113612603105
672,Deposito,20.00,2026-04-14 23:28:12,Efectivo,Confirmado,,2026-04-14 23:28:12,2026-06-30 05:30:11,,103,1002,111113612603105,111113612603105
673,Deposito,20.00,2026-04-14 23:38:19,Efectivo,Confirmado,,2026-04-14 23:38:19,2026-06-30 05:30:11,,104,1004,111113612603105,111113612603105
674,Deposito,20.00,2026-04-14 23:38:43,Efectivo,Confirmado,,2026-04-14 23:38:43,2026-06-30 05:30:11,,105,1006,111113612603105,111113612603105
675,Deposito,20.00,2026-04-14 23:39:00,Efectivo,Confirmado,,2026-04-14 23:39:00,2026-06-30 05:30:11,,106,1653,111113612603105,111113612603105
676,Deposito,32.00,2026-04-14 23:39:20,Efectivo,Confirmado,,2026-04-14 23:39:20,2026-06-30 05:30:11,,107,1009,111113612603105,111113612603105
677,Deposito,20.00,2026-04-14 23:39:41,Efectivo,Confirmado,,2026-04-14 23:39:41,2026-06-30 05:30:12,,109,1631,111113612603105,111113612603105
678,Deposito,20.00,2026-04-14 23:40:03,Efectivo,Confirmado,,2026-04-14 23:40:03,2026-06-30 05:30:12,,110,1013,111113612603105,111113612603105
679,Deposito,20.00,2026-04-14 23:40:26,Efectivo,Confirmado,,2026-04-14 23:40:26,2026-06-30 05:30:12,,111,1712,111113612603105,111113612603105
680,Deposito,20.00,2026-04-14 23:40:45,Efectivo,Confirmado,,2026-04-14 23:40:45,2026-06-30 05:30:12,,112,1654,111113612603105,111113612603105
681,Deposito,32.00,2026-04-14 23:41:36,Efectivo,Confirmado,,2026-04-14 23:41:36,2026-06-30 05:30:12,,96,994,111113612603105,111113612603105
682,Deposito,28.00,2026-04-14 23:42:26,Efectivo,Confirmado,,2026-04-14 23:42:26,2026-06-30 05:30:12,,97,996,111113612603105,111113612603105
683,Deposito,28.00,2026-04-14 23:42:45,Efectivo,Confirmado,,2026-04-14 23:42:45,2026-06-30 05:30:12,,98,997,111113612603105,111113612603105
684,apertura,0.00,2026-04-14 23:43:18,Sistema,Confirmado,,2026-04-14 23:43:18,2026-04-14 23:43:18,,279,,,
685,Deposito,24.00,2026-04-14 23:43:18,Efectivo,Confirmado,,2026-04-14 23:43:18,2026-06-30 05:30:12,,279,999,111113612603105,111113612603105
686,Deposito,20.00,2026-04-14 23:44:17,Efectivo,Confirmado,,2026-04-14 23:44:17,2026-06-30 05:30:12,,99,1675,111113612603105,111113612603105
687,Deposito,20.00,2026-04-14 23:44:56,Efectivo,Confirmado,,2026-04-14 23:44:56,2026-06-30 05:30:12,,100,1372,111113612603105,111113612603105
688,Deposito,20.00,2026-04-14 23:45:14,Efectivo,Confirmado,,2026-04-14 23:45:14,2026-06-30 05:30:12,,101,1373,111113612603105,111113612603105
689,Deposito,20.00,2026-04-14 23:46:00,Efectivo,Confirmado,,2026-04-14 23:46:00,2026-06-30 05:30:12,,102,1374,111113612603105,111113612603105
690,apertura,0.00,2026-04-15 20:46:10,Sistema,Confirmado,,2026-04-15 20:46:10,2026-04-15 20:46:10,,280,,,
691,Deposito,190.00,2026-04-15 20:46:10,Efectivo,Confirmado,,2026-04-15 20:46:10,2026-06-30 05:30:12,,280,1689,111113612603105,111113612603105
692,Deposito,220.00,2026-04-15 20:46:45,Efectivo,Confirmado,,2026-04-15 20:46:45,2026-06-30 05:30:12,,158,1686,111113612603105,111113612603105
693,Deposito,402.00,2026-04-15 20:47:21,Efectivo,Confirmado,,2026-04-15 20:47:21,2026-06-30 05:30:12,,159,1685,111113612603105,111113612603105
694,apertura,0.00,2026-04-15 20:47:43,Sistema,Confirmado,,2026-04-15 20:47:43,2026-04-15 20:47:43,,281,,,
695,Deposito,24.00,2026-04-15 20:47:43,Efectivo,Confirmado,,2026-04-15 20:47:43,2026-06-30 05:30:12,,281,1687,111113612603105,111113612603105
696,apertura,0.00,2026-04-15 21:11:41,Sistema,Confirmado,,2026-04-15 21:11:41,2026-04-15 21:11:41,,282,,,
697,Deposito,242.00,2026-04-15 21:11:41,Efectivo,Confirmado,,2026-04-15 21:11:41,2026-06-30 05:30:12,,282,1688,111113612603105,111113612603105
698,Deposito,19.00,2026-04-15 21:25:39,Efectivo,Confirmado,,2026-04-15 21:25:39,2026-06-30 05:30:12,,157,1553,111113612603105,111113612603105
699,Deposito,50.00,2026-04-15 21:25:58,Efectivo,Confirmado,,2026-04-15 21:25:58,2026-06-30 05:30:12,,155,1672,111113612603105,111113612603105
700,apertura,0.00,2026-04-15 21:32:58,Sistema,Confirmado,,2026-04-15 21:32:58,2026-04-15 21:32:58,,283,,,
701,Deposito,40.00,2026-04-15 21:32:58,Efectivo,Confirmado,,2026-04-15 21:32:58,2026-06-30 05:30:12,,283,1104,111113612603105,111113612603105
702,Deposito,40.00,2026-04-15 21:35:29,Efectivo,Confirmado,,2026-04-15 21:35:29,2026-06-30 05:30:12,,141,1108,111113612603105,111113612603105
703,apertura,0.00,2026-04-15 21:35:46,Sistema,Confirmado,,2026-04-15 21:35:46,2026-04-15 21:35:46,,284,,,
704,Deposito,20.00,2026-04-15 21:35:46,Efectivo,Confirmado,,2026-04-15 21:35:46,2026-06-30 05:30:12,,284,1109,111113612603105,111113612603105
705,Deposito,34.00,2026-04-15 21:36:05,Efectivo,Confirmado,,2026-04-15 21:36:05,2026-06-30 05:30:12,,142,1110,111113612603105,111113612603105
706,Deposito,34.00,2026-04-15 21:36:23,Efectivo,Confirmado,,2026-04-15 21:36:23,2026-06-30 05:30:12,,143,1111,111113612603105,111113612603105
707,Deposito,34.00,2026-04-15 21:37:08,Efectivo,Confirmado,,2026-04-15 21:37:08,2026-06-30 05:30:12,,144,1112,111113612603105,111113612603105
708,Deposito,34.00,2026-04-15 21:37:27,Efectivo,Confirmado,,2026-04-15 21:37:27,2026-06-30 05:30:12,,145,1113,111113612603105,111113612603105
709,Deposito,20.00,2026-04-15 21:44:53,Efectivo,Confirmado,,2026-04-15 21:44:53,2026-06-30 05:30:12,,120,898,111113612603105,111113612603105
710,Deposito,20.00,2026-04-15 21:45:12,Efectivo,Confirmado,,2026-04-15 21:45:12,2026-06-30 05:30:12,,121,900,111113612603105,111113612603105
711,Deposito,20.00,2026-04-15 21:45:50,Efectivo,Confirmado,,2026-04-15 21:45:50,2026-06-30 05:30:12,,122,901,111113612603105,111113612603105
712,Deposito,24.00,2026-04-15 21:46:16,Efectivo,Confirmado,,2026-04-15 21:46:16,2026-06-30 05:30:12,,123,904,111113612603105,111113612603105
713,Deposito,20.00,2026-04-15 21:46:53,Efectivo,Confirmado,,2026-04-15 21:46:53,2026-06-30 05:30:12,,124,905,111113612603105,111113612603105
714,Deposito,20.00,2026-04-15 21:47:32,Efectivo,Confirmado,,2026-04-15 21:47:32,2026-06-30 05:30:12,,113,1667,111113612603105,111113612603105
715,Deposito,70.00,2026-04-15 21:47:51,Efectivo,Confirmado,,2026-04-15 21:47:51,2026-06-30 05:30:12,,114,1668,111113612603105,111113612603105
716,Deposito,300.00,2026-04-15 21:48:08,Efectivo,Confirmado,,2026-04-15 21:48:08,2026-06-30 05:30:12,,115,1669,111113612603105,111113612603105
717,Deposito,580.00,2026-04-15 21:48:24,Efectivo,Confirmado,,2026-04-15 21:48:24,2026-06-30 05:30:12,,116,1670,111113612603105,111113612603105
718,Deposito,22.00,2026-04-15 21:48:40,Efectivo,Confirmado,,2026-04-15 21:48:40,2026-06-30 05:30:12,,117,1671,111113612603105,111113612603105
719,Deposito,32.00,2026-04-15 21:48:57,Efectivo,Confirmado,,2026-04-15 21:48:57,2026-06-30 05:30:12,,118,1666,111113612603105,111113612603105
720,Deposito,20.00,2026-04-15 21:49:28,Efectivo,Confirmado,,2026-04-15 21:49:28,2026-06-30 05:30:12,,125,1629,111113612603105,111113612603105
721,apertura,0.00,2026-04-15 21:49:46,Sistema,Confirmado,,2026-04-15 21:49:46,2026-04-15 21:49:46,,285,,,
722,Deposito,20.00,2026-04-15 21:49:46,Efectivo,Confirmado,,2026-04-15 21:49:46,2026-06-30 05:30:12,,285,1625,111113612603105,111113612603105
723,Deposito,20.00,2026-04-15 21:50:04,Efectivo,Confirmado,,2026-04-15 21:50:04,2026-06-30 05:30:12,,126,1627,111113612603105,111113612603105
724,Deposito,20.00,2026-04-15 21:50:30,Efectivo,Confirmado,,2026-04-15 21:50:30,2026-06-30 05:30:12,,127,1628,111113612603105,111113612603105
725,Deposito,20.00,2026-04-15 21:51:03,Efectivo,Confirmado,,2026-04-15 21:51:03,2026-06-30 05:30:12,,128,1626,111113612603105,111113612603105
726,Deposito,20.00,2026-04-15 21:51:29,Efectivo,Confirmado,,2026-04-15 21:51:29,2026-06-30 05:30:12,,130,1714,111113612603105,111113612603105
727,Deposito,20.00,2026-04-15 21:52:02,Efectivo,Confirmado,,2026-04-15 21:52:02,2026-06-30 05:30:12,,131,1367,111113612603105,111113612603105
728,Deposito,20.00,2026-04-15 21:54:01,Efectivo,Confirmado,,2026-04-15 21:54:01,2026-06-30 05:30:12,,132,1364,111113612603105,111113612603105
729,Deposito,20.00,2026-04-15 21:54:35,Efectivo,Confirmado,,2026-04-15 21:54:35,2026-06-30 05:30:12,,133,1365,111113612603105,111113612603105
730,Deposito,20.00,2026-04-15 21:58:30,Efectivo,Confirmado,,2026-04-15 21:58:30,2026-06-30 05:30:12,,135,1137,111113612603105,111113612603105
731,Deposito,30.00,2026-04-15 21:58:48,Efectivo,Confirmado,,2026-04-15 21:58:48,2026-06-30 05:30:12,,136,1140,111113612603105,111113612603105
732,Deposito,24.00,2026-04-15 21:59:09,Efectivo,Confirmado,,2026-04-15 21:59:09,2026-06-30 05:30:12,,137,1139,111113612603105,111113612603105
733,Deposito,12.00,2026-04-15 21:59:32,Efectivo,Confirmado,,2026-04-15 21:59:32,2026-06-30 05:30:12,,138,1141,111113612603105,111113612603105
734,apertura,0.00,2026-04-15 22:00:03,Sistema,Confirmado,,2026-04-15 22:00:03,2026-04-15 22:00:03,,286,,,
735,Deposito,20.00,2026-04-15 22:00:03,Efectivo,Confirmado,,2026-04-15 22:00:03,2026-06-30 05:30:12,,286,1142,111113612603105,111113612603105
736,apertura,0.00,2026-04-15 22:00:20,Sistema,Confirmado,,2026-04-15 22:00:20,2026-04-15 22:00:20,,287,,,
737,Deposito,20.00,2026-04-15 22:00:20,Efectivo,Confirmado,,2026-04-15 22:00:20,2026-06-30 05:30:12,,287,1146,111113612603105,111113612603105
738,Deposito,20.00,2026-04-15 22:00:38,Efectivo,Confirmado,,2026-04-15 22:00:38,2026-06-30 05:30:12,,140,1147,111113612603105,111113612603105
739,Deposito,20.00,2026-04-15 22:01:01,Efectivo,Confirmado,,2026-04-15 22:01:01,2026-06-30 05:30:12,,147,1392,111113612603105,111113612603105
740,Deposito,20.00,2026-04-15 22:01:28,Efectivo,Confirmado,,2026-04-15 22:01:28,2026-06-30 05:30:12,,148,1709,111113612603105,111113612603105
741,Deposito,64.00,2026-04-15 22:01:47,Efectivo,Confirmado,,2026-04-15 22:01:47,2026-06-30 05:30:12,,149,1398,111113612603105,111113612603105
742,Deposito,20.00,2026-04-15 22:02:45,Efectivo,Confirmado,,2026-04-15 22:02:45,2026-06-30 05:30:12,,150,1664,111113612603105,111113612603105
743,apertura,0.00,2026-04-15 22:06:25,Sistema,Confirmado,,2026-04-15 22:06:25,2026-04-15 22:06:25,,288,,,
744,Deposito,24.00,2026-04-15 22:06:25,Efectivo,Confirmado,,2026-04-15 22:06:25,2026-06-30 05:30:12,,288,1665,111113612603105,111113612603105
745,Deposito,40.00,2026-04-15 22:07:26,Efectivo,Confirmado,,2026-04-15 22:07:26,2026-06-30 05:30:12,,146,1200,111113612603105,111113612603105
746,Deposito,20.00,2026-04-15 22:08:11,Efectivo,Confirmado,,2026-04-15 22:08:11,2026-06-30 05:30:12,,151,918,111113612603105,111113612603105
747,Deposito,12.00,2026-04-15 22:08:28,Efectivo,Confirmado,,2026-04-15 22:08:28,2026-06-30 05:30:12,,152,923,111113612603105,111113612603105
748,Deposito,12.00,2026-04-15 22:08:49,Efectivo,Confirmado,,2026-04-15 22:08:49,2026-06-30 05:30:12,,153,926,111113612603105,111113612603105
749,Deposito,40.00,2026-04-15 22:09:09,Efectivo,Confirmado,,2026-04-15 22:09:09,2026-06-30 05:30:12,,154,931,111113612603105,111113612603105
750,Deposito,44.00,2026-04-16 23:09:53,Efectivo,Confirmado,,2026-04-16 23:09:53,2026-06-30 05:30:12,,164,1515,111113612603105,111113612603105
751,Deposito,16.00,2026-04-20 19:28:34,Efectivo,Confirmado,,2026-04-17 19:28:34,2026-06-30 05:30:12,,165,1516,111113612603105,111113612603105
752,Deposito,52.00,2026-04-20 19:29:21,Efectivo,Confirmado,,2026-04-17 19:29:21,2026-06-30 05:30:12,,166,1518,111113612603105,111113612603105
753,Deposito,20.00,2026-04-20 19:29:41,Efectivo,Confirmado,,2026-04-17 19:29:41,2026-06-30 05:30:12,,167,1520,111113612603105,111113612603105
754,Deposito,100.00,2026-04-20 19:30:41,Efectivo,Confirmado,,2026-04-17 19:30:41,2026-06-30 05:30:12,,189,1429,111113612603105,111113612603105
755,apertura,0.00,2026-04-20 19:30:57,Sistema,Confirmado,,2026-04-17 19:30:57,2026-04-21 16:29:54,,289,,,
756,Deposito,100.00,2026-04-20 19:30:57,Efectivo,Confirmado,,2026-04-17 19:30:57,2026-06-30 05:30:12,,289,1446,111113612603105,111113612603105
757,Deposito,76.00,2026-04-20 19:31:26,Efectivo,Confirmado,,2026-04-17 19:31:26,2026-06-30 05:30:12,,190,1436,111113612603105,111113612603105
758,Deposito,20.00,2026-04-20 19:31:43,Efectivo,Confirmado,,2026-04-17 19:31:43,2026-06-30 05:30:12,,191,1495,111113612603105,111113612603105
759,Deposito,30.00,2026-04-20 19:32:37,Efectivo,Confirmado,,2026-04-17 19:32:37,2026-06-30 05:30:12,,192,1438,111113612603105,111113612603105
760,Deposito,60.00,2026-04-20 19:33:14,Efectivo,Confirmado,,2026-04-17 19:33:14,2026-06-30 05:30:12,,193,1497,111113612603105,111113612603105
761,Deposito,10.00,2026-04-20 19:33:32,Efectivo,Confirmado,,2026-04-17 19:33:32,2026-06-30 05:30:12,,194,1485,111113612603105,111113612603105
762,Deposito,58.00,2026-04-20 19:33:52,Efectivo,Confirmado,,2026-04-17 19:33:52,2026-06-30 05:30:12,,269,1694,111113612603105,111113612603105
763,Deposito,62.00,2026-04-20 19:34:09,Efectivo,Confirmado,,2026-04-17 19:34:09,2026-06-30 05:30:12,,195,1493,111113612603105,111113612603105
764,Deposito,20.00,2026-04-20 19:34:38,Efectivo,Confirmado,,2026-04-17 19:34:38,2026-06-30 05:30:12,,196,1502,111113612603105,111113612603105
765,Deposito,40.00,2026-04-20 19:35:02,Efectivo,Confirmado,,2026-04-17 19:35:02,2026-06-30 05:30:12,,199,1496,111113612603105,111113612603105
766,Deposito,54.00,2026-04-20 19:35:21,Efectivo,Confirmado,,2026-04-17 19:35:21,2026-06-30 05:30:12,,200,1632,111113612603105,111113612603105
767,Deposito,20.00,2026-04-20 19:37:30,Efectivo,Confirmado,,2026-04-17 19:37:30,2026-06-30 05:30:12,,180,1723,111113612603105,111113612603105
768,Deposito,30.00,2026-04-20 19:38:29,Efectivo,Confirmado,,2026-04-17 19:38:29,2026-06-30 05:30:12,,181,1450,111113612603105,111113612603105
769,Deposito,10.00,2026-04-20 19:39:36,Efectivo,Confirmado,,2026-04-17 19:39:36,2026-06-30 05:30:12,,183,1492,111113612603105,111113612603105
770,Deposito,34.00,2026-04-20 19:39:58,Efectivo,Confirmado,,2026-04-17 19:39:58,2026-06-30 05:30:12,,185,1500,111113612603105,111113612603105
771,apertura,0.00,2026-04-20 19:40:14,Sistema,Confirmado,,2026-04-17 19:40:14,2026-04-21 16:29:54,,290,,,
772,Deposito,80.00,2026-04-20 19:40:14,Efectivo,Confirmado,,2026-04-17 19:40:14,2026-06-30 05:30:12,,290,,111113612603105,111113612603105
773,apertura,0.00,2026-04-20 20:10:05,Sistema,Confirmado,,2026-04-17 20:10:05,2026-04-21 16:29:54,,291,,,
774,Deposito,20.00,2026-04-20 20:10:05,Efectivo,Confirmado,,2026-04-17 20:10:05,2026-06-30 05:30:12,,291,1490,111113612603105,111113612603105
775,Deposito,40.00,2026-04-20 20:10:20,Efectivo,Confirmado,,2026-04-17 20:10:20,2026-06-30 05:30:12,,186,1507,111113612603105,111113612603105
777,Deposito,39.00,2026-04-20 20:10:54,Efectivo,Confirmado,,2026-04-17 20:10:54,2026-06-30 05:30:12,,188,1441,111113612603105,111113612603105
778,apertura,0.00,2026-04-20 20:11:20,Sistema,Confirmado,,2026-04-17 20:11:20,2026-04-21 16:29:54,,292,,,
779,Deposito,30.00,2026-04-20 20:11:20,Efectivo,Confirmado,,2026-04-17 20:11:20,2026-06-30 05:30:12,,292,1508,111113612603105,111113612603105
780,Deposito,10.00,2026-04-20 20:48:42,Efectivo,Confirmado,,2026-04-17 20:48:42,2026-06-30 05:30:12,,168,1509,111113612603105,111113612603105
781,Deposito,30.00,2026-04-20 20:48:58,Efectivo,Confirmado,,2026-04-17 20:48:58,2026-06-30 05:30:12,,169,1510,111113612603105,111113612603105
782,Deposito,20.00,2026-04-20 20:49:12,Efectivo,Confirmado,,2026-04-17 20:49:12,2026-06-30 05:30:12,,170,1511,111113612603105,111113612603105
783,Deposito,20.00,2026-04-20 20:49:35,Efectivo,Confirmado,,2026-04-17 20:49:35,2026-06-30 05:30:12,,171,1673,111113612603105,111113612603105
784,apertura,0.00,2026-04-20 21:07:43,Sistema,Confirmado,,2026-04-17 21:07:43,2026-04-21 16:29:54,,293,,,
785,Deposito,48.00,2026-04-20 21:07:43,Efectivo,Confirmado,,2026-04-17 21:07:43,2026-06-30 05:30:12,,293,1715,111113612603105,111113612603105
786,Deposito,29.00,2026-04-20 21:08:00,Efectivo,Confirmado,,2026-04-17 21:08:00,2026-06-30 05:30:12,,172,1684,111113612603105,111113612603105
787,Deposito,2.00,2026-04-20 21:08:16,Efectivo,Confirmado,,2026-04-17 21:08:16,2026-06-30 05:30:12,,173,935,111113612603105,111113612603105
788,Deposito,34.00,2026-04-20 21:08:34,Efectivo,Confirmado,,2026-04-17 21:08:34,2026-06-30 05:30:12,,174,1716,111113612603105,111113612603105
789,Deposito,34.00,2026-04-20 21:08:53,Efectivo,Confirmado,,2026-04-17 21:08:53,2026-06-30 05:30:12,,175,937,111113612603105,111113612603105
790,Deposito,34.00,2026-04-20 21:09:16,Efectivo,Confirmado,,2026-04-17 21:09:16,2026-06-30 05:30:12,,176,940,111113612603105,111113612603105
791,Deposito,42.00,2026-04-20 21:09:35,Efectivo,Confirmado,,2026-04-17 21:09:35,2026-06-30 05:30:12,,177,941,111113612603105,111113612603105
792,Deposito,62.00,2026-04-20 21:10:15,Efectivo,Confirmado,,2026-04-17 21:10:15,2026-06-30 05:30:12,,178,938,111113612603105,111113612603105
793,Deposito,62.00,2026-04-20 21:10:33,Efectivo,Confirmado,,2026-04-17 21:10:33,2026-06-30 05:30:12,,179,939,111113612603105,111113612603105
794,apertura,0.00,2026-04-20 21:13:04,Sistema,Confirmado,,2026-04-17 21:13:04,2026-04-21 16:29:54,,294,,,
795,Deposito,62.00,2026-04-20 21:13:04,Efectivo,Confirmado,,2026-04-17 21:13:04,2026-06-30 05:30:12,,294,1692,111113612603105,111113612603105
796,apertura,0.00,2026-04-20 21:13:26,Sistema,Confirmado,,2026-04-17 21:13:26,2026-04-21 16:29:54,,295,,,
797,Deposito,62.00,2026-04-20 21:13:26,Efectivo,Confirmado,,2026-04-17 21:13:26,2026-06-30 05:30:12,,295,1699,111113612603105,111113612603105
798,Deposito,20.00,2026-04-20 21:14:10,Efectivo,Confirmado,,2026-04-17 21:14:10,2026-06-30 05:30:12,,158,1686,111113612603105,111113612603105
799,Deposito,20.00,2026-04-20 21:14:26,Efectivo,Confirmado,,2026-04-17 21:14:26,2026-06-30 05:30:12,,281,1687,111113612603105,111113612603105
800,Deposito,64.00,2026-04-20 21:14:42,Efectivo,Confirmado,,2026-04-17 21:14:42,2026-06-30 05:30:12,,159,1685,111113612603105,111113612603105
801,Deposito,34.00,2026-04-20 21:15:02,Efectivo,Confirmado,,2026-04-17 21:15:02,2026-06-30 05:30:12,,160,1178,111113612603105,111113612603105
802,Deposito,20.00,2026-04-20 21:15:35,Efectivo,Confirmado,,2026-04-17 21:15:35,2026-06-30 05:30:13,,161,1534,111113612603105,111113612603105
803,Deposito,20.00,2026-04-20 21:16:08,Efectivo,Confirmado,,2026-04-17 21:16:08,2026-06-30 05:30:13,,162,1700,111113612603105,111113612603105
804,Deposito,20.00,2026-04-20 21:16:30,Efectivo,Confirmado,,2026-04-17 21:16:30,2026-06-30 05:30:13,,163,1418,111113612603105,111113612603105
805,Deposito,64.00,2026-04-20 21:16:51,Efectivo,Confirmado,,2026-04-17 21:16:51,2026-06-30 05:30:13,,257,1638,111113612603105,111113612603105
806,Deposito,40.00,2026-04-20 21:17:05,Efectivo,Confirmado,,2026-04-17 21:17:05,2026-06-30 05:30:13,,258,1639,111113612603105,111113612603105
807,Deposito,64.00,2026-04-20 21:17:31,Efectivo,Confirmado,,2026-04-17 21:17:31,2026-06-30 05:30:13,,259,1637,111113612603105,111113612603105
808,Deposito,34.00,2026-04-20 21:17:48,Efectivo,Confirmado,,2026-04-17 21:17:48,2026-06-30 05:30:13,,260,1636,111113612603105,111113612603105
809,Deposito,34.00,2026-04-20 21:18:20,Efectivo,Confirmado,,2026-04-17 21:18:20,2026-06-30 05:30:13,,261,1640,111113612603105,111113612603105
810,Deposito,15.00,2026-04-20 21:18:54,Efectivo,Confirmado,,2026-04-17 21:18:54,2026-06-30 05:30:13,,240,1023,111113612603105,111113612603105
811,Deposito,10.50,2026-04-20 21:19:10,Efectivo,Confirmado,,2026-04-17 21:19:10,2026-06-30 05:30:13,,241,1027,111113612603105,111113612603105
812,Deposito,53.00,2026-04-20 21:19:34,Efectivo,Confirmado,,2026-04-17 21:19:34,2026-06-30 05:30:13,,242,1047,111113612603105,111113612603105
813,Deposito,15.00,2026-04-20 21:19:47,Efectivo,Confirmado,,2026-04-17 21:19:47,2026-06-30 05:30:13,,244,1727,111113612603105,111113612603105
814,Deposito,10.00,2026-04-20 21:20:03,Efectivo,Confirmado,,2026-04-17 21:20:03,2026-06-30 05:30:13,,245,1029,111113612603105,111113612603105
815,Deposito,10.00,2026-04-20 21:20:19,Efectivo,Confirmado,,2026-04-17 21:20:19,2026-06-30 05:30:13,,246,1036,111113612603105,111113612603105
816,Deposito,10.00,2026-04-20 21:20:41,Efectivo,Confirmado,,2026-04-17 21:20:41,2026-06-30 05:30:13,,247,1038,111113612603105,111113612603105
817,Deposito,14.00,2026-04-20 21:20:58,Efectivo,Confirmado,,2026-04-17 21:20:58,2026-06-30 05:30:13,,248,1042,111113612603105,111113612603105
818,Deposito,31.50,2026-04-20 21:21:17,Efectivo,Confirmado,,2026-04-17 21:21:17,2026-06-30 05:30:13,,249,1034,111113612603105,111113612603105
819,Deposito,16.00,2026-04-20 21:21:39,Efectivo,Confirmado,,2026-04-17 21:21:39,2026-06-30 05:30:13,,250,1040,111113612603105,111113612603105
820,Deposito,10.00,2026-04-20 21:22:36,Efectivo,Confirmado,,2026-04-17 21:22:36,2026-06-30 05:30:13,,251,1690,111113612603105,111113612603105
821,Deposito,20.00,2026-04-20 21:38:27,Efectivo,Confirmado,,2026-04-17 21:38:27,2026-06-30 05:30:13,,252,1695,111113612603105,111113612603105
822,Deposito,20.00,2026-04-20 21:40:07,Efectivo,Confirmado,,2026-04-17 21:40:07,2026-06-30 05:30:13,,253,1044,111113612603105,111113612603105
823,Deposito,10.00,2026-04-20 21:40:27,Efectivo,Confirmado,,2026-04-17 21:40:27,2026-06-30 05:30:13,,254,1048,111113612603105,111113612603105
824,Deposito,10.00,2026-04-20 21:41:52,Efectivo,Confirmado,,2026-04-17 21:41:52,2026-06-30 05:30:13,,255,,111113612603105,111113612603105
825,Deposito,20.00,2026-04-20 21:42:11,Efectivo,Confirmado,,2026-04-17 21:42:11,2026-06-30 05:30:13,,256,1050,111113612603105,111113612603105
826,apertura,0.00,2026-04-20 22:03:22,Sistema,Confirmado,,2026-04-17 22:03:22,2026-04-21 16:29:54,,296,,,
827,Deposito,34.00,2026-04-20 22:03:22,Efectivo,Confirmado,,2026-04-17 22:03:22,2026-06-30 05:30:13,,296,1066,111113612603105,111113612603105
828,apertura,0.00,2026-04-20 22:03:41,Sistema,Confirmado,,2026-04-17 22:03:41,2026-04-21 16:29:54,,297,,,
829,Deposito,34.00,2026-04-20 22:03:41,Efectivo,Confirmado,,2026-04-17 22:03:41,2026-06-30 05:30:13,,297,1622,111113612603105,111113612603105
830,apertura,0.00,2026-04-20 22:04:05,Sistema,Confirmado,,2026-04-17 22:04:05,2026-04-21 16:29:54,,298,,,
831,Deposito,34.00,2026-04-20 22:04:05,Efectivo,Confirmado,,2026-04-17 22:04:05,2026-06-30 05:30:13,,298,1067,111113612603105,111113612603105
832,apertura,0.00,2026-04-20 22:04:21,Sistema,Confirmado,,2026-04-17 22:04:21,2026-04-21 16:29:54,,299,,,
833,Deposito,34.00,2026-04-20 22:04:21,Efectivo,Confirmado,,2026-04-17 22:04:21,2026-06-30 05:30:13,,299,1623,111113612603105,111113612603105
834,apertura,0.00,2026-04-20 22:05:04,Sistema,Confirmado,,2026-04-17 22:05:04,2026-04-21 16:29:54,,300,,,
835,Deposito,34.00,2026-04-20 22:05:04,Efectivo,Confirmado,,2026-04-17 22:05:04,2026-06-30 05:30:13,,300,1069,111113612603105,111113612603105
836,apertura,0.00,2026-04-20 22:05:25,Sistema,Confirmado,,2026-04-17 22:05:25,2026-04-21 16:29:54,,301,,,
837,Deposito,52.00,2026-04-20 22:05:25,Efectivo,Confirmado,,2026-04-17 22:05:25,2026-06-30 05:30:13,,301,1070,111113612603105,111113612603105
838,apertura,0.00,2026-04-20 22:05:51,Sistema,Confirmado,,2026-04-17 22:05:51,2026-04-21 16:29:54,,302,,,
839,Deposito,39.00,2026-04-20 22:05:51,Efectivo,Confirmado,,2026-04-17 22:05:51,2026-06-30 05:30:13,,302,1071,111113612603105,111113612603105
840,Deposito,20.00,2026-04-20 22:06:18,Efectivo,Confirmado,,2026-04-17 22:06:18,2026-06-30 05:30:13,,204,1130,111113612603105,111113612603105
841,Deposito,22.00,2026-04-20 22:06:34,Efectivo,Confirmado,,2026-04-17 22:06:34,2026-06-30 05:30:13,,205,1133,111113612603105,111113612603105
842,Deposito,20.00,2026-04-20 22:06:49,Efectivo,Confirmado,,2026-04-17 22:06:49,2026-06-30 05:30:13,,206,1134,111113612603105,111113612603105
843,Deposito,20.00,2026-04-20 22:07:54,Efectivo,Confirmado,,2026-04-17 22:07:54,2026-06-30 05:30:13,,207,1131,111113612603105,111113612603105
844,Deposito,36.00,2026-04-20 22:08:16,Efectivo,Confirmado,,2026-04-17 22:08:16,2026-06-30 05:30:13,,228,1726,111113612603105,111113612603105
845,apertura,0.00,2026-04-20 22:08:53,Sistema,Confirmado,,2026-04-17 22:08:53,2026-04-21 16:29:54,,303,,,
846,Deposito,10.00,2026-04-20 22:08:53,Efectivo,Confirmado,,2026-04-17 22:08:53,2026-06-30 05:30:13,,303,1266,111113612603105,111113612603105
847,Deposito,20.00,2026-04-20 22:13:55,Efectivo,Confirmado,,2026-04-17 22:13:55,2026-06-30 05:30:13,,229,1268,111113612603105,111113612603105
848,Deposito,20.00,2026-04-20 22:14:15,Efectivo,Confirmado,,2026-04-17 22:14:15,2026-06-30 05:30:13,,230,1265,111113612603105,111113612603105
849,Deposito,40.00,2026-04-20 22:14:35,Efectivo,Confirmado,,2026-04-17 22:14:35,2026-06-30 05:30:13,,232,1271,111113612603105,111113612603105
850,Deposito,30.00,2026-04-20 22:14:53,Efectivo,Confirmado,,2026-04-17 22:14:53,2026-06-30 05:30:13,,234,1275,111113612603105,111113612603105
851,Deposito,20.00,2026-04-20 22:15:11,Efectivo,Confirmado,,2026-04-17 22:15:11,2026-06-30 05:30:13,,235,1269,111113612603105,111113612603105
852,Deposito,20.00,2026-04-20 22:15:26,Efectivo,Confirmado,,2026-04-17 22:15:26,2026-06-30 05:30:13,,236,1696,111113612603105,111113612603105
853,Deposito,40.00,2026-04-20 22:15:46,Efectivo,Confirmado,,2026-04-17 22:15:46,2026-06-30 05:30:13,,238,1725,111113612603105,111113612603105
854,Deposito,40.00,2026-04-20 22:16:08,Efectivo,Confirmado,,2026-04-17 22:16:08,2026-06-30 05:30:13,,239,1285,111113612603105,111113612603105
855,Deposito,68.00,2026-04-20 22:16:36,Efectivo,Confirmado,,2026-04-17 22:16:36,2026-06-30 05:30:13,,224,1061,111113612603105,111113612603105
856,Deposito,52.00,2026-04-20 22:16:51,Efectivo,Confirmado,,2026-04-17 22:16:51,2026-06-30 05:30:13,,225,1060,111113612603105,111113612603105
857,apertura,0.00,2026-04-20 22:17:11,Sistema,Confirmado,,2026-04-17 22:17:11,2026-04-21 16:29:54,,304,,,
858,Deposito,68.00,2026-04-20 22:17:11,Efectivo,Confirmado,,2026-04-17 22:17:11,2026-06-30 05:30:13,,304,1056,111113612603105,111113612603105
859,Deposito,124.00,2026-04-20 22:17:31,Efectivo,Confirmado,,2026-04-17 22:17:31,2026-06-30 05:30:13,,226,1057,111113612603105,111113612603105
860,Deposito,102.00,2026-04-20 22:17:47,Efectivo,Confirmado,,2026-04-17 22:17:47,2026-06-30 05:30:13,,227,1059,111113612603105,111113612603105
861,Deposito,212.00,2026-04-20 22:18:41,Efectivo,Confirmado,,2026-04-17 22:18:41,2026-06-30 05:30:13,,264,1555,111113612603105,111113612603105
862,apertura,0.00,2026-04-20 22:19:07,Sistema,Confirmado,,2026-04-17 22:19:07,2026-04-21 16:29:54,,305,,,
863,Deposito,19.00,2026-04-20 22:19:07,Efectivo,Confirmado,,2026-04-17 22:19:07,2026-06-30 05:30:13,,305,1558,111113612603105,111113612603105
864,Deposito,55.00,2026-04-20 22:19:27,Efectivo,Confirmado,,2026-04-17 22:19:27,2026-06-30 05:30:13,,265,1557,111113612603105,111113612603105
865,Deposito,190.00,2026-04-20 23:32:38,Efectivo,Confirmado,,2026-04-17 23:32:38,2026-06-30 05:30:13,,280,1689,111113612603105,111113612603105
866,Retiro,466.00,2026-04-20 23:39:33,Efectivo,Confirmado,,2026-04-17 23:39:32,2026-06-30 05:30:13,2026-04-21 05:39:33,159,1685,111113612603105,111113612603105
867,Retiro,24.00,2026-04-20 23:39:33,Efectivo,Confirmado,,2026-04-17 23:39:32,2026-06-30 05:30:13,2026-04-21 05:39:33,281,1687,111113612603105,111113612603105
868,Retiro,380.00,2026-04-20 23:39:33,Efectivo,Confirmado,,2026-04-17 23:39:32,2026-06-30 05:30:13,2026-04-21 05:39:33,280,1689,111113612603105,111113612603105
869,Retiro,212.00,2026-04-20 23:39:33,Efectivo,Confirmado,,2026-04-17 23:39:32,2026-06-30 05:30:13,2026-04-21 05:39:33,282,1688,111113612603105,111113612603105
870,Retiro,240.00,2026-04-20 23:39:33,Efectivo,Confirmado,,2026-04-17 23:39:32,2026-06-30 05:30:13,2026-04-21 05:39:33,158,1686,111113612603105,111113612603105
871,apertura,0.00,2026-04-20 15:50:38,Sistema,Confirmado,,2026-04-18 15:50:38,2026-04-21 16:29:54,,306,,,
872,Deposito,70.00,2026-04-20 15:50:38,Efectivo,Confirmado,,2026-04-18 15:50:38,2026-06-30 05:30:13,,306,,111113612603105,111113612603105
873,Retiro,70.00,2026-04-20 15:55:05,Efectivo,Confirmado,,2026-04-18 15:55:04,2026-06-30 05:30:13,2026-04-20 21:55:05,306,,111113612603105,111113612603105
874,apertura,0.00,2026-04-20 16:19:52,Sistema,Confirmado,,2026-04-18 16:19:52,2026-04-21 16:29:54,,307,,,
875,Deposito,578.00,2026-04-20 16:19:52,Efectivo,Confirmado,,2026-04-18 16:19:52,2026-06-30 05:30:13,,307,1195,111113612603105,111113612603105
876,Retiro,578.00,2026-04-20 16:21:11,Efectivo,Confirmado,,2026-04-18 16:21:10,2026-06-30 05:30:13,2026-04-20 22:21:11,307,1195,111113612603105,111113612603105
877,Deposito,2225.00,2026-04-20 16:39:23,Efectivo,Confirmado,,2026-04-18 16:39:23,2026-06-30 05:30:13,,47,1550,111113612603105,111113612603105
878,Retiro,2395.00,2026-04-20 16:40:05,Efectivo,Confirmado,,2026-04-18 16:40:04,2026-06-30 05:30:13,2026-04-20 22:40:05,47,1550,111113612603105,111113612603105
879,Deposito,688.00,2026-04-20 16:56:57,Efectivo,Confirmado,,2026-04-18 16:56:57,2026-06-30 05:30:13,,86,1076,111113612603105,111113612603105
880,Retiro,832.00,2026-04-20 17:00:41,Efectivo,Confirmado,,2026-04-18 17:00:40,2026-06-30 05:30:13,2026-04-20 23:00:41,86,1076,111113612603105,111113612603105
881,Deposito,1696.00,2026-04-20 17:26:51,Efectivo,Confirmado,,2026-04-20 17:26:51,2026-06-30 05:30:13,,264,1555,111113612603105,111113612603105
882,Retiro,2014.00,2026-04-20 17:27:14,Efectivo,Confirmado,,2026-04-20 17:27:15,2026-06-30 05:30:13,2026-04-20 23:27:14,264,1555,111113612603105,111113612603105
883,apertura,0.00,2026-04-20 17:40:42,Sistema,Confirmado,,2026-04-20 17:40:42,2026-04-20 17:40:42,,308,,,
884,Deposito,12.00,2026-04-20 17:40:42,Efectivo,Confirmado,,2026-04-20 17:40:42,2026-06-30 05:30:13,,308,1705,111113612603105,111113612603105
885,Retiro,12.00,2026-04-20 17:43:58,Efectivo,Confirmado,,2026-04-20 17:43:58,2026-06-30 05:30:13,2026-04-20 23:43:58,308,1705,111113612603105,111113612603105
886,Deposito,1064.00,2026-04-20 18:37:18,Efectivo,Confirmado,,2026-04-20 18:37:18,2026-06-30 05:30:13,,70,1427,111113612603105,111113612603105
887,Deposito,468.00,2026-04-20 18:37:42,Efectivo,Confirmado,,2026-04-20 18:37:42,2026-06-30 05:30:13,,71,,111113612603105,111113612603105
888,Retiro,1140.00,2026-04-20 18:41:21,Efectivo,Confirmado,,2026-04-20 18:41:20,2026-06-30 05:30:13,2026-04-21 00:41:21,70,1427,111113612603105,111113612603105
889,Retiro,528.00,2026-04-20 18:41:21,Efectivo,Confirmado,,2026-04-20 18:41:20,2026-06-30 05:30:13,2026-04-21 00:41:21,71,,111113612603105,111113612603105
890,Deposito,400.00,2026-04-20 19:10:56,Efectivo,Confirmado,,2026-04-20 19:10:56,2026-06-30 05:30:13,,130,1714,111113612603105,111113612603105
891,Retiro,440.00,2026-04-20 19:12:28,Efectivo,Confirmado,,2026-04-20 19:12:27,2026-06-30 05:30:13,2026-04-21 01:12:28,130,1714,111113612603105,111113612603105
892,Deposito,416.00,2026-04-20 19:44:50,Efectivo,Confirmado,,2026-04-20 19:44:50,2026-06-30 05:30:13,,293,1715,111113612603105,111113612603105
893,Retiro,416.00,2026-04-20 19:54:41,Efectivo,Confirmado,,2026-04-20 19:54:41,2026-06-30 05:30:13,2026-04-21 01:54:41,293,1715,111113612603105,111113612603105
894,Deposito,20.00,2026-04-20 21:41:23,Efectivo,Confirmado,,2026-04-20 21:41:23,2026-06-30 05:30:13,,23,1540,111113612603105,111113612603105
895,Deposito,55.00,2026-04-20 21:42:18,Efectivo,Confirmado,,2026-04-20 21:42:18,2026-06-30 05:30:13,,274,1674,111113612603105,111113612603105
896,Deposito,20.00,2026-04-20 21:44:25,Efectivo,Confirmado,,2026-04-20 21:44:25,2026-06-30 05:30:13,,5,1702,111113612603105,111113612603105
897,Deposito,20.00,2026-04-20 21:44:53,Efectivo,Confirmado,,2026-04-20 21:44:53,2026-06-30 05:30:13,,6,855,111113612603105,111113612603105
898,Deposito,20.00,2026-04-20 21:45:38,Efectivo,Confirmado,,2026-04-20 21:45:38,2026-06-30 05:30:13,,7,1645,111113612603105,111113612603105
899,Deposito,26.00,2026-04-20 21:45:58,Efectivo,Confirmado,,2026-04-20 21:45:58,2026-06-30 05:30:13,,8,858,111113612603105,111113612603105
900,Deposito,12.00,2026-04-20 21:46:47,Efectivo,Confirmado,,2026-04-20 21:46:47,2026-06-30 05:30:13,,9,852,111113612603105,111113612603105
901,Deposito,20.00,2026-04-20 21:47:10,Efectivo,Confirmado,,2026-04-20 21:47:10,2026-06-30 05:30:13,,11,1646,111113612603105,111113612603105
902,Deposito,20.00,2026-04-20 21:47:33,Efectivo,Confirmado,,2026-04-20 21:47:33,2026-06-30 05:30:13,,12,856,111113612603105,111113612603105
903,Deposito,20.00,2026-04-20 21:48:02,Efectivo,Confirmado,,2026-04-20 21:48:02,2026-06-30 05:30:13,,13,864,111113612603105,111113612603105
904,Deposito,60.00,2026-04-20 21:48:21,Efectivo,Confirmado,,2026-04-20 21:48:21,2026-06-30 05:30:13,,14,861,111113612603105,111113612603105
905,Deposito,20.00,2026-04-20 21:48:39,Efectivo,Confirmado,,2026-04-20 21:48:39,2026-06-30 05:30:13,,15,865,111113612603105,111113612603105
906,Deposito,20.00,2026-04-20 21:48:59,Efectivo,Confirmado,,2026-04-20 21:48:59,2026-06-30 05:30:14,,16,862,111113612603105,111113612603105
907,Deposito,20.00,2026-04-20 21:49:21,Efectivo,Confirmado,,2026-04-20 21:49:21,2026-06-30 05:30:14,,18,866,111113612603105,111113612603105
908,Deposito,20.00,2026-04-20 21:49:49,Efectivo,Confirmado,,2026-04-20 21:49:49,2026-06-30 05:30:14,,19,1648,111113612603105,111113612603105
909,Deposito,20.00,2026-04-20 21:50:53,Efectivo,Confirmado,,2026-04-20 21:50:53,2026-06-30 05:30:14,,20,1737,111113612603105,111113612603105
910,Deposito,30.00,2026-04-20 21:51:11,Efectivo,Confirmado,,2026-04-20 21:51:11,2026-06-30 05:30:14,,21,870,111113612603105,111113612603105
911,Deposito,20.00,2026-04-20 21:51:32,Efectivo,Confirmado,,2026-04-20 21:51:32,2026-06-30 05:30:14,,22,1021,111113612603105,111113612603105
912,Deposito,42.00,2026-04-20 21:52:22,Efectivo,Confirmado,,2026-04-20 21:52:22,2026-06-30 05:30:14,,1,1413,111113612603105,111113612603105
913,Deposito,32.00,2026-04-20 21:52:52,Efectivo,Confirmado,,2026-04-20 21:52:52,2026-06-30 05:30:14,,2,1415,111113612603105,111113612603105
914,Deposito,32.00,2026-04-20 21:53:08,Efectivo,Confirmado,,2026-04-20 21:53:08,2026-06-30 05:30:14,,3,1417,111113612603105,111113612603105
915,Deposito,62.00,2026-04-20 21:53:21,Efectivo,Confirmado,,2026-04-20 21:53:21,2026-06-30 05:30:14,,4,1416,111113612603105,111113612603105
916,Deposito,29.50,2026-04-20 21:57:09,Efectivo,Confirmado,,2026-04-20 21:57:09,2026-06-30 05:30:14,,34,1683,111113612603105,111113612603105
917,Deposito,32.00,2026-04-20 21:57:35,Efectivo,Confirmado,,2026-04-20 21:57:35,2026-06-30 05:30:14,,35,1710,111113612603105,111113612603105
918,Deposito,38.00,2026-04-20 21:59:19,Efectivo,Confirmado,,2026-04-20 21:59:19,2026-06-30 05:30:14,,36,1053,111113612603105,111113612603105
919,Deposito,44.00,2026-04-20 21:59:35,Efectivo,Confirmado,,2026-04-20 21:59:35,2026-06-30 05:30:14,,37,1054,111113612603105,111113612603105
920,Deposito,52.00,2026-04-20 22:02:45,Efectivo,Confirmado,,2026-04-20 22:02:45,2026-06-30 05:30:14,,275,1693,111113612603105,111113612603105
921,apertura,0.00,2026-04-20 22:03:02,Sistema,Confirmado,,2026-04-20 22:03:02,2026-04-20 22:03:02,,309,,,
922,Deposito,52.00,2026-04-20 22:03:02,Efectivo,Confirmado,,2026-04-20 22:03:02,2026-06-30 05:30:14,,309,1698,111113612603105,111113612603105
923,apertura,0.00,2026-04-20 22:03:18,Sistema,Confirmado,,2026-04-20 22:03:18,2026-04-20 22:03:18,,310,,,
924,Deposito,52.00,2026-04-20 22:03:18,Efectivo,Confirmado,,2026-04-20 22:03:18,2026-06-30 05:30:14,,310,1711,111113612603105,111113612603105
925,Deposito,44.00,2026-04-20 22:08:36,Efectivo,Confirmado,,2026-04-20 22:08:36,2026-06-30 05:30:14,,30,1123,111113612603105,111113612603105
926,Deposito,44.00,2026-04-20 22:11:35,Efectivo,Confirmado,,2026-04-20 22:11:35,2026-06-30 05:30:14,,32,1125,111113612603105,111113612603105
927,Deposito,84.00,2026-04-20 22:12:05,Efectivo,Confirmado,,2026-04-20 22:12:05,2026-06-30 05:30:14,,33,1126,111113612603105,111113612603105
928,Deposito,62.00,2026-04-20 22:13:20,Efectivo,Confirmado,,2026-04-20 22:13:20,2026-06-30 05:30:14,,24,1400,111113612603105,111113612603105
929,Deposito,62.00,2026-04-20 22:13:36,Efectivo,Confirmado,,2026-04-20 22:13:36,2026-06-30 05:30:14,,25,1403,111113612603105,111113612603105
930,Deposito,62.00,2026-04-20 22:13:50,Efectivo,Confirmado,,2026-04-20 22:13:50,2026-06-30 05:30:14,,26,1401,111113612603105,111113612603105
931,Deposito,62.00,2026-04-20 22:14:10,Efectivo,Confirmado,,2026-04-20 22:14:10,2026-06-30 05:30:14,,276,1402,111113612603105,111113612603105
932,Deposito,62.00,2026-04-20 22:14:32,Efectivo,Confirmado,,2026-04-20 22:14:32,2026-06-30 05:30:14,,277,1404,111113612603105,111113612603105
933,Deposito,20.00,2026-04-20 22:14:47,Efectivo,Confirmado,,2026-04-20 22:14:47,2026-06-30 05:30:14,,27,1405,111113612603105,111113612603105
934,Deposito,60.00,2026-04-20 22:15:07,Efectivo,Confirmado,,2026-04-20 22:15:07,2026-06-30 05:30:14,,28,1406,111113612603105,111113612603105
935,Deposito,20.00,2026-04-20 22:15:20,Efectivo,Confirmado,,2026-04-20 22:15:20,2026-06-30 05:30:14,,29,1407,111113612603105,111113612603105
936,apertura,0.00,2026-04-21 16:09:18,Sistema,Confirmado,,2026-04-21 16:09:18,2026-04-21 16:09:18,,311,,,
937,Deposito,320.00,2026-04-21 16:09:18,Efectivo,Confirmado,,2026-04-21 16:09:18,2026-06-30 05:30:14,,311,919,111113612603105,111113612603105
938,Retiro,320.00,2026-04-21 16:12:19,Efectivo,Confirmado,,2026-04-21 16:12:18,2026-06-30 05:30:14,2026-04-21 22:12:19,311,919,111113612603105,111113612603105
939,Deposito,60.00,2026-04-21 21:36:22,Efectivo,Confirmado,,2026-04-21 21:36:22,2026-06-30 05:30:14,,65,1634,111113612603105,111113612603105
940,Deposito,60.00,2026-04-21 21:36:41,Efectivo,Confirmado,,2026-04-21 21:36:41,2026-06-30 05:30:14,,66,1752,111113612603105,111113612603105
941,Deposito,60.00,2026-04-21 21:37:04,Efectivo,Confirmado,,2026-04-21 21:37:04,2026-06-30 05:30:14,,67,1657,111113612603105,111113612603105
942,Deposito,60.00,2026-04-21 21:37:42,Efectivo,Confirmado,,2026-04-21 21:37:42,2026-06-30 05:30:14,,68,1121,111113612603105,111113612603105
943,Deposito,60.00,2026-04-21 21:38:00,Efectivo,Confirmado,,2026-04-21 21:38:00,2026-06-30 05:30:14,,69,1122,111113612603105,111113612603105
944,apertura,0.00,2026-04-21 21:38:57,Sistema,Confirmado,,2026-04-21 21:38:57,2026-04-21 21:38:57,,312,,,
945,Deposito,60.00,2026-04-21 21:38:57,Efectivo,Confirmado,,2026-04-21 21:38:57,2026-06-30 05:30:14,,312,1718,111113612603105,111113612603105
946,Deposito,44.00,2026-04-21 21:39:35,Efectivo,Confirmado,,2026-04-21 21:39:35,2026-06-30 05:30:14,,93,1114,111113612603105,111113612603105
947,Deposito,44.00,2026-04-21 21:39:54,Efectivo,Confirmado,,2026-04-21 21:39:54,2026-06-30 05:30:14,,94,1115,111113612603105,111113612603105
948,Deposito,44.00,2026-04-21 21:40:17,Efectivo,Confirmado,,2026-04-21 21:40:17,2026-06-30 05:30:14,,95,1116,111113612603105,111113612603105
949,Deposito,30.00,2026-04-21 21:41:10,Efectivo,Confirmado,,2026-04-21 21:41:10,2026-06-30 05:30:14,,87,982,111113612603105,111113612603105
950,Deposito,22.00,2026-04-21 21:50:41,Efectivo,Confirmado,,2026-04-21 21:50:41,2026-06-30 05:30:14,,88,987,111113612603105,111113612603105
951,Deposito,20.00,2026-04-21 21:51:07,Efectivo,Confirmado,,2026-04-21 21:51:07,2026-06-30 05:30:14,,89,983,111113612603105,111113612603105
952,Deposito,20.00,2026-04-21 21:51:26,Efectivo,Confirmado,,2026-04-21 21:51:26,2026-06-30 05:30:14,,90,990,111113612603105,111113612603105
953,Deposito,20.00,2026-04-21 21:51:54,Efectivo,Confirmado,,2026-04-21 21:51:54,2026-06-30 05:30:14,,91,1652,111113612603105,111113612603105
954,Deposito,20.00,2026-04-21 21:52:10,Efectivo,Confirmado,,2026-04-21 21:52:10,2026-06-30 05:30:14,,92,1651,111113612603105,111113612603105
955,Deposito,40.00,2026-04-21 21:53:55,Efectivo,Confirmado,,2026-04-21 21:53:55,2026-06-30 05:30:14,,283,1104,111113612603105,111113612603105
956,Deposito,24.00,2026-04-21 21:54:20,Efectivo,Confirmado,,2026-04-21 21:54:20,2026-06-30 05:30:14,,72,1679,111113612603105,111113612603105
958,Deposito,20.00,2026-04-21 21:55:03,Efectivo,Confirmado,,2026-04-21 21:55:03,2026-06-30 05:30:14,,50,871,111113612603105,111113612603105
959,Deposito,10.00,2026-04-21 21:55:25,Efectivo,Confirmado,,2026-04-21 21:55:25,2026-06-30 05:30:14,,51,1624,111113612603105,111113612603105
960,Deposito,20.00,2026-04-21 21:55:43,Efectivo,Confirmado,,2026-04-21 21:55:43,2026-06-30 05:30:14,,52,1707,111113612603105,111113612603105
961,Deposito,20.00,2026-04-21 21:55:59,Efectivo,Confirmado,,2026-04-21 21:55:59,2026-06-30 05:30:14,,53,874,111113612603105,111113612603105
962,apertura,0.00,2026-04-21 21:56:17,Sistema,Confirmado,,2026-04-21 21:56:17,2026-04-21 21:56:17,,313,,,
963,Deposito,20.00,2026-04-21 21:56:17,Efectivo,Confirmado,,2026-04-21 21:56:17,2026-06-30 05:30:14,,313,,111113612603105,111113612603105
964,Deposito,42.00,2026-04-21 21:56:46,Efectivo,Confirmado,,2026-04-21 21:56:46,2026-06-30 05:30:14,,54,1650,111113612603105,111113612603105
965,Deposito,20.00,2026-04-21 21:57:02,Efectivo,Confirmado,,2026-04-21 21:57:02,2026-06-30 05:30:14,,278,1633,111113612603105,111113612603105
966,Deposito,10.00,2026-04-21 21:57:19,Efectivo,Confirmado,,2026-04-21 21:57:19,2026-06-30 05:30:14,,55,879,111113612603105,111113612603105
967,Deposito,20.00,2026-04-21 21:57:39,Efectivo,Confirmado,,2026-04-21 21:57:39,2026-06-30 05:30:14,,56,884,111113612603105,111113612603105
968,Deposito,20.00,2026-04-21 21:57:57,Efectivo,Confirmado,,2026-04-21 21:57:57,2026-06-30 05:30:14,,57,885,111113612603105,111113612603105
969,Deposito,10.00,2026-04-21 21:58:18,Efectivo,Confirmado,,2026-04-21 21:58:18,2026-06-30 05:30:14,,58,887,111113612603105,111113612603105
970,Deposito,20.00,2026-04-21 21:58:37,Efectivo,Confirmado,,2026-04-21 21:58:37,2026-06-30 05:30:14,,59,1745,111113612603105,111113612603105
971,Deposito,20.00,2026-04-21 21:59:04,Efectivo,Confirmado,,2026-04-21 21:59:04,2026-06-30 05:30:14,,61,890,111113612603105,111113612603105
972,Deposito,20.00,2026-04-21 21:59:23,Efectivo,Confirmado,,2026-04-21 21:59:23,2026-06-30 05:30:14,,64,891,111113612603105,111113612603105
973,Deposito,20.00,2026-04-21 22:00:04,Efectivo,Confirmado,,2026-04-21 22:00:04,2026-06-30 05:30:14,,62,892,111113612603105,111113612603105
974,Deposito,20.00,2026-04-21 22:00:54,Efectivo,Confirmado,,2026-04-21 22:00:54,2026-06-30 05:30:14,,63,893,111113612603105,111113612603105
975,Deposito,10.00,2026-04-21 22:02:06,Efectivo,Confirmado,,2026-04-21 22:02:06,2026-06-30 05:30:14,,73,1376,111113612603105,111113612603105
976,Deposito,10.00,2026-04-21 22:02:22,Efectivo,Confirmado,,2026-04-21 22:02:22,2026-06-30 05:30:14,,74,1378,111113612603105,111113612603105
977,Deposito,10.00,2026-04-21 22:02:52,Efectivo,Confirmado,,2026-04-21 22:02:52,2026-06-30 05:30:14,,75,1380,111113612603105,111113612603105
978,Deposito,10.00,2026-04-21 22:03:10,Efectivo,Confirmado,,2026-04-21 22:03:10,2026-06-30 05:30:14,,76,1381,111113612603105,111113612603105
979,Deposito,10.00,2026-04-21 22:03:34,Efectivo,Confirmado,,2026-04-21 22:03:34,2026-06-30 05:30:14,,77,1384,111113612603105,111113612603105
980,Deposito,10.00,2026-04-21 22:03:53,Efectivo,Confirmado,,2026-04-21 22:03:53,2026-06-30 05:30:14,,78,1385,111113612603105,111113612603105
981,Deposito,10.00,2026-04-21 22:04:11,Efectivo,Confirmado,,2026-04-21 22:04:11,2026-06-30 05:30:14,,79,1382,111113612603105,111113612603105
982,Deposito,30.00,2026-04-21 22:04:31,Efectivo,Confirmado,,2026-04-21 22:04:31,2026-06-30 05:30:14,,80,1181,111113612603105,111113612603105
983,Deposito,20.00,2026-04-21 22:04:46,Efectivo,Confirmado,,2026-04-21 22:04:46,2026-06-30 05:30:14,,81,1182,111113612603105,111113612603105
984,Deposito,20.00,2026-04-21 22:05:04,Efectivo,Confirmado,,2026-04-21 22:05:04,2026-06-30 05:30:14,,82,1678,111113612603105,111113612603105
985,Deposito,20.00,2026-04-21 22:05:23,Efectivo,Confirmado,,2026-04-21 22:05:23,2026-06-30 05:30:14,,83,1706,111113612603105,111113612603105
986,Deposito,20.00,2026-04-21 22:05:41,Efectivo,Confirmado,,2026-04-21 22:05:41,2026-06-30 05:30:14,,85,1190,111113612603105,111113612603105
987,Deposito,113.00,2026-04-21 22:16:21,Efectivo,Confirmado,,2026-04-21 22:16:21,2026-06-30 05:30:14,,39,1542,111113612603105,111113612603105
989,Deposito,80.00,2026-04-21 22:17:10,Efectivo,Confirmado,,2026-04-21 22:17:10,2026-06-30 05:30:14,,44,1734,111113612603105,111113612603105
990,Deposito,85.00,2026-04-21 22:17:48,Efectivo,Confirmado,,2026-04-21 22:17:48,2026-06-30 05:30:14,,47,1732,111113612603105,111113612603105
991,Deposito,56.00,2026-04-21 22:18:09,Efectivo,Confirmado,,2026-04-21 22:18:09,2026-06-30 05:30:14,,40,1543,111113612603105,111113612603105
992,Deposito,56.00,2026-04-21 22:18:29,Efectivo,Confirmado,,2026-04-21 22:18:29,2026-06-30 05:30:14,,45,1548,111113612603105,111113612603105
993,Deposito,19.00,2026-04-21 22:18:51,Efectivo,Confirmado,,2026-04-21 22:18:51,2026-06-30 05:30:14,,42,1735,111113612603105,111113612603105
994,Deposito,34.00,2026-04-21 22:19:09,Efectivo,Confirmado,,2026-04-21 22:19:09,2026-06-30 05:30:14,,46,1658,111113612603105,111113612603105
995,Deposito,13.00,2026-04-21 22:19:30,Efectivo,Confirmado,,2026-04-21 22:19:30,2026-06-30 05:30:14,,38,1541,111113612603105,111113612603105
996,Deposito,70.00,2026-04-21 22:19:56,Efectivo,Confirmado,,2026-04-21 22:19:56,2026-06-30 05:30:14,,41,1544,111113612603105,111113612603105
997,Deposito,213.00,2026-04-21 22:20:13,Efectivo,Confirmado,,2026-04-21 22:20:13,2026-06-30 05:30:14,,43,1546,111113612603105,111113612603105
998,apertura,0.00,2026-04-21 22:22:55,Sistema,Confirmado,,2026-04-21 22:22:55,2026-04-21 22:22:55,,314,,,
999,Deposito,20.00,2026-04-21 22:22:55,Efectivo,Confirmado,,2026-04-21 22:22:55,2026-06-30 05:30:14,,314,,111113612603105,111113612603105
1000,Deposito,20.00,2026-04-21 22:23:15,Efectivo,Confirmado,,2026-04-21 22:23:15,2026-06-30 05:30:14,,100,1372,111113612603105,111113612603105
1001,Deposito,20.00,2026-04-21 22:23:32,Efectivo,Confirmado,,2026-04-21 22:23:32,2026-06-30 05:30:14,,101,1373,111113612603105,111113612603105
1002,Deposito,20.00,2026-04-21 22:37:06,Efectivo,Confirmado,,2026-04-21 22:37:06,2026-06-30 05:30:14,,102,1374,111113612603105,111113612603105
1003,Deposito,32.00,2026-04-21 22:38:20,Efectivo,Confirmado,,2026-04-21 22:38:20,2026-06-30 05:30:14,,96,1750,111113612603105,111113612603105
1004,Deposito,28.00,2026-04-21 22:38:35,Efectivo,Confirmado,,2026-04-21 22:38:35,2026-06-30 05:30:14,,97,996,111113612603105,111113612603105
1005,Deposito,28.00,2026-04-21 22:38:54,Efectivo,Confirmado,,2026-04-21 22:38:54,2026-06-30 05:30:14,,98,1759,111113612603105,111113612603105
1006,Deposito,12.00,2026-04-21 22:39:11,Efectivo,Confirmado,,2026-04-21 22:39:11,2026-06-30 05:30:14,,279,999,111113612603105,111113612603105
1007,Deposito,20.00,2026-04-21 22:40:06,Efectivo,Confirmado,,2026-04-21 22:40:06,2026-06-30 05:30:14,,104,1004,111113612603105,111113612603105
1008,Deposito,22.00,2026-04-21 22:40:20,Efectivo,Confirmado,,2026-04-21 22:40:20,2026-06-30 05:30:14,,105,1006,111113612603105,111113612603105
1009,Deposito,20.00,2026-04-21 22:40:42,Efectivo,Confirmado,,2026-04-21 22:40:42,2026-06-30 05:30:14,,106,1653,111113612603105,111113612603105
1010,Deposito,40.00,2026-04-21 22:41:00,Efectivo,Confirmado,,2026-04-21 22:41:00,2026-06-30 05:30:14,,108,,111113612603105,111113612603105
1011,Deposito,20.00,2026-04-21 22:41:15,Efectivo,Confirmado,,2026-04-21 22:41:15,2026-06-30 05:30:14,,109,1631,111113612603105,111113612603105
1012,Deposito,20.00,2026-04-21 22:41:33,Efectivo,Confirmado,,2026-04-21 22:41:33,2026-06-30 05:30:14,,110,1013,111113612603105,111113612603105
1013,Deposito,20.00,2026-04-21 22:41:48,Efectivo,Confirmado,,2026-04-21 22:41:48,2026-06-30 05:30:14,,111,1712,111113612603105,111113612603105
1014,Deposito,20.00,2026-04-21 22:42:07,Efectivo,Confirmado,,2026-04-21 22:42:07,2026-06-30 05:30:14,,112,1654,111113612603105,111113612603105
1015,Deposito,20.00,2026-04-22 20:58:12,Efectivo,Confirmado,,2026-04-22 20:58:12,2026-06-30 05:30:14,,125,1741,111113612603105,111113612603105
1016,Deposito,20.00,2026-04-22 20:58:27,Efectivo,Confirmado,,2026-04-22 20:58:27,2026-06-30 05:30:14,,285,1625,111113612603105,111113612603105
1017,Deposito,20.00,2026-04-22 20:58:57,Efectivo,Confirmado,,2026-04-22 20:58:57,2026-06-30 05:30:14,,126,1760,111113612603105,111113612603105
1018,Deposito,20.00,2026-04-22 20:59:13,Efectivo,Confirmado,,2026-04-22 20:59:13,2026-06-30 05:30:14,,127,1628,111113612603105,111113612603105
1019,Deposito,20.00,2026-04-22 20:59:38,Efectivo,Confirmado,,2026-04-22 20:59:38,2026-06-30 05:30:14,,128,1626,111113612603105,111113612603105
1020,Deposito,20.00,2026-04-22 20:59:56,Efectivo,Confirmado,,2026-04-22 20:59:56,2026-06-30 05:30:14,,129,1363,111113612603105,111113612603105
1021,Deposito,20.00,2026-04-22 21:00:15,Efectivo,Confirmado,,2026-04-22 21:00:15,2026-06-30 05:30:14,,130,1714,111113612603105,111113612603105
1022,Deposito,20.00,2026-04-22 21:00:34,Efectivo,Confirmado,,2026-04-22 21:00:34,2026-06-30 05:30:14,,131,1367,111113612603105,111113612603105
1023,Deposito,20.00,2026-04-22 21:00:52,Efectivo,Confirmado,,2026-04-22 21:00:52,2026-06-30 05:30:15,,132,1364,111113612603105,111113612603105
1024,Deposito,20.00,2026-04-22 21:01:12,Efectivo,Confirmado,,2026-04-22 21:01:12,2026-06-30 05:30:15,,133,1365,111113612603105,111113612603105
1025,Deposito,20.00,2026-04-22 21:02:01,Efectivo,Confirmado,,2026-04-22 21:02:01,2026-06-30 05:30:15,,135,1137,111113612603105,111113612603105
1026,Deposito,30.00,2026-04-22 21:02:19,Efectivo,Confirmado,,2026-04-22 21:02:19,2026-06-30 05:30:15,,136,1140,111113612603105,111113612603105
1027,Deposito,24.00,2026-04-22 21:02:46,Efectivo,Confirmado,,2026-04-22 21:02:46,2026-06-30 05:30:15,,137,1139,111113612603105,111113612603105
1028,apertura,0.00,2026-04-22 21:03:05,Sistema,Confirmado,,2026-04-22 21:03:05,2026-04-22 21:03:05,,315,,,
1029,Deposito,30.00,2026-04-22 21:03:05,Efectivo,Confirmado,,2026-04-22 21:03:05,2026-06-30 05:30:15,,315,1143,111113612603105,111113612603105
1030,Deposito,20.00,2026-04-22 21:03:28,Efectivo,Confirmado,,2026-04-22 21:03:28,2026-06-30 05:30:15,,286,1142,111113612603105,111113612603105
1031,Deposito,20.00,2026-04-22 21:03:47,Efectivo,Confirmado,,2026-04-22 21:03:47,2026-06-30 05:30:15,,287,1146,111113612603105,111113612603105
1032,Deposito,20.00,2026-04-22 21:04:08,Efectivo,Confirmado,,2026-04-22 21:04:08,2026-06-30 05:30:15,,140,1147,111113612603105,111113612603105
1033,apertura,0.00,2026-04-22 21:04:40,Sistema,Confirmado,,2026-04-22 21:04:40,2026-04-22 21:04:40,,316,,,
1034,Deposito,74.50,2026-04-22 21:04:40,Efectivo,Confirmado,,2026-04-22 21:04:40,2026-06-30 05:30:15,,316,1619,111113612603105,111113612603105
1035,apertura,0.00,2026-04-22 21:05:04,Sistema,Confirmado,,2026-04-22 21:05:04,2026-04-22 21:05:04,,317,,,
1036,Deposito,38.50,2026-04-22 21:05:04,Efectivo,Confirmado,,2026-04-22 21:05:04,2026-06-30 05:30:15,,317,1617,111113612603105,111113612603105
1037,apertura,0.00,2026-04-22 21:05:21,Sistema,Confirmado,,2026-04-22 21:05:21,2026-04-22 21:05:21,,318,,,
1038,Deposito,36.00,2026-04-22 21:05:21,Efectivo,Confirmado,,2026-04-22 21:05:21,2026-06-30 05:30:15,,318,1620,111113612603105,111113612603105
1039,apertura,0.00,2026-04-22 21:05:43,Sistema,Confirmado,,2026-04-22 21:05:43,2026-04-22 21:05:43,,319,,,
1040,Deposito,66.00,2026-04-22 21:05:43,Efectivo,Confirmado,,2026-04-22 21:05:43,2026-06-30 05:30:15,,319,1618,111113612603105,111113612603105
1041,apertura,0.00,2026-04-22 21:06:07,Sistema,Confirmado,,2026-04-22 21:06:07,2026-04-22 21:06:07,,320,,,
1042,Deposito,32.00,2026-04-22 21:06:07,Efectivo,Confirmado,,2026-04-22 21:06:07,2026-06-30 05:30:15,,320,1196,111113612603105,111113612603105
1043,apertura,0.00,2026-04-22 21:06:26,Sistema,Confirmado,,2026-04-22 21:06:26,2026-04-22 21:06:26,,321,,,
1044,Deposito,40.00,2026-04-22 21:06:26,Efectivo,Confirmado,,2026-04-22 21:06:26,2026-06-30 05:30:15,,321,1197,111113612603105,111113612603105
1045,apertura,0.00,2026-04-22 21:06:47,Sistema,Confirmado,,2026-04-22 21:06:47,2026-04-22 21:06:47,,322,,,
1046,Deposito,32.00,2026-04-22 21:06:47,Efectivo,Confirmado,,2026-04-22 21:06:47,2026-06-30 05:30:15,,322,1201,111113612603105,111113612603105
1047,apertura,0.00,2026-04-22 21:07:14,Sistema,Confirmado,,2026-04-22 21:07:14,2026-04-22 21:07:14,,323,,,
1048,Deposito,42.00,2026-04-22 21:07:14,Efectivo,Confirmado,,2026-04-22 21:07:14,2026-06-30 05:30:15,,323,1621,111113612603105,111113612603105
1049,Deposito,20.00,2026-04-22 21:07:58,Efectivo,Confirmado,,2026-04-22 21:07:58,2026-06-30 05:30:15,,113,1667,111113612603105,111113612603105
1050,Deposito,70.00,2026-04-22 21:08:17,Efectivo,Confirmado,,2026-04-22 21:08:17,2026-06-30 05:30:15,,114,1668,111113612603105,111113612603105
1051,Deposito,300.00,2026-04-22 21:08:32,Efectivo,Confirmado,,2026-04-22 21:08:32,2026-06-30 05:30:15,,115,1669,111113612603105,111113612603105
1052,Deposito,580.00,2026-04-22 21:08:51,Efectivo,Confirmado,,2026-04-22 21:08:51,2026-06-30 05:30:15,,116,1670,111113612603105,111113612603105
1053,Deposito,22.00,2026-04-22 21:09:06,Efectivo,Confirmado,,2026-04-22 21:09:06,2026-06-30 05:30:15,,117,1671,111113612603105,111113612603105
1054,Deposito,32.00,2026-04-22 21:09:20,Efectivo,Confirmado,,2026-04-22 21:09:20,2026-06-30 05:30:15,,118,1666,111113612603105,111113612603105
1055,Deposito,20.00,2026-04-22 21:09:54,Efectivo,Confirmado,,2026-04-22 21:09:54,2026-06-30 05:30:15,,120,1754,111113612603105,111113612603105
1056,Deposito,20.00,2026-04-22 21:10:15,Efectivo,Confirmado,,2026-04-22 21:10:15,2026-06-30 05:30:15,,121,1748,111113612603105,111113612603105
1057,Deposito,20.00,2026-04-22 21:10:41,Efectivo,Confirmado,,2026-04-22 21:10:41,2026-06-30 05:30:15,,122,901,111113612603105,111113612603105
1058,Deposito,24.00,2026-04-22 21:10:59,Efectivo,Confirmado,,2026-04-22 21:10:59,2026-06-30 05:30:15,,123,904,111113612603105,111113612603105
1059,Deposito,20.00,2026-04-22 21:11:18,Efectivo,Confirmado,,2026-04-22 21:11:18,2026-06-30 05:30:15,,124,905,111113612603105,111113612603105
1060,Deposito,40.00,2026-04-22 21:11:51,Efectivo,Confirmado,,2026-04-22 21:11:51,2026-06-30 05:30:15,,141,1108,111113612603105,111113612603105
1061,Deposito,34.00,2026-04-22 21:12:11,Efectivo,Confirmado,,2026-04-22 21:12:11,2026-06-30 05:30:15,,142,1110,111113612603105,111113612603105
1062,Deposito,34.00,2026-04-22 21:12:29,Efectivo,Confirmado,,2026-04-22 21:12:29,2026-06-30 05:30:15,,143,1111,111113612603105,111113612603105
1063,Deposito,34.00,2026-04-22 21:12:56,Efectivo,Confirmado,,2026-04-22 21:12:56,2026-06-30 05:30:15,,144,1112,111113612603105,111113612603105
1064,Deposito,34.00,2026-04-22 21:13:25,Efectivo,Confirmado,,2026-04-22 21:13:25,2026-06-30 05:30:15,,145,1113,111113612603105,111113612603105
1065,Deposito,19.00,2026-04-22 21:53:41,Efectivo,Confirmado,,2026-04-22 21:53:41,2026-06-30 05:30:15,,157,1553,111113612603105,111113612603105
1066,Deposito,40.00,2026-04-22 22:17:54,Efectivo,Confirmado,,2026-04-22 22:17:54,2026-06-30 05:30:15,,146,1200,111113612603105,111113612603105
1067,Deposito,12.00,2026-04-22 22:18:27,Efectivo,Confirmado,,2026-04-22 22:18:27,2026-06-30 05:30:15,,152,923,111113612603105,111113612603105
1068,Deposito,12.00,2026-04-22 22:18:55,Efectivo,Confirmado,,2026-04-22 22:18:55,2026-06-30 05:30:15,,153,926,111113612603105,111113612603105
1069,apertura,0.00,2026-04-22 22:19:16,Sistema,Confirmado,,2026-04-22 22:19:16,2026-04-22 22:19:16,,324,,,
1070,Deposito,20.00,2026-04-22 22:19:16,Efectivo,Confirmado,,2026-04-22 22:19:16,2026-06-30 05:30:15,,324,1635,111113612603105,111113612603105
1071,Deposito,20.00,2026-04-22 22:19:47,Efectivo,Confirmado,,2026-04-22 22:19:47,2026-06-30 05:30:15,,147,1392,111113612603105,111113612603105
1072,Deposito,24.00,2026-04-22 22:20:06,Efectivo,Confirmado,,2026-04-22 22:20:06,2026-06-30 05:30:15,,148,1709,111113612603105,111113612603105
1073,Deposito,64.00,2026-04-22 22:20:23,Efectivo,Confirmado,,2026-04-22 22:20:23,2026-06-30 05:30:15,,149,1398,111113612603105,111113612603105
1074,Deposito,20.00,2026-04-22 22:20:39,Efectivo,Confirmado,,2026-04-22 22:20:39,2026-06-30 05:30:15,,150,1664,111113612603105,111113612603105
1075,apertura,0.00,2026-04-22 23:51:06,Sistema,Confirmado,,2026-04-22 23:51:06,2026-04-22 23:51:06,,325,,,
1076,Deposito,124.00,2026-04-22 23:51:06,Efectivo,Confirmado,,2026-04-22 23:51:06,2026-06-30 05:30:15,,325,,111113612603105,111113612603105
1077,Retiro,124.00,2026-04-22 23:52:28,Efectivo,Confirmado,,2026-04-22 23:52:28,2026-06-30 05:30:15,2026-04-23 05:52:28,325,,111113612603105,111113612603105
1078,Deposito,15.00,2026-04-23 21:50:01,Efectivo,Confirmado,,2026-04-23 21:50:01,2026-06-30 05:30:15,,240,1023,111113612603105,111113612603105
1079,Deposito,10.50,2026-04-23 21:50:22,Efectivo,Confirmado,,2026-04-23 21:50:22,2026-06-30 05:30:15,,241,1739,111113612603105,111113612603105
1080,Deposito,53.00,2026-04-23 21:50:39,Efectivo,Confirmado,,2026-04-23 21:50:39,2026-06-30 05:30:15,,242,1047,111113612603105,111113612603105
1081,Deposito,20.00,2026-04-23 21:50:57,Efectivo,Confirmado,,2026-04-23 21:50:57,2026-06-30 05:30:15,,243,1033,111113612603105,111113612603105
1082,Deposito,15.00,2026-04-23 21:51:24,Efectivo,Confirmado,,2026-04-23 21:51:24,2026-06-30 05:30:15,,244,1727,111113612603105,111113612603105
1083,Deposito,10.00,2026-04-23 21:51:45,Efectivo,Confirmado,,2026-04-23 21:51:45,2026-06-30 05:30:15,,245,1029,111113612603105,111113612603105
1084,Deposito,10.00,2026-04-23 21:52:06,Efectivo,Confirmado,,2026-04-23 21:52:06,2026-06-30 05:30:15,,246,1036,111113612603105,111113612603105
1085,Deposito,10.00,2026-04-23 21:52:25,Efectivo,Confirmado,,2026-04-23 21:52:25,2026-06-30 05:30:15,,247,1038,111113612603105,111113612603105
1086,Deposito,31.50,2026-04-23 21:52:50,Efectivo,Confirmado,,2026-04-23 21:52:50,2026-06-30 05:30:15,,249,1034,111113612603105,111113612603105
1087,Deposito,16.00,2026-04-23 21:53:14,Efectivo,Confirmado,,2026-04-23 21:53:14,2026-06-30 05:30:15,,250,1751,111113612603105,111113612603105
1088,Deposito,10.00,2026-04-23 21:53:44,Efectivo,Confirmado,,2026-04-23 21:53:44,2026-06-30 05:30:15,,251,1690,111113612603105,111113612603105
1089,Deposito,20.00,2026-04-23 21:54:21,Efectivo,Confirmado,,2026-04-23 21:54:21,2026-06-30 05:30:15,,252,1695,111113612603105,111113612603105
1090,Deposito,20.00,2026-04-23 21:54:43,Efectivo,Confirmado,,2026-04-23 21:54:43,2026-06-30 05:30:15,,253,1044,111113612603105,111113612603105
1091,Deposito,10.00,2026-04-23 21:55:05,Efectivo,Confirmado,,2026-04-23 21:55:05,2026-06-30 05:30:15,,254,1048,111113612603105,111113612603105
1092,Deposito,10.00,2026-04-23 21:56:02,Efectivo,Confirmado,,2026-04-23 21:56:02,2026-06-30 05:30:15,,255,,111113612603105,111113612603105
1093,Deposito,20.00,2026-04-23 21:56:27,Efectivo,Confirmado,,2026-04-23 21:56:27,2026-06-30 05:30:15,,256,1050,111113612603105,111113612603105
1094,Deposito,20.00,2026-04-23 21:57:43,Efectivo,Confirmado,,2026-04-23 21:57:43,2026-06-30 05:30:15,,161,,111113612603105,111113612603105
1095,Deposito,20.00,2026-04-23 21:58:04,Efectivo,Confirmado,,2026-04-23 21:58:04,2026-06-30 05:30:15,,163,1418,111113612603105,111113612603105
1096,Deposito,20.00,2026-04-23 21:58:30,Efectivo,Confirmado,,2026-04-23 21:58:30,2026-06-30 05:30:15,,162,1700,111113612603105,111113612603105
1097,Deposito,20.00,2026-04-23 21:59:13,Efectivo,Confirmado,,2026-04-23 21:59:13,2026-06-30 05:30:15,,280,1689,111113612603105,111113612603105
1098,Deposito,14.00,2026-04-23 21:59:29,Efectivo,Confirmado,,2026-04-23 21:59:29,2026-06-30 05:30:15,,158,1686,111113612603105,111113612603105
1099,Deposito,20.00,2026-04-23 21:59:52,Efectivo,Confirmado,,2026-04-23 21:59:52,2026-06-30 05:30:15,,281,1687,111113612603105,111113612603105
1100,Deposito,34.00,2026-04-23 22:00:08,Efectivo,Confirmado,,2026-04-23 22:00:08,2026-06-30 05:30:15,,159,1685,111113612603105,111113612603105
1101,Deposito,20.00,2026-04-23 22:01:38,Efectivo,Confirmado,,2026-04-23 22:01:38,2026-06-30 05:30:15,,282,1688,111113612603105,111113612603105
1102,Deposito,30.00,2026-04-23 22:01:54,Efectivo,Confirmado,,2026-04-23 22:01:54,2026-06-30 05:30:15,,160,1178,111113612603105,111113612603105
1103,apertura,0.00,2026-04-23 22:02:10,Sistema,Confirmado,,2026-04-23 22:02:10,2026-04-23 22:02:10,,326,,,
1104,Deposito,20.00,2026-04-23 22:02:10,Efectivo,Confirmado,,2026-04-23 22:02:10,2026-06-30 05:30:15,,326,1720,111113612603105,111113612603105
1105,Deposito,100.00,2026-04-23 22:05:21,Efectivo,Confirmado,,2026-04-23 22:05:21,2026-06-30 05:30:15,,189,1429,111113612603105,111113612603105
1106,Deposito,100.00,2026-04-23 22:05:36,Efectivo,Confirmado,,2026-04-23 22:05:36,2026-06-30 05:30:15,,289,1446,111113612603105,111113612603105
1107,Deposito,20.00,2026-04-23 22:05:51,Efectivo,Confirmado,,2026-04-23 22:05:51,2026-06-30 05:30:15,,191,1495,111113612603105,111113612603105
1108,Deposito,30.00,2026-04-23 22:06:24,Efectivo,Confirmado,,2026-04-23 22:06:24,2026-06-30 05:30:15,,192,1438,111113612603105,111113612603105
1109,Deposito,60.00,2026-04-23 22:07:07,Efectivo,Confirmado,,2026-04-23 22:07:07,2026-06-30 05:30:15,,193,1497,111113612603105,111113612603105
1110,Deposito,32.00,2026-04-23 22:07:26,Efectivo,Confirmado,,2026-04-23 22:07:26,2026-06-30 05:30:15,,269,1694,111113612603105,111113612603105
1111,Deposito,53.00,2026-04-23 22:07:53,Efectivo,Confirmado,,2026-04-23 22:07:53,2026-06-30 05:30:15,,195,1493,111113612603105,111113612603105
1112,Deposito,20.00,2026-04-23 22:08:36,Efectivo,Confirmado,,2026-04-23 22:08:36,2026-06-30 05:30:15,,196,1502,111113612603105,111113612603105
1113,apertura,0.00,2026-04-23 22:08:58,Sistema,Confirmado,,2026-04-23 22:08:58,2026-04-23 22:08:58,,327,,,
1114,Deposito,10.00,2026-04-23 22:08:58,Efectivo,Confirmado,,2026-04-23 22:08:58,2026-06-30 05:30:15,,327,1753,111113612603105,111113612603105
1115,Deposito,20.00,2026-04-23 22:09:28,Efectivo,Confirmado,,2026-04-23 22:09:28,2026-06-30 05:30:15,,199,1496,111113612603105,111113612603105
1116,Deposito,54.00,2026-04-23 22:09:47,Efectivo,Confirmado,,2026-04-23 22:09:47,2026-06-30 05:30:15,,200,1632,111113612603105,111113612603105
1117,Deposito,20.00,2026-04-23 22:11:15,Efectivo,Confirmado,,2026-04-23 22:11:15,2026-06-30 05:30:15,,180,1723,111113612603105,111113612603105
1118,Deposito,34.00,2026-04-23 22:11:40,Efectivo,Confirmado,,2026-04-23 22:11:40,2026-06-30 05:30:15,,181,1450,111113612603105,111113612603105
1119,Deposito,22.00,2026-04-23 22:11:58,Efectivo,Confirmado,,2026-04-23 22:11:58,2026-06-30 05:30:15,,182,1434,111113612603105,111113612603105
1120,Deposito,10.00,2026-04-23 22:12:36,Efectivo,Confirmado,,2026-04-23 22:12:36,2026-06-30 05:30:15,,183,1749,111113612603105,111113612603105
1121,Deposito,20.00,2026-04-23 22:12:56,Efectivo,Confirmado,,2026-04-23 22:12:56,2026-06-30 05:30:15,,268,1728,111113612603105,111113612603105
1122,Deposito,10.00,2026-04-23 22:13:23,Efectivo,Confirmado,,2026-04-23 22:13:23,2026-06-30 05:30:15,,184,1498,111113612603105,111113612603105
1123,Deposito,34.00,2026-04-23 22:13:50,Efectivo,Confirmado,,2026-04-23 22:13:50,2026-06-30 05:30:15,,185,1500,111113612603105,111113612603105
1124,Deposito,80.00,2026-04-23 22:14:04,Efectivo,Confirmado,,2026-04-23 22:14:04,2026-06-30 05:30:15,,290,,111113612603105,111113612603105
1125,Deposito,20.00,2026-04-23 22:14:32,Efectivo,Confirmado,,2026-04-23 22:14:32,2026-06-30 05:30:15,,291,1490,111113612603105,111113612603105
1126,Deposito,20.00,2026-04-23 22:14:49,Efectivo,Confirmado,,2026-04-23 22:14:49,2026-06-30 05:30:15,,186,1507,111113612603105,111113612603105
1127,Deposito,50.00,2026-04-23 22:15:09,Efectivo,Confirmado,,2026-04-23 22:15:09,2026-06-30 05:30:15,,187,1724,111113612603105,111113612603105
1128,Deposito,60.00,2026-04-23 22:15:25,Efectivo,Confirmado,,2026-04-23 22:15:25,2026-06-30 05:30:15,,188,1441,111113612603105,111113612603105
1129,Deposito,20.00,2026-04-23 22:15:45,Efectivo,Confirmado,,2026-04-23 22:15:45,2026-06-30 05:30:15,,292,1508,111113612603105,111113612603105
1130,Deposito,44.00,2026-04-23 22:16:20,Efectivo,Confirmado,,2026-04-23 22:16:20,2026-06-30 05:30:15,,164,1515,111113612603105,111113612603105
1131,Deposito,16.00,2026-04-23 22:16:51,Efectivo,Confirmado,,2026-04-23 22:16:51,2026-06-30 05:30:15,,165,1516,111113612603105,111113612603105
1132,Deposito,52.00,2026-04-23 22:17:05,Efectivo,Confirmado,,2026-04-23 22:17:05,2026-06-30 05:30:15,,166,1518,111113612603105,111113612603105
1133,Deposito,24.00,2026-04-23 22:17:27,Efectivo,Confirmado,,2026-04-23 22:17:27,2026-06-30 05:30:15,,167,1520,111113612603105,111113612603105
1134,Deposito,10.00,2026-04-23 22:17:47,Efectivo,Confirmado,,2026-04-23 22:17:47,2026-06-30 05:30:15,,168,1509,111113612603105,111113612603105
1135,Deposito,30.00,2026-04-23 22:18:04,Efectivo,Confirmado,,2026-04-23 22:18:04,2026-06-30 05:30:15,,169,1510,111113612603105,111113612603105
1136,Deposito,20.00,2026-04-23 22:18:22,Efectivo,Confirmado,,2026-04-23 22:18:22,2026-06-30 05:30:16,,170,1511,111113612603105,111113612603105
1137,Deposito,10.00,2026-04-23 22:18:39,Efectivo,Confirmado,,2026-04-23 22:18:39,2026-06-30 05:30:16,,171,1673,111113612603105,111113612603105
1138,Deposito,26.00,2026-04-23 22:21:17,Efectivo,Confirmado,,2026-04-23 22:21:17,2026-06-30 05:30:16,,293,1715,111113612603105,111113612603105
1139,Deposito,29.00,2026-04-23 22:21:34,Efectivo,Confirmado,,2026-04-23 22:21:34,2026-06-30 05:30:16,,172,1755,111113612603105,111113612603105
1140,Deposito,2.00,2026-04-23 22:22:14,Efectivo,Confirmado,,2026-04-23 22:22:14,2026-06-30 05:30:16,,173,1756,111113612603105,111113612603105
1141,Deposito,18.00,2026-04-23 22:22:37,Efectivo,Confirmado,,2026-04-23 22:22:37,2026-06-30 05:30:16,,174,1716,111113612603105,111113612603105
1143,Deposito,34.00,2026-04-23 22:23:08,Efectivo,Confirmado,,2026-04-23 22:23:08,2026-06-30 05:30:16,,175,937,111113612603105,111113612603105
1144,Deposito,34.00,2026-04-23 22:23:29,Efectivo,Confirmado,,2026-04-23 22:23:29,2026-06-30 05:30:16,,176,940,111113612603105,111113612603105
1145,Deposito,42.00,2026-04-23 22:23:55,Efectivo,Confirmado,,2026-04-23 22:23:55,2026-06-30 05:30:16,,177,941,111113612603105,111113612603105
1146,Deposito,62.00,2026-04-23 22:24:26,Efectivo,Confirmado,,2026-04-23 22:24:26,2026-06-30 05:30:16,,178,938,111113612603105,111113612603105
1147,Deposito,62.00,2026-04-23 22:24:45,Efectivo,Confirmado,,2026-04-23 22:24:45,2026-06-30 05:30:16,,179,939,111113612603105,111113612603105
1148,Deposito,62.00,2026-04-23 22:25:03,Efectivo,Confirmado,,2026-04-23 22:25:03,2026-06-30 05:30:16,,294,1692,111113612603105,111113612603105
1149,Deposito,62.00,2026-04-23 22:25:35,Efectivo,Confirmado,,2026-04-23 22:25:35,2026-06-30 05:30:16,,295,1699,111113612603105,111113612603105
1150,Deposito,36.00,2026-04-24 21:32:17,Efectivo,Confirmado,,2026-04-24 21:32:17,2026-06-30 05:30:16,,228,1726,111113612603105,111113612603105
1151,Deposito,20.00,2026-04-24 21:32:43,Efectivo,Confirmado,,2026-04-24 21:32:43,2026-06-30 05:30:16,,229,1268,111113612603105,111113612603105
1152,Deposito,20.00,2026-04-24 21:33:01,Efectivo,Confirmado,,2026-04-24 21:33:01,2026-06-30 05:30:16,,231,1691,111113612603105,111113612603105
1153,Deposito,40.00,2026-04-24 21:33:27,Efectivo,Confirmado,,2026-04-24 21:33:27,2026-06-30 05:30:16,,232,1271,111113612603105,111113612603105
1154,Deposito,10.00,2026-04-24 21:33:47,Efectivo,Confirmado,,2026-04-24 21:33:47,2026-06-30 05:30:16,,233,1677,111113612603105,111113612603105
1155,Deposito,30.00,2026-04-24 21:34:04,Efectivo,Confirmado,,2026-04-24 21:34:04,2026-06-30 05:30:16,,234,1275,111113612603105,111113612603105
1156,Deposito,20.00,2026-04-24 21:34:21,Efectivo,Confirmado,,2026-04-24 21:34:21,2026-06-30 05:30:16,,235,1269,111113612603105,111113612603105
1157,Deposito,20.00,2026-04-24 21:34:41,Efectivo,Confirmado,,2026-04-24 21:34:41,2026-06-30 05:30:16,,236,1696,111113612603105,111113612603105
1158,apertura,0.00,2026-04-24 21:40:47,Sistema,Confirmado,,2026-04-24 21:40:47,2026-04-24 21:40:47,,328,,,
1159,Deposito,10.00,2026-04-24 21:40:47,Efectivo,Confirmado,,2026-04-24 21:40:47,2026-06-30 05:30:16,,328,1262,111113612603105,111113612603105
1160,apertura,0.00,2026-04-24 21:41:03,Sistema,Confirmado,,2026-04-24 21:41:03,2026-04-24 21:41:03,,329,,,
1161,Deposito,10.00,2026-04-24 21:41:03,Efectivo,Confirmado,,2026-04-24 21:41:03,2026-06-30 05:30:16,,329,1284,111113612603105,111113612603105
1162,Deposito,40.00,2026-04-24 21:41:18,Efectivo,Confirmado,,2026-04-24 21:41:18,2026-06-30 05:30:16,,238,1725,111113612603105,111113612603105
1163,Deposito,40.00,2026-04-24 21:41:31,Efectivo,Confirmado,,2026-04-24 21:41:31,2026-06-30 05:30:16,,239,1285,111113612603105,111113612603105
1164,Deposito,68.00,2026-04-24 21:47:29,Efectivo,Confirmado,,2026-04-24 21:47:29,2026-06-30 05:30:16,,224,1061,111113612603105,111113612603105
1165,Deposito,52.00,2026-04-24 21:47:47,Efectivo,Confirmado,,2026-04-24 21:47:47,2026-06-30 05:30:16,,225,,111113612603105,111113612603105
1166,Deposito,68.00,2026-04-24 21:48:10,Efectivo,Confirmado,,2026-04-24 21:48:10,2026-06-30 05:30:16,,304,1056,111113612603105,111113612603105
1168,Deposito,124.00,2026-04-24 21:49:21,Efectivo,Confirmado,,2026-04-24 21:49:21,2026-06-30 05:30:16,,226,1057,111113612603105,111113612603105
1169,Deposito,102.00,2026-04-24 21:49:41,Efectivo,Confirmado,,2026-04-24 21:49:41,2026-06-30 05:30:16,,227,1059,111113612603105,111113612603105
1170,Deposito,19.00,2026-04-24 21:53:35,Efectivo,Confirmado,,2026-04-24 21:53:35,2026-06-30 05:30:16,,305,1558,111113612603105,111113612603105
1171,Deposito,34.00,2026-04-24 22:44:31,Efectivo,Confirmado,,2026-04-24 22:44:31,2026-06-30 05:30:16,,296,1066,111113612603105,111113612603105
1172,Deposito,34.00,2026-04-24 22:44:48,Efectivo,Confirmado,,2026-04-24 22:44:48,2026-06-30 05:30:16,,297,1622,111113612603105,111113612603105
1173,Deposito,34.00,2026-04-24 22:45:07,Efectivo,Confirmado,,2026-04-24 22:45:07,2026-06-30 05:30:16,,299,1623,111113612603105,111113612603105
1174,Deposito,52.00,2026-04-24 22:45:39,Efectivo,Confirmado,,2026-04-24 22:45:39,2026-06-30 05:30:16,,301,1070,111113612603105,111113612603105
1175,Deposito,39.00,2026-04-24 22:46:05,Efectivo,Confirmado,,2026-04-24 22:46:05,2026-06-30 05:30:16,,302,1071,111113612603105,111113612603105
1176,apertura,0.00,2026-04-24 23:00:51,Sistema,Confirmado,,2026-04-24 23:00:51,2026-04-24 23:00:51,,330,,,
1177,Deposito,20.00,2026-04-24 23:00:51,Efectivo,Confirmado,,2026-04-24 23:00:51,2026-06-30 05:30:16,,330,1127,111113612603105,111113612603105
1178,Deposito,20.00,2026-04-24 23:01:06,Efectivo,Confirmado,,2026-04-24 23:01:06,2026-06-30 05:30:16,,204,1130,111113612603105,111113612603105
1179,Deposito,22.00,2026-04-24 23:01:32,Efectivo,Confirmado,,2026-04-24 23:01:32,2026-06-30 05:30:16,,205,1133,111113612603105,111113612603105
1180,Deposito,20.00,2026-04-24 23:01:53,Efectivo,Confirmado,,2026-04-24 23:01:53,2026-06-30 05:30:16,,206,1134,111113612603105,111113612603105
1181,Deposito,20.00,2026-04-24 23:02:25,Efectivo,Confirmado,,2026-04-24 23:02:25,2026-06-30 05:30:16,,207,1131,111113612603105,111113612603105
1182,apertura,0.00,2026-04-25 15:35:58,Sistema,Confirmado,,2026-04-25 15:35:58,2026-04-25 15:35:58,,331,,,
1183,Deposito,180.00,2026-04-25 15:35:58,Efectivo,Confirmado,,2026-04-25 15:35:58,2026-06-30 05:30:16,,331,902,111113612603105,111113612603105
1184,Retiro,180.00,2026-04-25 15:39:14,Efectivo,Confirmado,,2026-04-25 15:39:14,2026-06-30 05:30:16,2026-04-25 21:39:14,331,902,111113612603105,111113612603105
1185,Deposito,209.00,2026-04-25 16:16:06,Efectivo,Confirmado,,2026-04-25 16:16:06,2026-06-30 05:30:16,,42,1735,111113612603105,111113612603105
1186,Retiro,266.00,2026-04-25 16:16:35,Efectivo,Confirmado,,2026-04-25 16:16:34,2026-06-30 05:30:16,2026-04-25 22:16:35,42,1735,111113612603105,111113612603105
1187,Deposito,865.00,2026-04-25 16:46:36,Efectivo,Confirmado,,2026-04-25 16:46:36,2026-06-30 05:30:16,,44,1734,111113612603105,111113612603105
1188,Retiro,1105.00,2026-04-25 16:47:09,Efectivo,Confirmado,,2026-04-25 16:47:07,2026-06-30 05:30:16,2026-04-25 22:47:09,44,1734,111113612603105,111113612603105
1189,Deposito,1445.00,2026-04-25 17:15:54,Efectivo,Confirmado,,2026-04-25 17:15:54,2026-06-30 05:30:16,,40,1543,111113612603105,111113612603105
1190,Retiro,1613.00,2026-04-25 17:19:34,Efectivo,Confirmado,,2026-04-25 17:19:33,2026-06-30 05:30:16,2026-04-25 23:19:34,40,1543,111113612603105,111113612603105
1191,Deposito,260.00,2026-04-25 17:34:43,Efectivo,Confirmado,,2026-04-25 17:34:43,2026-06-30 05:30:16,,248,1738,111113612603105,111113612603105
1192,Deposito,10.00,2026-04-25 17:43:42,Efectivo,Confirmado,,2026-04-25 17:43:42,2026-06-30 05:30:16,,243,1033,111113612603105,111113612603105
1193,Retiro,10.00,2026-04-25 17:45:58,Efectivo,Confirmado,,2026-04-25 17:45:58,2026-06-30 05:30:16,2026-04-25 23:45:58,243,1033,111113612603105,111113612603105
1194,Retiro,288.00,2026-04-25 17:45:58,Efectivo,Confirmado,,2026-04-25 17:45:58,2026-06-30 05:30:16,2026-04-25 23:45:58,248,1738,111113612603105,111113612603105
1195,apertura,0.00,2026-04-25 17:53:40,Sistema,Confirmado,,2026-04-25 17:53:40,2026-04-25 17:53:40,,332,,,
1196,Deposito,260.00,2026-04-25 17:53:40,Efectivo,Confirmado,,2026-04-25 17:53:40,2026-06-30 05:30:16,,332,,111113612603105,111113612603105
1197,apertura,0.00,2026-04-25 17:53:56,Sistema,Confirmado,,2026-04-25 17:53:56,2026-04-25 17:53:56,,333,,,
1198,Deposito,160.00,2026-04-25 17:53:56,Efectivo,Confirmado,,2026-04-25 17:53:56,2026-06-30 05:30:16,,333,945,111113612603105,111113612603105
1199,Retiro,160.00,2026-04-25 17:56:13,Efectivo,Confirmado,,2026-04-25 17:56:13,2026-06-30 05:30:16,2026-04-25 23:56:13,333,945,111113612603105,111113612603105
1200,Retiro,260.00,2026-04-25 17:56:13,Efectivo,Confirmado,,2026-04-25 17:56:13,2026-06-30 05:30:16,2026-04-25 23:56:13,332,,111113612603105,111113612603105
1201,Deposito,304.00,2026-04-25 18:07:49,Efectivo,Confirmado,,2026-04-25 18:07:49,2026-06-30 05:30:16,,167,1520,111113612603105,111113612603105
1202,Retiro,368.00,2026-04-25 18:09:27,Efectivo,Confirmado,,2026-04-25 18:09:27,2026-06-30 05:30:16,2026-04-26 00:09:27,167,1520,111113612603105,111113612603105
1203,Deposito,832.00,2026-04-25 18:20:32,Efectivo,Confirmado,,2026-04-25 18:20:32,2026-06-30 05:30:16,,225,,111113612603105,111113612603105
1204,Retiro,936.00,2026-04-25 18:23:14,Efectivo,Confirmado,,2026-04-25 18:23:13,2026-06-30 05:30:16,2026-04-26 00:23:14,225,,111113612603105,111113612603105
1205,Deposito,330.00,2026-04-27 15:54:29,Efectivo,Confirmado,,2026-04-27 15:54:29,2026-06-30 05:30:16,,187,1724,111113612603105,111113612603105
1206,Deposito,330.00,2026-04-27 15:55:24,Efectivo,Confirmado,,2026-04-27 15:55:24,2026-06-30 05:30:16,,180,1723,111113612603105,111113612603105
1207,Deposito,630.00,2026-04-27 15:56:28,Efectivo,Confirmado,,2026-04-27 15:56:28,2026-06-30 05:30:16,,185,1500,111113612603105,111113612603105
1208,Retiro,732.00,2026-04-27 16:04:04,Efectivo,Confirmado,,2026-04-27 16:04:03,2026-06-30 05:30:16,2026-04-27 22:04:04,185,1500,111113612603105,111113612603105
1209,Retiro,370.00,2026-04-27 16:04:04,Efectivo,Confirmado,,2026-04-27 16:04:03,2026-06-30 05:30:16,2026-04-27 22:04:04,180,1723,111113612603105,111113612603105
1210,Retiro,330.00,2026-04-27 16:04:04,Efectivo,Confirmado,,2026-04-27 16:04:03,2026-06-30 05:30:16,2026-04-27 22:04:04,187,1724,111113612603105,111113612603105
1211,apertura,0.00,2026-04-27 16:26:43,Sistema,Confirmado,,2026-04-27 16:26:43,2026-04-27 16:26:43,,334,,,
1212,Deposito,220.00,2026-04-27 16:26:43,Efectivo,Confirmado,,2026-04-27 16:26:43,2026-06-30 05:30:16,,334,1293,111113612603105,111113612603105
1213,Retiro,220.00,2026-04-27 16:33:08,Efectivo,Confirmado,,2026-04-27 16:33:08,2026-06-30 05:30:16,2026-04-27 22:33:08,334,1293,111113612603105,111113612603105
1214,Deposito,674.00,2026-04-27 19:26:07,Efectivo,Confirmado,,2026-04-27 19:26:07,2026-06-30 05:30:16,,228,1726,111113612603105,111113612603105
1215,Deposito,82.00,2026-04-27 19:26:22,Efectivo,Confirmado,,2026-04-27 19:26:22,2026-06-30 05:30:16,,237,1729,111113612603105,111113612603105
1216,Retiro,746.00,2026-04-27 19:28:53,Efectivo,Confirmado,,2026-04-27 19:28:52,2026-06-30 05:30:16,2026-04-28 01:28:53,228,1726,111113612603105,111113612603105
1217,Retiro,92.00,2026-04-27 19:28:53,Efectivo,Confirmado,,2026-04-27 19:28:52,2026-06-30 05:30:16,2026-04-28 01:28:53,237,1729,111113612603105,111113612603105
1218,Deposito,141.00,2026-04-27 19:41:56,Efectivo,Confirmado,,2026-04-27 19:41:56,2026-06-30 05:30:16,,326,1720,111113612603105,111113612603105
1219,Retiro,141.00,2026-04-27 19:43:14,Efectivo,Confirmado,,2026-04-27 19:43:14,2026-06-30 05:30:16,2026-04-28 01:43:14,326,1720,111113612603105,111113612603105
1220,Deposito,380.00,2026-04-27 19:50:15,Efectivo,Confirmado,,2026-04-27 19:50:15,2026-06-30 05:30:16,,111,1712,111113612603105,111113612603105
1221,Retiro,420.00,2026-04-27 19:51:09,Efectivo,Confirmado,,2026-04-27 19:51:08,2026-06-30 05:30:16,2026-04-28 01:51:09,111,1712,111113612603105,111113612603105
1222,Deposito,416.00,2026-04-27 20:03:36,Efectivo,Confirmado,,2026-04-27 20:03:36,2026-06-30 05:30:16,,72,1679,111113612603105,111113612603105
1223,Retiro,416.00,2026-04-27 20:30:11,Efectivo,Confirmado,,2026-04-27 20:30:11,2026-06-30 05:30:16,2026-04-28 02:30:11,72,1679,111113612603105,111113612603105
1224,Deposito,62.00,2026-04-27 21:20:25,Efectivo,Confirmado,,2026-04-27 21:20:25,2026-06-30 05:30:16,,24,1400,111113612603105,111113612603105
1225,Deposito,62.00,2026-04-27 21:23:22,Efectivo,Confirmado,,2026-04-27 21:23:22,2026-06-30 05:30:16,,25,1403,111113612603105,111113612603105
1226,Deposito,62.00,2026-04-27 21:23:37,Efectivo,Confirmado,,2026-04-27 21:23:37,2026-06-30 05:30:16,,26,1401,111113612603105,111113612603105
1227,Deposito,62.00,2026-04-27 21:24:03,Efectivo,Confirmado,,2026-04-27 21:24:03,2026-06-30 05:30:16,,276,1402,111113612603105,111113612603105
1228,Deposito,62.00,2026-04-27 21:24:46,Efectivo,Confirmado,,2026-04-27 21:24:46,2026-06-30 05:30:16,,277,1404,111113612603105,111113612603105
1229,Deposito,20.00,2026-04-27 21:25:05,Efectivo,Confirmado,,2026-04-27 21:25:05,2026-06-30 05:30:16,,27,1405,111113612603105,111113612603105
1230,Deposito,60.00,2026-04-27 21:25:37,Efectivo,Confirmado,,2026-04-27 21:25:37,2026-06-30 05:30:16,,28,1406,111113612603105,111113612603105
1231,Deposito,20.00,2026-04-27 21:25:53,Efectivo,Confirmado,,2026-04-27 21:25:53,2026-06-30 05:30:16,,29,1407,111113612603105,111113612603105
1232,Deposito,30.00,2026-04-27 21:28:09,Efectivo,Confirmado,,2026-04-27 21:28:09,2026-06-30 05:30:16,,5,1702,111113612603105,111113612603105
1233,Deposito,20.00,2026-04-27 21:28:53,Efectivo,Confirmado,,2026-04-27 21:28:53,2026-06-30 05:30:16,,6,855,111113612603105,111113612603105
1234,Deposito,20.00,2026-04-27 21:29:14,Efectivo,Confirmado,,2026-04-27 21:29:14,2026-06-30 05:30:16,,7,1645,111113612603105,111113612603105
1235,Deposito,16.00,2026-04-27 21:29:41,Efectivo,Confirmado,,2026-04-27 21:29:41,2026-06-30 05:30:16,,8,858,111113612603105,111113612603105
1236,Deposito,12.00,2026-04-27 21:30:05,Efectivo,Confirmado,,2026-04-27 21:30:05,2026-06-30 05:30:16,,9,852,111113612603105,111113612603105
1237,Deposito,20.00,2026-04-27 21:30:32,Efectivo,Confirmado,,2026-04-27 21:30:32,2026-06-30 05:30:16,,11,1646,111113612603105,111113612603105
1238,Deposito,20.00,2026-04-27 21:30:57,Efectivo,Confirmado,,2026-04-27 21:30:57,2026-06-30 05:30:16,,12,856,111113612603105,111113612603105
1239,Deposito,20.00,2026-04-27 21:31:20,Efectivo,Confirmado,,2026-04-27 21:31:20,2026-06-30 05:30:16,,13,864,111113612603105,111113612603105
1240,Deposito,60.00,2026-04-27 21:31:39,Efectivo,Confirmado,,2026-04-27 21:31:39,2026-06-30 05:30:16,,14,861,111113612603105,111113612603105
1241,Deposito,20.00,2026-04-27 21:32:00,Efectivo,Confirmado,,2026-04-27 21:32:00,2026-06-30 05:30:16,,15,865,111113612603105,111113612603105
1242,Deposito,20.00,2026-04-27 21:32:24,Efectivo,Confirmado,,2026-04-27 21:32:24,2026-06-30 05:30:16,,16,1765,111113612603105,111113612603105
1243,Deposito,20.00,2026-04-27 21:32:53,Efectivo,Confirmado,,2026-04-27 21:32:53,2026-06-30 05:30:16,,17,863,111113612603105,111113612603105
1244,Deposito,20.00,2026-04-27 21:33:30,Efectivo,Confirmado,,2026-04-27 21:33:30,2026-06-30 05:30:16,,18,866,111113612603105,111113612603105
1245,Deposito,20.00,2026-04-27 21:33:57,Efectivo,Confirmado,,2026-04-27 21:33:57,2026-06-30 05:30:16,,19,1648,111113612603105,111113612603105
1246,Deposito,20.00,2026-04-27 21:34:37,Efectivo,Confirmado,,2026-04-27 21:34:37,2026-06-30 05:30:17,,20,1737,111113612603105,111113612603105
1247,Deposito,30.00,2026-04-27 21:35:05,Efectivo,Confirmado,,2026-04-27 21:35:05,2026-06-30 05:30:17,,21,870,111113612603105,111113612603105
1248,Deposito,20.00,2026-04-27 21:39:07,Efectivo,Confirmado,,2026-04-27 21:39:07,2026-06-30 05:30:17,,22,1021,111113612603105,111113612603105
1249,Deposito,40.00,2026-04-27 21:42:06,Efectivo,Confirmado,,2026-04-27 21:42:06,2026-06-30 05:30:17,,1,1766,111113612603105,111113612603105
1250,Deposito,22.00,2026-04-27 21:42:35,Efectivo,Confirmado,,2026-04-27 21:42:35,2026-06-30 05:30:17,,2,1767,111113612603105,111113612603105
1251,Deposito,32.00,2026-04-27 21:42:54,Efectivo,Confirmado,,2026-04-27 21:42:54,2026-06-30 05:30:17,,3,1417,111113612603105,111113612603105
1252,Deposito,62.00,2026-04-27 21:43:09,Efectivo,Confirmado,,2026-04-27 21:43:09,2026-06-30 05:30:17,,4,1416,111113612603105,111113612603105
1253,Deposito,55.00,2026-04-27 21:45:41,Efectivo,Confirmado,,2026-04-27 21:45:41,2026-06-30 05:30:17,,274,1674,111113612603105,111113612603105
1254,Deposito,55.00,2026-04-27 21:46:16,Efectivo,Confirmado,,2026-04-27 21:46:16,2026-06-30 05:30:17,,23,1540,111113612603105,111113612603105
1255,Deposito,44.00,2026-04-27 21:48:39,Efectivo,Confirmado,,2026-04-27 21:48:39,2026-06-30 05:30:17,,30,1123,111113612603105,111113612603105
1256,Deposito,84.00,2026-04-27 21:49:52,Efectivo,Confirmado,,2026-04-27 21:49:52,2026-06-30 05:30:17,,33,1126,111113612603105,111113612603105
1257,Deposito,29.50,2026-04-27 21:50:45,Efectivo,Confirmado,,2026-04-27 21:50:45,2026-06-30 05:30:17,,34,1683,111113612603105,111113612603105
1258,Deposito,32.00,2026-04-27 21:51:01,Efectivo,Confirmado,,2026-04-27 21:51:01,2026-06-30 05:30:17,,35,1710,111113612603105,111113612603105
1259,Deposito,38.00,2026-04-27 21:51:28,Efectivo,Confirmado,,2026-04-27 21:51:28,2026-06-30 05:30:17,,36,1780,111113612603105,111113612603105
1260,apertura,0.00,2026-04-27 21:51:46,Sistema,Confirmado,,2026-04-27 21:51:46,2026-04-27 21:51:46,,335,,,
1261,Deposito,52.00,2026-04-27 21:51:46,Efectivo,Confirmado,,2026-04-27 21:51:46,2026-06-30 05:30:17,,335,1736,111113612603105,111113612603105
1262,Deposito,34.00,2026-04-27 21:52:03,Efectivo,Confirmado,,2026-04-27 21:52:03,2026-06-30 05:30:17,,37,1054,111113612603105,111113612603105
1263,Deposito,52.00,2026-04-27 21:52:26,Efectivo,Confirmado,,2026-04-27 21:52:26,2026-06-30 05:30:17,,275,1693,111113612603105,111113612603105
1264,Deposito,52.00,2026-04-27 21:52:58,Efectivo,Confirmado,,2026-04-27 21:52:58,2026-06-30 05:30:17,,309,1698,111113612603105,111113612603105
1265,Deposito,52.00,2026-04-27 21:53:19,Efectivo,Confirmado,,2026-04-27 21:53:19,2026-06-30 05:30:17,,310,1711,111113612603105,111113612603105
1266,Deposito,20.00,2026-04-29 15:20:53,Efectivo,Confirmado,,2026-04-29 15:20:53,2026-06-30 05:30:17,,105,1006,111113612603105,111113612603105
1267,Deposito,20.00,2026-04-29 15:21:16,Efectivo,Confirmado,,2026-04-29 15:21:16,2026-06-30 05:30:17,,106,1653,111113612603105,111113612603105
1268,Deposito,20.00,2026-04-29 15:21:35,Efectivo,Confirmado,,2026-04-29 15:21:35,2026-06-30 05:30:17,,111,1712,111113612603105,111113612603105
1269,Deposito,20.00,2026-04-29 15:21:53,Efectivo,Confirmado,,2026-04-29 15:21:53,2026-06-30 05:30:17,,112,1654,111113612603105,111113612603105
1270,Deposito,20.00,2026-04-29 15:29:06,Efectivo,Confirmado,,2026-04-29 15:29:06,2026-06-30 05:30:17,,99,1675,111113612603105,111113612603105
1271,Deposito,20.00,2026-04-29 15:37:13,Efectivo,Confirmado,,2026-04-29 15:37:13,2026-06-30 05:30:17,,100,1372,111113612603105,111113612603105
1272,Deposito,20.00,2026-04-29 15:37:41,Efectivo,Confirmado,,2026-04-29 15:37:41,2026-06-30 05:30:17,,101,1373,111113612603105,111113612603105
1273,Deposito,20.00,2026-04-29 15:38:10,Efectivo,Confirmado,,2026-04-29 15:38:10,2026-06-30 05:30:17,,102,1374,111113612603105,111113612603105
1274,Deposito,32.00,2026-04-29 15:39:40,Efectivo,Confirmado,,2026-04-29 15:39:40,2026-06-30 05:30:17,,96,1750,111113612603105,111113612603105
1275,Deposito,28.00,2026-04-29 15:40:54,Efectivo,Confirmado,,2026-04-29 15:40:54,2026-06-30 05:30:17,,97,996,111113612603105,111113612603105
1276,Deposito,40.00,2026-04-29 15:47:27,Efectivo,Confirmado,,2026-04-29 15:47:27,2026-06-30 05:30:17,,283,1104,111113612603105,111113612603105
1277,Deposito,44.00,2026-04-29 15:52:55,Efectivo,Confirmado,,2026-04-29 15:52:55,2026-06-30 05:30:17,,93,1114,111113612603105,111113612603105
1278,Deposito,44.00,2026-04-29 15:53:13,Efectivo,Confirmado,,2026-04-29 15:53:13,2026-06-30 05:30:17,,94,1115,111113612603105,111113612603105
1279,Deposito,44.00,2026-04-29 15:53:29,Efectivo,Confirmado,,2026-04-29 15:53:29,2026-06-30 05:30:17,,95,1116,111113612603105,111113612603105
1280,Deposito,10.00,2026-04-29 15:54:04,Efectivo,Confirmado,,2026-04-29 15:54:04,2026-06-30 05:30:17,,73,1376,111113612603105,111113612603105
1282,Deposito,10.00,2026-04-29 15:54:19,Efectivo,Confirmado,,2026-04-29 15:54:19,2026-06-30 05:30:17,,74,1378,111113612603105,111113612603105
1283,Deposito,10.00,2026-04-29 15:54:46,Efectivo,Confirmado,,2026-04-29 15:54:46,2026-06-30 05:30:17,,75,1380,111113612603105,111113612603105
1284,Deposito,10.00,2026-04-29 15:55:08,Efectivo,Confirmado,,2026-04-29 15:55:08,2026-06-30 05:30:17,,76,1381,111113612603105,111113612603105
1285,Deposito,10.00,2026-04-29 15:55:31,Efectivo,Confirmado,,2026-04-29 15:55:31,2026-06-30 05:30:17,,77,1785,111113612603105,111113612603105
1286,Deposito,10.00,2026-04-29 15:55:59,Efectivo,Confirmado,,2026-04-29 15:55:59,2026-06-30 05:30:17,,78,1385,111113612603105,111113612603105
1287,Deposito,10.00,2026-04-29 15:56:19,Efectivo,Confirmado,,2026-04-29 15:56:19,2026-06-30 05:30:17,,79,1784,111113612603105,111113612603105
1288,Deposito,60.00,2026-04-29 16:02:51,Efectivo,Confirmado,,2026-04-29 16:02:51,2026-06-30 05:30:17,,65,1634,111113612603105,111113612603105
1289,Deposito,60.00,2026-04-29 16:03:05,Efectivo,Confirmado,,2026-04-29 16:03:05,2026-06-30 05:30:17,,66,1752,111113612603105,111113612603105
1290,Deposito,60.00,2026-04-29 16:03:23,Efectivo,Confirmado,,2026-04-29 16:03:23,2026-06-30 05:30:17,,67,1657,111113612603105,111113612603105
1291,Deposito,60.00,2026-04-29 16:04:02,Efectivo,Confirmado,,2026-04-29 16:04:02,2026-06-30 05:30:17,,68,1121,111113612603105,111113612603105
1292,Deposito,60.00,2026-04-29 16:04:20,Efectivo,Confirmado,,2026-04-29 16:04:20,2026-06-30 05:30:17,,69,1122,111113612603105,111113612603105
1293,Deposito,60.00,2026-04-29 16:04:49,Efectivo,Confirmado,,2026-04-29 16:04:49,2026-06-30 05:30:17,,312,1718,111113612603105,111113612603105
1294,apertura,0.00,2026-04-29 16:06:58,Sistema,Confirmado,,2026-04-29 16:06:58,2026-04-29 16:06:58,,336,,,
1295,Deposito,60.00,2026-04-29 16:06:58,Efectivo,Confirmado,,2026-04-29 16:06:58,2026-06-30 05:30:17,,336,1742,111113612603105,111113612603105
1296,apertura,0.00,2026-04-29 16:07:26,Sistema,Confirmado,,2026-04-29 16:07:26,2026-04-29 16:07:26,,337,,,
1297,Deposito,60.00,2026-04-29 16:07:26,Efectivo,Confirmado,,2026-04-29 16:07:26,2026-06-30 05:30:17,,337,1743,111113612603105,111113612603105
1298,Deposito,24.00,2026-04-29 16:08:10,Efectivo,Confirmado,,2026-04-29 16:08:10,2026-06-30 05:30:17,,72,1679,111113612603105,111113612603105
1299,Deposito,30.00,2026-04-29 16:11:21,Efectivo,Confirmado,,2026-04-29 16:11:21,2026-06-30 05:30:17,,80,1181,111113612603105,111113612603105
1300,Deposito,20.00,2026-04-29 16:12:18,Efectivo,Confirmado,,2026-04-29 16:12:18,2026-06-30 05:30:17,,81,1182,111113612603105,111113612603105
1301,Deposito,20.00,2026-04-29 16:12:52,Efectivo,Confirmado,,2026-04-29 16:12:52,2026-06-30 05:30:17,,82,1678,111113612603105,111113612603105
1302,Deposito,20.00,2026-04-29 16:15:40,Efectivo,Confirmado,,2026-04-29 16:15:40,2026-06-30 05:30:17,,83,1706,111113612603105,111113612603105
1303,Deposito,20.00,2026-04-29 16:16:02,Efectivo,Confirmado,,2026-04-29 16:16:02,2026-06-30 05:30:17,,85,1190,111113612603105,111113612603105
1304,Deposito,119.00,2026-04-29 16:22:46,Efectivo,Confirmado,,2026-04-29 16:22:46,2026-06-30 05:30:17,,49,1660,111113612603105,111113612603105
1305,Deposito,13.00,2026-04-29 16:27:49,Efectivo,Confirmado,,2026-04-29 16:27:49,2026-06-30 05:30:17,,38,1541,111113612603105,111113612603105
1306,Deposito,113.00,2026-04-29 16:28:22,Efectivo,Confirmado,,2026-04-29 16:28:22,2026-06-30 05:30:17,,39,1769,111113612603105,111113612603105
1307,Deposito,70.00,2026-04-29 16:29:18,Efectivo,Confirmado,,2026-04-29 16:29:18,2026-06-30 05:30:17,,41,1544,111113612603105,111113612603105
1308,Deposito,35.00,2026-04-29 16:29:38,Efectivo,Confirmado,,2026-04-29 16:29:38,2026-06-30 05:30:17,,42,1735,111113612603105,111113612603105
1309,Deposito,213.00,2026-04-29 16:30:03,Efectivo,Confirmado,,2026-04-29 16:30:03,2026-06-30 05:30:17,,43,1546,111113612603105,111113612603105
1310,Deposito,85.00,2026-04-29 16:30:26,Efectivo,Confirmado,,2026-04-29 16:30:26,2026-06-30 05:30:17,,44,1734,111113612603105,111113612603105
1311,Deposito,56.00,2026-04-29 16:30:45,Efectivo,Confirmado,,2026-04-29 16:30:45,2026-06-30 05:30:17,,45,1548,111113612603105,111113612603105
1312,Deposito,424.00,2026-04-29 16:31:10,Efectivo,Confirmado,,2026-04-29 16:31:10,2026-06-30 05:30:17,,46,1658,111113612603105,111113612603105
1313,Deposito,106.00,2026-04-29 16:31:26,Efectivo,Confirmado,,2026-04-29 16:31:26,2026-06-30 05:30:17,,47,1732,111113612603105,111113612603105
1314,Deposito,40.00,2026-04-29 20:33:07,Efectivo,Confirmado,,2026-04-29 20:33:07,2026-06-30 05:30:17,,146,1200,111113612603105,111113612603105
1315,Deposito,12.00,2026-04-29 20:34:24,Efectivo,Confirmado,,2026-04-29 20:34:24,2026-06-30 05:30:17,,152,923,111113612603105,111113612603105
1316,Deposito,40.00,2026-04-29 20:34:44,Efectivo,Confirmado,,2026-04-29 20:34:44,2026-06-30 05:30:17,,154,931,111113612603105,111113612603105
1317,Deposito,20.00,2026-04-29 20:36:31,Efectivo,Confirmado,,2026-04-29 20:36:31,2026-06-30 05:30:17,,147,1392,111113612603105,111113612603105
1318,Deposito,24.00,2026-04-29 20:36:57,Efectivo,Confirmado,,2026-04-29 20:36:57,2026-06-30 05:30:17,,148,1709,111113612603105,111113612603105
1319,Deposito,20.00,2026-04-29 20:38:25,Efectivo,Confirmado,,2026-04-29 20:38:25,2026-06-30 05:30:17,,150,1664,111113612603105,111113612603105
1320,apertura,0.00,2026-04-29 20:39:35,Sistema,Confirmado,,2026-04-29 20:39:35,2026-04-29 20:39:35,,338,,,
1321,Deposito,20.00,2026-04-29 20:39:35,Efectivo,Confirmado,,2026-04-29 20:39:35,2026-06-30 05:30:17,,338,1758,111113612603105,111113612603105
1322,Deposito,19.00,2026-04-29 20:40:03,Efectivo,Confirmado,,2026-04-29 20:40:03,2026-06-30 05:30:17,,157,1553,111113612603105,111113612603105
1323,Deposito,48.00,2026-04-29 20:43:05,Efectivo,Confirmado,,2026-04-29 20:43:05,2026-06-30 05:30:17,,288,1665,111113612603105,111113612603105
1324,Deposito,20.00,2026-04-29 20:56:12,Efectivo,Confirmado,,2026-04-29 20:56:12,2026-06-30 05:30:17,,113,1667,111113612603105,111113612603105
1325,Deposito,70.00,2026-04-29 20:56:52,Efectivo,Confirmado,,2026-04-29 20:56:52,2026-06-30 05:30:17,,114,1668,111113612603105,111113612603105
1326,Deposito,300.00,2026-04-29 20:57:27,Efectivo,Confirmado,,2026-04-29 20:57:27,2026-06-30 05:30:17,,115,1669,111113612603105,111113612603105
1327,Deposito,580.00,2026-04-29 20:58:25,Efectivo,Confirmado,,2026-04-29 20:58:25,2026-06-30 05:30:17,,116,1670,111113612603105,111113612603105
1328,Deposito,22.00,2026-04-29 20:58:51,Efectivo,Confirmado,,2026-04-29 20:58:51,2026-06-30 05:30:17,,117,1671,111113612603105,111113612603105
1329,Deposito,32.00,2026-04-29 20:59:07,Efectivo,Confirmado,,2026-04-29 20:59:07,2026-06-30 05:30:17,,118,1666,111113612603105,111113612603105
1330,Deposito,24.00,2026-04-29 21:02:05,Efectivo,Confirmado,,2026-04-29 21:02:05,2026-06-30 05:30:17,,120,1778,111113612603105,111113612603105
1331,Deposito,20.00,2026-04-29 21:02:25,Efectivo,Confirmado,,2026-04-29 21:02:25,2026-06-30 05:30:17,,121,1748,111113612603105,111113612603105
1332,Deposito,20.00,2026-04-29 21:03:05,Efectivo,Confirmado,,2026-04-29 21:03:05,2026-06-30 05:30:17,,122,901,111113612603105,111113612603105
1333,Deposito,24.00,2026-04-29 21:03:51,Efectivo,Confirmado,,2026-04-29 21:03:51,2026-06-30 05:30:17,,123,904,111113612603105,111113612603105
1334,Deposito,20.00,2026-04-29 21:05:02,Efectivo,Confirmado,,2026-04-29 21:05:02,2026-06-30 05:30:17,,124,905,111113612603105,111113612603105
1335,Deposito,40.00,2026-04-29 21:06:07,Efectivo,Confirmado,,2026-04-29 21:06:07,2026-06-30 05:30:17,,141,1108,111113612603105,111113612603105
1336,Deposito,34.00,2026-04-29 21:06:30,Efectivo,Confirmado,,2026-04-29 21:06:30,2026-06-30 05:30:17,,142,1110,111113612603105,111113612603105
1337,Deposito,34.00,2026-04-29 21:07:17,Efectivo,Confirmado,,2026-04-29 21:07:17,2026-06-30 05:30:17,,143,1111,111113612603105,111113612603105
1338,Deposito,34.00,2026-04-29 21:07:39,Efectivo,Confirmado,,2026-04-29 21:07:39,2026-06-30 05:30:17,,144,1112,111113612603105,111113612603105
1339,Deposito,20.00,2026-04-30 19:15:56,Efectivo,Confirmado,,2026-04-30 19:15:56,2026-06-30 05:30:17,,125,1741,111113612603105,111113612603105
1340,Deposito,20.00,2026-04-30 19:16:14,Efectivo,Confirmado,,2026-04-30 19:16:14,2026-06-30 05:30:17,,285,1625,111113612603105,111113612603105
1341,Deposito,20.00,2026-04-30 19:18:22,Efectivo,Confirmado,,2026-04-30 19:18:22,2026-06-30 05:30:17,,126,1760,111113612603105,111113612603105
1342,Deposito,20.00,2026-04-30 19:18:46,Efectivo,Confirmado,,2026-04-30 19:18:46,2026-06-30 05:30:17,,127,1628,111113612603105,111113612603105
1343,Deposito,20.00,2026-04-30 19:19:05,Efectivo,Confirmado,,2026-04-30 19:19:05,2026-06-30 05:30:17,,128,1626,111113612603105,111113612603105
1344,Deposito,20.00,2026-04-30 19:19:31,Efectivo,Confirmado,,2026-04-30 19:19:31,2026-06-30 05:30:17,,129,1363,111113612603105,111113612603105
1345,Deposito,20.00,2026-04-30 19:19:48,Efectivo,Confirmado,,2026-04-30 19:19:48,2026-06-30 05:30:17,,130,1714,111113612603105,111113612603105
1346,Deposito,20.00,2026-04-30 19:20:04,Efectivo,Confirmado,,2026-04-30 19:20:04,2026-06-30 05:30:17,,131,1367,111113612603105,111113612603105
1347,Deposito,20.00,2026-04-30 19:20:28,Efectivo,Confirmado,,2026-04-30 19:20:28,2026-06-30 05:30:17,,132,1364,111113612603105,111113612603105
1348,Deposito,20.00,2026-04-30 19:20:51,Efectivo,Confirmado,,2026-04-30 19:20:51,2026-06-30 05:30:17,,133,1365,111113612603105,111113612603105
1349,Deposito,30.00,2026-04-30 19:22:50,Efectivo,Confirmado,,2026-04-30 19:22:50,2026-06-30 05:30:17,,136,1140,111113612603105,111113612603105
1350,Deposito,24.00,2026-04-30 19:23:07,Efectivo,Confirmado,,2026-04-30 19:23:07,2026-06-30 05:30:17,,137,1139,111113612603105,111113612603105
1351,Deposito,12.00,2026-04-30 19:23:33,Efectivo,Confirmado,,2026-04-30 19:23:33,2026-06-30 05:30:17,,138,1141,111113612603105,111113612603105
1352,Deposito,20.00,2026-04-30 19:23:49,Efectivo,Confirmado,,2026-04-30 19:23:49,2026-06-30 05:30:17,,287,1146,111113612603105,111113612603105
1353,Deposito,20.00,2026-04-30 19:24:09,Efectivo,Confirmado,,2026-04-30 19:24:09,2026-06-30 05:30:17,,140,1147,111113612603105,111113612603105
1354,Deposito,74.50,2026-04-30 19:26:25,Efectivo,Confirmado,,2026-04-30 19:26:25,2026-06-30 05:30:17,,316,1619,111113612603105,111113612603105
1355,Deposito,38.50,2026-04-30 19:27:41,Efectivo,Confirmado,,2026-04-30 19:27:41,2026-06-30 05:30:18,,317,1617,111113612603105,111113612603105
1356,Deposito,33.00,2026-04-30 19:27:57,Efectivo,Confirmado,,2026-04-30 19:27:57,2026-06-30 05:30:18,,318,1620,111113612603105,111113612603105
1357,Deposito,66.00,2026-04-30 19:28:13,Efectivo,Confirmado,,2026-04-30 19:28:13,2026-06-30 05:30:18,,319,1618,111113612603105,111113612603105
1358,Deposito,32.00,2026-04-30 19:28:41,Efectivo,Confirmado,,2026-04-30 19:28:41,2026-06-30 05:30:18,,320,1196,111113612603105,111113612603105
1359,Deposito,40.00,2026-04-30 19:29:05,Efectivo,Confirmado,,2026-04-30 19:29:05,2026-06-30 05:30:18,,321,1197,111113612603105,111113612603105
1360,Deposito,42.00,2026-04-30 19:29:20,Efectivo,Confirmado,,2026-04-30 19:29:20,2026-06-30 05:30:18,,323,1621,111113612603105,111113612603105
1361,Deposito,44.00,2026-04-30 19:38:02,Efectivo,Confirmado,,2026-04-30 19:38:02,2026-06-30 05:30:18,,164,1515,111113612603105,111113612603105
1362,Deposito,16.00,2026-04-30 19:46:30,Efectivo,Confirmado,,2026-04-30 19:46:30,2026-06-30 05:30:18,,165,1516,111113612603105,111113612603105
1363,Deposito,52.00,2026-04-30 19:46:49,Efectivo,Confirmado,,2026-04-30 19:46:49,2026-06-30 05:30:18,,166,1518,111113612603105,111113612603105
1364,Deposito,20.00,2026-04-30 19:47:11,Efectivo,Confirmado,,2026-04-30 19:47:11,2026-06-30 05:30:18,,167,1775,111113612603105,111113612603105
1365,Deposito,10.00,2026-04-30 19:49:20,Efectivo,Confirmado,,2026-04-30 19:49:20,2026-06-30 05:30:18,,168,,111113612603105,111113612603105
1366,Deposito,30.00,2026-04-30 19:49:43,Efectivo,Confirmado,,2026-04-30 19:49:43,2026-06-30 05:30:18,,169,1510,111113612603105,111113612603105
1367,Deposito,20.00,2026-04-30 19:50:01,Efectivo,Confirmado,,2026-04-30 19:50:01,2026-06-30 05:30:18,,170,1511,111113612603105,111113612603105
1368,Deposito,20.00,2026-04-30 19:51:19,Efectivo,Confirmado,,2026-04-30 19:51:19,2026-06-30 05:30:18,,171,1673,111113612603105,111113612603105
1369,Deposito,20.00,2026-04-30 20:38:11,Efectivo,Confirmado,,2026-04-30 20:38:11,2026-06-30 05:30:18,,109,1631,111113612603105,111113612603105
1370,Deposito,20.00,2026-04-30 20:38:47,Efectivo,Confirmado,,2026-04-30 20:38:47,2026-06-30 05:30:18,,110,1013,111113612603105,111113612603105
1371,Deposito,34.00,2026-04-30 21:13:08,Efectivo,Confirmado,,2026-04-30 21:13:08,2026-06-30 05:30:18,,296,1066,111113612603105,111113612603105
1372,Deposito,34.00,2026-04-30 21:13:33,Efectivo,Confirmado,,2026-04-30 21:13:33,2026-06-30 05:30:18,,297,1622,111113612603105,111113612603105
1373,Deposito,34.00,2026-04-30 21:13:52,Efectivo,Confirmado,,2026-04-30 21:13:52,2026-06-30 05:30:18,,299,1623,111113612603105,111113612603105
1374,Deposito,34.00,2026-04-30 21:14:18,Efectivo,Confirmado,,2026-04-30 21:14:18,2026-06-30 05:30:18,,300,1069,111113612603105,111113612603105
1375,Deposito,52.00,2026-04-30 21:14:39,Efectivo,Confirmado,,2026-04-30 21:14:39,2026-06-30 05:30:18,,301,1070,111113612603105,111113612603105
1376,Deposito,39.00,2026-04-30 21:14:57,Efectivo,Confirmado,,2026-04-30 21:14:57,2026-06-30 05:30:18,,302,1071,111113612603105,111113612603105
1377,apertura,0.00,2026-04-30 21:16:30,Sistema,Confirmado,,2026-04-30 21:16:30,2026-04-30 21:16:30,,339,,,
1378,Deposito,24.00,2026-04-30 21:16:30,Efectivo,Confirmado,,2026-04-30 21:16:30,2026-06-30 05:30:18,,339,1730,111113612603105,111113612603105
1379,apertura,0.00,2026-04-30 21:19:01,Sistema,Confirmado,,2026-04-30 21:19:01,2026-04-30 21:19:01,,340,,,
1380,Deposito,50.00,2026-04-30 21:19:01,Efectivo,Confirmado,,2026-04-30 21:19:01,2026-06-30 05:30:18,,340,1234,111113612603105,111113612603105
1381,apertura,0.00,2026-04-30 21:19:27,Sistema,Confirmado,,2026-04-30 21:19:27,2026-04-30 21:19:27,,341,,,
1382,Deposito,44.00,2026-04-30 21:19:27,Efectivo,Confirmado,,2026-04-30 21:19:27,2026-06-30 05:30:18,,341,1237,111113612603105,111113612603105
1383,Deposito,20.00,2026-04-30 21:19:54,Efectivo,Confirmado,,2026-04-30 21:19:54,2026-06-30 05:30:18,,202,1240,111113612603105,111113612603105
1384,apertura,0.00,2026-04-30 21:20:22,Sistema,Confirmado,,2026-04-30 21:20:22,2026-04-30 21:20:22,,342,,,
1385,Deposito,20.00,2026-04-30 21:20:22,Efectivo,Confirmado,,2026-04-30 21:20:22,2026-06-30 05:30:18,,342,1242,111113612603105,111113612603105
1386,apertura,0.00,2026-04-30 21:20:40,Sistema,Confirmado,,2026-04-30 21:20:40,2026-04-30 21:20:40,,343,,,
1387,Deposito,20.00,2026-04-30 21:20:40,Efectivo,Confirmado,,2026-04-30 21:20:40,2026-06-30 05:30:18,,343,1682,111113612603105,111113612603105
1388,apertura,0.00,2026-04-30 21:21:05,Sistema,Confirmado,,2026-04-30 21:21:05,2026-04-30 21:21:05,,344,,,
1389,Deposito,100.00,2026-04-30 21:21:05,Efectivo,Confirmado,,2026-04-30 21:21:05,2026-06-30 05:30:18,,344,1245,111113612603105,111113612603105
1390,apertura,0.00,2026-04-30 21:21:28,Sistema,Confirmado,,2026-04-30 21:21:28,2026-04-30 21:21:28,,345,,,
1391,Deposito,114.00,2026-04-30 21:21:28,Efectivo,Confirmado,,2026-04-30 21:21:28,2026-06-30 05:30:18,,345,1246,111113612603105,111113612603105
1392,apertura,0.00,2026-04-30 21:26:15,Sistema,Confirmado,,2026-04-30 21:26:15,2026-04-30 21:26:15,,346,,,
1393,Deposito,20.00,2026-04-30 21:26:15,Efectivo,Confirmado,,2026-04-30 21:26:15,2026-06-30 05:30:18,,346,1235,111113612603105,111113612603105
1394,apertura,0.00,2026-04-30 21:26:33,Sistema,Confirmado,,2026-04-30 21:26:33,2026-04-30 21:26:33,,347,,,
1395,Deposito,40.00,2026-04-30 21:26:33,Efectivo,Confirmado,,2026-04-30 21:26:33,2026-06-30 05:30:18,,347,1253,111113612603105,111113612603105
1396,apertura,0.00,2026-04-30 21:26:52,Sistema,Confirmado,,2026-04-30 21:26:52,2026-04-30 21:26:52,,348,,,
1397,Deposito,40.00,2026-04-30 21:26:52,Efectivo,Confirmado,,2026-04-30 21:26:52,2026-06-30 05:30:18,,348,1641,111113612603105,111113612603105
1398,apertura,0.00,2026-04-30 21:27:10,Sistema,Confirmado,,2026-04-30 21:27:10,2026-04-30 21:27:10,,349,,,
1399,Deposito,30.00,2026-04-30 21:27:10,Efectivo,Confirmado,,2026-04-30 21:27:10,2026-06-30 05:30:18,,349,1256,111113612603105,111113612603105
1400,apertura,0.00,2026-04-30 21:27:39,Sistema,Confirmado,,2026-04-30 21:27:39,2026-04-30 21:27:39,,350,,,
1401,Deposito,40.00,2026-04-30 21:27:39,Efectivo,Confirmado,,2026-04-30 21:27:39,2026-06-30 05:30:18,,350,1250,111113612603105,111113612603105
1402,apertura,0.00,2026-04-30 21:27:56,Sistema,Confirmado,,2026-04-30 21:27:56,2026-04-30 21:27:56,,351,,,
1403,Deposito,40.00,2026-04-30 21:27:56,Efectivo,Confirmado,,2026-04-30 21:27:56,2026-06-30 05:30:18,,351,1719,111113612603105,111113612603105
1404,apertura,0.00,2026-04-30 21:31:50,Sistema,Confirmado,,2026-04-30 21:31:50,2026-04-30 21:31:50,,352,,,
1405,Deposito,53.00,2026-04-30 21:31:50,Efectivo,Confirmado,,2026-04-30 21:31:50,2026-06-30 05:30:18,,352,1289,111113612603105,111113612603105
1406,apertura,0.00,2026-04-30 21:32:07,Sistema,Confirmado,,2026-04-30 21:32:07,2026-04-30 21:32:07,,353,,,
1407,Deposito,20.00,2026-04-30 21:32:07,Efectivo,Confirmado,,2026-04-30 21:32:07,2026-06-30 05:30:18,,353,1764,111113612603105,111113612603105
1408,apertura,0.00,2026-04-30 21:32:27,Sistema,Confirmado,,2026-04-30 21:32:27,2026-04-30 21:32:27,,354,,,
1409,Deposito,53.00,2026-04-30 21:32:27,Efectivo,Confirmado,,2026-04-30 21:32:27,2026-06-30 05:30:18,,354,1295,111113612603105,111113612603105
1410,apertura,0.00,2026-04-30 21:32:47,Sistema,Confirmado,,2026-04-30 21:32:47,2026-04-30 21:32:47,,355,,,
1411,Deposito,61.50,2026-04-30 21:32:47,Efectivo,Confirmado,,2026-04-30 21:32:47,2026-06-30 05:30:18,,355,1300,111113612603105,111113612603105
1412,apertura,0.00,2026-04-30 21:33:14,Sistema,Confirmado,,2026-04-30 21:33:14,2026-04-30 21:33:14,,356,,,
1413,Deposito,44.00,2026-04-30 21:33:14,Efectivo,Confirmado,,2026-04-30 21:33:14,2026-06-30 05:30:18,,356,1311,111113612603105,111113612603105
1414,Deposito,44.00,2026-04-30 21:33:54,Efectivo,Confirmado,,2026-04-30 21:33:54,2026-06-30 05:30:18,,353,1764,111113612603105,111113612603105
1415,apertura,0.00,2026-04-30 21:34:13,Sistema,Confirmado,,2026-04-30 21:34:13,2026-04-30 21:34:13,,357,,,
1416,Deposito,20.00,2026-04-30 21:34:13,Efectivo,Confirmado,,2026-04-30 21:34:13,2026-06-30 05:30:18,,357,1299,111113612603105,111113612603105
1417,apertura,0.00,2026-04-30 21:34:40,Sistema,Confirmado,,2026-04-30 21:34:40,2026-04-30 21:34:40,,358,,,
1418,Deposito,8.00,2026-04-30 21:34:40,Efectivo,Confirmado,,2026-04-30 21:34:40,2026-06-30 05:30:18,,358,1776,111113612603105,111113612603105
1419,apertura,0.00,2026-04-30 21:35:02,Sistema,Confirmado,,2026-04-30 21:35:02,2026-04-30 21:35:02,,359,,,
1420,Deposito,12.00,2026-04-30 21:35:02,Efectivo,Confirmado,,2026-04-30 21:35:02,2026-06-30 05:30:18,,359,1310,111113612603105,111113612603105
1421,apertura,0.00,2026-04-30 21:35:18,Sistema,Confirmado,,2026-04-30 21:35:18,2026-04-30 21:35:18,,360,,,
1422,Deposito,20.00,2026-04-30 21:35:18,Efectivo,Confirmado,,2026-04-30 21:35:18,2026-06-30 05:30:18,,360,1319,111113612603105,111113612603105
1423,apertura,0.00,2026-04-30 21:35:35,Sistema,Confirmado,,2026-04-30 21:35:35,2026-04-30 21:35:35,,361,,,
1424,Deposito,30.00,2026-04-30 21:35:35,Efectivo,Confirmado,,2026-04-30 21:35:35,2026-06-30 05:30:18,,361,1313,111113612603105,111113612603105
1425,apertura,0.00,2026-04-30 21:35:52,Sistema,Confirmado,,2026-04-30 21:35:52,2026-04-30 21:35:52,,362,,,
1426,Deposito,20.00,2026-04-30 21:35:52,Efectivo,Confirmado,,2026-04-30 21:35:52,2026-06-30 05:30:18,,362,,111113612603105,111113612603105
1427,apertura,0.00,2026-04-30 21:36:12,Sistema,Confirmado,,2026-04-30 21:36:12,2026-04-30 21:36:12,,363,,,
1428,Deposito,44.00,2026-04-30 21:36:12,Efectivo,Confirmado,,2026-04-30 21:36:12,2026-06-30 05:30:18,,363,1296,111113612603105,111113612603105
1429,Deposito,50.00,2026-04-30 21:37:06,Efectivo,Confirmado,,2026-04-30 21:37:06,2026-06-30 05:30:18,,189,1429,111113612603105,111113612603105
1430,Deposito,100.00,2026-04-30 21:37:20,Efectivo,Confirmado,,2026-04-30 21:37:20,2026-06-30 05:30:18,,289,1446,111113612603105,111113612603105
1431,Deposito,26.00,2026-04-30 21:37:35,Efectivo,Confirmado,,2026-04-30 21:37:35,2026-06-30 05:30:18,,190,1436,111113612603105,111113612603105
1432,Deposito,20.00,2026-04-30 21:37:49,Efectivo,Confirmado,,2026-04-30 21:37:49,2026-06-30 05:30:18,,191,1495,111113612603105,111113612603105
1433,Deposito,30.00,2026-04-30 21:38:23,Efectivo,Confirmado,,2026-04-30 21:38:23,2026-06-30 05:30:18,,192,1438,111113612603105,111113612603105
1434,Deposito,60.00,2026-04-30 21:39:07,Efectivo,Confirmado,,2026-04-30 21:39:07,2026-06-30 05:30:18,,193,1497,111113612603105,111113612603105
1435,Deposito,10.00,2026-04-30 21:39:25,Efectivo,Confirmado,,2026-04-30 21:39:25,2026-06-30 05:30:18,,194,1485,111113612603105,111113612603105
1436,Deposito,37.00,2026-04-30 21:39:45,Efectivo,Confirmado,,2026-04-30 21:39:45,2026-06-30 05:30:18,,269,1694,111113612603105,111113612603105
1437,Deposito,53.00,2026-04-30 21:40:03,Efectivo,Confirmado,,2026-04-30 21:40:03,2026-06-30 05:30:18,,195,1493,111113612603105,111113612603105
1438,Deposito,20.00,2026-04-30 21:40:25,Efectivo,Confirmado,,2026-04-30 21:40:25,2026-06-30 05:30:18,,196,1502,111113612603105,111113612603105
1439,Deposito,42.00,2026-04-30 21:40:43,Efectivo,Confirmado,,2026-04-30 21:40:43,2026-06-30 05:30:18,,327,1753,111113612603105,111113612603105
1440,Deposito,54.00,2026-04-30 21:41:00,Efectivo,Confirmado,,2026-04-30 21:41:00,2026-06-30 05:30:18,,200,1632,111113612603105,111113612603105
1441,Deposito,20.00,2026-04-30 21:41:28,Efectivo,Confirmado,,2026-04-30 21:41:28,2026-06-30 05:30:18,,180,1723,111113612603105,111113612603105
1442,Deposito,34.00,2026-04-30 21:42:01,Efectivo,Confirmado,,2026-04-30 21:42:01,2026-06-30 05:30:18,,181,1450,111113612603105,111113612603105
1443,Deposito,14.00,2026-04-30 21:42:27,Efectivo,Confirmado,,2026-04-30 21:42:27,2026-06-30 05:30:18,,182,1434,111113612603105,111113612603105
1444,Deposito,20.00,2026-04-30 21:42:40,Efectivo,Confirmado,,2026-04-30 21:42:40,2026-06-30 05:30:18,,183,1749,111113612603105,111113612603105
1445,Deposito,20.00,2026-04-30 21:43:00,Efectivo,Confirmado,,2026-04-30 21:43:00,2026-06-30 05:30:18,,268,1728,111113612603105,111113612603105
1446,Deposito,34.00,2026-04-30 21:43:15,Efectivo,Confirmado,,2026-04-30 21:43:15,2026-06-30 05:30:18,,185,1500,111113612603105,111113612603105
1447,Deposito,20.00,2026-04-30 21:43:47,Efectivo,Confirmado,,2026-04-30 21:43:47,2026-06-30 05:30:18,,291,1490,111113612603105,111113612603105
1448,Deposito,20.00,2026-04-30 21:44:04,Efectivo,Confirmado,,2026-04-30 21:44:04,2026-06-30 05:30:18,,186,1507,111113612603105,111113612603105
1449,Deposito,10.00,2026-04-30 21:44:28,Efectivo,Confirmado,,2026-04-30 21:44:28,2026-06-30 05:30:18,,292,1508,111113612603105,111113612603105
1450,Deposito,68.00,2026-04-30 21:56:54,Efectivo,Confirmado,,2026-04-30 21:56:54,2026-06-30 05:30:18,,224,1061,111113612603105,111113612603105
1451,Deposito,68.00,2026-04-30 21:57:10,Efectivo,Confirmado,,2026-04-30 21:57:10,2026-06-30 05:30:18,,304,1056,111113612603105,111113612603105
1452,Deposito,124.00,2026-04-30 21:57:27,Efectivo,Confirmado,,2026-04-30 21:57:27,2026-06-30 05:30:18,,226,1057,111113612603105,111113612603105
1453,Deposito,102.00,2026-04-30 21:57:43,Efectivo,Confirmado,,2026-04-30 21:57:43,2026-06-30 05:30:18,,227,1059,111113612603105,111113612603105
1454,Deposito,20.00,2026-04-30 21:59:29,Efectivo,Confirmado,,2026-04-30 21:59:29,2026-06-30 05:30:18,,280,1689,111113612603105,111113612603105
1455,Deposito,20.00,2026-04-30 21:59:47,Efectivo,Confirmado,,2026-04-30 21:59:47,2026-06-30 05:30:18,,158,1686,111113612603105,111113612603105
1456,Deposito,20.00,2026-04-30 22:00:04,Efectivo,Confirmado,,2026-04-30 22:00:04,2026-06-30 05:30:18,,281,1687,111113612603105,111113612603105
1457,Deposito,64.00,2026-04-30 22:00:21,Efectivo,Confirmado,,2026-04-30 22:00:21,2026-06-30 05:30:18,,159,1685,111113612603105,111113612603105
1458,Deposito,34.00,2026-04-30 22:01:08,Efectivo,Confirmado,,2026-04-30 22:01:08,2026-06-30 05:30:18,,160,1178,111113612603105,111113612603105
1459,Deposito,20.00,2026-04-30 22:01:26,Efectivo,Confirmado,,2026-04-30 22:01:26,2026-06-30 05:30:18,,326,1720,111113612603105,111113612603105
1460,Deposito,20.00,2026-04-30 22:01:47,Efectivo,Confirmado,,2026-04-30 22:01:47,2026-06-30 05:30:18,,162,1700,111113612603105,111113612603105
1461,Deposito,20.00,2026-04-30 22:02:03,Efectivo,Confirmado,,2026-04-30 22:02:03,2026-06-30 05:30:18,,163,1418,111113612603105,111113612603105
1462,Deposito,20.00,2026-04-30 22:02:26,Efectivo,Confirmado,,2026-04-30 22:02:26,2026-06-30 05:30:18,,161,,111113612603105,111113612603105
1463,Deposito,200.00,2026-04-30 22:02:51,Efectivo,Confirmado,,2026-04-30 22:02:51,2026-06-30 05:30:18,,264,1733,111113612603105,111113612603105
1464,Deposito,15.00,2026-04-30 22:03:18,Efectivo,Confirmado,,2026-04-30 22:03:18,2026-06-30 05:30:18,,240,1023,111113612603105,111113612603105
1465,Deposito,20.00,2026-04-30 22:03:36,Efectivo,Confirmado,,2026-04-30 22:03:36,2026-06-30 05:30:18,,241,1739,111113612603105,111113612603105
1466,Deposito,53.00,2026-04-30 22:03:54,Efectivo,Confirmado,,2026-04-30 22:03:54,2026-06-30 05:30:18,,242,1047,111113612603105,111113612603105
1467,Deposito,20.00,2026-04-30 22:04:09,Efectivo,Confirmado,,2026-04-30 22:04:09,2026-06-30 05:30:18,,243,1033,111113612603105,111113612603105
1468,Deposito,15.00,2026-04-30 22:04:23,Efectivo,Confirmado,,2026-04-30 22:04:23,2026-06-30 05:30:18,,244,1727,111113612603105,111113612603105
1469,Deposito,10.00,2026-04-30 22:04:38,Efectivo,Confirmado,,2026-04-30 22:04:38,2026-06-30 05:30:18,,245,1029,111113612603105,111113612603105
1470,Deposito,10.00,2026-04-30 22:07:52,Efectivo,Confirmado,,2026-04-30 22:07:52,2026-06-30 05:30:18,,246,1036,111113612603105,111113612603105
1471,Deposito,10.00,2026-04-30 22:08:41,Efectivo,Confirmado,,2026-04-30 22:08:41,2026-06-30 05:30:18,,247,1038,111113612603105,111113612603105
1472,Deposito,14.00,2026-04-30 22:09:12,Efectivo,Confirmado,,2026-04-30 22:09:12,2026-06-30 05:30:18,,248,1738,111113612603105,111113612603105
1473,Deposito,31.50,2026-04-30 22:09:36,Efectivo,Confirmado,,2026-04-30 22:09:36,2026-06-30 05:30:18,,249,1034,111113612603105,111113612603105
1474,Deposito,16.00,2026-04-30 22:09:55,Efectivo,Confirmado,,2026-04-30 22:09:55,2026-06-30 05:30:18,,250,1751,111113612603105,111113612603105
1475,Deposito,10.00,2026-04-30 22:11:20,Efectivo,Confirmado,,2026-04-30 22:11:20,2026-06-30 05:30:18,,251,1690,111113612603105,111113612603105
1476,Deposito,20.00,2026-04-30 22:11:39,Efectivo,Confirmado,,2026-04-30 22:11:39,2026-06-30 05:30:18,,252,1695,111113612603105,111113612603105
1477,Deposito,20.00,2026-04-30 22:11:56,Efectivo,Confirmado,,2026-04-30 22:11:56,2026-06-30 05:30:18,,253,1044,111113612603105,111113612603105
1478,Deposito,20.00,2026-04-30 22:12:12,Efectivo,Confirmado,,2026-04-30 22:12:12,2026-06-30 05:30:18,,256,1050,111113612603105,111113612603105
1479,Deposito,10.00,2026-04-30 22:13:32,Efectivo,Confirmado,,2026-04-30 22:13:32,2026-06-30 05:30:18,,257,1638,111113612603105,111113612603105
1480,Deposito,10.00,2026-04-30 22:13:42,Efectivo,Confirmado,,2026-04-30 22:13:42,2026-06-30 05:30:19,,258,1639,111113612603105,111113612603105
1481,Deposito,20.00,2026-04-30 22:13:59,Efectivo,Confirmado,,2026-04-30 22:13:59,2026-06-30 05:30:19,,259,1637,111113612603105,111113612603105
1482,Deposito,34.00,2026-04-30 22:14:14,Efectivo,Confirmado,,2026-04-30 22:14:14,2026-06-30 05:30:19,,260,1636,111113612603105,111113612603105
1483,Deposito,2945.00,2026-05-02 18:22:51,Efectivo,Confirmado,,2026-05-02 18:22:51,2026-06-30 05:30:19,,39,1769,111113612603105,111113612603105
1484,Retiro,3397.00,2026-05-02 18:25:53,Efectivo,Confirmado,,2026-05-02 18:25:53,2026-06-30 05:30:19,2026-05-03 00:25:53,39,1769,111113612603105,111113612603105
1485,Deposito,289.00,2026-05-02 18:29:36,Efectivo,Confirmado,,2026-05-02 18:29:36,2026-06-30 05:30:19,,305,1558,111113612603105,111113612603105
1486,Retiro,327.00,2026-05-02 18:30:39,Efectivo,Confirmado,,2026-05-02 18:30:39,2026-06-30 05:30:19,2026-05-03 00:30:39,305,1558,111113612603105,111113612603105
1487,Deposito,20.00,2026-05-02 18:36:44,Efectivo,Confirmado,,2026-05-02 18:36:44,2026-06-30 05:30:19,,104,1004,111113612603105,111113612603105
1488,Deposito,74.00,2026-05-02 18:47:58,Efectivo,Confirmado,,2026-05-02 18:47:58,2026-06-30 05:30:19,,293,1715,111113612603105,111113612603105
1489,Deposito,29.00,2026-05-02 18:48:14,Efectivo,Confirmado,,2026-05-02 18:48:14,2026-06-30 05:30:19,,172,1755,111113612603105,111113612603105
1490,Deposito,2.00,2026-05-02 18:48:34,Efectivo,Confirmado,,2026-05-02 18:48:34,2026-06-30 05:30:19,,173,1782,111113612603105,111113612603105
1491,Deposito,18.00,2026-05-02 18:48:48,Efectivo,Confirmado,,2026-05-02 18:48:48,2026-06-30 05:30:19,,174,1716,111113612603105,111113612603105
1492,Deposito,34.00,2026-05-02 18:49:11,Efectivo,Confirmado,,2026-05-02 18:49:11,2026-06-30 05:30:19,,175,1781,111113612603105,111113612603105
1493,Deposito,34.00,2026-05-02 18:49:59,Efectivo,Confirmado,,2026-05-02 18:49:59,2026-06-30 05:30:19,,176,940,111113612603105,111113612603105
1494,Deposito,42.00,2026-05-02 18:50:25,Efectivo,Confirmado,,2026-05-02 18:50:25,2026-06-30 05:30:19,,177,941,111113612603105,111113612603105
1495,Deposito,62.00,2026-05-02 18:53:15,Efectivo,Confirmado,,2026-05-02 18:53:15,2026-06-30 05:30:19,,178,938,111113612603105,111113612603105
1496,Deposito,62.00,2026-05-02 18:53:38,Efectivo,Confirmado,,2026-05-02 18:53:38,2026-06-30 05:30:19,,179,939,111113612603105,111113612603105
1497,Deposito,62.00,2026-05-02 18:54:09,Efectivo,Confirmado,,2026-05-02 18:54:09,2026-06-30 05:30:19,,294,1692,111113612603105,111113612603105
1498,Deposito,62.00,2026-05-02 18:54:30,Efectivo,Confirmado,,2026-05-02 18:54:30,2026-06-30 05:30:19,,295,1699,111113612603105,111113612603105
1499,Deposito,170.00,2026-05-04 16:49:52,Efectivo,Confirmado,,2026-05-04 16:49:52,2026-06-30 05:30:19,,48,1551,111113612603105,111113612603105
1500,Retiro,170.00,2026-05-04 16:51:11,Efectivo,Eliminado,,2026-05-04 16:51:11,2026-06-30 05:29:43,,48,1551,111113612603105,
1501,Deposito,472.00,2026-05-04 17:36:12,Efectivo,Confirmado,,2026-05-04 17:36:12,2026-06-30 05:30:19,,96,1750,111113612603105,111113612603105
1502,Deposito,364.00,2026-05-04 17:39:25,Efectivo,Confirmado,,2026-05-04 17:39:25,2026-06-30 05:30:19,,98,1759,111113612603105,111113612603105
1503,Deposito,124.00,2026-05-04 17:40:17,Efectivo,Confirmado,,2026-05-04 17:40:17,2026-06-30 05:30:19,,279,1774,111113612603105,111113612603105
1504,Retiro,448.00,2026-05-04 17:49:05,Efectivo,Confirmado,,2026-05-04 17:49:05,2026-06-30 05:30:19,2026-05-04 23:49:05,98,1759,111113612603105,111113612603105
1505,Retiro,160.00,2026-05-04 17:49:05,Efectivo,Confirmado,,2026-05-04 17:49:05,2026-06-30 05:30:19,2026-05-04 23:49:05,279,1774,111113612603105,111113612603105
1506,Retiro,504.00,2026-05-04 17:49:05,Efectivo,Confirmado,,2026-05-04 17:49:05,2026-06-30 05:30:19,2026-05-04 23:49:05,96,1750,111113612603105,111113612603105
1507,Retiro,175.00,2026-05-04 18:00:32,Efectivo,Confirmado,,2026-05-04 18:00:32,2026-06-30 05:30:19,2026-05-05 00:00:32,48,1551,111113612603105,111113612603105
1508,Deposito,230.00,2026-05-04 18:19:15,Efectivo,Confirmado,,2026-05-04 18:19:15,2026-06-30 05:30:19,,50,1771,111113612603105,111113612603105
1509,Deposito,280.00,2026-05-04 18:19:49,Efectivo,Confirmado,,2026-05-04 18:19:49,2026-06-30 05:30:19,,60,889,111113612603105,111113612603105
1510,Deposito,260.00,2026-05-04 18:20:33,Efectivo,Confirmado,,2026-05-04 18:20:33,2026-06-30 05:30:19,,61,890,111113612603105,111113612603105
1511,Retiro,260.00,2026-05-04 18:27:19,Efectivo,Confirmado,,2026-05-04 18:27:18,2026-06-30 05:30:19,2026-05-05 00:27:19,50,1771,111113612603105,111113612603105
1512,Retiro,300.00,2026-05-04 18:27:19,Efectivo,Confirmado,,2026-05-04 18:27:18,2026-06-30 05:30:19,2026-05-05 00:27:19,61,890,111113612603105,111113612603105
1513,Retiro,300.00,2026-05-04 18:27:19,Efectivo,Confirmado,,2026-05-04 18:27:18,2026-06-30 05:30:19,2026-05-05 00:27:19,60,889,111113612603105,111113612603105
1514,Deposito,732.00,2026-05-04 19:14:46,Efectivo,Eliminado,,2026-05-04 19:14:46,2026-06-30 05:30:19,,185,1500,111113612603105,111113612603105
1515,Deposito,140.00,2026-05-04 19:15:13,Efectivo,Confirmado,,2026-05-04 19:15:13,2026-06-30 05:30:19,,183,1749,111113612603105,111113612603105
1516,Deposito,400.00,2026-05-04 19:15:35,Efectivo,Confirmado,,2026-05-04 19:15:35,2026-06-30 05:30:19,,184,1498,111113612603105,111113612603105
1517,Retiro,766.00,2026-05-04 19:19:15,Efectivo,Eliminado,,2026-05-04 19:19:14,2026-06-30 05:30:19,,185,1500,111113612603105,111113612603105
1518,Retiro,440.00,2026-05-04 19:19:15,Efectivo,Confirmado,,2026-05-04 19:19:14,2026-06-30 05:30:19,2026-05-05 01:19:15,184,1498,111113612603105,111113612603105
1519,Retiro,170.00,2026-05-04 19:19:15,Efectivo,Confirmado,,2026-05-04 19:19:14,2026-06-30 05:30:19,2026-05-05 01:19:15,183,1749,111113612603105,111113612603105
1520,apertura,0.00,2026-05-04 20:09:57,Sistema,Confirmado,,2026-05-04 20:09:57,2026-05-04 20:09:57,,364,,,
1521,Deposito,26.00,2026-05-04 20:09:57,Efectivo,Confirmado,,2026-05-04 20:09:57,2026-06-30 05:30:19,,364,1740,111113612603105,111113612603105
1522,Retiro,26.00,2026-05-04 20:13:53,Efectivo,Confirmado,,2026-05-04 20:13:53,2026-06-30 05:29:43,2026-05-05 02:13:53,364,1740,111113612603105,
1523,Deposito,283.00,2026-05-04 20:39:20,Efectivo,Confirmado,,2026-05-04 20:39:20,2026-06-30 05:30:19,,172,1755,111113612603105,111113612603105
1524,Deposito,288.00,2026-05-04 20:39:38,Efectivo,Confirmado,,2026-05-04 20:39:38,2026-06-30 05:30:19,,174,1716,111113612603105,111113612603105
1525,Retiro,396.00,2026-05-04 20:46:04,Efectivo,Confirmado,,2026-05-04 20:46:04,2026-06-30 05:30:19,2026-05-05 02:46:04,172,1755,111113612603105,111113612603105
1526,Retiro,374.00,2026-05-04 20:46:04,Efectivo,Confirmado,,2026-05-04 20:46:04,2026-06-30 05:30:19,2026-05-05 02:46:04,174,1716,111113612603105,111113612603105
1527,Deposito,320.00,2026-05-04 21:07:16,Efectivo,Confirmado,,2026-05-04 21:07:16,2026-06-30 05:30:19,,342,1242,111113612603105,111113612603105
1528,Deposito,264.00,2026-05-04 21:07:29,Efectivo,Confirmado,,2026-05-04 21:07:29,2026-06-30 05:30:19,,201,1238,111113612603105,111113612603105
1529,Deposito,430.00,2026-05-04 21:07:46,Efectivo,Confirmado,,2026-05-04 21:07:46,2026-06-30 05:30:19,,346,1235,111113612603105,111113612603105
1530,Retiro,340.00,2026-05-04 21:16:51,Efectivo,Confirmado,,2026-05-04 21:16:50,2026-06-30 05:30:19,2026-05-05 03:16:51,342,1242,111113612603105,111113612603105
1531,Retiro,284.00,2026-05-04 21:16:51,Efectivo,Confirmado,,2026-05-04 21:16:50,2026-06-30 05:30:19,2026-05-05 03:16:51,201,1238,111113612603105,111113612603105
1532,Retiro,450.00,2026-05-04 21:16:51,Efectivo,Confirmado,,2026-05-04 21:16:50,2026-06-30 05:30:19,2026-05-05 03:16:51,346,1235,111113612603105,111113612603105
1533,Deposito,20.00,2026-05-04 21:28:56,Efectivo,Confirmado,,2026-05-04 21:28:56,2026-06-30 05:30:19,,87,982,111113612603105,111113612603105
1534,Deposito,22.00,2026-05-04 21:29:16,Efectivo,Confirmado,,2026-05-04 21:29:16,2026-06-30 05:30:19,,88,987,111113612603105,111113612603105
1535,Deposito,20.00,2026-05-04 21:29:49,Efectivo,Confirmado,,2026-05-04 21:29:49,2026-06-30 05:30:19,,89,1810,111113612603105,111113612603105
1536,Deposito,20.00,2026-05-04 21:30:14,Efectivo,Confirmado,,2026-05-04 21:30:14,2026-06-30 05:30:19,,90,990,111113612603105,111113612603105
1537,Deposito,20.00,2026-05-04 21:30:31,Efectivo,Confirmado,,2026-05-04 21:30:31,2026-06-30 05:30:19,,364,1740,111113612603105,111113612603105
1538,Deposito,20.00,2026-05-04 21:30:54,Efectivo,Confirmado,,2026-05-04 21:30:54,2026-06-30 05:30:19,,91,1652,111113612603105,111113612603105
1539,Deposito,32.00,2026-05-04 21:32:07,Efectivo,Confirmado,,2026-05-04 21:32:07,2026-06-30 05:30:19,,205,,111113612603105,111113612603105
1540,Deposito,20.00,2026-05-04 21:32:26,Efectivo,Confirmado,,2026-05-04 21:32:26,2026-06-30 05:30:19,,206,1134,111113612603105,111113612603105
1541,Deposito,20.00,2026-05-04 21:32:51,Efectivo,Confirmado,,2026-05-04 21:32:51,2026-06-30 05:30:19,,207,1131,111113612603105,111113612603105
1542,apertura,0.00,2026-05-04 21:35:29,Sistema,Confirmado,,2026-05-04 21:35:29,2026-05-04 21:35:29,,365,,,
1543,Deposito,20.00,2026-05-04 21:35:29,Efectivo,Confirmado,,2026-05-04 21:35:29,2026-06-30 05:30:19,,365,1747,111113612603105,111113612603105
1544,Deposito,44.00,2026-05-04 21:36:16,Efectivo,Confirmado,,2026-05-04 21:36:16,2026-06-30 05:30:19,,30,1123,111113612603105,111113612603105
1545,Deposito,84.00,2026-05-04 21:36:52,Efectivo,Confirmado,,2026-05-04 21:36:52,2026-06-30 05:30:19,,33,1126,111113612603105,111113612603105
1546,Deposito,29.50,2026-05-04 21:37:54,Efectivo,Confirmado,,2026-05-04 21:37:54,2026-06-30 05:30:19,,34,1683,111113612603105,111113612603105
1547,Deposito,32.00,2026-05-04 21:38:22,Efectivo,Confirmado,,2026-05-04 21:38:22,2026-06-30 05:30:19,,35,1710,111113612603105,111113612603105
1548,Deposito,38.00,2026-05-04 21:38:52,Efectivo,Confirmado,,2026-05-04 21:38:52,2026-06-30 05:30:19,,36,1780,111113612603105,111113612603105
1549,Deposito,52.00,2026-05-04 21:39:10,Efectivo,Confirmado,,2026-05-04 21:39:10,2026-06-30 05:30:19,,335,1736,111113612603105,111113612603105
1550,Deposito,34.00,2026-05-04 21:39:30,Efectivo,Confirmado,,2026-05-04 21:39:30,2026-06-30 05:30:19,,37,1054,111113612603105,111113612603105
1551,Deposito,52.00,2026-05-04 21:39:51,Efectivo,Confirmado,,2026-05-04 21:39:51,2026-06-30 05:30:19,,275,1693,111113612603105,111113612603105
1552,Deposito,52.00,2026-05-04 21:40:29,Efectivo,Confirmado,,2026-05-04 21:40:29,2026-06-30 05:30:19,,309,1698,111113612603105,111113612603105
1553,Deposito,52.00,2026-05-04 21:41:49,Efectivo,Confirmado,,2026-05-04 21:41:49,2026-06-30 05:30:19,,309,1698,111113612603105,111113612603105
1554,Deposito,52.00,2026-05-04 21:42:17,Efectivo,Confirmado,,2026-05-04 21:42:17,2026-06-30 05:30:19,,310,1711,111113612603105,111113612603105
1555,apertura,0.00,2026-05-04 21:42:40,Sistema,Confirmado,,2026-05-04 21:42:40,2026-05-04 21:42:40,,366,,,
1556,Deposito,34.00,2026-05-04 21:42:40,Efectivo,Confirmado,,2026-05-04 21:42:40,2026-06-30 05:30:19,,366,1779,111113612603105,111113612603105
1557,Deposito,55.00,2026-05-04 21:44:55,Efectivo,Confirmado,,2026-05-04 21:44:55,2026-06-30 05:30:19,,274,1674,111113612603105,111113612603105
1558,Deposito,55.00,2026-05-04 21:45:58,Efectivo,Confirmado,,2026-05-04 21:45:58,2026-06-30 05:30:19,,23,1795,111113612603105,111113612603105
1559,Deposito,20.00,2026-05-04 21:49:18,Efectivo,Confirmado,,2026-05-04 21:49:18,2026-06-30 05:30:19,,5,1702,111113612603105,111113612603105
1560,Deposito,20.00,2026-05-04 21:49:47,Efectivo,Confirmado,,2026-05-04 21:49:47,2026-06-30 05:30:19,,6,855,111113612603105,111113612603105
1561,Deposito,20.00,2026-05-04 21:50:15,Efectivo,Confirmado,,2026-05-04 21:50:15,2026-06-30 05:30:19,,7,1645,111113612603105,111113612603105
1562,Deposito,26.00,2026-05-04 21:50:51,Efectivo,Confirmado,,2026-05-04 21:50:51,2026-06-30 05:30:19,,8,858,111113612603105,111113612603105
1563,Deposito,12.00,2026-05-04 21:51:15,Efectivo,Confirmado,,2026-05-04 21:51:15,2026-06-30 05:30:19,,9,852,111113612603105,111113612603105
1564,Deposito,20.00,2026-05-04 21:51:35,Efectivo,Confirmado,,2026-05-04 21:51:35,2026-06-30 05:30:19,,10,1647,111113612603105,111113612603105
1565,Deposito,20.00,2026-05-04 21:52:07,Efectivo,Confirmado,,2026-05-04 21:52:07,2026-06-30 05:30:19,,11,1646,111113612603105,111113612603105
1566,Deposito,20.00,2026-05-04 21:52:34,Efectivo,Confirmado,,2026-05-04 21:52:34,2026-06-30 05:30:19,,12,856,111113612603105,111113612603105
1567,Deposito,20.00,2026-05-04 21:53:00,Efectivo,Confirmado,,2026-05-04 21:53:00,2026-06-30 05:30:19,,13,1794,111113612603105,111113612603105
1568,Deposito,60.00,2026-05-04 22:07:57,Efectivo,Confirmado,,2026-05-04 22:07:57,2026-06-30 05:30:19,,14,1787,111113612603105,111113612603105
1569,Deposito,20.00,2026-05-04 22:08:19,Efectivo,Confirmado,,2026-05-04 22:08:19,2026-06-30 05:30:19,,15,865,111113612603105,111113612603105
1570,Deposito,20.00,2026-05-04 22:08:47,Efectivo,Confirmado,,2026-05-04 22:08:47,2026-06-30 05:30:19,,16,1765,111113612603105,111113612603105
1571,Deposito,20.00,2026-05-04 22:09:08,Efectivo,Confirmado,,2026-05-04 22:09:08,2026-06-30 05:30:19,,17,863,111113612603105,111113612603105
1572,Deposito,20.00,2026-05-04 22:09:32,Efectivo,Confirmado,,2026-05-04 22:09:32,2026-06-30 05:30:19,,18,866,111113612603105,111113612603105
1573,Deposito,20.00,2026-05-04 22:09:57,Efectivo,Confirmado,,2026-05-04 22:09:57,2026-06-30 05:30:19,,19,1648,111113612603105,111113612603105
1574,Deposito,20.00,2026-05-04 22:10:37,Efectivo,Confirmado,,2026-05-04 22:10:37,2026-06-30 05:30:19,,20,1737,111113612603105,111113612603105
1575,Deposito,30.00,2026-05-04 22:11:06,Efectivo,Confirmado,,2026-05-04 22:11:06,2026-06-30 05:30:19,,21,870,111113612603105,111113612603105
1576,Deposito,20.00,2026-05-04 22:11:40,Efectivo,Confirmado,,2026-05-04 22:11:40,2026-06-30 05:30:19,,22,1021,111113612603105,111113612603105
1577,apertura,0.00,2026-05-04 22:12:26,Sistema,Confirmado,,2026-05-04 22:12:26,2026-05-04 22:12:26,,367,,,
1578,Deposito,20.00,2026-05-04 22:12:26,Efectivo,Confirmado,,2026-05-04 22:12:26,2026-06-30 05:30:19,,367,1731,111113612603105,111113612603105
1579,apertura,0.00,2026-05-04 22:14:38,Sistema,Confirmado,,2026-05-04 22:14:38,2026-05-04 22:14:38,,368,,,
1580,Deposito,20.00,2026-05-04 22:14:38,Efectivo,Confirmado,,2026-05-04 22:14:38,2026-06-30 05:30:19,,368,1744,111113612603105,111113612603105
1581,Deposito,45.00,2026-05-04 22:15:31,Efectivo,Confirmado,,2026-05-04 22:15:31,2026-06-30 05:30:19,,1,1766,111113612603105,111113612603105
1582,Deposito,32.00,2026-05-04 22:15:45,Efectivo,Confirmado,,2026-05-04 22:15:45,2026-06-30 05:30:19,,2,1767,111113612603105,111113612603105
1583,Deposito,32.00,2026-05-04 22:16:06,Efectivo,Confirmado,,2026-05-04 22:16:06,2026-06-30 05:30:19,,3,1417,111113612603105,111113612603105
1584,Deposito,62.00,2026-05-04 22:16:22,Efectivo,Confirmado,,2026-05-04 22:16:22,2026-06-30 05:30:19,,4,1416,111113612603105,111113612603105
1585,Deposito,62.00,2026-05-04 22:17:31,Efectivo,Confirmado,,2026-05-04 22:17:31,2026-06-30 05:30:19,,24,1400,111113612603105,111113612603105
1586,Deposito,62.00,2026-05-04 22:17:46,Efectivo,Confirmado,,2026-05-04 22:17:46,2026-06-30 05:30:20,,25,1403,111113612603105,111113612603105
1587,Deposito,62.00,2026-05-04 22:18:01,Efectivo,Confirmado,,2026-05-04 22:18:01,2026-06-30 05:30:20,,26,1401,111113612603105,111113612603105
1588,Deposito,62.00,2026-05-04 22:18:19,Efectivo,Confirmado,,2026-05-04 22:18:19,2026-06-30 05:30:20,,276,1402,111113612603105,111113612603105
1589,Deposito,62.00,2026-05-04 22:18:37,Efectivo,Confirmado,,2026-05-04 22:18:37,2026-06-30 05:30:20,,277,1404,111113612603105,111113612603105
1590,Deposito,20.00,2026-05-04 22:18:52,Efectivo,Confirmado,,2026-05-04 22:18:52,2026-06-30 05:30:20,,27,1405,111113612603105,111113612603105
1591,Deposito,60.00,2026-05-04 22:19:11,Efectivo,Confirmado,,2026-05-04 22:19:11,2026-06-30 05:30:20,,28,1406,111113612603105,111113612603105
1592,Deposito,20.00,2026-05-04 22:19:25,Efectivo,Confirmado,,2026-05-04 22:19:25,2026-06-30 05:30:20,,29,1407,111113612603105,111113612603105
1593,Deposito,285.00,2026-05-04 23:22:26,Efectivo,Confirmado,,2026-05-04 23:22:26,2026-06-30 05:30:20,,244,1727,111113612603105,111113612603105
1594,Deposito,285.00,2026-05-04 23:22:50,Efectivo,Confirmado,,2026-05-04 23:22:50,2026-06-30 05:30:20,,240,1023,111113612603105,111113612603105
1595,Deposito,200.00,2026-05-04 23:23:39,Efectivo,Confirmado,,2026-05-04 23:23:39,2026-06-30 05:30:20,,254,,111113612603105,111113612603105
1596,Deposito,200.00,2026-05-04 23:23:55,Efectivo,Confirmado,,2026-05-04 23:23:55,2026-06-30 05:30:20,,255,,111113612603105,111113612603105
1597,Deposito,216.00,2026-05-04 23:24:30,Efectivo,Confirmado,,2026-05-04 23:24:30,2026-06-30 05:30:20,,250,1751,111113612603105,111113612603105
1598,Retiro,315.00,2026-05-05 15:49:14,Efectivo,Confirmado,,2026-05-05 15:49:14,2026-06-30 05:30:20,2026-05-05 21:49:14,244,1727,111113612603105,111113612603105
1599,Retiro,345.00,2026-05-05 15:49:14,Efectivo,Confirmado,,2026-05-05 15:49:14,2026-06-30 05:30:20,2026-05-05 21:49:14,240,1023,111113612603105,111113612603105
1600,Retiro,230.00,2026-05-05 15:49:14,Efectivo,Confirmado,,2026-05-05 15:49:14,2026-06-30 05:30:20,2026-05-05 21:49:14,254,,111113612603105,111113612603105
1601,Retiro,230.00,2026-05-05 15:49:14,Efectivo,Confirmado,,2026-05-05 15:49:14,2026-06-30 05:30:20,2026-05-05 21:49:14,255,,111113612603105,111113612603105
1602,Retiro,270.00,2026-05-05 15:49:14,Efectivo,Confirmado,,2026-05-05 15:49:14,2026-06-30 05:30:20,2026-05-05 21:49:14,250,1751,111113612603105,111113612603105
1603,apertura,0.00,2026-05-05 16:07:14,Sistema,Confirmado,,2026-05-05 16:07:14,2026-05-05 16:07:14,,369,,,
1604,Deposito,140.00,2026-05-05 16:07:14,Efectivo,Confirmado,,2026-05-05 16:07:14,2026-06-30 05:30:20,,369,,111113612603105,111113612603105
1605,Retiro,140.00,2026-05-05 16:07:57,Efectivo,Confirmado,,2026-05-05 16:07:56,2026-06-30 05:30:20,2026-05-05 22:07:57,369,,111113612603105,111113612603105
1606,Deposito,360.00,2026-05-05 16:24:22,Efectivo,Confirmado,,2026-05-05 16:24:22,2026-06-30 05:30:20,,120,1778,111113612603105,111113612603105
1607,Deposito,180.00,2026-05-05 16:24:38,Efectivo,Confirmado,,2026-05-05 16:24:38,2026-06-30 05:30:20,,121,1748,111113612603105,111113612603105
1608,Retiro,240.00,2026-05-05 16:27:24,Efectivo,Confirmado,,2026-05-05 16:27:24,2026-06-30 05:30:20,2026-05-05 22:27:24,121,1748,111113612603105,111113612603105
1609,Retiro,420.00,2026-05-05 16:27:24,Efectivo,Confirmado,,2026-05-05 16:27:24,2026-06-30 05:30:20,2026-05-05 22:27:24,120,1778,111113612603105,111113612603105
1610,Deposito,10.00,2026-05-05 22:31:51,Efectivo,Confirmado,,2026-05-05 22:31:51,2026-06-30 05:30:20,,73,1376,111113612603105,111113612603105
1611,Deposito,10.00,2026-05-05 22:32:14,Efectivo,Confirmado,,2026-05-05 22:32:14,2026-06-30 05:30:20,,74,1378,111113612603105,111113612603105
1612,Deposito,10.00,2026-05-05 22:32:38,Efectivo,Confirmado,,2026-05-05 22:32:38,2026-06-30 05:30:20,,75,1380,111113612603105,111113612603105
1613,apertura,0.00,2026-05-05 22:39:28,Sistema,Confirmado,,2026-05-05 22:39:28,2026-05-05 22:39:28,,370,,,
1614,Deposito,10.00,2026-05-05 22:39:28,Efectivo,Confirmado,,2026-05-05 22:39:28,2026-06-30 05:30:20,,370,1656,111113612603105,111113612603105
1615,Deposito,10.00,2026-05-05 22:40:21,Efectivo,Confirmado,,2026-05-05 22:40:21,2026-06-30 05:30:20,,76,1381,111113612603105,111113612603105
1616,Deposito,10.00,2026-05-05 22:40:39,Efectivo,Confirmado,,2026-05-05 22:40:39,2026-06-30 05:30:20,,77,1785,111113612603105,111113612603105
1617,Deposito,10.00,2026-05-05 22:40:57,Efectivo,Confirmado,,2026-05-05 22:40:57,2026-06-30 05:30:20,,79,1784,111113612603105,111113612603105
1618,Deposito,32.00,2026-05-06 15:21:37,Efectivo,Confirmado,,2026-05-06 15:21:37,2026-06-30 05:30:20,,96,1750,111113612603105,111113612603105
1619,Deposito,28.00,2026-05-06 15:21:59,Efectivo,Confirmado,,2026-05-06 15:21:59,2026-06-30 05:30:20,,97,,111113612603105,111113612603105
1620,Deposito,28.00,2026-05-06 15:22:23,Efectivo,Confirmado,,2026-05-06 15:22:23,2026-06-30 05:30:20,,98,1759,111113612603105,111113612603105
1621,Deposito,20.00,2026-05-06 15:22:46,Efectivo,Confirmado,,2026-05-06 15:22:46,2026-06-30 05:30:20,,279,1774,111113612603105,111113612603105
1622,Deposito,20.00,2026-05-06 15:28:20,Efectivo,Confirmado,,2026-05-06 15:28:20,2026-06-30 05:30:20,,104,1004,111113612603105,111113612603105
1623,Deposito,20.00,2026-05-06 15:28:35,Efectivo,Confirmado,,2026-05-06 15:28:35,2026-06-30 05:30:20,,105,,111113612603105,111113612603105
1624,Deposito,20.00,2026-05-06 15:28:55,Efectivo,Confirmado,,2026-05-06 15:28:55,2026-06-30 05:30:20,,106,1653,111113612603105,111113612603105
1625,Deposito,20.00,2026-05-06 15:29:15,Efectivo,Confirmado,,2026-05-06 15:29:15,2026-06-30 05:30:20,,108,,111113612603105,111113612603105
1626,Deposito,20.00,2026-05-06 15:29:38,Efectivo,Confirmado,,2026-05-06 15:29:38,2026-06-30 05:30:20,,109,1631,111113612603105,111113612603105
1627,Deposito,20.00,2026-05-06 15:29:59,Efectivo,Confirmado,,2026-05-06 15:29:59,2026-06-30 05:30:20,,110,,111113612603105,111113612603105
1628,Deposito,20.00,2026-05-06 15:30:30,Efectivo,Confirmado,,2026-05-06 15:30:30,2026-06-30 05:30:20,,111,1712,111113612603105,111113612603105
1629,Deposito,20.00,2026-05-06 15:31:11,Efectivo,Confirmado,,2026-05-06 15:31:11,2026-06-30 05:30:20,,99,1799,111113612603105,111113612603105
1630,Deposito,20.00,2026-05-06 15:31:40,Efectivo,Confirmado,,2026-05-06 15:31:40,2026-06-30 05:30:20,,100,1801,111113612603105,111113612603105
1631,Deposito,20.00,2026-05-06 15:32:05,Efectivo,Confirmado,,2026-05-06 15:32:05,2026-06-30 05:30:20,,101,,111113612603105,111113612603105
1632,Deposito,20.00,2026-05-06 15:32:43,Efectivo,Confirmado,,2026-05-06 15:32:43,2026-06-30 05:30:20,,102,1802,111113612603105,111113612603105
1633,Deposito,10.00,2026-05-06 15:49:46,Efectivo,Confirmado,,2026-05-06 15:49:46,2026-06-30 05:30:20,,50,1771,111113612603105,111113612603105
1634,Deposito,10.00,2026-05-06 15:50:02,Efectivo,Confirmado,,2026-05-06 15:50:02,2026-06-30 05:30:20,,51,1818,111113612603105,111113612603105
1635,Deposito,20.00,2026-05-06 15:50:22,Efectivo,Confirmado,,2026-05-06 15:50:22,2026-06-30 05:30:20,,52,1707,111113612603105,111113612603105
1636,Deposito,42.00,2026-05-06 15:51:17,Efectivo,Confirmado,,2026-05-06 15:51:17,2026-06-30 05:30:20,,54,1650,111113612603105,111113612603105
1637,Deposito,20.00,2026-05-06 15:51:36,Efectivo,Confirmado,,2026-05-06 15:51:36,2026-06-30 05:30:20,,278,1633,111113612603105,111113612603105
1638,Deposito,20.00,2026-05-06 15:51:54,Efectivo,Confirmado,,2026-05-06 15:51:54,2026-06-30 05:30:20,,56,884,111113612603105,111113612603105
1639,Deposito,20.00,2026-05-06 15:52:39,Efectivo,Confirmado,,2026-05-06 15:52:39,2026-06-30 05:30:20,,57,885,111113612603105,111113612603105
1640,Deposito,10.00,2026-05-06 15:52:58,Efectivo,Confirmado,,2026-05-06 15:52:58,2026-06-30 05:30:20,,58,887,111113612603105,111113612603105
1641,Deposito,20.00,2026-05-06 15:53:18,Efectivo,Confirmado,,2026-05-06 15:53:18,2026-06-30 05:30:20,,64,891,111113612603105,111113612603105
1642,Deposito,20.00,2026-05-06 15:53:40,Efectivo,Confirmado,,2026-05-06 15:53:40,2026-06-30 05:30:20,,62,892,111113612603105,111113612603105
1643,Deposito,20.00,2026-05-06 15:54:05,Efectivo,Confirmado,,2026-05-06 15:54:05,2026-06-30 05:30:20,,63,893,111113612603105,111113612603105
1644,Deposito,40.00,2026-05-06 15:54:51,Efectivo,Confirmado,,2026-05-06 15:54:51,2026-06-30 05:30:20,,283,1792,111113612603105,111113612603105
1645,Deposito,44.00,2026-05-06 15:57:09,Efectivo,Confirmado,,2026-05-06 15:57:09,2026-06-30 05:30:20,,93,1114,111113612603105,111113612603105
1646,Deposito,44.00,2026-05-06 15:57:45,Efectivo,Confirmado,,2026-05-06 15:57:45,2026-06-30 05:30:20,,94,1115,111113612603105,111113612603105
1647,Deposito,44.00,2026-05-06 15:58:11,Efectivo,Confirmado,,2026-05-06 15:58:11,2026-06-30 05:30:20,,95,1116,111113612603105,111113612603105
1648,Deposito,60.00,2026-05-06 15:58:54,Efectivo,Confirmado,,2026-05-06 15:58:54,2026-06-30 05:30:20,,65,1634,111113612603105,111113612603105
1649,Deposito,60.00,2026-05-06 15:59:14,Efectivo,Confirmado,,2026-05-06 15:59:14,2026-06-30 05:30:20,,66,1752,111113612603105,111113612603105
1650,Deposito,60.00,2026-05-06 15:59:40,Efectivo,Confirmado,,2026-05-06 15:59:40,2026-06-30 05:30:20,,67,1657,111113612603105,111113612603105
1651,Deposito,60.00,2026-05-06 16:00:05,Efectivo,Confirmado,,2026-05-06 16:00:05,2026-06-30 05:30:20,,68,1809,111113612603105,111113612603105
1652,Deposito,60.00,2026-05-06 16:00:25,Efectivo,Confirmado,,2026-05-06 16:00:25,2026-06-30 05:30:20,,69,1122,111113612603105,111113612603105
1653,Deposito,60.00,2026-05-06 16:01:44,Efectivo,Confirmado,,2026-05-06 16:01:44,2026-06-30 05:30:20,,312,1718,111113612603105,111113612603105
1654,Deposito,60.00,2026-05-06 16:02:14,Efectivo,Confirmado,,2026-05-06 16:02:14,2026-06-30 05:30:20,,336,1742,111113612603105,111113612603105
1655,Deposito,60.00,2026-05-06 16:02:35,Efectivo,Confirmado,,2026-05-06 16:02:35,2026-06-30 05:30:20,,337,1743,111113612603105,111113612603105
1656,apertura,0.00,2026-05-06 16:05:55,Sistema,Confirmado,,2026-05-06 16:05:55,2026-05-06 16:05:55,,371,,,
1657,Deposito,60.00,2026-05-06 16:05:55,Efectivo,Confirmado,,2026-05-06 16:05:55,2026-06-30 05:30:20,,371,1770,111113612603105,111113612603105
1658,Deposito,30.00,2026-05-06 16:07:45,Efectivo,Confirmado,,2026-05-06 16:07:45,2026-06-30 05:30:20,,80,1181,111113612603105,111113612603105
1659,Deposito,22.00,2026-05-06 16:08:07,Efectivo,Confirmado,,2026-05-06 16:08:07,2026-06-30 05:30:20,,81,1182,111113612603105,111113612603105
1660,Deposito,22.00,2026-05-06 16:08:23,Efectivo,Confirmado,,2026-05-06 16:08:23,2026-06-30 05:30:20,,82,1678,111113612603105,111113612603105
1661,Deposito,10.00,2026-05-06 16:10:33,Efectivo,Confirmado,,2026-05-06 16:10:33,2026-06-30 05:30:20,,73,1376,111113612603105,111113612603105
1662,apertura,0.00,2026-05-06 16:24:55,Sistema,Confirmado,,2026-05-06 16:24:55,2026-05-06 16:24:55,,372,,,
1663,Deposito,55.00,2026-05-06 16:24:55,Efectivo,Confirmado,,2026-05-06 16:24:55,2026-06-30 05:30:20,,372,1768,111113612603105,111113612603105
1664,Deposito,13.00,2026-05-06 16:25:20,Efectivo,Confirmado,,2026-05-06 16:25:20,2026-06-30 05:30:20,,38,1541,111113612603105,111113612603105
1665,Deposito,135.00,2026-05-06 16:25:41,Efectivo,Confirmado,,2026-05-06 16:25:41,2026-06-30 05:30:20,,39,1769,111113612603105,111113612603105
1666,Deposito,60.50,2026-05-06 16:25:58,Efectivo,Confirmado,,2026-05-06 16:25:58,2026-06-30 05:30:20,,40,1761,111113612603105,111113612603105
1667,Deposito,70.00,2026-05-06 16:26:19,Efectivo,Confirmado,,2026-05-06 16:26:19,2026-06-30 05:30:20,,41,1544,111113612603105,111113612603105
1668,Deposito,36.00,2026-05-06 16:26:36,Efectivo,Confirmado,,2026-05-06 16:26:36,2026-06-30 05:30:20,,42,1735,111113612603105,111113612603105
1669,Deposito,213.00,2026-05-06 16:26:51,Efectivo,Confirmado,,2026-05-06 16:26:51,2026-06-30 05:30:20,,43,1546,111113612603105,111113612603105
1670,Deposito,85.00,2026-05-06 16:27:07,Efectivo,Confirmado,,2026-05-06 16:27:07,2026-06-30 05:30:20,,44,1734,111113612603105,111113612603105
1671,Deposito,156.00,2026-05-06 16:27:27,Efectivo,Confirmado,,2026-05-06 16:27:27,2026-06-30 05:30:20,,45,1548,111113612603105,111113612603105
1672,Deposito,106.00,2026-05-06 16:27:48,Efectivo,Confirmado,,2026-05-06 16:27:48,2026-06-30 05:30:20,,47,1732,111113612603105,111113612603105
1673,Deposito,119.00,2026-05-06 16:28:12,Efectivo,Confirmado,,2026-05-06 16:28:12,2026-06-30 05:30:20,,49,1660,111113612603105,111113612603105
1674,Deposito,20.00,2026-05-06 20:40:13,Efectivo,Confirmado,,2026-05-06 20:40:13,2026-06-30 05:30:20,,147,1814,111113612603105,111113612603105
1675,Deposito,24.00,2026-05-06 20:41:06,Efectivo,Confirmado,,2026-05-06 20:41:06,2026-06-30 05:30:20,,148,1709,111113612603105,111113612603105
1676,apertura,0.00,2026-05-06 20:41:23,Sistema,Confirmado,,2026-05-06 20:41:23,2026-05-06 20:41:23,,373,,,
1677,Deposito,14.00,2026-05-06 20:41:23,Efectivo,Confirmado,,2026-05-06 20:41:23,2026-06-30 05:30:20,,373,1395,111113612603105,111113612603105
1678,apertura,0.00,2026-05-06 20:41:40,Sistema,Confirmado,,2026-05-06 20:41:40,2026-05-06 20:41:40,,374,,,
1679,Deposito,14.00,2026-05-06 20:41:40,Efectivo,Confirmado,,2026-05-06 20:41:40,2026-06-30 05:30:20,,374,1701,111113612603105,111113612603105
1680,Deposito,64.00,2026-05-06 20:41:53,Efectivo,Confirmado,,2026-05-06 20:41:53,2026-06-30 05:30:20,,149,1398,111113612603105,111113612603105
1681,Deposito,20.00,2026-05-06 20:42:13,Efectivo,Confirmado,,2026-05-06 20:42:13,2026-06-30 05:30:20,,150,1664,111113612603105,111113612603105
1682,Deposito,24.00,2026-05-06 20:42:29,Efectivo,Confirmado,,2026-05-06 20:42:29,2026-06-30 05:30:20,,288,1665,111113612603105,111113612603105
1683,Deposito,12.00,2026-05-06 20:46:57,Efectivo,Confirmado,,2026-05-06 20:46:57,2026-06-30 05:30:20,,152,923,111113612603105,111113612603105
1684,Deposito,12.00,2026-05-06 20:47:13,Efectivo,Confirmado,,2026-05-06 20:47:13,2026-06-30 05:30:20,,153,926,111113612603105,111113612603105
1685,Deposito,40.00,2026-05-06 20:47:41,Efectivo,Confirmado,,2026-05-06 20:47:41,2026-06-30 05:30:20,,154,931,111113612603105,111113612603105
1686,Deposito,20.00,2026-05-06 20:47:59,Efectivo,Confirmado,,2026-05-06 20:47:59,2026-06-30 05:30:20,,324,1635,111113612603105,111113612603105
1687,Deposito,19.00,2026-05-06 20:48:49,Efectivo,Confirmado,,2026-05-06 20:48:49,2026-06-30 05:30:20,,157,1793,111113612603105,111113612603105
1688,Deposito,50.00,2026-05-06 20:49:07,Efectivo,Confirmado,,2026-05-06 20:49:07,2026-06-30 05:30:20,,155,1672,111113612603105,111113612603105
1689,apertura,0.00,2026-05-06 20:49:22,Sistema,Confirmado,,2026-05-06 20:49:22,2026-05-06 20:49:22,,375,,,
1690,Deposito,55.00,2026-05-06 20:49:22,Efectivo,Confirmado,,2026-05-06 20:49:22,2026-06-30 05:30:20,,375,1772,111113612603105,111113612603105
1691,Deposito,20.00,2026-05-06 20:53:23,Efectivo,Confirmado,,2026-05-06 20:53:23,2026-06-30 05:30:20,,113,1667,111113612603105,111113612603105
1692,Deposito,70.00,2026-05-06 20:53:40,Efectivo,Confirmado,,2026-05-06 20:53:40,2026-06-30 05:30:20,,114,1668,111113612603105,111113612603105
1693,Deposito,300.00,2026-05-06 20:53:53,Efectivo,Confirmado,,2026-05-06 20:53:53,2026-06-30 05:30:20,,115,1669,111113612603105,111113612603105
1694,Deposito,580.00,2026-05-06 20:54:08,Efectivo,Confirmado,,2026-05-06 20:54:08,2026-06-30 05:30:20,,116,1670,111113612603105,111113612603105
1695,Deposito,62.00,2026-05-06 20:54:27,Efectivo,Confirmado,,2026-05-06 20:54:27,2026-06-30 05:30:20,,117,1671,111113612603105,111113612603105
1696,Deposito,32.00,2026-05-06 20:54:53,Efectivo,Confirmado,,2026-05-06 20:54:53,2026-06-30 05:30:20,,118,1666,111113612603105,111113612603105
1697,Deposito,24.00,2026-05-06 20:56:03,Efectivo,Confirmado,,2026-05-06 20:56:03,2026-06-30 05:30:20,,120,1778,111113612603105,111113612603105
1698,Deposito,20.00,2026-05-06 20:56:18,Efectivo,Confirmado,,2026-05-06 20:56:18,2026-06-30 05:30:20,,121,1748,111113612603105,111113612603105
1699,Deposito,20.00,2026-05-06 20:56:36,Efectivo,Confirmado,,2026-05-06 20:56:36,2026-06-30 05:30:20,,122,901,111113612603105,111113612603105
1700,Deposito,24.00,2026-05-06 20:56:54,Efectivo,Confirmado,,2026-05-06 20:56:54,2026-06-30 05:30:20,,123,904,111113612603105,111113612603105
1701,Deposito,40.00,2026-05-06 20:57:20,Efectivo,Confirmado,,2026-05-06 20:57:20,2026-06-30 05:30:20,,141,1108,111113612603105,111113612603105
1702,Deposito,34.00,2026-05-06 20:57:38,Efectivo,Confirmado,,2026-05-06 20:57:38,2026-06-30 05:30:20,,142,1110,111113612603105,111113612603105
1703,Deposito,34.00,2026-05-06 20:57:58,Efectivo,Confirmado,,2026-05-06 20:57:58,2026-06-30 05:30:21,,143,1111,111113612603105,111113612603105
1704,Deposito,34.00,2026-05-06 20:58:14,Efectivo,Confirmado,,2026-05-06 20:58:14,2026-06-30 05:30:21,,144,1112,111113612603105,111113612603105
1705,Deposito,34.00,2026-05-06 20:58:28,Efectivo,Confirmado,,2026-05-06 20:58:28,2026-06-30 05:30:21,,145,1113,111113612603105,111113612603105
1706,Deposito,42.50,2026-05-06 23:22:48,Efectivo,Confirmado,,2026-05-06 23:22:48,2026-06-30 05:30:21,,316,1619,111113612603105,111113612603105
1707,Deposito,32.00,2026-05-06 23:23:04,Efectivo,Confirmado,,2026-05-06 23:23:04,2026-06-30 05:30:21,,320,1196,111113612603105,111113612603105
1708,Deposito,32.00,2026-05-06 23:23:22,Efectivo,Confirmado,,2026-05-06 23:23:22,2026-06-30 05:30:21,,322,,111113612603105,111113612603105
1709,Deposito,42.00,2026-05-06 23:23:35,Efectivo,Confirmado,,2026-05-06 23:23:35,2026-06-30 05:30:21,,323,1621,111113612603105,111113612603105
1710,Deposito,2.00,2026-05-06 23:23:57,Efectivo,Confirmado,,2026-05-06 23:23:57,2026-06-30 05:30:21,,136,1820,111113612603105,111113612603105
1711,Deposito,24.00,2026-05-06 23:24:11,Efectivo,Confirmado,,2026-05-06 23:24:11,2026-06-30 05:30:21,,137,1139,111113612603105,111113612603105
1712,Deposito,22.00,2026-05-06 23:24:26,Efectivo,Confirmado,,2026-05-06 23:24:26,2026-06-30 05:30:21,,287,1146,111113612603105,111113612603105
1713,Deposito,20.00,2026-05-06 23:24:42,Efectivo,Confirmado,,2026-05-06 23:24:42,2026-06-30 05:30:21,,140,1147,111113612603105,111113612603105
1714,Deposito,20.00,2026-05-06 23:25:02,Efectivo,Confirmado,,2026-05-06 23:25:02,2026-06-30 05:30:21,,125,1741,111113612603105,111113612603105
1715,Deposito,20.00,2026-05-06 23:25:18,Efectivo,Confirmado,,2026-05-06 23:25:18,2026-06-30 05:30:21,,285,1625,111113612603105,111113612603105
1716,Deposito,20.00,2026-05-06 23:25:33,Efectivo,Confirmado,,2026-05-06 23:25:33,2026-06-30 05:30:21,,126,1760,111113612603105,111113612603105
1717,Deposito,20.00,2026-05-06 23:25:51,Efectivo,Confirmado,,2026-05-06 23:25:51,2026-06-30 05:30:21,,127,1628,111113612603105,111113612603105
1718,Deposito,20.00,2026-05-06 23:26:06,Efectivo,Confirmado,,2026-05-06 23:26:06,2026-06-30 05:30:21,,128,1626,111113612603105,111113612603105
1719,Deposito,20.00,2026-05-06 23:26:20,Efectivo,Confirmado,,2026-05-06 23:26:20,2026-06-30 05:30:21,,129,1363,111113612603105,111113612603105
1720,Deposito,20.00,2026-05-06 23:26:35,Efectivo,Confirmado,,2026-05-06 23:26:35,2026-06-30 05:30:21,,130,1714,111113612603105,111113612603105
1721,Deposito,20.00,2026-05-06 23:26:49,Efectivo,Confirmado,,2026-05-06 23:26:49,2026-06-30 05:30:21,,131,,111113612603105,111113612603105
1722,Deposito,20.00,2026-05-06 23:27:02,Efectivo,Confirmado,,2026-05-06 23:27:02,2026-06-30 05:30:21,,132,1364,111113612603105,111113612603105
1723,Deposito,20.00,2026-05-06 23:27:14,Efectivo,Confirmado,,2026-05-06 23:27:14,2026-06-30 05:30:21,,133,1365,111113612603105,111113612603105
1724,Deposito,100.00,2026-05-07 22:49:33,Efectivo,Confirmado,,2026-05-07 22:49:33,2026-06-30 05:30:21,,189,1429,111113612603105,111113612603105
1725,Deposito,100.00,2026-05-07 22:50:04,Efectivo,Confirmado,,2026-05-07 22:50:04,2026-06-30 05:30:21,,289,1446,111113612603105,111113612603105
1726,Deposito,26.00,2026-05-07 22:50:23,Efectivo,Confirmado,,2026-05-07 22:50:23,2026-06-30 05:30:21,,190,1436,111113612603105,111113612603105
1727,Deposito,30.00,2026-05-07 22:50:39,Efectivo,Confirmado,,2026-05-07 22:50:39,2026-06-30 05:30:21,,191,1495,111113612603105,111113612603105
1728,Deposito,30.00,2026-05-07 22:51:03,Efectivo,Confirmado,,2026-05-07 22:51:03,2026-06-30 05:30:21,,192,1438,111113612603105,111113612603105
1729,Deposito,60.00,2026-05-07 22:51:45,Efectivo,Confirmado,,2026-05-07 22:51:45,2026-06-30 05:30:21,,193,1497,111113612603105,111113612603105
1730,Deposito,10.00,2026-05-07 22:52:05,Efectivo,Confirmado,,2026-05-07 22:52:05,2026-06-30 05:30:21,,194,1485,111113612603105,111113612603105
1731,Deposito,53.00,2026-05-07 22:52:25,Efectivo,Confirmado,,2026-05-07 22:52:25,2026-06-30 05:30:21,,195,1493,111113612603105,111113612603105
1732,Deposito,20.00,2026-05-07 22:52:46,Efectivo,Confirmado,,2026-05-07 22:52:46,2026-06-30 05:30:21,,196,1502,111113612603105,111113612603105
1733,Deposito,42.00,2026-05-07 22:53:06,Efectivo,Confirmado,,2026-05-07 22:53:06,2026-06-30 05:30:21,,327,1753,111113612603105,111113612603105
1734,Deposito,10.00,2026-05-07 22:53:28,Efectivo,Confirmado,,2026-05-07 22:53:28,2026-06-30 05:30:21,,198,1630,111113612603105,111113612603105
1735,Deposito,54.00,2026-05-07 22:53:43,Efectivo,Confirmado,,2026-05-07 22:53:43,2026-06-30 05:30:21,,200,1817,111113612603105,111113612603105
1736,Deposito,20.00,2026-05-07 22:54:16,Efectivo,Confirmado,,2026-05-07 22:54:16,2026-06-30 05:30:21,,180,1723,111113612603105,111113612603105
1737,Deposito,20.00,2026-05-07 22:54:33,Efectivo,Confirmado,,2026-05-07 22:54:33,2026-06-30 05:30:21,,183,1749,111113612603105,111113612603105
1738,Deposito,44.00,2026-05-07 22:55:00,Efectivo,Confirmado,,2026-05-07 22:55:00,2026-06-30 05:30:21,,185,1500,111113612603105,111113612603105
1739,Deposito,80.00,2026-05-07 22:55:17,Efectivo,Confirmado,,2026-05-07 22:55:17,2026-06-30 05:30:21,,290,,111113612603105,111113612603105
1740,Deposito,20.00,2026-05-07 22:55:45,Efectivo,Confirmado,,2026-05-07 22:55:45,2026-06-30 05:30:21,,291,1490,111113612603105,111113612603105
1741,Deposito,30.00,2026-05-07 22:56:04,Efectivo,Confirmado,,2026-05-07 22:56:04,2026-06-30 05:30:21,,187,1724,111113612603105,111113612603105
1742,Deposito,10.00,2026-05-07 22:56:22,Efectivo,Confirmado,,2026-05-07 22:56:22,2026-06-30 05:30:21,,292,1508,111113612603105,111113612603105
1743,Deposito,44.00,2026-05-07 22:56:46,Efectivo,Confirmado,,2026-05-07 22:56:46,2026-06-30 05:30:21,,164,1515,111113612603105,111113612603105
1744,Deposito,16.00,2026-05-07 22:57:06,Efectivo,Confirmado,,2026-05-07 22:57:06,2026-06-30 05:30:21,,165,1516,111113612603105,111113612603105
1745,Deposito,52.00,2026-05-07 22:57:20,Efectivo,Confirmado,,2026-05-07 22:57:20,2026-06-30 05:30:21,,166,1518,111113612603105,111113612603105
1746,Deposito,22.00,2026-05-07 22:57:36,Efectivo,Confirmado,,2026-05-07 22:57:36,2026-06-30 05:30:21,,167,1775,111113612603105,111113612603105
1747,Deposito,30.00,2026-05-07 22:57:59,Efectivo,Confirmado,,2026-05-07 22:57:59,2026-06-30 05:30:21,,169,1510,111113612603105,111113612603105
1748,Deposito,20.00,2026-05-07 22:58:15,Efectivo,Confirmado,,2026-05-07 22:58:15,2026-06-30 05:30:21,,170,1511,111113612603105,111113612603105
1749,Deposito,20.00,2026-05-07 22:58:41,Efectivo,Confirmado,,2026-05-07 22:58:41,2026-06-30 05:30:21,,171,1673,111113612603105,111113612603105
1750,Deposito,20.00,2026-05-07 23:00:42,Efectivo,Confirmado,,2026-05-07 23:00:42,2026-06-30 05:30:21,,280,1689,111113612603105,111113612603105
1751,Deposito,20.00,2026-05-07 23:01:10,Efectivo,Confirmado,,2026-05-07 23:01:10,2026-06-30 05:30:21,,158,1686,111113612603105,111113612603105
1752,Deposito,18.00,2026-05-07 23:01:32,Efectivo,Confirmado,,2026-05-07 23:01:32,2026-06-30 05:30:21,,281,1687,111113612603105,111113612603105
1753,Deposito,64.00,2026-05-07 23:01:49,Efectivo,Confirmado,,2026-05-07 23:01:49,2026-06-30 05:30:21,,159,1685,111113612603105,111113612603105
1754,Deposito,34.00,2026-05-07 23:02:09,Efectivo,Confirmado,,2026-05-07 23:02:09,2026-06-30 05:30:21,,160,1178,111113612603105,111113612603105
1755,Deposito,20.00,2026-05-07 23:02:24,Efectivo,Confirmado,,2026-05-07 23:02:24,2026-06-30 05:30:21,,326,1720,111113612603105,111113612603105
1756,Deposito,20.00,2026-05-07 23:02:41,Efectivo,Confirmado,,2026-05-07 23:02:41,2026-06-30 05:30:21,,162,1700,111113612603105,111113612603105
1757,Deposito,20.00,2026-05-07 23:02:56,Efectivo,Confirmado,,2026-05-07 23:02:56,2026-06-30 05:30:21,,163,1418,111113612603105,111113612603105
1758,Deposito,72.00,2026-05-08 21:13:54,Efectivo,Confirmado,,2026-05-08 21:13:54,2026-06-30 05:30:21,,228,1726,111113612603105,111113612603105
1759,Deposito,40.00,2026-05-08 21:14:13,Efectivo,Confirmado,,2026-05-08 21:14:13,2026-06-30 05:30:21,,229,1268,111113612603105,111113612603105
1760,Deposito,20.00,2026-05-08 21:14:32,Efectivo,Confirmado,,2026-05-08 21:14:32,2026-06-30 05:30:21,,230,1265,111113612603105,111113612603105
1761,Deposito,80.00,2026-05-08 21:14:51,Efectivo,Confirmado,,2026-05-08 21:14:51,2026-06-30 05:30:21,,232,1271,111113612603105,111113612603105
1762,Deposito,10.00,2026-05-08 21:15:09,Efectivo,Confirmado,,2026-05-08 21:15:09,2026-06-30 05:30:21,,233,1677,111113612603105,111113612603105
1763,Deposito,60.00,2026-05-08 21:15:25,Efectivo,Confirmado,,2026-05-08 21:15:25,2026-06-30 05:30:21,,234,1275,111113612603105,111113612603105
1764,Deposito,40.00,2026-05-08 21:15:48,Efectivo,Confirmado,,2026-05-08 21:15:48,2026-06-30 05:30:21,,235,1269,111113612603105,111113612603105
1765,Deposito,40.00,2026-05-08 21:16:09,Efectivo,Confirmado,,2026-05-08 21:16:09,2026-06-30 05:30:21,,236,1696,111113612603105,111113612603105
1766,apertura,0.00,2026-05-08 21:16:29,Sistema,Confirmado,,2026-05-08 21:16:29,2026-05-08 21:16:29,,376,,,
1767,Deposito,20.00,2026-05-08 21:16:29,Efectivo,Confirmado,,2026-05-08 21:16:29,2026-06-30 05:30:21,,376,1757,111113612603105,111113612603105
1768,Deposito,10.00,2026-05-08 21:16:45,Efectivo,Confirmado,,2026-05-08 21:16:45,2026-06-30 05:30:21,,237,1729,111113612603105,111113612603105
1769,Deposito,10.00,2026-05-08 21:17:01,Efectivo,Confirmado,,2026-05-08 21:17:01,2026-06-30 05:30:21,,328,1262,111113612603105,111113612603105
1770,Deposito,10.00,2026-05-08 21:17:14,Efectivo,Confirmado,,2026-05-08 21:17:14,2026-06-30 05:30:21,,329,1284,111113612603105,111113612603105
1771,Deposito,80.00,2026-05-08 21:17:32,Efectivo,Confirmado,,2026-05-08 21:17:32,2026-06-30 05:30:21,,238,1725,111113612603105,111113612603105
1772,Deposito,80.00,2026-05-08 21:17:44,Efectivo,Confirmado,,2026-05-08 21:17:44,2026-06-30 05:30:21,,239,1815,111113612603105,111113612603105
1773,Deposito,68.00,2026-05-08 21:18:16,Efectivo,Confirmado,,2026-05-08 21:18:16,2026-06-30 05:30:21,,224,,111113612603105,111113612603105
1774,Deposito,68.00,2026-05-08 21:19:34,Efectivo,Confirmado,,2026-05-08 21:19:34,2026-06-30 05:30:21,,224,,111113612603105,111113612603105
1775,Deposito,52.00,2026-05-08 21:20:01,Efectivo,Confirmado,,2026-05-08 21:20:01,2026-06-30 05:30:21,,225,1762,111113612603105,111113612603105
1776,Deposito,68.00,2026-05-08 21:20:29,Efectivo,Confirmado,,2026-05-08 21:20:29,2026-06-30 05:30:21,,304,1056,111113612603105,111113612603105
1777,Deposito,124.00,2026-05-08 21:21:00,Efectivo,Confirmado,,2026-05-08 21:21:00,2026-06-30 05:30:21,,226,1057,111113612603105,111113612603105
1778,Deposito,102.00,2026-05-08 21:21:19,Efectivo,Confirmado,,2026-05-08 21:21:19,2026-06-30 05:30:21,,227,1059,111113612603105,111113612603105
1779,Deposito,50.00,2026-05-08 21:23:28,Efectivo,Confirmado,,2026-05-08 21:23:28,2026-06-30 05:30:21,,267,1676,111113612603105,111113612603105
1780,Deposito,106.00,2026-05-08 21:23:44,Efectivo,Confirmado,,2026-05-08 21:23:44,2026-06-30 05:30:21,,264,1733,111113612603105,111113612603105
1781,Deposito,15.00,2026-05-08 21:24:19,Efectivo,Confirmado,,2026-05-08 21:24:19,2026-06-30 05:30:21,,240,1023,111113612603105,111113612603105
1782,Deposito,20.00,2026-05-08 21:24:36,Efectivo,Confirmado,,2026-05-08 21:24:36,2026-06-30 05:30:21,,241,1739,111113612603105,111113612603105
1783,Deposito,53.00,2026-05-08 21:24:51,Efectivo,Confirmado,,2026-05-08 21:24:51,2026-06-30 05:30:21,,242,1047,111113612603105,111113612603105
1784,Deposito,20.00,2026-05-08 21:25:08,Efectivo,Confirmado,,2026-05-08 21:25:08,2026-06-30 05:30:21,,243,1033,111113612603105,111113612603105
1785,Deposito,15.00,2026-05-08 21:25:23,Efectivo,Confirmado,,2026-05-08 21:25:23,2026-06-30 05:30:21,,244,1727,111113612603105,111113612603105
1786,Deposito,10.00,2026-05-08 21:25:57,Efectivo,Confirmado,,2026-05-08 21:25:57,2026-06-30 05:30:21,,245,1029,111113612603105,111113612603105
1787,Deposito,10.00,2026-05-08 21:26:29,Efectivo,Confirmado,,2026-05-08 21:26:29,2026-06-30 05:30:21,,246,1036,111113612603105,111113612603105
1788,Deposito,10.00,2026-05-08 21:26:45,Efectivo,Confirmado,,2026-05-08 21:26:45,2026-06-30 05:30:21,,247,1038,111113612603105,111113612603105
1789,Deposito,14.00,2026-05-08 21:27:08,Efectivo,Confirmado,,2026-05-08 21:27:08,2026-06-30 05:30:21,,248,1738,111113612603105,111113612603105
1790,Deposito,31.50,2026-05-08 21:27:25,Efectivo,Confirmado,,2026-05-08 21:27:25,2026-06-30 05:30:21,,249,1034,111113612603105,111113612603105
1791,Deposito,16.00,2026-05-08 21:27:43,Efectivo,Confirmado,,2026-05-08 21:27:43,2026-06-30 05:30:21,,250,1751,111113612603105,111113612603105
1792,Deposito,10.00,2026-05-08 21:28:23,Efectivo,Confirmado,,2026-05-08 21:28:23,2026-06-30 05:30:21,,251,1690,111113612603105,111113612603105
1793,Deposito,20.00,2026-05-08 21:28:41,Efectivo,Confirmado,,2026-05-08 21:28:41,2026-06-30 05:30:21,,252,1695,111113612603105,111113612603105
1794,Deposito,20.00,2026-05-08 21:29:00,Efectivo,Confirmado,,2026-05-08 21:29:00,2026-06-30 05:30:21,,253,1044,111113612603105,111113612603105
1795,Deposito,20.00,2026-05-08 21:29:16,Efectivo,Confirmado,,2026-05-08 21:29:16,2026-06-30 05:30:21,,256,1808,111113612603105,111113612603105
1796,Deposito,33.00,2026-05-08 21:37:17,Efectivo,Confirmado,,2026-05-08 21:37:17,2026-06-30 05:30:21,,318,1620,111113612603105,111113612603105
1797,Deposito,66.00,2026-05-08 21:37:35,Efectivo,Confirmado,,2026-05-08 21:37:35,2026-06-30 05:30:21,,319,1813,111113612603105,111113612603105
1798,Deposito,41.00,2026-05-08 21:37:52,Efectivo,Confirmado,,2026-05-08 21:37:52,2026-06-30 05:30:21,,321,1197,111113612603105,111113612603105
1799,Deposito,22.00,2026-05-08 21:38:31,Efectivo,Confirmado,,2026-05-08 21:38:31,2026-06-30 05:30:21,,88,987,111113612603105,111113612603105
1800,Deposito,20.00,2026-05-08 21:38:48,Efectivo,Confirmado,,2026-05-08 21:38:48,2026-06-30 05:30:21,,246,1036,111113612603105,111113612603105
1801,Deposito,20.00,2026-05-08 21:39:13,Efectivo,Confirmado,,2026-05-08 21:39:13,2026-06-30 05:30:21,,90,990,111113612603105,111113612603105
1802,Deposito,20.00,2026-05-08 21:39:29,Efectivo,Confirmado,,2026-05-08 21:39:29,2026-06-30 05:30:21,,364,1740,111113612603105,111113612603105
1803,Deposito,20.00,2026-05-08 21:39:50,Efectivo,Confirmado,,2026-05-08 21:39:50,2026-06-30 05:30:21,,91,1652,111113612603105,111113612603105
1804,Deposito,53.50,2026-05-08 21:42:08,Efectivo,Confirmado,,2026-05-08 21:42:08,2026-06-30 05:30:22,,352,1289,111113612603105,111113612603105
1805,apertura,0.00,2026-05-08 21:42:24,Sistema,Confirmado,,2026-05-08 21:42:24,2026-05-08 21:42:24,,377,,,
1806,Deposito,20.00,2026-05-08 21:42:24,Efectivo,Confirmado,,2026-05-08 21:42:24,2026-06-30 05:30:22,,377,1291,111113612603105,111113612603105
1807,Deposito,53.00,2026-05-08 21:42:38,Efectivo,Confirmado,,2026-05-08 21:42:38,2026-06-30 05:30:22,,354,1295,111113612603105,111113612603105
1808,Deposito,61.50,2026-05-08 21:42:57,Efectivo,Confirmado,,2026-05-08 21:42:57,2026-06-30 05:30:22,,355,1300,111113612603105,111113612603105
1809,apertura,0.00,2026-05-08 21:43:13,Sistema,Confirmado,,2026-05-08 21:43:13,2026-05-08 21:43:13,,378,,,
1810,Deposito,44.00,2026-05-08 21:43:13,Efectivo,Confirmado,,2026-05-08 21:43:13,2026-06-30 05:30:22,,378,,111113612603105,111113612603105
1811,apertura,0.00,2026-05-08 21:43:32,Sistema,Confirmado,,2026-05-08 21:43:32,2026-05-08 21:43:32,,379,,,
1812,Deposito,44.00,2026-05-08 21:43:32,Efectivo,Confirmado,,2026-05-08 21:43:32,2026-06-30 05:30:22,,379,1322,111113612603105,111113612603105
1813,Deposito,44.00,2026-05-08 21:43:47,Efectivo,Confirmado,,2026-05-08 21:43:47,2026-06-30 05:30:22,,353,1764,111113612603105,111113612603105
1814,Deposito,20.00,2026-05-08 21:44:09,Efectivo,Confirmado,,2026-05-08 21:44:09,2026-06-30 05:30:22,,357,1299,111113612603105,111113612603105
1815,apertura,0.00,2026-05-08 21:44:51,Sistema,Confirmado,,2026-05-08 21:44:51,2026-05-08 21:44:51,,380,,,
1816,Deposito,28.00,2026-05-08 21:44:51,Efectivo,Confirmado,,2026-05-08 21:44:51,2026-06-30 05:30:22,,380,1763,111113612603105,111113612603105
1817,Deposito,8.00,2026-05-08 21:45:04,Efectivo,Confirmado,,2026-05-08 21:45:04,2026-06-30 05:30:22,,358,1776,111113612603105,111113612603105
1818,apertura,0.00,2026-05-08 21:45:24,Sistema,Confirmado,,2026-05-08 21:45:24,2026-05-08 21:45:24,,381,,,
1819,Deposito,20.00,2026-05-08 21:45:24,Efectivo,Confirmado,,2026-05-08 21:45:24,2026-06-30 05:30:22,,381,1306,111113612603105,111113612603105
1820,apertura,0.00,2026-05-08 21:45:45,Sistema,Confirmado,,2026-05-08 21:45:45,2026-05-08 21:45:45,,382,,,
1821,Deposito,20.00,2026-05-08 21:45:45,Efectivo,Confirmado,,2026-05-08 21:45:45,2026-06-30 05:30:22,,382,1308,111113612603105,111113612603105
1822,Deposito,12.00,2026-05-08 21:46:40,Efectivo,Confirmado,,2026-05-08 21:46:40,2026-06-30 05:30:22,,359,1310,111113612603105,111113612603105
1823,Deposito,44.00,2026-05-08 21:47:17,Efectivo,Confirmado,,2026-05-08 21:47:17,2026-06-30 05:30:22,,363,1296,111113612603105,111113612603105
1824,apertura,0.00,2026-05-08 21:47:31,Sistema,Confirmado,,2026-05-08 21:47:31,2026-05-08 21:47:31,,383,,,
1825,Deposito,20.00,2026-05-08 21:47:31,Efectivo,Confirmado,,2026-05-08 21:47:31,2026-06-30 05:30:22,,383,1642,111113612603105,111113612603105
1826,apertura,0.00,2026-05-08 21:48:08,Sistema,Confirmado,,2026-05-08 21:48:08,2026-05-08 21:48:08,,384,,,
1827,Deposito,20.00,2026-05-08 21:48:08,Efectivo,Confirmado,,2026-05-08 21:48:08,2026-06-30 05:30:22,,384,1643,111113612603105,111113612603105
1828,Deposito,40.00,2026-05-08 21:49:00,Efectivo,Confirmado,,2026-05-08 21:49:00,2026-06-30 05:30:22,,347,1804,111113612603105,111113612603105
1829,Deposito,40.00,2026-05-08 21:49:25,Efectivo,Confirmado,,2026-05-08 21:49:25,2026-06-30 05:30:22,,348,1805,111113612603105,111113612603105
1830,Deposito,30.00,2026-05-08 21:49:54,Efectivo,Confirmado,,2026-05-08 21:49:54,2026-06-30 05:30:22,,349,1256,111113612603105,111113612603105
1831,Deposito,40.00,2026-05-08 21:50:49,Efectivo,Confirmado,,2026-05-08 21:50:49,2026-06-30 05:30:22,,350,1250,111113612603105,111113612603105
1832,Deposito,40.00,2026-05-08 21:51:12,Efectivo,Confirmado,,2026-05-08 21:51:12,2026-06-30 05:30:22,,351,1719,111113612603105,111113612603105
1833,Deposito,50.00,2026-05-08 21:51:44,Efectivo,Confirmado,,2026-05-08 21:51:44,2026-06-30 05:30:22,,340,1234,111113612603105,111113612603105
1834,apertura,0.00,2026-05-08 21:52:35,Sistema,Confirmado,,2026-05-08 21:52:35,2026-05-08 21:52:35,,385,,,
1835,Deposito,20.00,2026-05-08 21:52:35,Efectivo,Confirmado,,2026-05-08 21:52:35,2026-06-30 05:30:22,,385,1806,111113612603105,111113612603105
1836,Deposito,44.00,2026-05-08 21:52:53,Efectivo,Confirmado,,2026-05-08 21:52:53,2026-06-30 05:30:22,,341,1237,111113612603105,111113612603105
1837,Deposito,20.00,2026-05-08 21:53:25,Efectivo,Confirmado,,2026-05-08 21:53:25,2026-06-30 05:30:22,,202,1240,111113612603105,111113612603105
1838,Deposito,20.00,2026-05-08 21:53:39,Efectivo,Confirmado,,2026-05-08 21:53:39,2026-06-30 05:30:22,,342,1816,111113612603105,111113612603105
1839,Deposito,20.00,2026-05-08 21:53:59,Efectivo,Confirmado,,2026-05-08 21:53:59,2026-06-30 05:30:22,,343,1682,111113612603105,111113612603105
1840,Deposito,100.00,2026-05-08 21:54:51,Efectivo,Confirmado,,2026-05-08 21:54:51,2026-06-30 05:30:22,,344,1245,111113612603105,111113612603105
1841,Deposito,114.00,2026-05-08 21:55:10,Efectivo,Confirmado,,2026-05-08 21:55:10,2026-06-30 05:30:22,,345,1246,111113612603105,111113612603105
1842,Deposito,359.00,2026-05-11 15:18:49,Efectivo,Confirmado,,2026-05-11 15:18:49,2026-06-30 05:30:22,,160,1178,111113612603105,111113612603105
1843,Retiro,525.00,2026-05-11 15:21:48,Efectivo,Confirmado,,2026-05-11 15:21:47,2026-06-30 05:30:22,2026-05-11 21:21:48,160,1178,111113612603105,111113612603105
1844,Deposito,360.00,2026-05-11 16:55:33,Efectivo,Confirmado,,2026-05-11 16:55:33,2026-06-30 05:30:22,,16,1765,111113612603105,111113612603105
1845,Deposito,1080.00,2026-05-11 16:55:50,Efectivo,Confirmado,,2026-05-11 16:55:50,2026-06-30 05:30:22,,14,1787,111113612603105,111113612603105
1846,Deposito,360.00,2026-05-11 16:57:46,Efectivo,Confirmado,,2026-05-11 16:57:46,2026-06-30 05:30:22,,13,1794,111113612603105,111113612603105
1847,Retiro,440.00,2026-05-11 17:23:52,Efectivo,Confirmado,,2026-05-11 17:23:51,2026-06-30 05:30:22,2026-05-11 23:23:52,16,1765,111113612603105,111113612603105
1848,Retiro,1380.00,2026-05-11 17:23:52,Efectivo,Confirmado,,2026-05-11 17:23:51,2026-06-30 05:30:22,2026-05-11 23:23:52,14,1787,111113612603105,111113612603105
1849,Retiro,440.00,2026-05-11 17:23:52,Efectivo,Confirmado,,2026-05-11 17:23:51,2026-06-30 05:30:22,2026-05-11 23:23:52,13,1794,111113612603105,111113612603105
1850,Deposito,250.00,2026-05-11 17:45:25,Efectivo,Confirmado,,2026-05-11 17:45:25,2026-06-30 05:30:22,,59,1745,111113612603105,111113612603105
1853,Retiro,310.00,2026-05-11 17:51:53,Efectivo,Rechazado,,2026-05-11 17:51:52,2026-06-30 05:29:46,,59,1745,111113612603105,
1854,Deposito,140.00,2026-05-11 18:02:29,Efectivo,Confirmado,,2026-05-11 18:02:29,2026-06-30 05:30:22,,59,1745,111113612603105,111113612603105
1855,Deposito,300.00,2026-05-11 18:10:00,Efectivo,Confirmado,,2026-05-11 18:10:00,2026-06-30 05:30:22,,311,919,111113612603105,111113612603105
1856,Retiro,300.00,2026-05-11 18:11:01,Efectivo,Confirmado,,2026-05-11 18:11:00,2026-06-30 05:30:22,2026-05-12 00:11:01,311,919,111113612603105,111113612603105
1857,Deposito,170.00,2026-05-11 18:27:53,Efectivo,Confirmado,,2026-05-11 18:27:53,2026-06-30 05:30:22,,79,1784,111113612603105,111113612603105
1858,Deposito,170.00,2026-05-11 18:28:13,Efectivo,Confirmado,,2026-05-11 18:28:13,2026-06-30 05:30:22,,77,1785,111113612603105,111113612603105
1859,Retiro,210.00,2026-05-11 18:36:32,Efectivo,Confirmado,,2026-05-11 18:36:31,2026-06-30 05:30:22,2026-05-12 00:36:32,79,1784,111113612603105,111113612603105
1860,Retiro,210.00,2026-05-11 18:36:32,Efectivo,Confirmado,,2026-05-11 18:36:31,2026-06-30 05:30:22,2026-05-12 00:36:32,77,1785,111113612603105,111113612603105
1861,Deposito,440.00,2026-05-11 18:51:51,Efectivo,Confirmado,,2026-05-11 18:51:51,2026-06-30 05:30:22,,283,1792,111113612603105,111113612603105
1862,Retiro,600.00,2026-05-11 18:55:08,Efectivo,Confirmado,,2026-05-11 18:55:07,2026-06-30 05:30:22,2026-05-12 00:55:08,283,1792,111113612603105,111113612603105
1863,Deposito,130.00,2026-05-11 19:12:20,Efectivo,Confirmado,,2026-05-11 19:12:20,2026-06-30 05:30:22,,173,1782,111113612603105,111113612603105
1864,Deposito,300.00,2026-05-11 19:13:45,Efectivo,Confirmado,,2026-05-11 19:13:45,2026-06-30 05:30:22,,175,1781,111113612603105,111113612603105
1865,Retiro,136.00,2026-05-11 19:17:02,Efectivo,Confirmado,,2026-05-11 19:17:01,2026-06-30 05:30:22,2026-05-12 01:17:02,173,1782,111113612603105,111113612603105
1866,Retiro,402.00,2026-05-11 19:17:02,Efectivo,Confirmado,,2026-05-11 19:17:01,2026-06-30 05:30:22,2026-05-12 01:17:02,175,1781,111113612603105,111113612603105
1867,apertura,0.00,2026-05-11 19:45:10,Sistema,Confirmado,,2026-05-11 19:45:10,2026-05-11 19:45:10,,386,,,
1868,Deposito,222.00,2026-05-11 19:45:10,Efectivo,Confirmado,,2026-05-11 19:45:10,2026-06-30 05:30:22,,386,1790,111113612603105,111113612603105
1869,apertura,0.00,2026-05-11 19:47:26,Sistema,Confirmado,,2026-05-11 19:47:26,2026-05-11 19:47:26,,387,,,
1870,Deposito,56.00,2026-05-11 19:47:26,Efectivo,Confirmado,,2026-05-11 19:47:26,2026-06-30 05:30:22,,387,,111113612603105,111113612603105
1871,Deposito,364.00,2026-05-11 19:47:46,Efectivo,Confirmado,,2026-05-11 19:47:46,2026-06-30 05:30:22,,97,,111113612603105,111113612603105
1872,Deposito,28.00,2026-05-11 19:48:18,Efectivo,Confirmado,,2026-05-11 19:48:18,2026-06-30 05:30:22,,96,1750,111113612603105,111113612603105
1873,Deposito,34.00,2026-05-11 19:48:32,Efectivo,Confirmado,,2026-05-11 19:48:32,2026-06-30 05:30:22,,98,1759,111113612603105,111113612603105
1874,Retiro,34.00,2026-05-11 19:53:55,Efectivo,Confirmado,,2026-05-11 19:53:54,2026-06-30 05:30:22,2026-05-12 01:53:55,98,1759,111113612603105,111113612603105
1875,Retiro,504.00,2026-05-11 19:53:55,Efectivo,Confirmado,,2026-05-11 19:53:54,2026-06-30 05:30:22,2026-05-12 01:53:55,97,,111113612603105,111113612603105
1876,Retiro,222.00,2026-05-11 19:53:55,Efectivo,Confirmado,,2026-05-11 19:53:54,2026-06-30 05:30:22,2026-05-12 01:53:55,386,1790,111113612603105,111113612603105
1877,Retiro,34.00,2026-05-11 19:53:55,Efectivo,Confirmado,,2026-05-11 19:53:54,2026-06-30 05:30:22,2026-05-12 01:53:55,387,,111113612603105,111113612603105
1878,Retiro,28.00,2026-05-11 19:53:55,Efectivo,Confirmado,,2026-05-11 19:53:54,2026-06-30 05:30:22,2026-05-12 01:53:55,96,1750,111113612603105,111113612603105
1879,Deposito,205.00,2026-05-11 19:58:49,Efectivo,Confirmado,,2026-05-11 19:58:49,2026-06-30 05:30:22,,23,1795,111113612603105,111113612603105
1880,Retiro,445.00,2026-05-11 20:00:18,Efectivo,Confirmado,,2026-05-11 20:00:18,2026-06-30 05:30:22,2026-05-12 02:00:18,23,1795,111113612603105,111113612603105
1881,Deposito,400.00,2026-05-11 20:19:15,Efectivo,Confirmado,,2026-05-11 20:19:15,2026-06-30 05:30:22,,99,1799,111113612603105,111113612603105
1882,Deposito,320.00,2026-05-11 20:19:44,Efectivo,Confirmado,,2026-05-11 20:19:44,2026-06-30 05:30:22,,100,1801,111113612603105,111113612603105
1883,Deposito,370.00,2026-05-11 20:20:09,Efectivo,Confirmado,,2026-05-11 20:20:09,2026-06-30 05:30:22,,101,,111113612603105,111113612603105
1884,Deposito,380.00,2026-05-11 20:20:59,Efectivo,Confirmado,,2026-05-11 20:20:59,2026-06-30 05:30:22,,102,1802,111113612603105,111113612603105
1885,Retiro,480.00,2026-05-11 20:23:55,Efectivo,Confirmado,,2026-05-11 20:23:55,2026-06-30 05:30:22,2026-05-12 02:23:55,102,1802,111113612603105,111113612603105
1886,Retiro,420.00,2026-05-11 20:23:55,Efectivo,Confirmado,,2026-05-11 20:23:55,2026-06-30 05:30:22,2026-05-12 02:23:55,100,1801,111113612603105,111113612603105
1887,Retiro,470.00,2026-05-11 20:23:55,Efectivo,Confirmado,,2026-05-11 20:23:55,2026-06-30 05:30:22,2026-05-12 02:23:55,101,,111113612603105,111113612603105
1888,Retiro,480.00,2026-05-11 20:23:55,Efectivo,Confirmado,,2026-05-11 20:23:55,2026-06-30 05:30:22,2026-05-12 02:23:55,99,1799,111113612603105,111113612603105
1889,Deposito,380.00,2026-05-11 20:42:10,Efectivo,Confirmado,,2026-05-11 20:42:10,2026-06-30 05:30:22,,110,,111113612603105,111113612603105
1890,Retiro,480.00,2026-05-11 20:42:57,Efectivo,Confirmado,,2026-05-11 20:42:57,2026-06-30 05:30:22,2026-05-12 02:42:57,110,,111113612603105,111113612603105
1891,Deposito,62.00,2026-05-11 21:17:44,Efectivo,Confirmado,,2026-05-11 21:17:44,2026-06-30 05:30:22,,24,1400,111113612603105,111113612603105
1892,Deposito,62.00,2026-05-11 21:18:11,Efectivo,Confirmado,,2026-05-11 21:18:11,2026-06-30 05:30:22,,25,1403,111113612603105,111113612603105
1893,Deposito,62.00,2026-05-11 21:18:26,Efectivo,Confirmado,,2026-05-11 21:18:26,2026-06-30 05:30:22,,26,1401,111113612603105,111113612603105
1894,Deposito,62.00,2026-05-11 21:18:46,Efectivo,Confirmado,,2026-05-11 21:18:46,2026-06-30 05:30:22,,276,1402,111113612603105,111113612603105
1895,Deposito,62.00,2026-05-11 21:19:09,Efectivo,Confirmado,,2026-05-11 21:19:09,2026-06-30 05:30:22,,277,1404,111113612603105,111113612603105
1896,Deposito,20.00,2026-05-11 21:19:24,Efectivo,Confirmado,,2026-05-11 21:19:24,2026-06-30 05:30:22,,27,1405,111113612603105,111113612603105
1897,Deposito,60.00,2026-05-11 21:19:41,Efectivo,Confirmado,,2026-05-11 21:19:41,2026-06-30 05:30:22,,28,1406,111113612603105,111113612603105
1898,Deposito,20.00,2026-05-11 21:19:52,Efectivo,Confirmado,,2026-05-11 21:19:52,2026-06-30 05:30:22,,29,1407,111113612603105,111113612603105
1899,Deposito,44.00,2026-05-11 21:23:44,Efectivo,Confirmado,,2026-05-11 21:23:44,2026-06-30 05:30:22,,30,1123,111113612603105,111113612603105
1900,Deposito,44.00,2026-05-11 21:23:56,Efectivo,Confirmado,,2026-05-11 21:23:56,2026-06-30 05:30:22,,32,1125,111113612603105,111113612603105
1901,Deposito,84.00,2026-05-11 21:29:46,Efectivo,Confirmado,,2026-05-11 21:29:46,2026-06-30 05:30:22,,33,1126,111113612603105,111113612603105
1902,Deposito,29.50,2026-05-11 21:31:14,Efectivo,Confirmado,,2026-05-11 21:31:14,2026-06-30 05:30:22,,34,1683,111113612603105,111113612603105
1903,Deposito,32.00,2026-05-11 21:33:44,Efectivo,Confirmado,,2026-05-11 21:33:44,2026-06-30 05:30:22,,35,1710,111113612603105,111113612603105
1904,Deposito,38.00,2026-05-11 21:36:44,Efectivo,Confirmado,,2026-05-11 21:36:44,2026-06-30 05:30:22,,36,1780,111113612603105,111113612603105
1905,Deposito,52.00,2026-05-11 21:37:02,Efectivo,Confirmado,,2026-05-11 21:37:02,2026-06-30 05:30:22,,335,1736,111113612603105,111113612603105
1906,Deposito,44.00,2026-05-11 21:37:18,Efectivo,Confirmado,,2026-05-11 21:37:18,2026-06-30 05:30:22,,37,1054,111113612603105,111113612603105
1907,Deposito,52.00,2026-05-11 21:37:33,Efectivo,Confirmado,,2026-05-11 21:37:33,2026-06-30 05:30:22,,310,1711,111113612603105,111113612603105
1908,Deposito,52.00,2026-05-11 21:38:25,Efectivo,Confirmado,,2026-05-11 21:38:25,2026-06-30 05:30:22,,309,1698,111113612603105,111113612603105
1909,Deposito,52.00,2026-05-11 21:38:58,Efectivo,Confirmado,,2026-05-11 21:38:58,2026-06-30 05:30:22,,275,1693,111113612603105,111113612603105
1910,Deposito,68.00,2026-05-11 21:40:00,Efectivo,Confirmado,,2026-05-11 21:40:00,2026-06-30 05:30:22,,283,1792,111113612603105,111113612603105
1911,apertura,0.00,2026-05-11 21:41:48,Sistema,Confirmado,,2026-05-11 21:41:48,2026-05-11 21:41:48,,388,,,
1912,Deposito,52.00,2026-05-11 21:41:48,Efectivo,Confirmado,,2026-05-11 21:41:48,2026-06-30 05:30:22,,388,1788,111113612603105,111113612603105
1913,apertura,0.00,2026-05-11 21:42:09,Sistema,Confirmado,,2026-05-11 21:42:09,2026-05-11 21:42:09,,389,,,
1914,Deposito,52.00,2026-05-11 21:42:09,Efectivo,Confirmado,,2026-05-11 21:42:09,2026-06-30 05:30:22,,389,1791,111113612603105,111113612603105
1915,Deposito,34.00,2026-05-11 21:42:36,Efectivo,Confirmado,,2026-05-11 21:42:36,2026-06-30 05:30:22,,366,1779,111113612603105,111113612603105
1916,apertura,0.00,2026-05-11 21:44:39,Sistema,Confirmado,,2026-05-11 21:44:39,2026-05-11 21:44:39,,390,,,
1917,Deposito,20.00,2026-05-11 21:44:39,Efectivo,Confirmado,,2026-05-11 21:44:39,2026-06-30 05:30:22,,390,1786,111113612603105,111113612603105
1918,Deposito,42.00,2026-05-11 21:44:57,Efectivo,Confirmado,,2026-05-11 21:44:57,2026-06-30 05:30:22,,1,1766,111113612603105,111113612603105
1919,Deposito,32.00,2026-05-11 21:45:14,Efectivo,Confirmado,,2026-05-11 21:45:14,2026-06-30 05:30:22,,3,1417,111113612603105,111113612603105
1920,Deposito,62.00,2026-05-11 21:45:41,Efectivo,Confirmado,,2026-05-11 21:45:41,2026-06-30 05:30:22,,4,1416,111113612603105,111113612603105
1921,Deposito,20.00,2026-05-11 21:46:53,Efectivo,Confirmado,,2026-05-11 21:46:53,2026-06-30 05:30:22,,5,1702,111113612603105,111113612603105
1922,Deposito,20.00,2026-05-11 21:47:18,Efectivo,Confirmado,,2026-05-11 21:47:18,2026-06-30 05:30:22,,6,855,111113612603105,111113612603105
1923,Deposito,20.00,2026-05-11 21:47:39,Efectivo,Confirmado,,2026-05-11 21:47:39,2026-06-30 05:30:22,,7,1645,111113612603105,111113612603105
1924,Deposito,16.00,2026-05-11 21:48:26,Efectivo,Confirmado,,2026-05-11 21:48:26,2026-06-30 05:30:22,,8,858,111113612603105,111113612603105
1925,Deposito,12.00,2026-05-11 21:48:50,Efectivo,Confirmado,,2026-05-11 21:48:50,2026-06-30 05:30:22,,9,852,111113612603105,111113612603105
1926,Deposito,20.00,2026-05-11 21:49:29,Efectivo,Confirmado,,2026-05-11 21:49:29,2026-06-30 05:30:22,,10,1647,111113612603105,111113612603105
1927,Deposito,20.00,2026-05-11 21:49:48,Efectivo,Confirmado,,2026-05-11 21:49:48,2026-06-30 05:30:22,,11,1646,111113612603105,111113612603105
1928,Deposito,20.00,2026-05-11 21:50:05,Efectivo,Confirmado,,2026-05-11 21:50:05,2026-06-30 05:30:22,,12,856,111113612603105,111113612603105
1929,Deposito,20.00,2026-05-11 21:50:37,Efectivo,Confirmado,,2026-05-11 21:50:37,2026-06-30 05:30:22,,13,1794,111113612603105,111113612603105
1930,Deposito,60.00,2026-05-11 21:51:01,Efectivo,Confirmado,,2026-05-11 21:51:01,2026-06-30 05:30:22,,14,1787,111113612603105,111113612603105
1931,Deposito,20.00,2026-05-11 21:51:19,Efectivo,Confirmado,,2026-05-11 21:51:19,2026-06-30 05:30:23,,15,1836,111113612603105,111113612603105
1932,Deposito,20.00,2026-05-11 21:51:39,Efectivo,Confirmado,,2026-05-11 21:51:39,2026-06-30 05:30:23,,16,1765,111113612603105,111113612603105
1933,Deposito,20.00,2026-05-11 21:51:55,Efectivo,Confirmado,,2026-05-11 21:51:55,2026-06-30 05:30:23,,18,866,111113612603105,111113612603105
1934,Deposito,20.00,2026-05-11 21:52:15,Efectivo,Confirmado,,2026-05-11 21:52:15,2026-06-30 05:30:23,,19,1648,111113612603105,111113612603105
1935,Deposito,20.00,2026-05-11 21:54:06,Efectivo,Confirmado,,2026-05-11 21:54:06,2026-06-30 05:30:23,,20,1737,111113612603105,111113612603105
1936,Deposito,30.00,2026-05-11 21:54:22,Efectivo,Confirmado,,2026-05-11 21:54:22,2026-06-30 05:30:23,,21,870,111113612603105,111113612603105
1937,Deposito,20.00,2026-05-11 21:55:26,Efectivo,Confirmado,,2026-05-11 21:55:26,2026-06-30 05:30:23,,22,1021,111113612603105,111113612603105
1938,Deposito,55.00,2026-05-11 21:58:06,Efectivo,Confirmado,,2026-05-11 21:58:06,2026-06-30 05:30:23,,274,1674,111113612603105,111113612603105
1939,Deposito,69.00,2026-05-11 21:58:22,Efectivo,Confirmado,,2026-05-11 21:58:22,2026-06-30 05:30:23,,23,1795,111113612603105,111113612603105
1940,apertura,0.00,2026-05-11 21:58:52,Sistema,Confirmado,,2026-05-11 21:58:52,2026-05-11 21:58:52,,391,,,
1941,Deposito,55.00,2026-05-11 21:58:52,Efectivo,Confirmado,,2026-05-11 21:58:52,2026-06-30 05:30:23,,391,1797,111113612603105,111113612603105
1942,Deposito,10.00,2026-05-12 21:33:51,Efectivo,Confirmado,,2026-05-12 21:33:51,2026-06-30 05:30:23,,50,1771,111113612603105,111113612603105
1943,Deposito,10.00,2026-05-12 21:34:12,Efectivo,Confirmado,,2026-05-12 21:34:12,2026-06-30 05:30:23,,51,1818,111113612603105,111113612603105
1944,Deposito,20.00,2026-05-12 21:34:34,Efectivo,Confirmado,,2026-05-12 21:34:34,2026-06-30 05:30:23,,53,1837,111113612603105,111113612603105
1945,Deposito,42.00,2026-05-12 21:35:08,Efectivo,Confirmado,,2026-05-12 21:35:08,2026-06-30 05:30:23,,54,1650,111113612603105,111113612603105
1946,Deposito,20.00,2026-05-12 21:35:51,Efectivo,Confirmado,,2026-05-12 21:35:51,2026-06-30 05:30:23,,278,1633,111113612603105,111113612603105
1947,Deposito,10.00,2026-05-12 21:36:17,Efectivo,Confirmado,,2026-05-12 21:36:17,2026-06-30 05:30:23,,55,879,111113612603105,111113612603105
1948,Deposito,20.00,2026-05-12 21:36:32,Efectivo,Confirmado,,2026-05-12 21:36:32,2026-06-30 05:30:23,,56,884,111113612603105,111113612603105
1949,Deposito,20.00,2026-05-12 21:36:53,Efectivo,Confirmado,,2026-05-12 21:36:53,2026-06-30 05:30:23,,57,885,111113612603105,111113612603105
1950,Deposito,10.00,2026-05-12 21:37:13,Efectivo,Confirmado,,2026-05-12 21:37:13,2026-06-30 05:30:23,,58,887,111113612603105,111113612603105
1951,Deposito,20.00,2026-05-12 21:37:40,Efectivo,Confirmado,,2026-05-12 21:37:40,2026-06-30 05:30:23,,59,1745,111113612603105,111113612603105
1952,Deposito,20.00,2026-05-12 21:37:57,Efectivo,Confirmado,,2026-05-12 21:37:57,2026-06-30 05:30:23,,64,891,111113612603105,111113612603105
1953,Deposito,20.00,2026-05-12 21:38:11,Efectivo,Confirmado,,2026-05-12 21:38:11,2026-06-30 05:30:23,,62,892,111113612603105,111113612603105
1954,Deposito,20.00,2026-05-12 21:38:56,Efectivo,Confirmado,,2026-05-12 21:38:56,2026-06-30 05:30:23,,63,893,111113612603105,111113612603105
1955,Deposito,10.00,2026-05-12 21:40:09,Efectivo,Confirmado,,2026-05-12 21:40:09,2026-06-30 05:30:23,,73,1376,111113612603105,111113612603105
1956,Deposito,10.00,2026-05-12 21:40:26,Efectivo,Confirmado,,2026-05-12 21:40:26,2026-06-30 05:30:23,,74,1378,111113612603105,111113612603105
1957,Deposito,10.00,2026-05-12 21:41:55,Efectivo,Confirmado,,2026-05-12 21:41:55,2026-06-30 05:30:23,,75,1380,111113612603105,111113612603105
1958,Deposito,10.00,2026-05-12 21:42:09,Efectivo,Confirmado,,2026-05-12 21:42:09,2026-06-30 05:30:23,,370,1656,111113612603105,111113612603105
1959,Deposito,10.00,2026-05-12 21:42:26,Efectivo,Confirmado,,2026-05-12 21:42:26,2026-06-30 05:30:23,,76,1381,111113612603105,111113612603105
1960,Deposito,10.00,2026-05-12 21:42:44,Efectivo,Confirmado,,2026-05-12 21:42:44,2026-06-30 05:30:23,,77,1785,111113612603105,111113612603105
1961,Deposito,10.00,2026-05-12 21:42:59,Efectivo,Confirmado,,2026-05-12 21:42:59,2026-06-30 05:30:23,,79,1784,111113612603105,111113612603105
1962,Deposito,20.00,2026-05-12 21:44:41,Efectivo,Confirmado,,2026-05-12 21:44:41,2026-06-30 05:30:23,,65,1634,111113612603105,111113612603105
1963,Deposito,20.00,2026-05-12 21:45:02,Efectivo,Confirmado,,2026-05-12 21:45:02,2026-06-30 05:30:23,,66,1752,111113612603105,111113612603105
1964,Deposito,60.00,2026-05-12 21:45:34,Efectivo,Confirmado,,2026-05-12 21:45:34,2026-06-30 05:30:23,,67,1657,111113612603105,111113612603105
1965,Deposito,60.00,2026-05-12 21:46:27,Efectivo,Confirmado,,2026-05-12 21:46:27,2026-06-30 05:30:23,,68,1809,111113612603105,111113612603105
1966,Deposito,20.00,2026-05-12 21:47:01,Efectivo,Confirmado,,2026-05-12 21:47:01,2026-06-30 05:30:23,,69,1122,111113612603105,111113612603105
1967,Deposito,60.00,2026-05-12 21:47:35,Efectivo,Confirmado,,2026-05-12 21:47:35,2026-06-30 05:30:23,,312,1718,111113612603105,111113612603105
1968,Deposito,60.00,2026-05-12 21:47:55,Efectivo,Confirmado,,2026-05-12 21:47:55,2026-06-30 05:30:23,,336,1742,111113612603105,111113612603105
1969,Deposito,20.00,2026-05-12 21:50:10,Efectivo,Confirmado,,2026-05-12 21:50:10,2026-06-30 05:30:23,,337,1743,111113612603105,111113612603105
1970,Deposito,60.00,2026-05-12 21:50:37,Efectivo,Confirmado,,2026-05-12 21:50:37,2026-06-30 05:30:23,,371,1770,111113612603105,111113612603105
1971,Deposito,24.00,2026-05-12 21:51:27,Efectivo,Confirmado,,2026-05-12 21:51:27,2026-06-30 05:30:23,,72,1679,111113612603105,111113612603105
1972,Deposito,44.00,2026-05-12 21:55:13,Efectivo,Confirmado,,2026-05-12 21:55:13,2026-06-30 05:30:23,,93,1114,111113612603105,111113612603105
1973,Deposito,44.00,2026-05-12 21:55:34,Efectivo,Confirmado,,2026-05-12 21:55:34,2026-06-30 05:30:23,,94,1115,111113612603105,111113612603105
1974,Deposito,44.00,2026-05-12 21:55:49,Efectivo,Confirmado,,2026-05-12 21:55:49,2026-06-30 05:30:23,,95,1116,111113612603105,111113612603105
1975,Deposito,119.00,2026-05-12 21:57:25,Efectivo,Confirmado,,2026-05-12 21:57:25,2026-06-30 05:30:23,,49,1660,111113612603105,111113612603105
1976,Deposito,55.00,2026-05-12 21:57:46,Efectivo,Confirmado,,2026-05-12 21:57:46,2026-06-30 05:30:23,,44,1734,111113612603105,111113612603105
1977,Deposito,106.00,2026-05-12 21:58:05,Efectivo,Confirmado,,2026-05-12 21:58:05,2026-06-30 05:30:23,,47,1732,111113612603105,111113612603105
1978,Deposito,27.00,2026-05-12 21:58:29,Efectivo,Confirmado,,2026-05-12 21:58:29,2026-06-30 05:30:23,,40,1761,111113612603105,111113612603105
1979,Deposito,56.00,2026-05-12 21:58:51,Efectivo,Confirmado,,2026-05-12 21:58:51,2026-06-30 05:30:23,,45,1548,111113612603105,111113612603105
1980,apertura,0.00,2026-05-12 21:59:31,Sistema,Confirmado,,2026-05-12 21:59:31,2026-05-12 21:59:31,,392,,,
1981,Deposito,15.00,2026-05-12 21:59:31,Efectivo,Confirmado,,2026-05-12 21:59:31,2026-06-30 05:30:23,,392,1798,111113612603105,111113612603105
1982,Deposito,35.00,2026-05-12 22:00:16,Efectivo,Confirmado,,2026-05-12 22:00:16,2026-06-30 05:30:23,,42,1735,111113612603105,111113612603105
1983,Deposito,13.00,2026-05-12 22:00:37,Efectivo,Confirmado,,2026-05-12 22:00:37,2026-06-30 05:30:23,,38,1541,111113612603105,111113612603105
1984,Deposito,34.00,2026-05-12 22:00:54,Efectivo,Confirmado,,2026-05-12 22:00:54,2026-06-30 05:30:23,,46,1658,111113612603105,111113612603105
1985,Deposito,55.00,2026-05-12 22:01:12,Efectivo,Confirmado,,2026-05-12 22:01:12,2026-06-30 05:30:23,,372,1768,111113612603105,111113612603105
1986,Deposito,135.00,2026-05-12 22:01:31,Efectivo,Confirmado,,2026-05-12 22:01:31,2026-06-30 05:30:23,,39,1769,111113612603105,111113612603105
1987,Deposito,213.00,2026-05-12 22:01:52,Efectivo,Confirmado,,2026-05-12 22:01:52,2026-06-30 05:30:23,,43,1546,111113612603105,111113612603105
1988,Deposito,69.00,2026-05-12 22:02:16,Efectivo,Confirmado,,2026-05-12 22:02:16,2026-06-30 05:30:23,,41,1544,111113612603105,111113612603105
1989,Deposito,30.00,2026-05-12 22:10:07,Efectivo,Confirmado,,2026-05-12 22:10:07,2026-06-30 05:30:23,,386,1790,111113612603105,111113612603105
1990,Deposito,32.00,2026-05-12 22:11:14,Efectivo,Confirmado,,2026-05-12 22:11:14,2026-06-30 05:30:23,,96,1750,111113612603105,111113612603105
1991,Deposito,28.00,2026-05-12 22:11:29,Efectivo,Confirmado,,2026-05-12 22:11:29,2026-06-30 05:30:23,,98,1759,111113612603105,111113612603105
1992,Deposito,20.00,2026-05-12 22:11:43,Efectivo,Confirmado,,2026-05-12 22:11:43,2026-06-30 05:30:23,,279,1774,111113612603105,111113612603105
1993,Deposito,28.00,2026-05-12 22:12:37,Efectivo,Confirmado,,2026-05-12 22:12:37,2026-06-30 05:30:23,,99,1799,111113612603105,111113612603105
1994,apertura,0.00,2026-05-12 22:12:56,Sistema,Confirmado,,2026-05-12 22:12:56,2026-05-12 22:12:56,,393,,,
1995,Deposito,20.00,2026-05-12 22:12:56,Efectivo,Confirmado,,2026-05-12 22:12:56,2026-06-30 05:30:23,,393,1800,111113612603105,111113612603105
1996,Deposito,12.00,2026-05-12 22:13:13,Efectivo,Confirmado,,2026-05-12 22:13:13,2026-06-30 05:30:23,,100,1801,111113612603105,111113612603105
1997,Deposito,20.00,2026-05-12 22:13:33,Efectivo,Confirmado,,2026-05-12 22:13:33,2026-06-30 05:30:23,,102,1802,111113612603105,111113612603105
1998,apertura,0.00,2026-05-12 22:13:48,Sistema,Confirmado,,2026-05-12 22:13:48,2026-05-12 22:13:48,,394,,,
1999,Deposito,30.00,2026-05-12 22:13:48,Efectivo,Confirmado,,2026-05-12 22:13:48,2026-06-30 05:30:23,,394,1803,111113612603105,111113612603105
2000,Deposito,20.00,2026-05-12 22:14:05,Efectivo,Confirmado,,2026-05-12 22:14:05,2026-06-30 05:30:23,,105,,111113612603105,111113612603105
2001,Deposito,20.00,2026-05-12 22:14:24,Efectivo,Confirmado,,2026-05-12 22:14:24,2026-06-30 05:30:23,,106,1653,111113612603105,111113612603105
2002,Deposito,20.00,2026-05-12 22:14:38,Efectivo,Confirmado,,2026-05-12 22:14:38,2026-06-30 05:30:23,,109,1631,111113612603105,111113612603105
2003,Deposito,20.00,2026-05-12 22:14:53,Efectivo,Confirmado,,2026-05-12 22:14:53,2026-06-30 05:30:23,,111,1712,111113612603105,111113612603105
2004,Deposito,19.00,2026-05-13 21:23:28,Efectivo,Confirmado,,2026-05-13 21:23:28,2026-06-30 05:30:23,,157,1793,111113612603105,111113612603105
2005,Deposito,50.00,2026-05-13 21:23:42,Efectivo,Confirmado,,2026-05-13 21:23:42,2026-06-30 05:30:23,,155,1672,111113612603105,111113612603105
2006,Deposito,55.00,2026-05-13 21:24:02,Efectivo,Confirmado,,2026-05-13 21:24:02,2026-06-30 05:30:23,,375,1772,111113612603105,111113612603105
2007,Deposito,20.00,2026-05-13 21:33:14,Efectivo,Confirmado,,2026-05-13 21:33:14,2026-06-30 05:30:23,,113,1667,111113612603105,111113612603105
2008,Deposito,70.00,2026-05-13 21:33:34,Efectivo,Confirmado,,2026-05-13 21:33:34,2026-06-30 05:30:23,,114,1668,111113612603105,111113612603105
2009,Deposito,300.00,2026-05-13 21:34:00,Efectivo,Confirmado,,2026-05-13 21:34:00,2026-06-30 05:30:23,,115,1835,111113612603105,111113612603105
2010,Deposito,580.00,2026-05-13 21:34:28,Efectivo,Confirmado,,2026-05-13 21:34:28,2026-06-30 05:30:23,,116,1670,111113612603105,111113612603105
2011,Deposito,27.00,2026-05-13 21:34:52,Efectivo,Confirmado,,2026-05-13 21:34:52,2026-06-30 05:30:23,,117,1671,111113612603105,111113612603105
2012,Deposito,32.00,2026-05-13 21:35:04,Efectivo,Confirmado,,2026-05-13 21:35:04,2026-06-30 05:30:23,,118,1666,111113612603105,111113612603105
2013,Deposito,40.00,2026-05-13 21:36:38,Efectivo,Confirmado,,2026-05-13 21:36:38,2026-06-30 05:30:23,,141,1108,111113612603105,111113612603105
2014,Deposito,40.00,2026-05-13 21:37:03,Efectivo,Confirmado,,2026-05-13 21:37:03,2026-06-30 05:30:23,,284,1109,111113612603105,111113612603105
2015,Deposito,34.00,2026-05-13 21:37:29,Efectivo,Confirmado,,2026-05-13 21:37:29,2026-06-30 05:30:23,,142,1110,111113612603105,111113612603105
2016,Deposito,34.00,2026-05-13 21:43:53,Efectivo,Confirmado,,2026-05-13 21:43:53,2026-06-30 05:30:23,,143,1111,111113612603105,111113612603105
2017,Deposito,34.00,2026-05-13 21:44:11,Efectivo,Confirmado,,2026-05-13 21:44:11,2026-06-30 05:30:23,,144,1112,111113612603105,111113612603105
2018,Deposito,34.00,2026-05-13 21:45:45,Efectivo,Confirmado,,2026-05-13 21:45:45,2026-06-30 05:30:23,,145,1113,111113612603105,111113612603105
2019,Deposito,20.00,2026-05-13 21:49:14,Efectivo,Confirmado,,2026-05-13 21:49:14,2026-06-30 05:30:23,,119,1777,111113612603105,111113612603105
2020,Deposito,24.00,2026-05-13 21:52:31,Efectivo,Confirmado,,2026-05-13 21:52:31,2026-06-30 05:30:23,,120,,111113612603105,111113612603105
2021,Deposito,20.00,2026-05-13 21:53:17,Efectivo,Confirmado,,2026-05-13 21:53:17,2026-06-30 05:30:23,,121,,111113612603105,111113612603105
2022,Deposito,20.00,2026-05-13 21:53:39,Efectivo,Confirmado,,2026-05-13 21:53:39,2026-06-30 05:30:23,,122,,111113612603105,111113612603105
2023,Deposito,24.00,2026-05-13 21:54:05,Efectivo,Confirmado,,2026-05-13 21:54:05,2026-06-30 05:30:23,,123,,111113612603105,111113612603105
2024,Deposito,20.00,2026-05-13 21:54:19,Efectivo,Confirmado,,2026-05-13 21:54:19,2026-06-30 05:30:23,,124,,111113612603105,111113612603105
2025,Deposito,38.00,2026-05-13 21:56:38,Efectivo,Confirmado,,2026-05-13 21:56:38,2026-06-30 05:30:23,,147,,111113612603105,111113612603105
2026,Deposito,20.00,2026-05-13 21:56:59,Efectivo,Confirmado,,2026-05-13 21:56:59,2026-06-30 05:30:23,,148,,111113612603105,111113612603105
2027,Deposito,22.00,2026-05-13 21:57:19,Efectivo,Confirmado,,2026-05-13 21:57:19,2026-06-30 05:30:23,,373,,111113612603105,111113612603105
2028,Deposito,64.00,2026-05-13 21:57:36,Efectivo,Confirmado,,2026-05-13 21:57:36,2026-06-30 05:30:23,,149,,111113612603105,111113612603105
2029,Deposito,12.00,2026-05-13 21:58:08,Efectivo,Confirmado,,2026-05-13 21:58:08,2026-06-30 05:30:23,,152,,111113612603105,111113612603105
2030,Deposito,12.00,2026-05-13 21:58:33,Efectivo,Confirmado,,2026-05-13 21:58:33,2026-06-30 05:30:23,,153,,111113612603105,111113612603105
2031,Deposito,40.00,2026-05-13 21:58:49,Efectivo,Confirmado,,2026-05-13 21:58:49,2026-06-30 05:30:23,,154,,111113612603105,111113612603105
2032,Deposito,20.00,2026-05-13 21:59:14,Efectivo,Confirmado,,2026-05-13 21:59:14,2026-06-30 05:30:23,,324,,111113612603105,111113612603105
2033,Deposito,20.00,2026-05-13 22:01:44,Efectivo,Confirmado,,2026-05-13 22:01:44,2026-06-30 05:30:23,,125,,111113612603105,111113612603105
2034,Deposito,20.00,2026-05-13 22:02:01,Efectivo,Confirmado,,2026-05-13 22:02:01,2026-06-30 05:30:23,,285,,111113612603105,111113612603105
2035,Deposito,20.00,2026-05-13 22:02:23,Efectivo,Confirmado,,2026-05-13 22:02:23,2026-06-30 05:30:23,,126,,111113612603105,111113612603105
2036,Deposito,20.00,2026-05-13 22:02:39,Efectivo,Confirmado,,2026-05-13 22:02:39,2026-06-30 05:30:24,,127,,111113612603105,111113612603105
2037,Deposito,20.00,2026-05-13 22:03:11,Efectivo,Confirmado,,2026-05-13 22:03:11,2026-06-30 05:30:24,,128,,111113612603105,111113612603105
2038,Deposito,10.00,2026-05-13 22:03:26,Efectivo,Confirmado,,2026-05-13 22:03:26,2026-06-30 05:30:24,,129,,111113612603105,111113612603105
2039,Deposito,20.00,2026-05-13 22:03:47,Efectivo,Confirmado,,2026-05-13 22:03:47,2026-06-30 05:30:24,,130,,111113612603105,111113612603105
2040,Deposito,20.00,2026-05-13 22:04:16,Efectivo,Confirmado,,2026-05-13 22:04:16,2026-06-30 05:30:24,,132,,111113612603105,111113612603105
2041,Deposito,20.00,2026-05-13 22:04:55,Efectivo,Confirmado,,2026-05-13 22:04:55,2026-06-30 05:30:24,,135,,111113612603105,111113612603105
2042,Deposito,24.00,2026-05-13 22:05:12,Efectivo,Confirmado,,2026-05-13 22:05:12,2026-06-30 05:30:24,,137,,111113612603105,111113612603105
2043,Deposito,20.00,2026-05-13 22:05:30,Efectivo,Confirmado,,2026-05-13 22:05:30,2026-06-30 05:30:24,,138,,111113612603105,111113612603105
2044,Deposito,50.00,2026-05-13 22:05:51,Efectivo,Confirmado,,2026-05-13 22:05:51,2026-06-30 05:30:24,,286,,111113612603105,111113612603105
2045,Deposito,22.00,2026-05-13 22:06:09,Efectivo,Confirmado,,2026-05-13 22:06:09,2026-06-30 05:30:24,,287,,111113612603105,111113612603105
2046,Deposito,20.00,2026-05-13 22:06:28,Efectivo,Confirmado,,2026-05-13 22:06:28,2026-06-30 05:30:24,,140,,111113612603105,111113612603105
2047,apertura,0.00,2026-05-13 22:06:44,Sistema,Confirmado,,2026-05-13 22:06:44,2026-05-13 22:06:44,,395,,,
2048,Deposito,30.00,2026-05-13 22:06:44,Efectivo,Confirmado,,2026-05-13 22:06:44,2026-06-30 05:30:24,,395,,111113612603105,111113612603105
2049,Deposito,43.50,2026-05-13 22:07:11,Efectivo,Confirmado,,2026-05-13 22:07:11,2026-06-30 05:30:24,,316,,111113612603105,111113612603105
2050,Deposito,38.50,2026-05-13 22:07:42,Efectivo,Confirmado,,2026-05-13 22:07:42,2026-06-30 05:30:24,,317,,111113612603105,111113612603105
2051,Deposito,33.00,2026-05-13 22:08:01,Efectivo,Confirmado,,2026-05-13 22:08:01,2026-06-30 05:30:24,,318,,111113612603105,111113612603105
2052,Deposito,66.00,2026-05-13 22:08:21,Efectivo,Confirmado,,2026-05-13 22:08:21,2026-06-30 05:30:24,,319,,111113612603105,111113612603105
2053,Deposito,32.00,2026-05-13 22:08:52,Efectivo,Confirmado,,2026-05-13 22:08:52,2026-06-30 05:30:24,,145,,111113612603105,111113612603105
2054,Deposito,40.00,2026-05-13 22:09:14,Efectivo,Confirmado,,2026-05-13 22:09:14,2026-06-30 05:30:24,,321,,111113612603105,111113612603105
2055,Deposito,32.00,2026-05-13 22:09:42,Efectivo,Confirmado,,2026-05-13 22:09:42,2026-06-30 05:30:24,,322,,111113612603105,111113612603105
2056,Deposito,42.00,2026-05-13 22:09:58,Efectivo,Confirmado,,2026-05-13 22:09:58,2026-06-30 05:30:24,,323,,111113612603105,111113612603105
2057,Deposito,24.00,2026-05-13 22:27:20,Efectivo,Confirmado,,2026-05-13 22:27:20,2026-06-30 05:30:24,,288,,111113612603105,111113612603105
2058,Deposito,20.00,2026-05-13 22:27:38,Efectivo,Confirmado,,2026-05-13 22:27:38,2026-06-30 05:30:24,,133,,111113612603105,111113612603105
2059,Deposito,20.00,2026-05-14 22:18:49,Efectivo,Confirmado,,2026-05-14 22:18:49,2026-06-30 05:30:24,,162,,111113612603105,111113612603105
2060,Deposito,20.00,2026-05-14 22:19:08,Efectivo,Confirmado,,2026-05-14 22:19:08,2026-06-30 05:30:24,,163,,111113612603105,111113612603105
2061,Deposito,20.00,2026-05-14 22:19:39,Efectivo,Confirmado,,2026-05-14 22:19:39,2026-06-30 05:30:24,,280,,111113612603105,111113612603105
2062,Deposito,20.00,2026-05-14 22:19:57,Efectivo,Confirmado,,2026-05-14 22:19:57,2026-06-30 05:30:24,,158,,111113612603105,111113612603105
2063,Deposito,23.00,2026-05-14 22:20:17,Efectivo,Confirmado,,2026-05-14 22:20:17,2026-06-30 05:30:24,,281,,111113612603105,111113612603105
2064,Deposito,14.00,2026-05-14 22:20:34,Efectivo,Confirmado,,2026-05-14 22:20:34,2026-06-30 05:30:24,,159,,111113612603105,111113612603105
2065,Deposito,20.00,2026-05-14 22:21:52,Efectivo,Confirmado,,2026-05-14 22:21:52,2026-06-30 05:30:24,,326,,111113612603105,111113612603105
2066,Deposito,20.00,2026-05-14 22:25:42,Efectivo,Confirmado,,2026-05-14 22:25:42,2026-06-30 05:30:24,,282,,111113612603105,111113612603105
2067,Deposito,20.00,2026-05-14 22:26:09,Efectivo,Confirmado,,2026-05-14 22:26:09,2026-06-30 05:30:24,,326,,111113612603105,111113612603105
2068,Deposito,200.00,2026-05-14 22:28:31,Efectivo,Confirmado,,2026-05-14 22:28:31,2026-06-30 05:30:24,,259,,111113612603105,111113612603105
2069,Deposito,34.00,2026-05-14 22:28:48,Efectivo,Confirmado,,2026-05-14 22:28:48,2026-06-30 05:30:24,,260,,111113612603105,111113612603105
2070,Deposito,15.00,2026-05-14 22:29:22,Efectivo,Confirmado,,2026-05-14 22:29:22,2026-06-30 05:30:24,,240,,111113612603105,111113612603105
2071,Deposito,20.00,2026-05-14 22:29:37,Efectivo,Confirmado,,2026-05-14 22:29:37,2026-06-30 05:30:24,,241,,111113612603105,111113612603105
2072,Deposito,53.00,2026-05-14 22:29:51,Efectivo,Confirmado,,2026-05-14 22:29:51,2026-06-30 05:30:24,,242,,111113612603105,111113612603105
2073,Deposito,20.00,2026-05-14 22:30:08,Efectivo,Confirmado,,2026-05-14 22:30:08,2026-06-30 05:30:24,,243,,111113612603105,111113612603105
2074,Deposito,15.00,2026-05-14 22:30:30,Efectivo,Confirmado,,2026-05-14 22:30:30,2026-06-30 05:30:24,,244,,111113612603105,111113612603105
2075,Deposito,10.00,2026-05-14 22:30:48,Efectivo,Confirmado,,2026-05-14 22:30:48,2026-06-30 05:30:24,,245,,111113612603105,111113612603105
2076,Deposito,10.00,2026-05-14 22:31:03,Efectivo,Confirmado,,2026-05-14 22:31:03,2026-06-30 05:30:24,,246,,111113612603105,111113612603105
2077,Deposito,10.00,2026-05-14 22:31:18,Efectivo,Confirmado,,2026-05-14 22:31:18,2026-06-30 05:30:24,,247,,111113612603105,111113612603105
2078,Deposito,14.00,2026-05-14 22:31:34,Efectivo,Confirmado,,2026-05-14 22:31:34,2026-06-30 05:30:24,,248,,111113612603105,111113612603105
2079,Deposito,31.50,2026-05-14 22:31:54,Efectivo,Confirmado,,2026-05-14 22:31:54,2026-06-30 05:30:24,,249,,111113612603105,111113612603105
2080,Deposito,16.00,2026-05-14 22:32:16,Efectivo,Confirmado,,2026-05-14 22:32:16,2026-06-30 05:30:24,,250,,111113612603105,111113612603105
2081,Deposito,10.00,2026-05-14 22:33:01,Efectivo,Confirmado,,2026-05-14 22:33:01,2026-06-30 05:30:24,,251,,111113612603105,111113612603105
2082,Deposito,20.00,2026-05-14 22:33:24,Efectivo,Confirmado,,2026-05-14 22:33:24,2026-06-30 05:30:24,,252,,111113612603105,111113612603105
2083,Deposito,20.00,2026-05-14 22:33:41,Efectivo,Confirmado,,2026-05-14 22:33:41,2026-06-30 05:30:24,,253,,111113612603105,111113612603105
2084,Deposito,10.00,2026-05-14 22:34:08,Efectivo,Confirmado,,2026-05-14 22:34:08,2026-06-30 05:30:24,,256,,111113612603105,111113612603105
2085,Deposito,100.00,2026-05-14 22:37:35,Efectivo,Confirmado,,2026-05-14 22:37:35,2026-06-30 05:30:24,,189,,111113612603105,111113612603105
2086,Deposito,100.00,2026-05-14 22:37:55,Efectivo,Confirmado,,2026-05-14 22:37:55,2026-06-30 05:30:24,,289,,111113612603105,111113612603105
2087,Deposito,26.00,2026-05-14 22:38:30,Efectivo,Confirmado,,2026-05-14 22:38:30,2026-06-30 05:30:24,,190,,111113612603105,111113612603105
2088,Deposito,20.00,2026-05-14 22:38:49,Efectivo,Confirmado,,2026-05-14 22:38:49,2026-06-30 05:30:24,,191,,111113612603105,111113612603105
2090,Deposito,30.00,2026-05-14 22:39:20,Efectivo,Confirmado,,2026-05-14 22:39:20,2026-06-30 05:30:24,,192,,111113612603105,111113612603105
2091,Deposito,60.00,2026-05-14 22:41:45,Efectivo,Confirmado,,2026-05-14 22:41:45,2026-06-30 05:30:24,,193,,111113612603105,111113612603105
2092,Deposito,10.00,2026-05-14 22:42:02,Efectivo,Confirmado,,2026-05-14 22:42:02,2026-06-30 05:30:24,,194,,111113612603105,111113612603105
2093,Deposito,32.00,2026-05-14 22:42:22,Efectivo,Confirmado,,2026-05-14 22:42:22,2026-06-30 05:30:24,,269,,111113612603105,111113612603105
2094,Deposito,53.00,2026-05-14 22:42:42,Efectivo,Confirmado,,2026-05-14 22:42:42,2026-06-30 05:30:24,,195,,111113612603105,111113612603105
2095,Deposito,20.00,2026-05-14 22:43:31,Efectivo,Confirmado,,2026-05-14 22:43:31,2026-06-30 05:30:24,,196,,111113612603105,111113612603105
2096,Deposito,42.00,2026-05-14 22:43:51,Efectivo,Confirmado,,2026-05-14 22:43:51,2026-06-30 05:30:24,,327,,111113612603105,111113612603105
2097,Deposito,64.00,2026-05-14 22:44:06,Efectivo,Confirmado,,2026-05-14 22:44:06,2026-06-30 05:30:24,,200,,111113612603105,111113612603105
2098,Deposito,20.00,2026-05-14 22:46:07,Efectivo,Confirmado,,2026-05-14 22:46:07,2026-06-30 05:30:24,,180,,111113612603105,111113612603105
2100,Deposito,20.00,2026-05-14 22:52:37,Efectivo,Confirmado,,2026-05-14 22:52:37,2026-06-30 05:30:24,,268,,111113612603105,111113612603105
2101,Deposito,10.00,2026-05-14 22:53:12,Efectivo,Confirmado,,2026-05-14 22:53:12,2026-06-30 05:30:24,,165,,111113612603105,111113612603105
2102,Deposito,20.00,2026-05-14 22:53:42,Efectivo,Confirmado,,2026-05-14 22:53:42,2026-06-30 05:30:24,,168,,111113612603105,111113612603105
2103,Deposito,30.00,2026-05-14 22:53:56,Efectivo,Confirmado,,2026-05-14 22:53:56,2026-06-30 05:30:24,,169,,111113612603105,111113612603105
2104,Deposito,20.00,2026-05-14 22:54:11,Efectivo,Confirmado,,2026-05-14 22:54:11,2026-06-30 05:30:24,,170,,111113612603105,111113612603105
2105,Deposito,20.00,2026-05-14 22:54:29,Efectivo,Confirmado,,2026-05-14 22:54:29,2026-06-30 05:30:24,,171,,111113612603105,111113612603105
2106,Deposito,201.50,2026-05-16 18:36:45,Efectivo,Confirmado,,2026-05-16 18:36:45,2026-06-30 05:30:24,,264,,111113612603105,111113612603105
2107,Deposito,55.00,2026-05-16 18:37:10,Efectivo,Confirmado,,2026-05-16 18:37:10,2026-06-30 05:30:24,,265,,111113612603105,111113612603105
2108,Deposito,56.00,2026-05-16 18:38:18,Efectivo,Confirmado,,2026-05-16 18:38:18,2026-06-30 05:30:24,,305,,111113612603105,111113612603105
2109,Deposito,53.50,2026-05-16 18:39:39,Efectivo,Confirmado,,2026-05-16 18:39:39,2026-06-30 05:30:24,,352,,111113612603105,111113612603105
2110,Deposito,20.00,2026-05-16 18:39:56,Efectivo,Confirmado,,2026-05-16 18:39:56,2026-06-30 05:30:24,,377,,111113612603105,111113612603105
2111,Deposito,53.00,2026-05-16 18:40:16,Efectivo,Confirmado,,2026-05-16 18:40:16,2026-06-30 05:30:24,,354,,111113612603105,111113612603105
2112,Deposito,61.50,2026-05-16 18:40:38,Efectivo,Confirmado,,2026-05-16 18:40:38,2026-06-30 05:30:24,,355,,111113612603105,111113612603105
2113,Deposito,44.00,2026-05-16 18:41:17,Efectivo,Confirmado,,2026-05-16 18:41:17,2026-06-30 05:30:24,,356,,111113612603105,111113612603105
2114,Deposito,44.00,2026-05-16 18:41:35,Efectivo,Confirmado,,2026-05-16 18:41:35,2026-06-30 05:30:24,,379,,111113612603105,111113612603105
2115,Deposito,44.00,2026-05-16 18:41:49,Efectivo,Confirmado,,2026-05-16 18:41:49,2026-06-30 05:30:24,,353,,111113612603105,111113612603105
2116,Deposito,20.00,2026-05-16 18:42:07,Efectivo,Confirmado,,2026-05-16 18:42:07,2026-06-30 05:30:24,,357,,111113612603105,111113612603105
2117,Deposito,8.00,2026-05-16 18:42:23,Efectivo,Confirmado,,2026-05-16 18:42:23,2026-06-30 05:30:24,,380,,111113612603105,111113612603105
2118,Deposito,20.00,2026-05-16 18:42:37,Efectivo,Confirmado,,2026-05-16 18:42:37,2026-06-30 05:30:24,,381,,111113612603105,111113612603105
2119,Deposito,20.00,2026-05-16 18:42:50,Efectivo,Confirmado,,2026-05-16 18:42:50,2026-06-30 05:30:24,,382,,111113612603105,111113612603105
2120,apertura,0.00,2026-05-16 18:43:06,Sistema,Confirmado,,2026-05-16 18:43:06,2026-05-16 18:43:06,,396,,,
2121,Deposito,20.00,2026-05-16 18:43:06,Efectivo,Confirmado,,2026-05-16 18:43:06,2026-06-30 05:30:24,,396,,111113612603105,111113612603105
2122,Deposito,12.00,2026-05-16 18:43:36,Efectivo,Confirmado,,2026-05-16 18:43:36,2026-06-30 05:30:24,,359,,111113612603105,111113612603105
2123,Deposito,12.00,2026-05-16 18:43:46,Efectivo,Confirmado,,2026-05-16 18:43:46,2026-06-30 05:30:24,,361,,111113612603105,111113612603105
2124,Deposito,44.00,2026-05-16 18:44:11,Efectivo,Confirmado,,2026-05-16 18:44:11,2026-06-30 05:30:24,,363,,111113612603105,111113612603105
2125,Deposito,20.00,2026-05-16 18:44:25,Efectivo,Confirmado,,2026-05-16 18:44:25,2026-06-30 05:30:24,,383,,111113612603105,111113612603105
2126,Deposito,60.00,2026-05-16 18:45:17,Efectivo,Confirmado,,2026-05-16 18:45:17,2026-06-30 05:30:24,,347,,111113612603105,111113612603105
2127,Deposito,30.00,2026-05-16 18:46:34,Efectivo,Confirmado,,2026-05-16 18:46:34,2026-06-30 05:30:24,,349,,111113612603105,111113612603105
2128,Deposito,40.00,2026-05-16 18:46:53,Efectivo,Confirmado,,2026-05-16 18:46:53,2026-06-30 05:30:24,,350,,111113612603105,111113612603105
2129,Deposito,40.00,2026-05-16 18:47:20,Efectivo,Confirmado,,2026-05-16 18:47:20,2026-06-30 05:30:24,,351,,111113612603105,111113612603105
2130,Deposito,50.00,2026-05-16 18:50:19,Efectivo,Confirmado,,2026-05-16 18:50:19,2026-06-30 05:30:24,,340,,111113612603105,111113612603105
2131,Deposito,20.00,2026-05-16 18:50:31,Efectivo,Confirmado,,2026-05-16 18:50:31,2026-06-30 05:30:24,,385,,111113612603105,111113612603105
2132,Deposito,44.00,2026-05-16 18:50:45,Efectivo,Confirmado,,2026-05-16 18:50:45,2026-06-30 05:30:24,,341,,111113612603105,111113612603105
2133,Deposito,20.00,2026-05-16 18:50:57,Efectivo,Confirmado,,2026-05-16 18:50:57,2026-06-30 05:30:24,,201,,111113612603105,111113612603105
2134,Deposito,20.00,2026-05-16 18:51:17,Efectivo,Confirmado,,2026-05-16 18:51:17,2026-06-30 05:30:24,,202,,111113612603105,111113612603105
2135,Deposito,20.00,2026-05-16 18:51:28,Efectivo,Confirmado,,2026-05-16 18:51:28,2026-06-30 05:30:24,,342,,111113612603105,111113612603105
2136,Deposito,20.00,2026-05-16 18:51:56,Efectivo,Confirmado,,2026-05-16 18:51:56,2026-06-30 05:30:24,,343,,111113612603105,111113612603105
2137,Deposito,100.00,2026-05-16 18:52:29,Efectivo,Confirmado,,2026-05-16 18:52:29,2026-06-30 05:30:24,,344,,111113612603105,111113612603105
2138,Deposito,114.00,2026-05-16 18:52:44,Efectivo,Confirmado,,2026-05-16 18:52:44,2026-06-30 05:30:24,,345,,111113612603105,111113612603105
2139,Deposito,36.00,2026-05-16 18:53:56,Efectivo,Confirmado,,2026-05-16 18:53:56,2026-06-30 05:30:24,,228,,111113612603105,111113612603105
2140,Deposito,10.00,2026-05-16 18:54:14,Efectivo,Confirmado,,2026-05-16 18:54:14,2026-06-30 05:30:24,,303,,111113612603105,111113612603105
2141,Deposito,20.00,2026-05-16 18:54:38,Efectivo,Confirmado,,2026-05-16 18:54:38,2026-06-30 05:30:24,,229,,111113612603105,111113612603105
2142,Deposito,60.00,2026-05-16 18:54:56,Efectivo,Confirmado,,2026-05-16 18:54:56,2026-06-30 05:30:24,,231,,111113612603105,111113612603105
2143,Deposito,40.00,2026-05-16 18:55:13,Efectivo,Confirmado,,2026-05-16 18:55:13,2026-06-30 05:30:24,,232,,111113612603105,111113612603105
2144,Deposito,10.00,2026-05-16 18:55:32,Efectivo,Confirmado,,2026-05-16 18:55:32,2026-06-30 05:30:25,,233,,111113612603105,111113612603105
2145,apertura,0.00,2026-05-16 18:55:50,Sistema,Confirmado,,2026-05-16 18:55:50,2026-05-16 18:55:50,,397,,,
2146,Deposito,50.00,2026-05-16 18:55:50,Efectivo,Confirmado,,2026-05-16 18:55:50,2026-06-30 05:30:25,,397,,111113612603105,111113612603105
2147,Deposito,30.00,2026-05-16 18:56:04,Efectivo,Confirmado,,2026-05-16 18:56:04,2026-06-30 05:30:25,,234,,111113612603105,111113612603105
2148,Deposito,20.00,2026-05-16 18:56:33,Efectivo,Confirmado,,2026-05-16 18:56:33,2026-06-30 05:30:25,,235,,111113612603105,111113612603105
2149,Deposito,20.00,2026-05-16 18:56:46,Efectivo,Confirmado,,2026-05-16 18:56:46,2026-06-30 05:30:25,,236,,111113612603105,111113612603105
2150,Deposito,20.00,2026-05-16 18:57:12,Efectivo,Confirmado,,2026-05-16 18:57:12,2026-06-30 05:30:25,,376,,111113612603105,111113612603105
2151,Deposito,10.00,2026-05-16 18:57:27,Efectivo,Confirmado,,2026-05-16 18:57:27,2026-06-30 05:30:25,,237,,111113612603105,111113612603105
2152,Deposito,40.00,2026-05-16 18:58:01,Efectivo,Confirmado,,2026-05-16 18:58:01,2026-06-30 05:30:25,,238,,111113612603105,111113612603105
2153,Deposito,40.00,2026-05-16 18:58:20,Efectivo,Confirmado,,2026-05-16 18:58:20,2026-06-30 05:30:25,,239,,111113612603105,111113612603105
2154,Deposito,52.00,2026-05-16 18:58:38,Efectivo,Confirmado,,2026-05-16 18:58:38,2026-06-30 05:30:25,,225,,111113612603105,111113612603105
2155,Deposito,68.00,2026-05-16 18:58:52,Efectivo,Confirmado,,2026-05-16 18:58:52,2026-06-30 05:30:25,,304,,111113612603105,111113612603105
2156,Deposito,124.00,2026-05-16 18:59:04,Efectivo,Confirmado,,2026-05-16 18:59:04,2026-06-30 05:30:25,,226,,111113612603105,111113612603105
2157,Deposito,102.00,2026-05-16 18:59:24,Efectivo,Confirmado,,2026-05-16 18:59:24,2026-06-30 05:30:25,,227,,111113612603105,111113612603105
2158,Deposito,726.00,2026-05-18 17:41:06,Efectivo,Confirmado,,2026-05-18 17:41:06,2026-06-30 05:30:25,,224,,111113612603105,111113612603105
2159,Retiro,1134.00,2026-05-18 17:42:42,Efectivo,Confirmado,,2026-05-18 17:42:41,2026-06-30 05:30:25,2026-05-18 23:42:42,224,,111113612603105,111113612603105
2160,Deposito,434.00,2026-05-18 17:58:22,Efectivo,Confirmado,,2026-05-18 17:58:22,2026-06-30 05:30:25,,136,,111113612603105,111113612603105
2161,Deposito,300.00,2026-05-18 18:00:09,Efectivo,Confirmado,,2026-05-18 18:00:09,2026-06-30 05:30:25,,138,,111113612603105,111113612603105
2162,Deposito,240.00,2026-05-18 18:01:28,Efectivo,Confirmado,,2026-05-18 18:01:28,2026-06-30 05:30:25,,286,,111113612603105,111113612603105
2163,Retiro,290.00,2026-05-18 18:04:21,Efectivo,Confirmado,,2026-05-18 18:04:20,2026-06-30 05:29:49,2026-05-19 00:04:21,286,,111113612603105,
2164,Retiro,556.00,2026-05-18 18:04:21,Efectivo,Confirmado,,2026-05-18 18:04:20,2026-06-30 05:29:49,2026-05-19 00:04:21,136,,111113612603105,
2165,Retiro,344.00,2026-05-18 18:04:21,Efectivo,Confirmado,,2026-05-18 18:04:20,2026-06-30 05:29:49,2026-05-19 00:04:21,138,,111113612603105,
2166,Deposito,160.00,2026-05-18 18:18:22,Efectivo,Confirmado,,2026-05-18 18:18:22,2026-06-30 05:30:25,,51,,111113612603105,111113612603105
2167,Retiro,200.00,2026-05-18 18:23:45,Efectivo,Confirmado,,2026-05-18 18:23:44,2026-06-30 05:29:49,2026-05-19 00:23:45,51,,111113612603105,
2168,Deposito,540.00,2026-05-18 18:42:03,Efectivo,Confirmado,,2026-05-18 18:42:03,2026-06-30 05:30:25,,347,,111113612603105,111113612603105
2169,Deposito,590.00,2026-05-18 18:42:34,Efectivo,Confirmado,,2026-05-18 18:42:34,2026-06-30 05:30:25,,348,,111113612603105,111113612603105
2170,Retiro,680.00,2026-05-18 18:45:04,Efectivo,Confirmado,,2026-05-18 18:45:04,2026-06-30 05:30:25,2026-05-19 00:45:04,347,,111113612603105,111113612603105
2171,Retiro,670.00,2026-05-18 18:45:04,Efectivo,Confirmado,,2026-05-18 18:45:04,2026-06-30 05:30:25,2026-05-19 00:45:04,348,,111113612603105,111113612603105
2172,Deposito,360.00,2026-05-18 18:59:29,Efectivo,Confirmado,,2026-05-18 18:59:29,2026-06-30 05:30:25,,17,,111113612603105,111113612603105
2173,Deposito,340.00,2026-05-18 18:59:58,Efectivo,Confirmado,,2026-05-18 18:59:58,2026-06-30 05:30:25,,15,,111113612603105,111113612603105
2174,Retiro,420.00,2026-05-18 19:04:10,Efectivo,Confirmado,,2026-05-18 19:04:09,2026-06-30 05:30:25,2026-05-19 01:04:10,17,,111113612603105,111113612603105
2175,Retiro,460.00,2026-05-18 19:04:10,Efectivo,Confirmado,,2026-05-18 19:04:09,2026-06-30 05:29:49,2026-05-19 01:04:10,15,,111113612603105,
2176,Deposito,180.00,2026-05-18 19:14:06,Efectivo,Confirmado,,2026-05-18 19:14:06,2026-06-30 05:30:25,,168,,111113612603105,111113612603105
2177,Retiro,240.00,2026-05-18 19:16:01,Efectivo,Confirmado,,2026-05-18 19:16:01,2026-06-30 05:29:49,2026-05-19 01:16:01,168,,111113612603105,
2178,Deposito,240.00,2026-05-18 19:21:54,Efectivo,Confirmado,,2026-05-18 19:21:54,2026-06-30 05:30:25,,327,,111113612603105,111113612603105
2179,Retiro,250.00,2026-05-18 19:23:00,Efectivo,Confirmado,,2026-05-18 19:22:59,2026-06-30 05:30:25,2026-05-19 01:23:00,327,,111113612603105,111113612603105
2180,Deposito,1300.00,2026-05-18 19:30:48,Efectivo,Confirmado,,2026-05-18 19:30:48,2026-06-30 05:30:25,,289,,111113612603105,111113612603105
2181,Retiro,1800.00,2026-05-18 19:31:55,Efectivo,Confirmado,,2026-05-18 19:31:55,2026-06-30 05:29:49,2026-05-19 01:31:55,289,,111113612603105,
2182,Deposito,80.00,2026-05-18 19:49:39,Efectivo,Confirmado,,2026-05-18 19:49:39,2026-06-30 05:30:25,,218,,111113612603105,111113612603105
2183,Deposito,240.00,2026-05-18 19:49:53,Efectivo,Confirmado,,2026-05-18 19:49:53,2026-06-30 05:30:25,,215,,111113612603105,111113612603105
2184,Deposito,240.00,2026-05-18 19:50:08,Efectivo,Confirmado,,2026-05-18 19:50:08,2026-06-30 05:30:25,,212,,111113612603105,111113612603105
2185,Deposito,220.00,2026-05-18 19:50:47,Efectivo,Confirmado,,2026-05-18 19:50:47,2026-06-30 05:30:25,,211,,111113612603105,111113612603105
2186,Deposito,180.00,2026-05-18 19:52:55,Efectivo,Confirmado,,2026-05-18 19:52:55,2026-06-30 05:30:25,,222,,111113612603105,111113612603105
2187,Deposito,180.00,2026-05-18 19:53:14,Efectivo,Confirmado,,2026-05-18 19:53:14,2026-06-30 05:30:25,,223,,111113612603105,111113612603105
2188,apertura,0.00,2026-05-18 19:55:57,Sistema,Confirmado,,2026-05-18 19:55:57,2026-05-18 19:55:57,,398,,,
2189,Deposito,20.00,2026-05-18 19:55:57,Efectivo,Confirmado,,2026-05-18 19:55:57,2026-06-30 05:30:25,,398,,111113612603105,111113612603105
2190,Deposito,20.00,2026-05-18 19:59:00,Efectivo,Confirmado,,2026-05-18 19:59:00,2026-06-30 05:30:25,,398,,111113612603105,111113612603105
2191,Retiro,260.00,2026-05-18 20:01:48,Efectivo,Confirmado,,2026-05-18 20:01:48,2026-06-30 05:30:25,2026-05-19 02:01:48,212,,111113612603105,111113612603105
2192,Retiro,260.00,2026-05-18 20:01:48,Efectivo,Confirmado,,2026-05-18 20:01:48,2026-06-30 05:30:25,2026-05-19 02:01:48,215,,111113612603105,111113612603105
2193,Retiro,240.00,2026-05-18 20:01:48,Efectivo,Confirmado,,2026-05-18 20:01:48,2026-06-30 05:30:25,2026-05-19 02:01:48,211,,111113612603105,111113612603105
2194,Retiro,40.00,2026-05-18 20:01:48,Efectivo,Confirmado,,2026-05-18 20:01:48,2026-06-30 05:30:25,2026-05-19 02:01:48,398,,111113612603105,111113612603105
2195,Retiro,200.00,2026-05-18 20:01:48,Efectivo,Confirmado,,2026-05-18 20:01:48,2026-06-30 05:30:25,2026-05-19 02:01:48,222,,111113612603105,111113612603105
2196,Retiro,200.00,2026-05-18 20:01:48,Efectivo,Confirmado,,2026-05-18 20:01:48,2026-06-30 05:30:25,2026-05-19 02:01:48,223,,111113612603105,111113612603105
2197,Deposito,62.00,2026-05-18 21:37:01,Efectivo,Confirmado,,2026-05-18 21:37:01,2026-06-30 05:30:25,,24,,111113612603105,111113612603105
2198,Deposito,62.00,2026-05-18 21:37:25,Efectivo,Confirmado,,2026-05-18 21:37:25,2026-06-30 05:30:25,,25,,111113612603105,111113612603105
2199,Deposito,62.00,2026-05-18 21:37:48,Efectivo,Confirmado,,2026-05-18 21:37:48,2026-06-30 05:30:25,,26,,111113612603105,111113612603105
2200,Deposito,62.00,2026-05-18 21:38:13,Efectivo,Confirmado,,2026-05-18 21:38:13,2026-06-30 05:30:25,,276,,111113612603105,111113612603105
2201,Deposito,62.00,2026-05-18 21:38:36,Efectivo,Confirmado,,2026-05-18 21:38:36,2026-06-30 05:30:25,,277,,111113612603105,111113612603105
2202,Deposito,20.00,2026-05-18 21:38:52,Efectivo,Confirmado,,2026-05-18 21:38:52,2026-06-30 05:30:25,,27,,111113612603105,111113612603105
2203,Deposito,60.00,2026-05-18 21:39:17,Efectivo,Confirmado,,2026-05-18 21:39:17,2026-06-30 05:30:25,,28,,111113612603105,111113612603105
2204,Deposito,20.00,2026-05-18 21:39:31,Efectivo,Confirmado,,2026-05-18 21:39:31,2026-06-30 05:30:25,,29,,111113612603105,111113612603105
2205,apertura,0.00,2026-05-18 21:39:52,Sistema,Confirmado,,2026-05-18 21:39:52,2026-05-18 21:39:52,,399,,,
2206,Deposito,60.00,2026-05-18 21:39:52,Efectivo,Confirmado,,2026-05-18 21:39:52,2026-06-30 05:30:25,,399,,111113612603105,111113612603105
2207,Deposito,44.00,2026-05-18 21:41:27,Efectivo,Confirmado,,2026-05-18 21:41:27,2026-06-30 05:30:25,,30,,111113612603105,111113612603105
2208,Deposito,44.00,2026-05-18 21:41:42,Efectivo,Confirmado,,2026-05-18 21:41:42,2026-06-30 05:30:25,,31,,111113612603105,111113612603105
2209,Deposito,44.00,2026-05-18 21:42:02,Efectivo,Confirmado,,2026-05-18 21:42:02,2026-06-30 05:30:25,,32,,111113612603105,111113612603105
2210,Deposito,84.00,2026-05-18 21:42:29,Efectivo,Confirmado,,2026-05-18 21:42:29,2026-06-30 05:30:25,,33,,111113612603105,111113612603105
2211,apertura,0.00,2026-05-18 21:42:53,Sistema,Confirmado,,2026-05-18 21:42:53,2026-05-18 21:42:53,,400,,,
2212,Deposito,24.00,2026-05-18 21:42:53,Efectivo,Confirmado,,2026-05-18 21:42:53,2026-06-30 05:30:25,,400,,111113612603105,111113612603105
2213,apertura,0.00,2026-05-18 21:43:33,Sistema,Confirmado,,2026-05-18 21:43:33,2026-05-18 21:43:33,,401,,,
2214,Deposito,24.00,2026-05-18 21:43:33,Efectivo,Confirmado,,2026-05-18 21:43:33,2026-06-30 05:30:25,,401,,111113612603105,111113612603105
2215,Deposito,40.00,2026-05-18 23:39:24,Efectivo,Confirmado,,2026-05-18 23:39:24,2026-06-30 05:30:25,,1,,111113612603105,111113612603105
2216,Deposito,32.00,2026-05-18 23:39:38,Efectivo,Confirmado,,2026-05-18 23:39:38,2026-06-30 05:30:25,,2,,111113612603105,111113612603105
2217,Deposito,32.00,2026-05-18 23:39:56,Efectivo,Confirmado,,2026-05-18 23:39:56,2026-06-30 05:30:25,,3,,111113612603105,111113612603105
2218,Deposito,62.00,2026-05-18 23:40:12,Efectivo,Confirmado,,2026-05-18 23:40:12,2026-06-30 05:30:25,,4,,111113612603105,111113612603105
2219,Deposito,55.00,2026-05-18 23:40:48,Efectivo,Confirmado,,2026-05-18 23:40:48,2026-06-30 05:30:25,,274,,111113612603105,111113612603105
2220,Deposito,19.00,2026-05-18 23:41:03,Efectivo,Confirmado,,2026-05-18 23:41:03,2026-06-30 05:30:25,,23,,111113612603105,111113612603105
2221,Deposito,55.00,2026-05-18 23:41:22,Efectivo,Confirmado,,2026-05-18 23:41:22,2026-06-30 05:30:25,,391,,111113612603105,111113612603105
2222,apertura,0.00,2026-05-18 23:41:43,Sistema,Confirmado,,2026-05-18 23:41:43,2026-05-18 23:41:43,,402,,,
2223,Deposito,25.00,2026-05-18 23:41:43,Efectivo,Confirmado,,2026-05-18 23:41:43,2026-06-30 05:30:25,,402,,111113612603105,111113612603105
2224,apertura,0.00,2026-05-18 23:44:35,Sistema,Confirmado,,2026-05-18 23:44:35,2026-05-18 23:44:35,,403,,,
2225,Deposito,20.00,2026-05-18 23:44:35,Efectivo,Confirmado,,2026-05-18 23:44:35,2026-06-30 05:30:25,,403,,111113612603105,111113612603105
2226,Deposito,20.00,2026-05-18 23:44:56,Efectivo,Confirmado,,2026-05-18 23:44:56,2026-06-30 05:30:25,,367,,111113612603105,111113612603105
2227,Deposito,20.00,2026-05-18 23:46:54,Efectivo,Confirmado,,2026-05-18 23:46:54,2026-06-30 05:30:25,,5,,111113612603105,111113612603105
2228,Deposito,20.00,2026-05-18 23:47:21,Efectivo,Confirmado,,2026-05-18 23:47:21,2026-06-30 05:30:25,,6,,111113612603105,111113612603105
2229,Deposito,20.00,2026-05-18 23:47:36,Efectivo,Confirmado,,2026-05-18 23:47:36,2026-06-30 05:30:25,,7,,111113612603105,111113612603105
2230,Deposito,26.00,2026-05-18 23:47:54,Efectivo,Confirmado,,2026-05-18 23:47:54,2026-06-30 05:30:25,,8,,111113612603105,111113612603105
2231,Deposito,12.00,2026-05-18 23:48:12,Efectivo,Confirmado,,2026-05-18 23:48:12,2026-06-30 05:30:25,,9,,111113612603105,111113612603105
2232,Deposito,20.00,2026-05-18 23:48:27,Efectivo,Confirmado,,2026-05-18 23:48:27,2026-06-30 05:30:25,,10,,111113612603105,111113612603105
2233,Deposito,20.00,2026-05-18 23:49:03,Efectivo,Confirmado,,2026-05-18 23:49:03,2026-06-30 05:30:25,,11,,111113612603105,111113612603105
2234,Deposito,20.00,2026-05-18 23:49:21,Efectivo,Confirmado,,2026-05-18 23:49:21,2026-06-30 05:30:25,,12,,111113612603105,111113612603105
2235,Deposito,20.00,2026-05-18 23:49:47,Efectivo,Confirmado,,2026-05-18 23:49:47,2026-06-30 05:30:25,,13,,111113612603105,111113612603105
2236,Deposito,60.00,2026-05-18 23:50:08,Efectivo,Confirmado,,2026-05-18 23:50:08,2026-06-30 05:30:25,,14,,111113612603105,111113612603105
2237,Deposito,30.00,2026-05-18 23:50:42,Efectivo,Confirmado,,2026-05-18 23:50:42,2026-06-30 05:30:25,,15,,111113612603105,111113612603105
2238,Deposito,20.00,2026-05-18 23:51:00,Efectivo,Confirmado,,2026-05-18 23:51:00,2026-06-30 05:30:25,,16,,111113612603105,111113612603105
2239,Deposito,20.00,2026-05-18 23:51:25,Efectivo,Confirmado,,2026-05-18 23:51:25,2026-06-30 05:30:25,,18,,111113612603105,111113612603105
2240,Deposito,20.00,2026-05-18 23:51:52,Efectivo,Confirmado,,2026-05-18 23:51:52,2026-06-30 05:30:25,,19,,111113612603105,111113612603105
2241,Deposito,20.00,2026-05-18 23:54:22,Efectivo,Confirmado,,2026-05-18 23:54:22,2026-06-30 05:30:25,,20,,111113612603105,111113612603105
2242,Deposito,30.00,2026-05-18 23:55:42,Efectivo,Confirmado,,2026-05-18 23:55:42,2026-06-30 05:30:25,,21,,111113612603105,111113612603105
2243,Deposito,20.00,2026-05-18 23:56:22,Efectivo,Confirmado,,2026-05-18 23:56:22,2026-06-30 05:30:25,,22,,111113612603105,111113612603105
2244,Deposito,29.50,2026-05-19 15:53:21,Efectivo,Confirmado,,2026-05-19 15:53:21,2026-06-30 05:30:25,,34,,111113612603105,111113612603105
2245,Deposito,32.00,2026-05-19 15:53:34,Efectivo,Confirmado,,2026-05-19 15:53:34,2026-06-30 05:30:25,,35,,111113612603105,111113612603105
2246,Deposito,38.00,2026-05-19 15:54:23,Efectivo,Confirmado,,2026-05-19 15:54:23,2026-06-30 05:30:25,,36,,111113612603105,111113612603105
2247,Deposito,52.00,2026-05-19 15:54:38,Efectivo,Confirmado,,2026-05-19 15:54:38,2026-06-30 05:30:25,,335,,111113612603105,111113612603105
2248,Deposito,34.00,2026-05-19 15:54:56,Efectivo,Confirmado,,2026-05-19 15:54:56,2026-06-30 05:30:25,,37,,111113612603105,111113612603105
2249,Deposito,52.00,2026-05-19 15:55:11,Efectivo,Confirmado,,2026-05-19 15:55:11,2026-06-30 05:30:25,,310,,111113612603105,111113612603105
2250,Deposito,52.00,2026-05-19 15:55:33,Efectivo,Confirmado,,2026-05-19 15:55:33,2026-06-30 05:30:25,,309,,111113612603105,111113612603105
2251,Deposito,52.00,2026-05-19 15:55:48,Efectivo,Confirmado,,2026-05-19 15:55:48,2026-06-30 05:30:25,,275,,111113612603105,111113612603105
2252,Deposito,68.00,2026-05-19 15:56:21,Efectivo,Confirmado,,2026-05-19 15:56:21,2026-06-30 05:30:25,,283,,111113612603105,111113612603105
2253,Deposito,52.00,2026-05-19 15:57:52,Efectivo,Confirmado,,2026-05-19 15:57:52,2026-06-30 05:30:25,,388,,111113612603105,111113612603105
2254,Deposito,52.00,2026-05-19 15:58:11,Efectivo,Confirmado,,2026-05-19 15:58:11,2026-06-30 05:30:25,,389,,111113612603105,111113612603105
2255,Deposito,34.00,2026-05-19 15:58:25,Efectivo,Confirmado,,2026-05-19 15:58:25,2026-06-30 05:30:25,,366,,111113612603105,111113612603105
2256,Deposito,380.00,2026-05-19 16:18:52,Efectivo,Confirmado,,2026-05-19 16:18:52,2026-06-30 05:30:25,,131,,111113612603105,111113612603105
2257,Retiro,480.00,2026-05-19 16:22:08,Efectivo,Confirmado,,2026-05-19 16:22:08,2026-06-30 05:30:25,2026-05-19 22:22:08,131,,111113612603105,111113612603105
2258,Deposito,28.00,2026-05-20 15:54:33,Efectivo,Confirmado,,2026-05-20 15:54:33,2026-06-30 05:30:25,,99,,111113612603105,111113612603105
2259,Deposito,20.00,2026-05-20 15:54:54,Efectivo,Confirmado,,2026-05-20 15:54:54,2026-06-30 05:30:25,,393,,111113612603105,111113612603105
2260,Deposito,22.00,2026-05-20 15:55:13,Efectivo,Confirmado,,2026-05-20 15:55:13,2026-06-30 05:30:25,,100,,111113612603105,111113612603105
2261,Deposito,20.00,2026-05-20 15:55:46,Efectivo,Confirmado,,2026-05-20 15:55:46,2026-06-30 05:30:25,,102,,111113612603105,111113612603105
2262,Deposito,40.00,2026-05-20 16:01:23,Efectivo,Confirmado,,2026-05-20 16:01:23,2026-06-30 05:30:25,,394,,111113612603105,111113612603105
2263,Deposito,30.00,2026-05-20 16:12:31,Efectivo,Confirmado,,2026-05-20 16:12:31,2026-06-30 05:30:25,,386,,111113612603105,111113612603105
2264,Deposito,20.00,2026-05-20 16:18:21,Efectivo,Confirmado,,2026-05-20 16:18:21,2026-06-30 05:30:25,,279,,111113612603105,111113612603105
2265,Deposito,20.00,2026-05-20 16:18:44,Efectivo,Confirmado,,2026-05-20 16:18:44,2026-06-30 05:30:26,,109,,111113612603105,111113612603105
2266,Deposito,20.00,2026-05-20 16:18:59,Efectivo,Confirmado,,2026-05-20 16:18:59,2026-06-30 05:30:25,,111,,111113612603105,111113612603105
2267,Deposito,10.00,2026-05-20 16:19:22,Efectivo,Confirmado,,2026-05-20 16:19:22,2026-06-30 05:30:26,,50,,111113612603105,111113612603105
2268,Deposito,10.00,2026-05-20 16:19:39,Efectivo,Confirmado,,2026-05-20 16:19:39,2026-06-30 05:30:26,,51,,111113612603105,111113612603105
2269,Deposito,10.00,2026-05-20 16:19:52,Efectivo,Confirmado,,2026-05-20 16:19:52,2026-06-30 05:30:26,,52,,111113612603105,111113612603105
2270,Deposito,20.00,2026-05-20 16:20:09,Efectivo,Confirmado,,2026-05-20 16:20:09,2026-06-30 05:30:26,,53,,111113612603105,111113612603105
2271,Deposito,42.00,2026-05-20 16:20:29,Efectivo,Confirmado,,2026-05-20 16:20:29,2026-06-30 05:30:26,,54,,111113612603105,111113612603105
2272,Deposito,80.00,2026-05-20 16:20:45,Efectivo,Confirmado,,2026-05-20 16:20:45,2026-06-30 05:30:26,,278,,111113612603105,111113612603105
2273,Deposito,20.00,2026-05-20 16:21:03,Efectivo,Confirmado,,2026-05-20 16:21:03,2026-06-30 05:30:26,,56,,111113612603105,111113612603105
2274,Deposito,10.00,2026-05-20 16:21:23,Efectivo,Confirmado,,2026-05-20 16:21:23,2026-06-30 05:30:26,,58,,111113612603105,111113612603105
2275,Deposito,20.00,2026-05-20 16:21:40,Efectivo,Confirmado,,2026-05-20 16:21:40,2026-06-30 05:30:26,,64,,111113612603105,111113612603105
2276,Deposito,20.00,2026-05-20 16:22:05,Efectivo,Confirmado,,2026-05-20 16:22:05,2026-06-30 05:30:26,,62,,111113612603105,111113612603105
2277,Deposito,20.00,2026-05-20 16:22:26,Efectivo,Confirmado,,2026-05-20 16:22:26,2026-06-30 05:30:26,,63,,111113612603105,111113612603105
2278,Deposito,60.00,2026-05-20 16:22:56,Efectivo,Confirmado,,2026-05-20 16:22:56,2026-06-30 05:30:26,,65,,111113612603105,111113612603105
2279,Deposito,20.00,2026-05-20 16:23:10,Efectivo,Confirmado,,2026-05-20 16:23:10,2026-06-30 05:30:26,,66,,111113612603105,111113612603105
2280,Deposito,60.00,2026-05-20 16:23:25,Efectivo,Confirmado,,2026-05-20 16:23:25,2026-06-30 05:30:26,,67,,111113612603105,111113612603105
2281,Deposito,60.00,2026-05-20 16:23:55,Efectivo,Confirmado,,2026-05-20 16:23:55,2026-06-30 05:30:26,,68,,111113612603105,111113612603105
2282,Deposito,20.00,2026-05-20 16:24:09,Efectivo,Confirmado,,2026-05-20 16:24:09,2026-06-30 05:30:26,,69,,111113612603105,111113612603105
2283,Deposito,60.00,2026-05-20 16:24:51,Efectivo,Confirmado,,2026-05-20 16:24:51,2026-06-30 05:30:26,,336,,111113612603105,111113612603105
2284,Deposito,20.00,2026-05-20 16:25:11,Efectivo,Confirmado,,2026-05-20 16:25:11,2026-06-30 05:30:26,,337,,111113612603105,111113612603105
2285,Deposito,60.00,2026-05-20 16:25:33,Efectivo,Confirmado,,2026-05-20 16:25:33,2026-06-30 05:30:26,,371,,111113612603105,111113612603105
2286,Deposito,30.00,2026-05-20 16:26:02,Efectivo,Confirmado,,2026-05-20 16:26:02,2026-06-30 05:30:26,,80,,111113612603105,111113612603105
2287,Deposito,20.00,2026-05-20 16:26:20,Efectivo,Confirmado,,2026-05-20 16:26:20,2026-06-30 05:30:26,,81,,111113612603105,111113612603105
2288,apertura,0.00,2026-05-20 16:26:38,Sistema,Confirmado,,2026-05-20 16:26:38,2026-05-20 16:26:38,,404,,,
2289,Deposito,10.00,2026-05-20 16:26:38,Efectivo,Confirmado,,2026-05-20 16:26:38,2026-06-30 05:30:26,,404,,111113612603105,111113612603105
2290,Deposito,22.00,2026-05-20 16:26:55,Efectivo,Confirmado,,2026-05-20 16:26:55,2026-06-30 05:30:26,,82,,111113612603105,111113612603105
2291,Deposito,20.00,2026-05-20 16:27:09,Efectivo,Confirmado,,2026-05-20 16:27:09,2026-06-30 05:30:26,,83,,111113612603105,111113612603105
2292,Deposito,20.00,2026-05-20 16:27:26,Efectivo,Confirmado,,2026-05-20 16:27:26,2026-06-30 05:30:26,,85,,111113612603105,111113612603105
2293,Deposito,44.00,2026-05-20 16:27:51,Efectivo,Confirmado,,2026-05-20 16:27:51,2026-06-30 05:30:26,,93,,111113612603105,111113612603105
2294,Deposito,44.00,2026-05-20 16:28:11,Efectivo,Confirmado,,2026-05-20 16:28:11,2026-06-30 05:30:26,,94,,111113612603105,111113612603105
2295,Deposito,44.00,2026-05-20 16:28:28,Efectivo,Confirmado,,2026-05-20 16:28:28,2026-06-30 05:30:26,,95,,111113612603105,111113612603105
2296,Deposito,10.00,2026-05-20 16:28:48,Efectivo,Confirmado,,2026-05-20 16:28:48,2026-06-30 05:30:26,,73,,111113612603105,111113612603105
2297,Deposito,10.00,2026-05-20 16:29:00,Efectivo,Confirmado,,2026-05-20 16:29:00,2026-06-30 05:30:26,,74,,111113612603105,111113612603105
2298,Deposito,10.00,2026-05-20 16:29:42,Efectivo,Confirmado,,2026-05-20 16:29:42,2026-06-30 05:30:26,,75,,111113612603105,111113612603105
2299,Deposito,10.00,2026-05-20 16:29:55,Efectivo,Confirmado,,2026-05-20 16:29:55,2026-06-30 05:30:26,,370,,111113612603105,111113612603105
2300,Deposito,10.00,2026-05-20 16:30:08,Efectivo,Confirmado,,2026-05-20 16:30:08,2026-06-30 05:30:26,,76,,111113612603105,111113612603105
2301,Deposito,10.00,2026-05-20 16:30:24,Efectivo,Confirmado,,2026-05-20 16:30:24,2026-06-30 05:30:26,,77,,111113612603105,111113612603105
2302,Deposito,10.00,2026-05-20 16:30:40,Efectivo,Confirmado,,2026-05-20 16:30:40,2026-06-30 05:30:26,,79,,111113612603105,111113612603105
2303,Deposito,13.00,2026-05-20 16:30:59,Efectivo,Confirmado,,2026-05-20 16:30:59,2026-06-30 05:30:26,,38,,111113612603105,111113612603105
2304,Deposito,55.00,2026-05-20 16:31:19,Efectivo,Confirmado,,2026-05-20 16:31:19,2026-06-30 05:30:26,,372,,111113612603105,111113612603105
2305,Deposito,55.00,2026-05-20 16:31:38,Efectivo,Confirmado,,2026-05-20 16:31:38,2026-06-30 05:30:26,,44,,111113612603105,111113612603105
2306,Deposito,106.00,2026-05-20 16:31:53,Efectivo,Confirmado,,2026-05-20 16:31:53,2026-06-30 05:30:26,,47,,111113612603105,111113612603105
2307,Deposito,127.00,2026-05-20 16:32:10,Efectivo,Confirmado,,2026-05-20 16:32:10,2026-06-30 05:30:26,,40,,111113612603105,111113612603105
2308,Deposito,56.00,2026-05-20 16:32:35,Efectivo,Confirmado,,2026-05-20 16:32:35,2026-06-30 05:30:26,,45,,111113612603105,111113612603105
2309,Deposito,70.00,2026-05-20 16:32:57,Efectivo,Confirmado,,2026-05-20 16:32:57,2026-06-30 05:30:26,,41,,111113612603105,111113612603105
2310,Deposito,20.00,2026-05-20 16:33:15,Efectivo,Confirmado,,2026-05-20 16:33:15,2026-06-30 05:30:26,,392,,111113612603105,111113612603105
2311,Deposito,35.00,2026-05-20 16:33:34,Efectivo,Confirmado,,2026-05-20 16:33:34,2026-06-30 05:30:26,,42,,111113612603105,111113612603105
2312,Deposito,4.00,2026-05-20 16:33:49,Efectivo,Confirmado,,2026-05-20 16:33:49,2026-06-30 05:30:26,,46,,111113612603105,111113612603105
2313,Deposito,213.00,2026-05-20 16:34:06,Efectivo,Confirmado,,2026-05-20 16:34:06,2026-06-30 05:30:26,,43,,111113612603105,111113612603105
2314,Deposito,135.00,2026-05-20 16:34:23,Efectivo,Confirmado,,2026-05-20 16:34:23,2026-06-30 05:30:26,,39,,111113612603105,111113612603105
2315,Deposito,25.00,2026-05-20 22:37:44,Efectivo,Confirmado,,2026-05-20 22:37:44,2026-06-30 05:30:26,,147,,111113612603105,111113612603105
2316,Deposito,24.00,2026-05-20 22:38:16,Efectivo,Confirmado,,2026-05-20 22:38:16,2026-06-30 05:30:26,,148,,111113612603105,111113612603105
2317,Deposito,15.00,2026-05-20 22:40:35,Efectivo,Confirmado,,2026-05-20 22:40:35,2026-06-30 05:30:26,,373,,111113612603105,111113612603105
2318,Deposito,64.00,2026-05-20 22:40:53,Efectivo,Confirmado,,2026-05-20 22:40:53,2026-06-30 05:30:26,,149,,111113612603105,111113612603105
2319,Deposito,30.00,2026-05-20 22:41:12,Efectivo,Confirmado,,2026-05-20 22:41:12,2026-06-30 05:30:26,,150,,111113612603105,111113612603105
2320,Deposito,30.00,2026-05-20 22:42:31,Efectivo,Confirmado,,2026-05-20 22:42:31,2026-06-30 05:30:26,,150,,111113612603105,111113612603105
2321,Deposito,24.00,2026-05-20 22:42:58,Efectivo,Confirmado,,2026-05-20 22:42:58,2026-06-30 05:30:26,,288,,111113612603105,111113612603105
2322,Deposito,12.00,2026-05-20 22:49:56,Efectivo,Confirmado,,2026-05-20 22:49:56,2026-06-30 05:30:26,,152,,111113612603105,111113612603105
2323,Deposito,12.00,2026-05-20 22:50:13,Efectivo,Confirmado,,2026-05-20 22:50:13,2026-06-30 05:30:26,,153,,111113612603105,111113612603105
2324,Deposito,40.00,2026-05-20 22:50:27,Efectivo,Confirmado,,2026-05-20 22:50:27,2026-06-30 05:30:26,,154,,111113612603105,111113612603105
2325,Deposito,20.00,2026-05-20 22:50:42,Efectivo,Confirmado,,2026-05-20 22:50:42,2026-06-30 05:30:26,,324,,111113612603105,111113612603105
2326,Deposito,19.00,2026-05-20 22:52:53,Efectivo,Confirmado,,2026-05-20 22:52:53,2026-06-30 05:30:26,,157,,111113612603105,111113612603105
2328,Deposito,50.00,2026-05-20 22:53:07,Efectivo,Confirmado,,2026-05-20 22:53:07,2026-06-30 05:30:26,,155,,111113612603105,111113612603105
2329,Deposito,55.00,2026-05-20 22:53:26,Efectivo,Confirmado,,2026-05-20 22:53:26,2026-06-30 05:30:26,,369,,111113612603105,111113612603105
2330,Deposito,40.00,2026-05-20 22:53:56,Efectivo,Confirmado,,2026-05-20 22:53:56,2026-06-30 05:30:26,,146,,111113612603105,111113612603105
2331,Deposito,20.00,2026-05-20 22:57:33,Efectivo,Confirmado,,2026-05-20 22:57:33,2026-06-30 05:30:26,,119,,111113612603105,111113612603105
2332,Deposito,24.00,2026-05-20 22:57:50,Efectivo,Confirmado,,2026-05-20 22:57:50,2026-06-30 05:30:26,,120,,111113612603105,111113612603105
2333,Deposito,20.00,2026-05-20 22:58:11,Efectivo,Confirmado,,2026-05-20 22:58:11,2026-06-30 05:30:26,,121,,111113612603105,111113612603105
2334,Deposito,20.00,2026-05-20 23:00:45,Efectivo,Confirmado,,2026-05-20 23:00:45,2026-06-30 05:30:26,,122,,111113612603105,111113612603105
2335,Deposito,20.00,2026-05-20 23:01:02,Efectivo,Confirmado,,2026-05-20 23:01:02,2026-06-30 05:30:26,,123,,111113612603105,111113612603105
2336,Deposito,40.00,2026-05-20 23:01:27,Efectivo,Confirmado,,2026-05-20 23:01:27,2026-06-30 05:30:26,,141,,111113612603105,111113612603105
2337,Deposito,40.00,2026-05-20 23:01:43,Efectivo,Confirmado,,2026-05-20 23:01:43,2026-06-30 05:30:26,,284,,111113612603105,111113612603105
2338,Deposito,34.00,2026-05-20 23:02:01,Efectivo,Confirmado,,2026-05-20 23:02:01,2026-06-30 05:30:26,,142,,111113612603105,111113612603105
2339,Deposito,34.00,2026-05-20 23:02:54,Efectivo,Confirmado,,2026-05-20 23:02:54,2026-06-30 05:30:26,,143,,111113612603105,111113612603105
2340,Deposito,34.00,2026-05-20 23:03:08,Efectivo,Confirmado,,2026-05-20 23:03:08,2026-06-30 05:30:26,,144,,111113612603105,111113612603105
2341,Deposito,34.00,2026-05-20 23:03:45,Efectivo,Confirmado,,2026-05-20 23:03:45,2026-06-30 05:30:26,,145,,111113612603105,111113612603105
2342,Deposito,20.00,2026-05-20 23:08:24,Efectivo,Confirmado,,2026-05-20 23:08:24,2026-06-30 05:30:26,,113,,111113612603105,111113612603105
2343,Deposito,70.00,2026-05-20 23:08:42,Efectivo,Confirmado,,2026-05-20 23:08:42,2026-06-30 05:30:26,,114,,111113612603105,111113612603105
2344,Deposito,300.00,2026-05-20 23:09:15,Efectivo,Confirmado,,2026-05-20 23:09:15,2026-06-30 05:30:26,,115,,111113612603105,111113612603105
2345,Deposito,580.00,2026-05-20 23:09:29,Efectivo,Confirmado,,2026-05-20 23:09:29,2026-06-30 05:30:26,,116,,111113612603105,111113612603105
2346,Deposito,27.00,2026-05-20 23:09:51,Efectivo,Confirmado,,2026-05-20 23:09:51,2026-06-30 05:30:26,,117,,111113612603105,111113612603105
2347,Deposito,32.00,2026-05-20 23:10:06,Efectivo,Confirmado,,2026-05-20 23:10:06,2026-06-30 05:30:26,,118,,111113612603105,111113612603105
2348,Deposito,20.00,2026-05-20 23:11:35,Efectivo,Confirmado,,2026-05-20 23:11:35,2026-06-30 05:30:26,,135,,111113612603105,111113612603105
2349,Deposito,30.00,2026-05-20 23:11:54,Efectivo,Confirmado,,2026-05-20 23:11:54,2026-06-30 05:30:26,,136,,111113612603105,111113612603105
2350,Deposito,24.00,2026-05-20 23:12:08,Efectivo,Confirmado,,2026-05-20 23:12:08,2026-06-30 05:30:26,,137,,111113612603105,111113612603105
2351,Deposito,20.00,2026-05-20 23:12:22,Efectivo,Confirmado,,2026-05-20 23:12:22,2026-06-30 05:30:26,,138,,111113612603105,111113612603105
2352,Deposito,20.00,2026-05-20 23:13:07,Efectivo,Confirmado,,2026-05-20 23:13:07,2026-06-30 05:30:26,,138,,111113612603105,111113612603105
2353,Deposito,20.00,2026-05-20 23:13:30,Efectivo,Confirmado,,2026-05-20 23:13:30,2026-06-30 05:30:26,,286,,111113612603105,111113612603105
2354,Deposito,22.00,2026-05-20 23:13:49,Efectivo,Confirmado,,2026-05-20 23:13:49,2026-06-30 05:30:26,,287,,111113612603105,111113612603105
2355,Deposito,20.00,2026-05-20 23:14:08,Efectivo,Confirmado,,2026-05-20 23:14:08,2026-06-30 05:30:26,,140,,111113612603105,111113612603105
2356,Deposito,30.00,2026-05-20 23:14:23,Efectivo,Confirmado,,2026-05-20 23:14:23,2026-06-30 05:30:26,,395,,111113612603105,111113612603105
2357,Deposito,20.00,2026-05-20 23:15:19,Efectivo,Confirmado,,2026-05-20 23:15:19,2026-06-30 05:30:26,,125,,111113612603105,111113612603105
2358,Deposito,20.00,2026-05-20 23:15:31,Efectivo,Confirmado,,2026-05-20 23:15:31,2026-06-30 05:30:26,,285,,111113612603105,111113612603105
2359,Deposito,20.00,2026-05-20 23:15:53,Efectivo,Confirmado,,2026-05-20 23:15:53,2026-06-30 05:30:26,,126,,111113612603105,111113612603105
2360,Deposito,20.00,2026-05-20 23:16:10,Efectivo,Confirmado,,2026-05-20 23:16:10,2026-06-30 05:30:26,,127,,111113612603105,111113612603105
2361,Deposito,20.00,2026-05-20 23:16:26,Efectivo,Confirmado,,2026-05-20 23:16:26,2026-06-30 05:30:26,,128,,111113612603105,111113612603105
2362,Deposito,20.00,2026-05-20 23:16:47,Efectivo,Confirmado,,2026-05-20 23:16:47,2026-06-30 05:30:26,,129,,111113612603105,111113612603105
2363,Deposito,20.00,2026-05-20 23:17:07,Efectivo,Confirmado,,2026-05-20 23:17:07,2026-06-30 05:30:26,,130,,111113612603105,111113612603105
2364,Deposito,20.00,2026-05-20 23:18:00,Efectivo,Confirmado,,2026-05-20 23:18:00,2026-06-30 05:30:26,,132,,111113612603105,111113612603105
2365,Deposito,20.00,2026-05-20 23:18:19,Efectivo,Confirmado,,2026-05-20 23:18:19,2026-06-30 05:30:27,,133,,111113612603105,111113612603105
2366,Deposito,20.00,2026-05-21 22:31:14,Efectivo,Confirmado,,2026-05-21 22:31:14,2026-06-30 05:30:27,,280,,111113612603105,111113612603105
2367,Deposito,20.00,2026-05-21 22:31:37,Efectivo,Confirmado,,2026-05-21 22:31:37,2026-06-30 05:30:27,,158,,111113612603105,111113612603105
2368,Deposito,18.00,2026-05-21 22:32:01,Efectivo,Confirmado,,2026-05-21 22:32:01,2026-06-30 05:30:27,,281,,111113612603105,111113612603105
2369,Deposito,34.00,2026-05-21 22:34:03,Efectivo,Confirmado,,2026-05-21 22:34:03,2026-06-30 05:30:27,,159,,111113612603105,111113612603105
2370,Deposito,20.00,2026-05-21 22:34:47,Efectivo,Confirmado,,2026-05-21 22:34:47,2026-06-30 05:30:27,,326,,111113612603105,111113612603105
2371,Deposito,24.00,2026-05-21 22:36:37,Efectivo,Confirmado,,2026-05-21 22:36:37,2026-06-30 05:30:27,,162,,111113612603105,111113612603105
2372,Deposito,24.00,2026-05-21 22:36:52,Efectivo,Confirmado,,2026-05-21 22:36:52,2026-06-30 05:30:27,,163,,111113612603105,111113612603105
2373,Deposito,100.00,2026-05-21 22:39:49,Efectivo,Confirmado,,2026-05-21 22:39:49,2026-06-30 05:30:27,,189,,111113612603105,111113612603105
2374,Deposito,80.00,2026-05-21 22:40:15,Efectivo,Confirmado,,2026-05-21 22:40:15,2026-06-30 05:30:27,,289,,111113612603105,111113612603105
2375,Deposito,20.00,2026-05-21 22:40:32,Efectivo,Confirmado,,2026-05-21 22:40:32,2026-06-30 05:30:27,,191,,111113612603105,111113612603105
2376,Deposito,30.00,2026-05-21 22:40:58,Efectivo,Confirmado,,2026-05-21 22:40:58,2026-06-30 05:30:27,,192,,111113612603105,111113612603105
2377,Deposito,10.00,2026-05-21 22:43:00,Efectivo,Confirmado,,2026-05-21 22:43:00,2026-06-30 05:30:27,,194,,111113612603105,111113612603105
2378,Deposito,25.00,2026-05-21 22:43:20,Efectivo,Confirmado,,2026-05-21 22:43:20,2026-06-30 05:30:27,,269,,111113612603105,111113612603105
2379,Deposito,53.00,2026-05-21 22:43:39,Efectivo,Confirmado,,2026-05-21 22:43:39,2026-06-30 05:30:27,,195,,111113612603105,111113612603105
2380,Deposito,20.00,2026-05-21 22:44:16,Efectivo,Confirmado,,2026-05-21 22:44:16,2026-06-30 05:30:27,,196,,111113612603105,111113612603105
2381,Deposito,74.00,2026-05-21 22:44:32,Efectivo,Confirmado,,2026-05-21 22:44:32,2026-06-30 05:30:27,,200,,111113612603105,111113612603105
2382,Deposito,20.00,2026-05-21 22:44:56,Efectivo,Confirmado,,2026-05-21 22:44:56,2026-06-30 05:30:27,,180,,111113612603105,111113612603105
2383,Deposito,30.00,2026-05-21 22:45:13,Efectivo,Confirmado,,2026-05-21 22:45:13,2026-06-30 05:30:27,,181,,111113612603105,111113612603105
2384,Deposito,40.00,2026-05-21 22:45:56,Efectivo,Confirmado,,2026-05-21 22:45:56,2026-06-30 05:30:27,,268,,111113612603105,111113612603105
2385,Deposito,44.00,2026-05-21 22:46:12,Efectivo,Confirmado,,2026-05-21 22:46:12,2026-06-30 05:30:27,,185,,111113612603105,111113612603105
2386,Deposito,60.00,2026-05-21 22:51:20,Efectivo,Confirmado,,2026-05-21 22:51:20,2026-06-30 05:30:27,,193,,111113612603105,111113612603105
2387,Deposito,44.00,2026-05-21 22:51:52,Efectivo,Confirmado,,2026-05-21 22:51:52,2026-06-30 05:30:27,,185,,111113612603105,111113612603105
2388,Deposito,30.00,2026-05-21 22:52:09,Efectivo,Confirmado,,2026-05-21 22:52:09,2026-06-30 05:30:27,,290,,111113612603105,111113612603105
2389,Deposito,20.00,2026-05-21 22:52:31,Efectivo,Confirmado,,2026-05-21 22:52:31,2026-06-30 05:30:27,,291,,111113612603105,111113612603105
2390,Deposito,50.00,2026-05-21 22:52:45,Efectivo,Confirmado,,2026-05-21 22:52:45,2026-06-30 05:30:27,,187,,111113612603105,111113612603105
2391,Deposito,60.00,2026-05-21 22:53:00,Efectivo,Confirmado,,2026-05-21 22:53:00,2026-06-30 05:30:27,,188,,111113612603105,111113612603105
2392,Deposito,60.00,2026-05-21 22:53:17,Efectivo,Confirmado,,2026-05-21 22:53:17,2026-06-30 05:30:27,,292,,111113612603105,111113612603105
2393,Deposito,44.00,2026-05-21 23:01:52,Efectivo,Confirmado,,2026-05-21 23:01:52,2026-06-30 05:30:27,,164,,111113612603105,111113612603105
2394,Deposito,16.00,2026-05-21 23:02:20,Efectivo,Confirmado,,2026-05-21 23:02:20,2026-06-30 05:30:27,,165,,111113612603105,111113612603105
2395,Deposito,52.00,2026-05-21 23:02:36,Efectivo,Confirmado,,2026-05-21 23:02:36,2026-06-30 05:30:27,,166,,111113612603105,111113612603105
2396,Deposito,22.00,2026-05-21 23:02:50,Efectivo,Confirmado,,2026-05-21 23:02:50,2026-06-30 05:30:27,,167,,111113612603105,111113612603105
2397,Deposito,24.00,2026-05-21 23:06:38,Efectivo,Confirmado,,2026-05-21 23:06:38,2026-06-30 05:30:27,,293,,111113612603105,111113612603105
2398,Deposito,10.00,2026-05-21 23:06:54,Efectivo,Confirmado,,2026-05-21 23:06:54,2026-06-30 05:30:27,,173,,111113612603105,111113612603105
2399,Deposito,42.00,2026-05-21 23:07:14,Efectivo,Confirmado,,2026-05-21 23:07:14,2026-06-30 05:30:27,,177,,111113612603105,111113612603105
2400,Deposito,62.00,2026-05-21 23:09:34,Efectivo,Confirmado,,2026-05-21 23:09:34,2026-06-30 05:30:27,,179,,111113612603105,111113612603105
2401,Deposito,62.00,2026-05-21 23:09:52,Efectivo,Confirmado,,2026-05-21 23:09:52,2026-06-30 05:30:27,,294,,111113612603105,111113612603105
2402,Deposito,62.00,2026-05-21 23:10:11,Efectivo,Confirmado,,2026-05-21 23:10:11,2026-06-30 05:30:27,,295,,111113612603105,111113612603105
2403,Deposito,20.00,2026-05-21 23:10:43,Efectivo,Confirmado,,2026-05-21 23:10:43,2026-06-30 05:30:27,,168,,111113612603105,111113612603105
2404,Deposito,30.00,2026-05-21 23:10:59,Efectivo,Confirmado,,2026-05-21 23:10:59,2026-06-30 05:30:27,,169,,111113612603105,111113612603105
2405,Deposito,20.00,2026-05-21 23:11:13,Efectivo,Confirmado,,2026-05-21 23:11:13,2026-06-30 05:30:27,,170,,111113612603105,111113612603105
2406,Deposito,20.00,2026-05-21 23:11:29,Efectivo,Confirmado,,2026-05-21 23:11:29,2026-06-30 05:30:27,,171,,111113612603105,111113612603105
2407,Deposito,68.00,2026-05-21 23:12:52,Efectivo,Confirmado,,2026-05-21 23:12:52,2026-06-30 05:30:27,,257,,111113612603105,111113612603105
2408,Deposito,40.00,2026-05-21 23:13:05,Efectivo,Confirmado,,2026-05-21 23:13:05,2026-06-30 05:30:27,,258,,111113612603105,111113612603105
2409,Deposito,150.00,2026-05-21 23:13:22,Efectivo,Confirmado,,2026-05-21 23:13:22,2026-06-30 05:30:27,,259,,111113612603105,111113612603105
2410,Deposito,34.00,2026-05-21 23:13:35,Efectivo,Confirmado,,2026-05-21 23:13:35,2026-06-30 05:30:27,,260,,111113612603105,111113612603105
2411,Deposito,34.00,2026-05-21 23:13:53,Efectivo,Confirmado,,2026-05-21 23:13:53,2026-06-30 05:30:27,,261,,111113612603105,111113612603105
2412,Deposito,15.00,2026-05-21 23:14:36,Efectivo,Confirmado,,2026-05-21 23:14:36,2026-06-30 05:30:27,,240,,111113612603105,111113612603105
2413,Deposito,27.00,2026-05-21 23:14:53,Efectivo,Confirmado,,2026-05-21 23:14:53,2026-06-30 05:30:27,,241,,111113612603105,111113612603105
2414,Deposito,53.00,2026-05-21 23:15:06,Efectivo,Confirmado,,2026-05-21 23:15:06,2026-06-30 05:30:27,,242,,111113612603105,111113612603105
2415,Deposito,20.00,2026-05-21 23:15:20,Efectivo,Confirmado,,2026-05-21 23:15:20,2026-06-30 05:30:27,,243,,111113612603105,111113612603105
2416,Deposito,15.00,2026-05-21 23:15:36,Efectivo,Confirmado,,2026-05-21 23:15:36,2026-06-30 05:30:27,,244,,111113612603105,111113612603105
2417,Deposito,10.00,2026-05-21 23:15:50,Efectivo,Confirmado,,2026-05-21 23:15:50,2026-06-30 05:30:27,,245,,111113612603105,111113612603105
2418,Deposito,10.00,2026-05-21 23:16:04,Efectivo,Confirmado,,2026-05-21 23:16:04,2026-06-30 05:30:27,,246,,111113612603105,111113612603105
2419,Deposito,14.00,2026-05-21 23:16:19,Efectivo,Confirmado,,2026-05-21 23:16:19,2026-06-30 05:30:27,,248,,111113612603105,111113612603105
2420,Deposito,31.50,2026-05-21 23:16:34,Efectivo,Confirmado,,2026-05-21 23:16:34,2026-06-30 05:30:27,,249,,111113612603105,111113612603105
2421,Deposito,16.00,2026-05-21 23:16:56,Efectivo,Confirmado,,2026-05-21 23:16:56,2026-06-30 05:30:27,,250,,111113612603105,111113612603105
2422,Deposito,10.00,2026-05-21 23:17:22,Efectivo,Confirmado,,2026-05-21 23:17:22,2026-06-30 05:30:27,,251,,111113612603105,111113612603105
2423,Deposito,20.00,2026-05-21 23:17:35,Efectivo,Confirmado,,2026-05-21 23:17:35,2026-06-30 05:30:27,,252,,111113612603105,111113612603105
2424,Deposito,20.00,2026-05-21 23:17:51,Efectivo,Confirmado,,2026-05-21 23:17:51,2026-06-30 05:30:27,,253,,111113612603105,111113612603105
2425,Deposito,30.00,2026-05-21 23:18:03,Efectivo,Confirmado,,2026-05-21 23:18:03,2026-06-30 05:30:27,,256,,111113612603105,111113612603105
2426,Deposito,201.50,2026-05-22 21:36:54,Efectivo,Confirmado,,2026-05-22 21:36:54,2026-06-30 05:30:27,,264,,111113612603105,111113612603105
2427,Deposito,55.00,2026-05-22 21:38:32,Efectivo,Confirmado,,2026-05-22 21:38:32,2026-06-30 05:30:27,,265,,111113612603105,111113612603105
2428,Deposito,20.00,2026-05-22 21:47:55,Efectivo,Confirmado,,2026-05-22 21:47:55,2026-06-30 05:30:27,,262,,111113612603105,111113612603105
2429,Deposito,20.00,2026-05-22 21:48:10,Efectivo,Confirmado,,2026-05-22 21:48:10,2026-06-30 05:30:27,,263,,111113612603105,111113612603105
2430,Deposito,52.00,2026-05-22 22:23:49,Efectivo,Confirmado,,2026-05-22 22:23:49,2026-06-30 05:30:27,,225,,111113612603105,111113612603105
2431,Deposito,68.00,2026-05-22 22:24:08,Efectivo,Confirmado,,2026-05-22 22:24:08,2026-06-30 05:30:27,,304,,111113612603105,111113612603105
2432,Deposito,124.00,2026-05-22 22:24:24,Efectivo,Confirmado,,2026-05-22 22:24:24,2026-06-30 05:30:27,,226,,111113612603105,111113612603105
2433,Deposito,102.00,2026-05-22 22:25:01,Efectivo,Confirmado,,2026-05-22 22:25:01,2026-06-30 05:30:27,,227,,111113612603105,111113612603105
2434,Deposito,36.00,2026-05-22 22:25:30,Efectivo,Confirmado,,2026-05-22 22:25:30,2026-06-30 05:30:27,,228,,111113612603105,111113612603105
2435,Deposito,20.00,2026-05-22 22:25:46,Efectivo,Confirmado,,2026-05-22 22:25:46,2026-06-30 05:30:27,,303,,111113612603105,111113612603105
2436,Deposito,20.00,2026-05-22 22:26:04,Efectivo,Confirmado,,2026-05-22 22:26:04,2026-06-30 05:30:27,,229,,111113612603105,111113612603105
2437,Deposito,20.00,2026-05-22 22:26:20,Efectivo,Confirmado,,2026-05-22 22:26:20,2026-06-30 05:30:27,,230,,111113612603105,111113612603105
2438,Deposito,20.00,2026-05-22 22:29:26,Efectivo,Confirmado,,2026-05-22 22:29:26,2026-06-30 05:30:27,,231,,111113612603105,111113612603105
2439,Deposito,40.00,2026-05-22 22:29:47,Efectivo,Confirmado,,2026-05-22 22:29:47,2026-06-30 05:30:27,,232,,111113612603105,111113612603105
2440,Deposito,10.00,2026-05-22 22:30:06,Efectivo,Confirmado,,2026-05-22 22:30:06,2026-06-30 05:30:27,,233,,111113612603105,111113612603105
2441,Deposito,32.00,2026-05-22 22:30:20,Efectivo,Confirmado,,2026-05-22 22:30:20,2026-06-30 05:30:27,,234,,111113612603105,111113612603105
2442,Deposito,30.00,2026-05-22 22:30:36,Efectivo,Confirmado,,2026-05-22 22:30:36,2026-06-30 05:30:27,,235,,111113612603105,111113612603105
2443,Deposito,20.00,2026-05-22 22:30:52,Efectivo,Confirmado,,2026-05-22 22:30:52,2026-06-30 05:30:27,,236,,111113612603105,111113612603105
2444,Deposito,20.00,2026-05-22 22:31:17,Efectivo,Confirmado,,2026-05-22 22:31:17,2026-06-30 05:30:27,,376,,111113612603105,111113612603105
2445,Deposito,15.00,2026-05-22 22:31:31,Efectivo,Confirmado,,2026-05-22 22:31:31,2026-06-30 05:30:27,,328,,111113612603105,111113612603105
2446,Deposito,40.00,2026-05-22 22:34:48,Efectivo,Confirmado,,2026-05-22 22:34:48,2026-06-30 05:30:27,,238,,111113612603105,111113612603105
2447,Deposito,40.00,2026-05-22 22:35:06,Efectivo,Confirmado,,2026-05-22 22:35:06,2026-06-30 05:30:27,,239,,111113612603105,111113612603105
2448,apertura,0.00,2026-05-22 22:35:29,Sistema,Confirmado,,2026-05-22 22:35:29,2026-05-22 22:35:29,,405,,,
2449,Deposito,20.00,2026-05-22 22:35:29,Efectivo,Confirmado,,2026-05-22 22:35:29,2026-06-30 05:30:27,,405,,111113612603105,111113612603105
2450,Deposito,50.00,2026-05-22 22:39:17,Efectivo,Confirmado,,2026-05-22 22:39:17,2026-06-30 05:30:27,,340,,111113612603105,111113612603105
2451,Deposito,20.00,2026-05-22 22:39:33,Efectivo,Confirmado,,2026-05-22 22:39:33,2026-06-30 05:30:27,,385,,111113612603105,111113612603105
2452,Deposito,44.00,2026-05-22 22:39:48,Efectivo,Confirmado,,2026-05-22 22:39:48,2026-06-30 05:30:27,,341,,111113612603105,111113612603105
2453,Deposito,20.00,2026-05-22 22:40:03,Efectivo,Confirmado,,2026-05-22 22:40:03,2026-06-30 05:30:27,,201,,111113612603105,111113612603105
2454,Deposito,20.00,2026-05-22 22:40:18,Efectivo,Confirmado,,2026-05-22 22:40:18,2026-06-30 05:30:27,,202,,111113612603105,111113612603105
2455,Deposito,20.00,2026-05-22 22:40:36,Efectivo,Confirmado,,2026-05-22 22:40:36,2026-06-30 05:30:27,,342,,111113612603105,111113612603105
2456,Deposito,20.00,2026-05-22 22:40:59,Efectivo,Confirmado,,2026-05-22 22:40:59,2026-06-30 05:30:27,,343,,111113612603105,111113612603105
2457,Deposito,100.00,2026-05-22 22:41:14,Efectivo,Confirmado,,2026-05-22 22:41:14,2026-06-30 05:30:27,,344,,111113612603105,111113612603105
2458,Deposito,114.00,2026-05-22 22:41:28,Efectivo,Confirmado,,2026-05-22 22:41:28,2026-06-30 05:30:27,,345,,111113612603105,111113612603105
2459,Deposito,152.00,2026-05-25 15:31:53,Efectivo,Confirmado,,2026-05-25 15:31:53,2026-06-30 05:30:27,,157,,111113612603105,111113612603105
2460,Retiro,266.00,2026-05-25 15:33:00,Efectivo,Confirmado,,2026-05-25 15:33:01,2026-06-30 05:30:27,2026-05-25 21:33:00,157,,111113612603105,111113612603105
2461,Deposito,250.00,2026-05-25 15:41:31,Efectivo,Confirmado,,2026-05-25 15:41:31,2026-06-30 05:30:27,,53,,111113612603105,111113612603105
2462,Retiro,330.00,2026-05-25 15:42:44,Efectivo,Confirmado,,2026-05-25 15:42:44,2026-06-30 05:30:27,2026-05-25 21:42:44,53,,111113612603105,111113612603105
2463,Deposito,200.00,2026-05-25 15:55:58,Efectivo,Confirmado,,2026-05-25 15:55:58,2026-06-30 05:30:27,,162,,111113612603105,111113612603105
2464,Deposito,200.00,2026-05-25 15:56:17,Efectivo,Confirmado,,2026-05-25 15:56:17,2026-06-30 05:30:27,,163,,111113612603105,111113612603105
2465,Retiro,320.00,2026-05-25 15:59:14,Efectivo,Confirmado,,2026-05-25 15:59:13,2026-06-30 05:30:27,2026-05-25 21:59:14,162,,111113612603105,111113612603105
2466,Retiro,320.00,2026-05-25 15:59:14,Efectivo,Confirmado,,2026-05-25 15:59:13,2026-06-30 05:30:27,2026-05-25 21:59:14,163,,111113612603105,111113612603105
2467,Deposito,180.00,2026-05-25 16:43:28,Efectivo,Confirmado,,2026-05-25 16:43:28,2026-06-30 05:30:27,,122,,111113612603105,111113612603105
2468,Deposito,120.00,2026-05-25 16:43:45,Efectivo,Confirmado,,2026-05-25 16:43:45,2026-06-30 05:30:28,,124,,111113612603105,111113612603105
2469,Retiro,300.00,2026-05-25 16:47:05,Efectivo,Confirmado,,2026-05-25 16:47:04,2026-06-30 05:30:28,2026-05-25 22:47:05,122,,111113612603105,111113612603105
2470,Retiro,220.00,2026-05-25 16:47:05,Efectivo,Confirmado,,2026-05-25 16:47:04,2026-06-30 05:30:28,2026-05-25 22:47:05,124,,111113612603105,111113612603105
2471,Deposito,360.00,2026-05-25 17:16:20,Efectivo,Confirmado,,2026-05-25 17:16:20,2026-06-30 05:30:28,,235,,111113612603105,111113612603105
2472,Retiro,400.00,2026-05-25 17:18:51,Efectivo,Confirmado,,2026-05-25 17:18:50,2026-06-30 05:30:28,2026-05-25 23:18:51,235,,111113612603105,111113612603105
2473,Deposito,228.00,2026-05-25 17:55:21,Efectivo,Confirmado,,2026-05-25 17:55:21,2026-06-30 05:30:28,,35,,111113612603105,111113612603105
2474,Deposito,216.00,2026-05-25 17:55:59,Efectivo,Confirmado,,2026-05-25 17:55:59,2026-06-30 05:30:28,,34,,111113612603105,111113612603105
2475,Deposito,232.00,2026-05-25 17:56:32,Efectivo,Confirmado,,2026-05-25 17:56:32,2026-06-30 05:30:28,,36,,111113612603105,111113612603105
2476,Retiro,464.00,2026-05-25 17:58:36,Efectivo,Confirmado,,2026-05-25 17:58:35,2026-06-30 05:30:28,2026-05-25 23:58:36,35,,111113612603105,111113612603105
2477,Retiro,435.50,2026-05-25 17:58:36,Efectivo,Confirmado,,2026-05-25 17:58:35,2026-06-30 05:30:28,2026-05-25 23:58:36,34,,111113612603105,111113612603105
2478,Retiro,498.00,2026-05-25 17:58:36,Efectivo,Confirmado,,2026-05-25 17:58:35,2026-06-30 05:30:28,2026-05-25 23:58:36,36,,111113612603105,111113612603105
2479,Deposito,280.00,2026-05-25 18:08:14,Efectivo,Confirmado,,2026-05-25 18:08:14,2026-06-30 05:30:28,,129,,111113612603105,111113612603105
2480,Retiro,370.00,2026-05-25 18:09:38,Efectivo,Confirmado,,2026-05-25 18:09:38,2026-06-30 05:30:28,2026-05-26 00:09:38,129,,111113612603105,111113612603105
2481,Deposito,350.00,2026-05-25 18:23:01,Efectivo,Confirmado,,2026-05-25 18:23:01,2026-06-30 05:30:28,,181,,111113612603105,111113612603105
2482,Deposito,340.00,2026-05-25 18:23:32,Efectivo,Confirmado,,2026-05-25 18:23:32,2026-06-30 05:30:28,,291,,111113612603105,111113612603105
2483,Retiro,508.00,2026-05-25 18:25:26,Efectivo,Confirmado,,2026-05-25 18:25:26,2026-06-30 05:30:28,2026-05-26 00:25:26,181,,111113612603105,111113612603105
2484,Retiro,420.00,2026-05-25 18:25:26,Efectivo,Confirmado,,2026-05-25 18:25:26,2026-06-30 05:30:28,2026-05-26 00:25:26,291,,111113612603105,111113612603105
2485,Deposito,180.00,2026-05-25 18:28:35,Efectivo,Confirmado,,2026-05-25 18:28:35,2026-06-30 05:30:28,,247,,111113612603105,111113612603105
2486,Retiro,240.00,2026-05-25 18:29:27,Efectivo,Confirmado,,2026-05-25 18:29:26,2026-06-30 05:30:28,2026-05-26 00:29:27,247,,111113612603105,111113612603105
2487,Deposito,280.00,2026-05-25 21:42:36,Efectivo,Confirmado,,2026-05-25 21:42:36,2026-06-30 05:30:28,,141,,111113612603105,111113612603105
2488,Deposito,140.00,2026-05-25 21:43:01,Efectivo,Confirmado,,2026-05-25 21:43:01,2026-06-30 05:30:28,,284,,111113612603105,111113612603105
2489,Deposito,238.00,2026-05-25 21:43:33,Efectivo,Confirmado,,2026-05-25 21:43:33,2026-06-30 05:30:28,,143,,111113612603105,111113612603105
2490,Deposito,238.00,2026-05-25 21:43:56,Efectivo,Confirmado,,2026-05-25 21:43:56,2026-06-30 05:30:28,,142,,111113612603105,111113612603105
2491,Retiro,240.00,2026-05-25 21:56:46,Efectivo,Confirmado,,2026-05-25 21:56:46,2026-06-30 05:30:28,2026-05-26 03:56:46,284,,111113612603105,111113612603105
2492,Retiro,476.00,2026-05-25 21:56:46,Efectivo,Confirmado,,2026-05-25 21:56:46,2026-06-30 05:30:28,2026-05-26 03:56:46,143,,111113612603105,111113612603105
2493,Retiro,560.00,2026-05-25 21:56:46,Efectivo,Confirmado,,2026-05-25 21:56:46,2026-06-30 05:30:28,2026-05-26 03:56:46,141,,111113612603105,111113612603105
2494,Retiro,476.00,2026-05-25 21:56:46,Efectivo,Confirmado,,2026-05-25 21:56:46,2026-06-30 05:30:28,2026-05-26 03:56:46,142,,111113612603105,111113612603105
2495,Deposito,68.00,2026-05-25 22:06:30,Efectivo,Confirmado,,2026-05-25 22:06:30,2026-06-30 05:30:28,,224,,111113612603105,111113612603105
2496,Retiro,68.00,2026-05-25 22:07:32,Efectivo,Confirmado,,2026-05-25 22:07:31,2026-06-30 05:30:28,2026-05-26 04:07:32,224,,111113612603105,111113612603105
2497,Deposito,28.00,2026-05-25 22:17:16,Efectivo,Confirmado,,2026-05-25 22:17:16,2026-06-30 05:30:28,,387,,111113612603105,111113612603105
2498,apertura,0.00,2026-05-25 22:17:45,Sistema,Confirmado,,2026-05-25 22:17:45,2026-05-25 22:17:45,,406,,,
2499,Deposito,32.00,2026-05-25 22:17:45,Efectivo,Confirmado,,2026-05-25 22:17:45,2026-06-30 05:30:28,,406,,111113612603105,111113612603105
2500,Retiro,28.00,2026-05-25 22:20:14,Efectivo,Rechazado,,2026-05-25 22:20:13,2026-06-30 05:29:52,,387,,111113612603105,
2501,Retiro,32.00,2026-05-25 22:20:14,Efectivo,Rechazado,,2026-05-25 22:20:13,2026-06-30 05:29:53,,406,,111113612603105,
2502,Retiro,32.00,2026-05-25 22:28:00,Efectivo,Rechazado,,2026-05-25 22:27:59,2026-06-30 05:29:53,,406,,111113612603105,
2503,Retiro,28.00,2026-05-25 22:42:49,Efectivo,Confirmado,,2026-05-25 22:42:49,2026-06-30 05:30:28,2026-05-26 04:42:49,387,,111113612603105,111113612603105
2504,Retiro,32.00,2026-05-25 22:42:49,Efectivo,Confirmado,,2026-05-25 22:42:49,2026-06-30 05:30:28,2026-05-26 04:42:49,406,,111113612603105,111113612603105
2505,Deposito,62.00,2026-05-25 22:51:46,Efectivo,Confirmado,,2026-05-25 22:51:46,2026-06-30 05:30:28,,24,,111113612603105,111113612603105
2506,Deposito,62.00,2026-05-25 22:52:00,Efectivo,Confirmado,,2026-05-25 22:52:00,2026-06-30 05:30:28,,25,,111113612603105,111113612603105
2507,Deposito,62.00,2026-05-25 22:52:13,Efectivo,Confirmado,,2026-05-25 22:52:13,2026-06-30 05:30:28,,26,,111113612603105,111113612603105
2508,Deposito,62.00,2026-05-25 22:52:30,Efectivo,Confirmado,,2026-05-25 22:52:30,2026-06-30 05:30:28,,276,,111113612603105,111113612603105
2509,Deposito,62.00,2026-05-25 22:52:50,Efectivo,Confirmado,,2026-05-25 22:52:50,2026-06-30 05:30:28,,277,,111113612603105,111113612603105
2510,Deposito,20.00,2026-05-25 22:53:04,Efectivo,Confirmado,,2026-05-25 22:53:04,2026-06-30 05:30:28,,27,,111113612603105,111113612603105
2511,Deposito,60.00,2026-05-25 22:53:24,Efectivo,Confirmado,,2026-05-25 22:53:24,2026-06-30 05:30:28,,28,,111113612603105,111113612603105
2512,Deposito,20.00,2026-05-25 22:54:35,Efectivo,Confirmado,,2026-05-25 22:54:35,2026-06-30 05:30:28,,29,,111113612603105,111113612603105
2513,Deposito,60.00,2026-05-25 22:55:02,Efectivo,Confirmado,,2026-05-25 22:55:02,2026-06-30 05:30:28,,399,,111113612603105,111113612603105
2514,Deposito,35.00,2026-05-25 22:56:44,Efectivo,Confirmado,,2026-05-25 22:56:44,2026-06-30 05:30:28,,1,,111113612603105,111113612603105
2515,Deposito,32.00,2026-05-25 22:56:59,Efectivo,Confirmado,,2026-05-25 22:56:59,2026-06-30 05:30:28,,2,,111113612603105,111113612603105
2516,Deposito,32.00,2026-05-25 22:57:16,Efectivo,Confirmado,,2026-05-25 22:57:16,2026-06-30 05:30:28,,3,,111113612603105,111113612603105
2517,Deposito,62.00,2026-05-25 22:57:35,Efectivo,Confirmado,,2026-05-25 22:57:35,2026-06-30 05:30:28,,4,,111113612603105,111113612603105
2518,Deposito,20.00,2026-05-25 23:12:37,Efectivo,Confirmado,,2026-05-25 23:12:37,2026-06-30 05:30:28,,403,,111113612603105,111113612603105
2519,Deposito,20.00,2026-05-25 23:13:04,Efectivo,Confirmado,,2026-05-25 23:13:04,2026-06-30 05:30:28,,126,,111113612603105,111113612603105
2520,Deposito,20.00,2026-05-25 23:13:29,Efectivo,Confirmado,,2026-05-25 23:13:29,2026-06-30 05:30:28,,368,,111113612603105,111113612603105
2521,Deposito,20.00,2026-05-25 23:13:44,Efectivo,Confirmado,,2026-05-25 23:13:44,2026-06-30 05:30:28,,5,,111113612603105,111113612603105
2522,Deposito,20.00,2026-05-25 23:14:04,Efectivo,Confirmado,,2026-05-25 23:14:04,2026-06-30 05:30:28,,6,,111113612603105,111113612603105
2523,Deposito,20.00,2026-05-25 23:14:20,Efectivo,Confirmado,,2026-05-25 23:14:20,2026-06-30 05:30:28,,7,,111113612603105,111113612603105
2524,Deposito,16.00,2026-05-25 23:14:45,Efectivo,Confirmado,,2026-05-25 23:14:45,2026-06-30 05:30:28,,8,,111113612603105,111113612603105
2525,Deposito,12.00,2026-05-25 23:15:09,Efectivo,Confirmado,,2026-05-25 23:15:09,2026-06-30 05:30:28,,9,,111113612603105,111113612603105
2526,Deposito,20.00,2026-05-25 23:15:22,Efectivo,Confirmado,,2026-05-25 23:15:22,2026-06-30 05:30:28,,10,,111113612603105,111113612603105
2527,Deposito,20.00,2026-05-25 23:15:44,Efectivo,Confirmado,,2026-05-25 23:15:44,2026-06-30 05:30:28,,11,,111113612603105,111113612603105
2528,Deposito,20.00,2026-05-25 23:16:08,Efectivo,Confirmado,,2026-05-25 23:16:08,2026-06-30 05:30:28,,12,,111113612603105,111113612603105
2529,Deposito,20.00,2026-05-25 23:16:31,Efectivo,Confirmado,,2026-05-25 23:16:31,2026-06-30 05:30:28,,13,,111113612603105,111113612603105
2530,Deposito,60.00,2026-05-25 23:16:47,Efectivo,Confirmado,,2026-05-25 23:16:47,2026-06-30 05:30:28,,14,,111113612603105,111113612603105
2531,Deposito,20.00,2026-05-25 23:17:02,Efectivo,Confirmado,,2026-05-25 23:17:02,2026-06-30 05:30:28,,15,,111113612603105,111113612603105
2532,Deposito,20.00,2026-05-25 23:17:21,Efectivo,Confirmado,,2026-05-25 23:17:21,2026-06-30 05:30:28,,16,,111113612603105,111113612603105
2533,Deposito,20.00,2026-05-25 23:17:36,Efectivo,Confirmado,,2026-05-25 23:17:36,2026-06-30 05:30:28,,18,,111113612603105,111113612603105
2534,apertura,0.00,2026-05-25 23:17:54,Sistema,Confirmado,,2026-05-25 23:17:54,2026-05-25 23:17:54,,407,,,
2535,Deposito,20.00,2026-05-25 23:17:54,Efectivo,Confirmado,,2026-05-25 23:17:54,2026-06-30 05:30:28,,407,,111113612603105,111113612603105
2536,Deposito,20.00,2026-05-25 23:18:13,Efectivo,Confirmado,,2026-05-25 23:18:13,2026-06-30 05:30:28,,19,,111113612603105,111113612603105
2537,Deposito,20.00,2026-05-25 23:19:27,Efectivo,Confirmado,,2026-05-25 23:19:27,2026-06-30 05:30:28,,20,,111113612603105,111113612603105
2538,Deposito,30.00,2026-05-25 23:19:47,Efectivo,Confirmado,,2026-05-25 23:19:47,2026-06-30 05:30:28,,21,,111113612603105,111113612603105
2539,Deposito,20.00,2026-05-25 23:20:03,Efectivo,Confirmado,,2026-05-25 23:20:03,2026-06-30 05:30:28,,22,,111113612603105,111113612603105
2540,Deposito,45.50,2026-05-25 23:21:48,Efectivo,Confirmado,,2026-05-25 23:21:48,2026-06-30 05:30:28,,34,,111113612603105,111113612603105
2541,Deposito,44.00,2026-05-25 23:22:03,Efectivo,Confirmado,,2026-05-25 23:22:03,2026-06-30 05:30:28,,35,,111113612603105,111113612603105
2542,Deposito,44.00,2026-05-25 23:22:24,Efectivo,Confirmado,,2026-05-25 23:22:24,2026-06-30 05:30:28,,36,,111113612603105,111113612603105
2543,Deposito,52.00,2026-05-25 23:22:39,Efectivo,Confirmado,,2026-05-25 23:22:39,2026-06-30 05:30:28,,335,,111113612603105,111113612603105
2544,Deposito,34.00,2026-05-25 23:23:20,Efectivo,Confirmado,,2026-05-25 23:23:20,2026-06-30 05:30:28,,37,,111113612603105,111113612603105
2545,Deposito,52.00,2026-05-25 23:23:36,Efectivo,Confirmado,,2026-05-25 23:23:36,2026-06-30 05:30:28,,310,,111113612603105,111113612603105
2546,Deposito,52.00,2026-05-25 23:23:57,Efectivo,Confirmado,,2026-05-25 23:23:57,2026-06-30 05:30:28,,309,,111113612603105,111113612603105
2547,Deposito,52.00,2026-05-25 23:24:23,Efectivo,Confirmado,,2026-05-25 23:24:23,2026-06-30 05:30:28,,275,,111113612603105,111113612603105
2548,Deposito,68.00,2026-05-25 23:24:49,Efectivo,Confirmado,,2026-05-25 23:24:49,2026-06-30 05:30:28,,283,,111113612603105,111113612603105
2550,Deposito,52.00,2026-05-25 23:25:27,Efectivo,Confirmado,,2026-05-25 23:25:27,2026-06-30 05:30:28,,388,,111113612603105,111113612603105
2551,Deposito,52.00,2026-05-25 23:25:47,Efectivo,Confirmado,,2026-05-25 23:25:47,2026-06-30 05:30:28,,389,,111113612603105,111113612603105
2552,Deposito,34.00,2026-05-25 23:26:00,Efectivo,Confirmado,,2026-05-25 23:26:00,2026-06-30 05:30:28,,366,,111113612603105,111113612603105
2553,Deposito,24.00,2026-05-25 23:26:45,Efectivo,Confirmado,,2026-05-25 23:26:45,2026-06-30 05:30:28,,400,,111113612603105,111113612603105
2554,Deposito,24.00,2026-05-25 23:26:58,Efectivo,Confirmado,,2026-05-25 23:26:58,2026-06-30 05:30:28,,401,,111113612603105,111113612603105
2555,Deposito,44.00,2026-05-25 23:27:33,Efectivo,Confirmado,,2026-05-25 23:27:33,2026-06-30 05:30:28,,30,,111113612603105,111113612603105
2556,Deposito,44.00,2026-05-25 23:27:50,Efectivo,Confirmado,,2026-05-25 23:27:50,2026-06-30 05:30:28,,32,,111113612603105,111113612603105
2557,Deposito,84.00,2026-05-25 23:28:20,Efectivo,Confirmado,,2026-05-25 23:28:20,2026-06-30 05:30:28,,33,,111113612603105,111113612603105
2558,Deposito,55.00,2026-05-25 23:31:11,Efectivo,Confirmado,,2026-05-25 23:31:11,2026-06-30 05:30:28,,391,,111113612603105,111113612603105
2559,Deposito,55.00,2026-05-25 23:31:32,Efectivo,Confirmado,,2026-05-25 23:31:32,2026-06-30 05:30:28,,274,,111113612603105,111113612603105
2560,Deposito,25.00,2026-05-25 23:32:05,Efectivo,Confirmado,,2026-05-25 23:32:05,2026-06-30 05:30:28,,402,,111113612603105,111113612603105
2561,apertura,0.00,2026-05-25 23:32:27,Sistema,Confirmado,,2026-05-25 23:32:27,2026-05-25 23:32:27,,408,,,
2562,Deposito,55.00,2026-05-25 23:32:27,Efectivo,Confirmado,,2026-05-25 23:32:27,2026-06-30 05:30:28,,408,,111113612603105,111113612603105
2563,Deposito,680.00,2026-05-26 16:33:57,Efectivo,Confirmado,,2026-05-26 16:33:57,2026-06-30 05:30:28,,304,,111113612603105,111113612603105
2564,Deposito,1076.00,2026-05-26 16:34:45,Efectivo,Confirmado,,2026-05-26 16:34:45,2026-06-30 05:30:28,,226,,111113612603105,111113612603105
2565,Deposito,918.00,2026-05-26 16:35:08,Efectivo,Confirmado,,2026-05-26 16:35:08,2026-06-30 05:30:28,,227,,111113612603105,111113612603105
2566,Deposito,50.00,2026-05-26 16:36:45,Efectivo,Confirmado,,2026-05-26 16:36:45,2026-06-30 05:30:28,,226,,111113612603105,111113612603105
2567,Retiro,1632.00,2026-05-26 16:37:31,Efectivo,Confirmado,,2026-05-26 16:37:31,2026-06-30 05:30:28,2026-05-26 22:37:31,227,,111113612603105,111113612603105
2568,Retiro,1994.00,2026-05-26 16:37:31,Efectivo,Confirmado,,2026-05-26 16:37:31,2026-06-30 05:30:28,2026-05-26 22:37:31,226,,111113612603105,111113612603105
2569,Retiro,1088.00,2026-05-26 16:37:31,Efectivo,Confirmado,,2026-05-26 16:37:31,2026-06-30 05:30:28,2026-05-26 22:37:31,304,,111113612603105,111113612603105
2570,Deposito,13.00,2026-05-26 23:30:59,Efectivo,Confirmado,,2026-05-26 23:30:59,2026-06-30 05:30:28,,38,,111113612603105,111113612603105
2571,Deposito,135.00,2026-05-26 23:31:17,Efectivo,Confirmado,,2026-05-26 23:31:17,2026-06-30 05:30:28,,39,,111113612603105,111113612603105
2572,Deposito,127.50,2026-05-26 23:31:37,Efectivo,Confirmado,,2026-05-26 23:31:37,2026-06-30 05:30:28,,40,,111113612603105,111113612603105
2573,Deposito,70.00,2026-05-26 23:31:54,Efectivo,Confirmado,,2026-05-26 23:31:54,2026-06-30 05:30:28,,41,,111113612603105,111113612603105
2574,Deposito,213.00,2026-05-26 23:32:09,Efectivo,Confirmado,,2026-05-26 23:32:09,2026-06-30 05:30:28,,43,,111113612603105,111113612603105
2575,Deposito,55.00,2026-05-26 23:32:26,Efectivo,Confirmado,,2026-05-26 23:32:26,2026-06-30 05:30:28,,44,,111113612603105,111113612603105
2576,Deposito,56.00,2026-05-26 23:32:44,Efectivo,Confirmado,,2026-05-26 23:32:44,2026-06-30 05:30:28,,45,,111113612603105,111113612603105
2577,Deposito,34.00,2026-05-26 23:33:00,Efectivo,Confirmado,,2026-05-26 23:33:00,2026-06-30 05:30:28,,46,,111113612603105,111113612603105
2578,Deposito,106.00,2026-05-26 23:33:21,Efectivo,Confirmado,,2026-05-26 23:33:21,2026-06-30 05:30:28,,47,,111113612603105,111113612603105
2579,Deposito,119.00,2026-05-26 23:33:36,Efectivo,Confirmado,,2026-05-26 23:33:36,2026-06-30 05:30:28,,49,,111113612603105,111113612603105
2580,Deposito,55.00,2026-05-26 23:33:56,Efectivo,Confirmado,,2026-05-26 23:33:56,2026-06-30 05:30:28,,372,,111113612603105,111113612603105
2581,Deposito,28.00,2026-05-26 23:35:53,Efectivo,Confirmado,,2026-05-26 23:35:53,2026-06-30 05:30:29,,99,,111113612603105,111113612603105
2582,Deposito,20.00,2026-05-26 23:36:10,Efectivo,Confirmado,,2026-05-26 23:36:10,2026-06-30 05:30:29,,393,,111113612603105,111113612603105
2583,Deposito,20.00,2026-05-26 23:36:25,Efectivo,Confirmado,,2026-05-26 23:36:25,2026-06-30 05:30:29,,100,,111113612603105,111113612603105
2584,Deposito,20.00,2026-05-26 23:36:46,Efectivo,Confirmado,,2026-05-26 23:36:46,2026-06-30 05:30:29,,102,,111113612603105,111113612603105
2585,Deposito,20.00,2026-05-26 23:37:23,Efectivo,Confirmado,,2026-05-26 23:37:23,2026-06-30 05:30:29,,394,,111113612603105,111113612603105
2586,Deposito,32.00,2026-05-26 23:37:48,Efectivo,Confirmado,,2026-05-26 23:37:48,2026-06-30 05:30:29,,96,,111113612603105,111113612603105
2587,Deposito,20.00,2026-05-26 23:38:09,Efectivo,Confirmado,,2026-05-26 23:38:09,2026-06-30 05:30:29,,109,,111113612603105,111113612603105
2588,Deposito,10.00,2026-05-26 23:39:22,Efectivo,Confirmado,,2026-05-26 23:39:22,2026-06-30 05:30:29,,73,,111113612603105,111113612603105
2589,Deposito,10.00,2026-05-26 23:39:37,Efectivo,Confirmado,,2026-05-26 23:39:37,2026-06-30 05:30:29,,74,,111113612603105,111113612603105
2590,Deposito,10.00,2026-05-26 23:40:11,Efectivo,Confirmado,,2026-05-26 23:40:11,2026-06-30 05:30:29,,75,,111113612603105,111113612603105
2591,Deposito,10.00,2026-05-26 23:40:29,Efectivo,Confirmado,,2026-05-26 23:40:29,2026-06-30 05:30:29,,370,,111113612603105,111113612603105
2592,Deposito,10.00,2026-05-26 23:40:42,Efectivo,Confirmado,,2026-05-26 23:40:42,2026-06-30 05:30:29,,76,,111113612603105,111113612603105
2593,Deposito,10.00,2026-05-26 23:41:00,Efectivo,Confirmado,,2026-05-26 23:41:00,2026-06-30 05:30:29,,77,,111113612603105,111113612603105
2594,Deposito,10.00,2026-05-26 23:41:15,Efectivo,Confirmado,,2026-05-26 23:41:15,2026-06-30 05:30:29,,79,,111113612603105,111113612603105
2595,Deposito,24.00,2026-05-26 23:43:20,Efectivo,Confirmado,,2026-05-26 23:43:20,2026-06-30 05:30:29,,72,,111113612603105,111113612603105
2596,Deposito,20.00,2026-05-26 23:43:48,Efectivo,Confirmado,,2026-05-26 23:43:48,2026-06-30 05:30:29,,81,,111113612603105,111113612603105
2597,Deposito,22.00,2026-05-26 23:44:04,Efectivo,Confirmado,,2026-05-26 23:44:04,2026-06-30 05:30:29,,82,,111113612603105,111113612603105
2598,Deposito,20.00,2026-05-26 23:44:20,Efectivo,Confirmado,,2026-05-26 23:44:20,2026-06-30 05:30:29,,83,,111113612603105,111113612603105
2599,Deposito,20.00,2026-05-26 23:44:37,Efectivo,Confirmado,,2026-05-26 23:44:37,2026-06-30 05:30:29,,85,,111113612603105,111113612603105
2600,Deposito,10.00,2026-05-26 23:45:03,Efectivo,Confirmado,,2026-05-26 23:45:03,2026-06-30 05:30:29,,50,,111113612603105,111113612603105
2601,Deposito,10.00,2026-05-26 23:45:16,Efectivo,Confirmado,,2026-05-26 23:45:16,2026-06-30 05:30:29,,51,,111113612603105,111113612603105
2602,Deposito,10.00,2026-05-26 23:45:28,Efectivo,Confirmado,,2026-05-26 23:45:28,2026-06-30 05:30:29,,52,,111113612603105,111113612603105
2603,Deposito,42.00,2026-05-26 23:45:51,Efectivo,Confirmado,,2026-05-26 23:45:51,2026-06-30 05:30:29,,54,,111113612603105,111113612603105
2604,Deposito,20.00,2026-05-26 23:46:06,Efectivo,Confirmado,,2026-05-26 23:46:06,2026-06-30 05:30:29,,278,,111113612603105,111113612603105
2605,Deposito,20.00,2026-05-26 23:46:19,Efectivo,Confirmado,,2026-05-26 23:46:19,2026-06-30 05:30:29,,56,,111113612603105,111113612603105
2606,Deposito,20.00,2026-05-26 23:46:36,Efectivo,Confirmado,,2026-05-26 23:46:36,2026-06-30 05:30:29,,57,,111113612603105,111113612603105
2607,Deposito,10.00,2026-05-26 23:47:00,Efectivo,Confirmado,,2026-05-26 23:47:00,2026-06-30 05:30:29,,58,,111113612603105,111113612603105
2608,Deposito,20.00,2026-05-26 23:47:26,Efectivo,Confirmado,,2026-05-26 23:47:26,2026-06-30 05:30:29,,64,,111113612603105,111113612603105
2609,apertura,0.00,2026-05-26 23:48:12,Sistema,Confirmado,,2026-05-26 23:48:12,2026-05-26 23:48:12,,409,,,
2610,Deposito,30.00,2026-05-26 23:48:12,Efectivo,Confirmado,,2026-05-26 23:48:12,2026-06-30 05:30:29,,409,,111113612603105,111113612603105
2611,Deposito,60.00,2026-05-26 23:48:33,Efectivo,Confirmado,,2026-05-26 23:48:33,2026-06-30 05:30:29,,66,,111113612603105,111113612603105
2612,Deposito,60.00,2026-05-26 23:48:49,Efectivo,Confirmado,,2026-05-26 23:48:49,2026-06-30 05:30:29,,67,,111113612603105,111113612603105
2613,Deposito,60.00,2026-05-26 23:49:14,Efectivo,Confirmado,,2026-05-26 23:49:14,2026-06-30 05:30:29,,68,,111113612603105,111113612603105
2614,Deposito,20.00,2026-05-26 23:49:29,Efectivo,Confirmado,,2026-05-26 23:49:29,2026-06-30 05:30:29,,69,,111113612603105,111113612603105
2615,Deposito,60.00,2026-05-26 23:49:47,Efectivo,Confirmado,,2026-05-26 23:49:47,2026-06-30 05:30:29,,312,,111113612603105,111113612603105
2616,Deposito,60.00,2026-05-26 23:50:08,Efectivo,Confirmado,,2026-05-26 23:50:08,2026-06-30 05:30:29,,336,,111113612603105,111113612603105
2617,Deposito,20.00,2026-05-26 23:50:27,Efectivo,Confirmado,,2026-05-26 23:50:27,2026-06-30 05:30:29,,337,,111113612603105,111113612603105
2618,Deposito,60.00,2026-05-26 23:50:50,Efectivo,Confirmado,,2026-05-26 23:50:50,2026-06-30 05:30:29,,371,,111113612603105,111113612603105
2619,Deposito,330.00,2026-05-11 10:00:00,Efectivo,Confirmado,,2026-05-27 18:39:20,2026-06-30 06:02:39,,52,,111113611939483,111113611939483
2620,Deposito,450.00,2026-05-11 10:00:00,Efectivo,Confirmado,,2026-05-27 18:39:22,2026-06-30 06:02:39,,59,,111113611939483,111113611939483
2621,Retiro,450.00,2026-05-11 10:05:00,Efectivo,Confirmado,,2026-05-27 18:43:26,2026-06-30 06:02:39,2026-05-11 16:05:00,59,,111113611939483,111113611939483
2622,Retiro,330.00,2026-05-11 10:05:00,Efectivo,Confirmado,,2026-05-27 18:43:26,2026-06-30 06:02:39,2026-05-11 16:05:00,52,,111113611939483,111113611939483
2623,Deposito,44.00,2026-05-27 23:10:37,Efectivo,Confirmado,,2026-05-27 23:10:37,2026-06-30 05:30:29,,141,,111113612603105,111113612603105
2624,Deposito,20.00,2026-05-27 23:11:02,Efectivo,Confirmado,,2026-05-27 23:11:02,2026-06-30 05:30:29,,284,,111113612603105,111113612603105
2625,Deposito,40.00,2026-05-27 23:11:29,Efectivo,Confirmado,,2026-05-27 23:11:29,2026-06-30 05:30:29,,142,,111113612603105,111113612603105
2626,Deposito,30.00,2026-05-27 23:12:01,Efectivo,Confirmado,,2026-05-27 23:12:01,2026-06-30 05:30:29,,143,,111113612603105,111113612603105
2627,Deposito,34.00,2026-05-27 23:12:21,Efectivo,Confirmado,,2026-05-27 23:12:21,2026-06-30 05:30:29,,144,,111113612603105,111113612603105
2628,Deposito,34.00,2026-05-27 23:12:47,Efectivo,Confirmado,,2026-05-27 23:12:47,2026-06-30 05:30:29,,145,,111113612603105,111113612603105
2629,Deposito,24.00,2026-05-27 23:13:19,Efectivo,Confirmado,,2026-05-27 23:13:19,2026-06-30 05:30:29,,120,,111113612603105,111113612603105
2630,Deposito,20.00,2026-05-27 23:13:36,Efectivo,Confirmado,,2026-05-27 23:13:36,2026-06-30 05:30:29,,121,,111113612603105,111113612603105
2631,Deposito,20.00,2026-05-27 23:13:59,Efectivo,Confirmado,,2026-05-27 23:13:59,2026-06-30 05:30:29,,122,,111113612603105,111113612603105
2632,Deposito,24.00,2026-05-27 23:14:17,Efectivo,Confirmado,,2026-05-27 23:14:17,2026-06-30 05:30:29,,123,,111113612603105,111113612603105
2633,Deposito,20.00,2026-05-27 23:15:44,Efectivo,Confirmado,,2026-05-27 23:15:44,2026-06-30 05:30:29,,124,,111113612603105,111113612603105
2634,Deposito,20.00,2026-05-27 23:16:03,Efectivo,Confirmado,,2026-05-27 23:16:03,2026-06-30 05:30:29,,113,,111113612603105,111113612603105
2635,Deposito,70.00,2026-05-27 23:16:25,Efectivo,Confirmado,,2026-05-27 23:16:25,2026-06-30 05:30:29,,114,,111113612603105,111113612603105
2636,Deposito,300.00,2026-05-27 23:17:06,Efectivo,Confirmado,,2026-05-27 23:17:06,2026-06-30 05:30:29,,115,,111113612603105,111113612603105
2637,Deposito,100.00,2026-05-27 23:17:20,Efectivo,Confirmado,,2026-05-27 23:17:20,2026-06-30 05:30:29,,116,,111113612603105,111113612603105
2638,Deposito,62.00,2026-05-27 23:17:36,Efectivo,Confirmado,,2026-05-27 23:17:36,2026-06-30 05:30:29,,117,,111113612603105,111113612603105
2639,Deposito,32.00,2026-05-27 23:17:50,Efectivo,Confirmado,,2026-05-27 23:17:50,2026-06-30 05:30:29,,118,,111113612603105,111113612603105
2640,Deposito,19.00,2026-05-27 23:20:50,Efectivo,Confirmado,,2026-05-27 23:20:50,2026-06-30 05:30:29,,157,,111113612603105,111113612603105
2641,Deposito,50.00,2026-05-27 23:21:36,Efectivo,Confirmado,,2026-05-27 23:21:36,2026-06-30 05:30:29,,155,,111113612603105,111113612603105
2642,Deposito,55.00,2026-05-27 23:22:04,Efectivo,Confirmado,,2026-05-27 23:22:04,2026-06-30 05:30:29,,369,,111113612603105,111113612603105
2643,Deposito,40.00,2026-05-27 23:22:24,Efectivo,Confirmado,,2026-05-27 23:22:24,2026-06-30 05:30:29,,146,,111113612603105,111113612603105
2644,Deposito,64.00,2026-05-27 23:22:44,Efectivo,Confirmado,,2026-05-27 23:22:44,2026-06-30 05:30:29,,325,,111113612603105,111113612603105
2645,Deposito,30.00,2026-05-27 23:22:58,Efectivo,Confirmado,,2026-05-27 23:22:58,2026-06-30 05:30:29,,147,,111113612603105,111113612603105
2646,Deposito,30.00,2026-05-27 23:23:31,Efectivo,Confirmado,,2026-05-27 23:23:31,2026-06-30 05:30:29,,148,,111113612603105,111113612603105
2647,Deposito,22.00,2026-05-27 23:23:45,Efectivo,Confirmado,,2026-05-27 23:23:45,2026-06-30 05:30:29,,373,,111113612603105,111113612603105
2648,Deposito,64.00,2026-05-27 23:24:05,Efectivo,Confirmado,,2026-05-27 23:24:05,2026-06-30 05:30:29,,149,,111113612603105,111113612603105
2649,Deposito,20.00,2026-05-27 23:24:22,Efectivo,Confirmado,,2026-05-27 23:24:22,2026-06-30 05:30:29,,150,,111113612603105,111113612603105
2650,Deposito,24.00,2026-05-27 23:24:40,Efectivo,Confirmado,,2026-05-27 23:24:40,2026-06-30 05:30:29,,288,,111113612603105,111113612603105
2651,Deposito,12.00,2026-05-27 23:25:24,Efectivo,Confirmado,,2026-05-27 23:25:24,2026-06-30 05:30:29,,152,,111113612603105,111113612603105
2652,Deposito,12.00,2026-05-27 23:25:41,Efectivo,Confirmado,,2026-05-27 23:25:41,2026-06-30 05:30:29,,153,,111113612603105,111113612603105
2653,Deposito,40.00,2026-05-27 23:25:55,Efectivo,Confirmado,,2026-05-27 23:25:55,2026-06-30 05:30:29,,154,,111113612603105,111113612603105
2654,Deposito,20.00,2026-05-27 23:26:12,Efectivo,Confirmado,,2026-05-27 23:26:12,2026-06-30 05:30:29,,324,,111113612603105,111113612603105
2655,Deposito,87.50,2026-05-27 23:26:36,Efectivo,Confirmado,,2026-05-27 23:26:36,2026-06-30 05:30:29,,316,,111113612603105,111113612603105
2656,Deposito,37.00,2026-05-27 23:26:51,Efectivo,Confirmado,,2026-05-27 23:26:51,2026-06-30 05:30:29,,317,,111113612603105,111113612603105
2657,Deposito,66.00,2026-05-27 23:27:07,Efectivo,Confirmado,,2026-05-27 23:27:07,2026-06-30 05:30:29,,318,,111113612603105,111113612603105
2658,Deposito,131.50,2026-05-27 23:27:31,Efectivo,Confirmado,,2026-05-27 23:27:31,2026-06-30 05:30:29,,319,,111113612603105,111113612603105
2659,Deposito,64.00,2026-05-27 23:28:01,Efectivo,Confirmado,,2026-05-27 23:28:01,2026-06-30 05:30:29,,320,,111113612603105,111113612603105
2660,Deposito,40.00,2026-05-27 23:28:48,Efectivo,Confirmado,,2026-05-27 23:28:48,2026-06-30 05:30:29,,321,,111113612603105,111113612603105
2661,Deposito,64.00,2026-05-27 23:29:12,Efectivo,Confirmado,,2026-05-27 23:29:12,2026-06-30 05:30:29,,322,,111113612603105,111113612603105
2662,Deposito,84.00,2026-05-27 23:29:28,Efectivo,Confirmado,,2026-05-27 23:29:28,2026-06-30 05:30:29,,323,,111113612603105,111113612603105
2663,Deposito,25.00,2026-05-27 23:29:53,Efectivo,Confirmado,,2026-05-27 23:29:53,2026-06-30 05:30:29,,135,,111113612603105,111113612603105
2664,Deposito,24.00,2026-05-27 23:30:16,Efectivo,Confirmado,,2026-05-27 23:30:16,2026-06-30 05:30:29,,137,,111113612603105,111113612603105
2665,Deposito,20.00,2026-05-27 23:30:59,Efectivo,Confirmado,,2026-05-27 23:30:59,2026-06-30 05:30:29,,125,,111113612603105,111113612603105
2666,Deposito,20.00,2026-05-27 23:31:14,Efectivo,Confirmado,,2026-05-27 23:31:14,2026-06-30 05:30:29,,285,,111113612603105,111113612603105
2667,Deposito,20.00,2026-05-27 23:31:29,Efectivo,Confirmado,,2026-05-27 23:31:29,2026-06-30 05:30:29,,126,,111113612603105,111113612603105
2668,Deposito,20.00,2026-05-27 23:31:43,Efectivo,Confirmado,,2026-05-27 23:31:43,2026-06-30 05:30:29,,127,,111113612603105,111113612603105
2669,Deposito,20.00,2026-05-27 23:31:57,Efectivo,Confirmado,,2026-05-27 23:31:57,2026-06-30 05:30:29,,128,,111113612603105,111113612603105
2670,Deposito,20.00,2026-05-27 23:32:17,Efectivo,Confirmado,,2026-05-27 23:32:17,2026-06-30 05:30:29,,129,,111113612603105,111113612603105
2671,Deposito,20.00,2026-05-27 23:32:34,Efectivo,Confirmado,,2026-05-27 23:32:34,2026-06-30 05:30:29,,130,,111113612603105,111113612603105
2672,Deposito,20.00,2026-05-27 23:32:59,Efectivo,Confirmado,,2026-05-27 23:32:59,2026-06-30 05:30:29,,132,,111113612603105,111113612603105
2673,Deposito,20.00,2026-05-27 23:33:11,Efectivo,Confirmado,,2026-05-27 23:33:11,2026-06-30 05:30:29,,133,,111113612603105,111113612603105
2674,Deposito,100.00,2026-05-28 21:31:59,Efectivo,Confirmado,,2026-05-28 21:31:59,2026-06-30 05:30:29,,189,,111113612603105,111113612603105
2675,Deposito,100.00,2026-05-28 21:32:15,Efectivo,Confirmado,,2026-05-28 21:32:15,2026-06-30 05:30:29,,289,,111113612603105,111113612603105
2676,Deposito,20.00,2026-05-28 21:32:29,Efectivo,Confirmado,,2026-05-28 21:32:29,2026-06-30 05:30:29,,191,,111113612603105,111113612603105
2677,Deposito,30.00,2026-05-28 21:32:59,Efectivo,Confirmado,,2026-05-28 21:32:59,2026-06-30 05:30:29,,192,,111113612603105,111113612603105
2678,Deposito,60.00,2026-05-28 21:33:15,Efectivo,Confirmado,,2026-05-28 21:33:15,2026-06-30 05:30:29,,193,,111113612603105,111113612603105
2679,Deposito,20.00,2026-05-28 21:33:29,Efectivo,Confirmado,,2026-05-28 21:33:29,2026-06-30 05:30:29,,194,,111113612603105,111113612603105
2680,Deposito,12.00,2026-05-28 21:33:44,Efectivo,Confirmado,,2026-05-28 21:33:44,2026-06-30 05:30:29,,269,,111113612603105,111113612603105
2681,Deposito,53.00,2026-05-28 21:34:02,Efectivo,Confirmado,,2026-05-28 21:34:02,2026-06-30 05:30:29,,195,,111113612603105,111113612603105
2682,Deposito,20.00,2026-05-28 21:35:04,Efectivo,Confirmado,,2026-05-28 21:35:04,2026-06-30 05:30:29,,196,,111113612603105,111113612603105
2683,Deposito,42.00,2026-05-28 21:35:19,Efectivo,Confirmado,,2026-05-28 21:35:19,2026-06-30 05:30:29,,327,,111113612603105,111113612603105
2684,Deposito,10.00,2026-05-28 21:35:40,Efectivo,Confirmado,,2026-05-28 21:35:40,2026-06-30 05:30:29,,198,,111113612603105,111113612603105
2685,Deposito,74.00,2026-05-28 21:36:35,Efectivo,Confirmado,,2026-05-28 21:36:35,2026-06-30 05:30:29,,200,,111113612603105,111113612603105
2686,Deposito,20.00,2026-05-28 21:37:46,Efectivo,Confirmado,,2026-05-28 21:37:46,2026-06-30 05:30:29,,168,,111113612603105,111113612603105
2687,Deposito,30.00,2026-05-28 21:38:02,Efectivo,Confirmado,,2026-05-28 21:38:02,2026-06-30 05:30:30,,169,,111113612603105,111113612603105
2688,Deposito,20.00,2026-05-28 21:38:19,Efectivo,Confirmado,,2026-05-28 21:38:19,2026-06-30 05:30:30,,170,,111113612603105,111113612603105
2689,Deposito,20.00,2026-05-28 21:38:36,Efectivo,Confirmado,,2026-05-28 21:38:36,2026-06-30 05:30:30,,171,,111113612603105,111113612603105
2690,Deposito,44.00,2026-05-28 21:55:01,Efectivo,Confirmado,,2026-05-28 21:55:01,2026-06-30 05:30:30,,164,,111113612603105,111113612603105
2691,Deposito,24.00,2026-05-28 21:55:21,Efectivo,Confirmado,,2026-05-28 21:55:21,2026-06-30 05:30:30,,165,,111113612603105,111113612603105
2692,Deposito,30.00,2026-05-28 21:55:45,Efectivo,Confirmado,,2026-05-28 21:55:45,2026-06-30 05:30:30,,166,,111113612603105,111113612603105
2693,Deposito,22.00,2026-05-28 21:56:01,Efectivo,Confirmado,,2026-05-28 21:56:01,2026-06-30 05:30:30,,167,,111113612603105,111113612603105
2694,Deposito,15.00,2026-05-28 22:02:53,Efectivo,Confirmado,,2026-05-28 22:02:53,2026-06-30 05:30:30,,240,,111113612603105,111113612603105
2695,Deposito,27.00,2026-05-28 22:03:08,Efectivo,Confirmado,,2026-05-28 22:03:08,2026-06-30 05:30:30,,241,,111113612603105,111113612603105
2696,Deposito,53.00,2026-05-28 22:03:22,Efectivo,Confirmado,,2026-05-28 22:03:22,2026-06-30 05:30:30,,242,,111113612603105,111113612603105
2697,Deposito,20.00,2026-05-28 22:03:35,Efectivo,Confirmado,,2026-05-28 22:03:35,2026-06-30 05:30:30,,243,,111113612603105,111113612603105
2698,Deposito,15.00,2026-05-28 22:03:48,Efectivo,Confirmado,,2026-05-28 22:03:48,2026-06-30 05:30:30,,244,,111113612603105,111113612603105
2699,Deposito,10.00,2026-05-28 22:04:01,Efectivo,Confirmado,,2026-05-28 22:04:01,2026-06-30 05:30:30,,245,,111113612603105,111113612603105
2700,Deposito,10.00,2026-05-28 22:04:20,Efectivo,Confirmado,,2026-05-28 22:04:20,2026-06-30 05:30:30,,246,,111113612603105,111113612603105
2701,Deposito,10.00,2026-05-28 22:04:37,Efectivo,Confirmado,,2026-05-28 22:04:37,2026-06-30 05:30:30,,247,,111113612603105,111113612603105
2702,Deposito,14.00,2026-05-28 22:04:55,Efectivo,Confirmado,,2026-05-28 22:04:55,2026-06-30 05:30:30,,248,,111113612603105,111113612603105
2703,Deposito,31.50,2026-05-28 22:05:15,Efectivo,Confirmado,,2026-05-28 22:05:15,2026-06-30 05:30:30,,249,,111113612603105,111113612603105
2704,Deposito,16.00,2026-05-28 22:05:35,Efectivo,Confirmado,,2026-05-28 22:05:35,2026-06-30 05:30:30,,250,,111113612603105,111113612603105
2705,Deposito,10.00,2026-05-28 22:05:53,Efectivo,Confirmado,,2026-05-28 22:05:53,2026-06-30 05:30:30,,251,,111113612603105,111113612603105
2706,Deposito,20.00,2026-05-28 22:06:08,Efectivo,Confirmado,,2026-05-28 22:06:08,2026-06-30 05:30:30,,252,,111113612603105,111113612603105
2707,Deposito,20.00,2026-05-28 22:06:27,Efectivo,Confirmado,,2026-05-28 22:06:27,2026-06-30 05:30:30,,253,,111113612603105,111113612603105
2708,Deposito,30.00,2026-05-28 22:06:41,Efectivo,Confirmado,,2026-05-28 22:06:41,2026-06-30 05:30:30,,256,,111113612603105,111113612603105
2709,Deposito,68.00,2026-05-28 22:09:58,Efectivo,Confirmado,,2026-05-28 22:09:58,2026-06-30 05:30:30,,257,,111113612603105,111113612603105
2710,Deposito,40.00,2026-05-28 22:10:13,Efectivo,Confirmado,,2026-05-28 22:10:13,2026-06-30 05:30:30,,258,,111113612603105,111113612603105
2711,Deposito,200.00,2026-05-28 22:10:33,Efectivo,Confirmado,,2026-05-28 22:10:33,2026-06-30 05:30:30,,259,,111113612603105,111113612603105
2712,Deposito,33.00,2026-05-28 22:10:49,Efectivo,Confirmado,,2026-05-28 22:10:49,2026-06-30 05:30:30,,260,,111113612603105,111113612603105
2713,apertura,0.00,2026-05-28 22:12:16,Sistema,Confirmado,,2026-05-28 22:12:16,2026-05-28 22:12:16,,410,,,
2714,Deposito,55.00,2026-05-28 22:12:16,Efectivo,Confirmado,,2026-05-28 22:12:16,2026-06-30 05:30:30,,410,,111113612603105,111113612603105
2715,Deposito,20.00,2026-05-28 22:13:50,Efectivo,Confirmado,,2026-05-28 22:13:50,2026-06-30 05:30:30,,180,,111113612603105,111113612603105
2716,Deposito,34.00,2026-05-28 22:14:05,Efectivo,Confirmado,,2026-05-28 22:14:05,2026-06-30 05:30:30,,181,,111113612603105,111113612603105
2717,Deposito,20.00,2026-05-28 22:14:22,Efectivo,Confirmado,,2026-05-28 22:14:22,2026-06-30 05:30:30,,183,,111113612603105,111113612603105
2718,Deposito,20.00,2026-05-28 22:14:39,Efectivo,Confirmado,,2026-05-28 22:14:39,2026-06-30 05:30:30,,268,,111113612603105,111113612603105
2719,Deposito,44.00,2026-05-28 22:14:55,Efectivo,Confirmado,,2026-05-28 22:14:55,2026-06-30 05:30:30,,185,,111113612603105,111113612603105
2720,Deposito,80.00,2026-05-28 22:15:10,Efectivo,Confirmado,,2026-05-28 22:15:10,2026-06-30 05:30:30,,290,,111113612603105,111113612603105
2721,Deposito,30.00,2026-05-28 22:15:30,Efectivo,Confirmado,,2026-05-28 22:15:30,2026-06-30 05:30:30,,187,,111113612603105,111113612603105
2722,Deposito,60.00,2026-05-28 22:15:50,Efectivo,Confirmado,,2026-05-28 22:15:50,2026-06-30 05:30:30,,188,,111113612603105,111113612603105
2723,Deposito,60.00,2026-05-28 22:16:09,Efectivo,Confirmado,,2026-05-28 22:16:09,2026-06-30 05:30:30,,292,,111113612603105,111113612603105
2724,Deposito,40.00,2026-05-28 22:16:28,Efectivo,Confirmado,,2026-05-28 22:16:28,2026-06-30 05:30:30,,291,,111113612603105,111113612603105
2725,Deposito,20.00,2026-05-28 22:32:45,Efectivo,Confirmado,,2026-05-28 22:32:45,2026-06-30 05:30:30,,161,,111113612603105,111113612603105
2726,Deposito,24.00,2026-05-28 22:33:10,Efectivo,Confirmado,,2026-05-28 22:33:10,2026-06-30 05:30:30,,162,,111113612603105,111113612603105
2727,Deposito,24.00,2026-05-28 22:33:28,Efectivo,Confirmado,,2026-05-28 22:33:28,2026-06-30 05:30:30,,163,,111113612603105,111113612603105
2728,Deposito,20.00,2026-05-28 22:33:50,Efectivo,Confirmado,,2026-05-28 22:33:50,2026-06-30 05:30:30,,280,,111113612603105,111113612603105
2729,Deposito,20.00,2026-05-28 22:34:07,Efectivo,Confirmado,,2026-05-28 22:34:07,2026-06-30 05:30:30,,158,,111113612603105,111113612603105
2730,Deposito,18.00,2026-05-28 22:34:20,Efectivo,Confirmado,,2026-05-28 22:34:20,2026-06-30 05:30:30,,281,,111113612603105,111113612603105
2731,Deposito,64.00,2026-05-28 22:34:39,Efectivo,Confirmado,,2026-05-28 22:34:39,2026-06-30 05:30:30,,159,,111113612603105,111113612603105
2732,Deposito,24.00,2026-05-28 22:37:27,Efectivo,Confirmado,,2026-05-28 22:37:27,2026-06-30 05:30:30,,282,,111113612603105,111113612603105
2733,Deposito,20.00,2026-05-28 22:37:43,Efectivo,Confirmado,,2026-05-28 22:37:43,2026-06-30 05:30:30,,326,,111113612603105,111113612603105
2734,Deposito,20.00,2026-05-30 15:33:40,Efectivo,Confirmado,,2026-05-30 15:33:40,2026-06-30 05:30:30,,203,,111113612603105,111113612603105
2735,Deposito,20.00,2026-05-30 15:34:03,Efectivo,Confirmado,,2026-05-30 15:34:03,2026-06-30 05:30:30,,206,,111113612603105,111113612603105
2736,Deposito,20.00,2026-05-30 15:35:01,Efectivo,Confirmado,,2026-05-30 15:35:01,2026-06-30 05:30:30,,207,,111113612603105,111113612603105
2737,Deposito,20.00,2026-05-30 15:35:20,Efectivo,Confirmado,,2026-05-30 15:35:20,2026-06-30 05:30:30,,365,,111113612603105,111113612603105
2738,Deposito,50.00,2026-05-30 15:36:23,Efectivo,Confirmado,,2026-05-30 15:36:23,2026-06-30 05:30:30,,340,,111113612603105,111113612603105
2739,Deposito,20.00,2026-05-30 15:36:38,Efectivo,Confirmado,,2026-05-30 15:36:38,2026-06-30 05:30:30,,385,,111113612603105,111113612603105
2740,Deposito,44.00,2026-05-30 15:36:59,Efectivo,Confirmado,,2026-05-30 15:36:59,2026-06-30 05:30:30,,341,,111113612603105,111113612603105
2741,Deposito,20.00,2026-05-30 15:37:16,Efectivo,Confirmado,,2026-05-30 15:37:16,2026-06-30 05:30:30,,202,,111113612603105,111113612603105
2742,Deposito,20.00,2026-05-30 15:37:31,Efectivo,Confirmado,,2026-05-30 15:37:31,2026-06-30 05:30:30,,342,,111113612603105,111113612603105
2743,Deposito,20.00,2026-05-30 15:37:58,Efectivo,Confirmado,,2026-05-30 15:37:58,2026-06-30 05:30:30,,343,,111113612603105,111113612603105
2744,Deposito,100.00,2026-05-30 15:38:20,Efectivo,Confirmado,,2026-05-30 15:38:20,2026-06-30 05:30:30,,344,,111113612603105,111113612603105
2745,Deposito,114.00,2026-05-30 15:38:55,Efectivo,Confirmado,,2026-05-30 15:38:55,2026-06-30 05:30:30,,345,,111113612603105,111113612603105
2746,Deposito,60.00,2026-05-30 15:39:49,Efectivo,Confirmado,,2026-05-30 15:39:49,2026-06-30 05:30:30,,347,,111113612603105,111113612603105
2747,Deposito,60.00,2026-05-30 15:40:01,Efectivo,Confirmado,,2026-05-30 15:40:01,2026-06-30 05:30:30,,348,,111113612603105,111113612603105
2748,Deposito,30.00,2026-05-30 15:40:15,Efectivo,Confirmado,,2026-05-30 15:40:15,2026-06-30 05:30:30,,349,,111113612603105,111113612603105
2749,Deposito,40.00,2026-05-30 15:40:33,Efectivo,Confirmado,,2026-05-30 15:40:33,2026-06-30 05:30:30,,350,,111113612603105,111113612603105
2750,apertura,0.00,2026-05-30 15:40:46,Sistema,Confirmado,,2026-05-30 15:40:46,2026-05-30 15:40:46,,411,,,
2751,Deposito,30.00,2026-05-30 15:40:46,Efectivo,Confirmado,,2026-05-30 15:40:46,2026-06-30 05:30:30,,411,,111113612603105,111113612603105
2752,Deposito,40.00,2026-05-30 15:41:04,Efectivo,Confirmado,,2026-05-30 15:41:04,2026-06-30 05:30:30,,351,,111113612603105,111113612603105
2753,Deposito,53.50,2026-05-30 15:42:01,Efectivo,Confirmado,,2026-05-30 15:42:01,2026-06-30 05:30:30,,352,,111113612603105,111113612603105
2754,Deposito,20.00,2026-05-30 15:42:23,Efectivo,Confirmado,,2026-05-30 15:42:23,2026-06-30 05:30:30,,377,,111113612603105,111113612603105
2755,Deposito,53.00,2026-05-30 15:42:40,Efectivo,Confirmado,,2026-05-30 15:42:40,2026-06-30 05:30:30,,354,,111113612603105,111113612603105
2756,Deposito,61.50,2026-05-30 15:42:56,Efectivo,Confirmado,,2026-05-30 15:42:56,2026-06-30 05:30:30,,355,,111113612603105,111113612603105
2757,Deposito,44.00,2026-05-30 15:43:12,Efectivo,Confirmado,,2026-05-30 15:43:12,2026-06-30 05:30:30,,356,,111113612603105,111113612603105
2758,Deposito,44.00,2026-05-30 15:43:27,Efectivo,Confirmado,,2026-05-30 15:43:27,2026-06-30 05:30:30,,379,,111113612603105,111113612603105
2759,Deposito,44.00,2026-05-30 15:43:42,Efectivo,Confirmado,,2026-05-30 15:43:42,2026-06-30 05:30:30,,353,,111113612603105,111113612603105
2760,Deposito,20.00,2026-05-30 15:43:54,Efectivo,Confirmado,,2026-05-30 15:43:54,2026-06-30 05:30:30,,357,,111113612603105,111113612603105
2761,Deposito,28.00,2026-05-30 15:44:13,Efectivo,Confirmado,,2026-05-30 15:44:13,2026-06-30 05:30:30,,380,,111113612603105,111113612603105
2762,Deposito,18.00,2026-05-30 15:44:27,Efectivo,Confirmado,,2026-05-30 15:44:27,2026-06-30 05:30:30,,260,,111113612603105,111113612603105
2763,Deposito,20.00,2026-05-30 15:44:41,Efectivo,Confirmado,,2026-05-30 15:44:41,2026-06-30 05:30:30,,381,,111113612603105,111113612603105
2764,Deposito,20.00,2026-05-30 15:44:58,Efectivo,Confirmado,,2026-05-30 15:44:58,2026-06-30 05:30:30,,382,,111113612603105,111113612603105
2765,Deposito,20.00,2026-05-30 15:45:12,Efectivo,Confirmado,,2026-05-30 15:45:12,2026-06-30 05:30:30,,396,,111113612603105,111113612603105
2766,Deposito,12.00,2026-05-30 15:45:27,Efectivo,Confirmado,,2026-05-30 15:45:27,2026-06-30 05:30:30,,359,,111113612603105,111113612603105
2767,Deposito,20.00,2026-05-30 15:45:44,Efectivo,Confirmado,,2026-05-30 15:45:44,2026-06-30 05:30:30,,361,,111113612603105,111113612603105
2768,apertura,0.00,2026-05-30 15:46:02,Sistema,Confirmado,,2026-05-30 15:46:02,2026-05-30 15:46:02,,412,,,
2769,Deposito,44.00,2026-05-30 15:46:02,Efectivo,Confirmado,,2026-05-30 15:46:02,2026-06-30 05:30:30,,412,,111113612603105,111113612603105
2770,apertura,0.00,2026-05-30 15:47:52,Sistema,Confirmado,,2026-05-30 15:47:52,2026-05-30 15:47:52,,413,,,
2771,Deposito,20.00,2026-05-30 15:47:52,Efectivo,Confirmado,,2026-05-30 15:47:52,2026-06-30 05:30:30,,413,,111113612603105,111113612603105
2772,Deposito,20.00,2026-05-30 15:48:30,Efectivo,Confirmado,,2026-05-30 15:48:30,2026-06-30 05:30:30,,383,,111113612603105,111113612603105
2773,Deposito,52.00,2026-05-30 15:49:15,Efectivo,Confirmado,,2026-05-30 15:49:15,2026-06-30 05:30:30,,225,,111113612603105,111113612603105
2774,Deposito,36.00,2026-05-30 15:55:30,Efectivo,Confirmado,,2026-05-30 15:55:30,2026-06-30 05:30:30,,228,,111113612603105,111113612603105
2775,Deposito,20.00,2026-05-30 15:55:49,Efectivo,Confirmado,,2026-05-30 15:55:49,2026-06-30 05:30:30,,229,,111113612603105,111113612603105
2776,Deposito,20.00,2026-05-30 15:56:06,Efectivo,Confirmado,,2026-05-30 15:56:06,2026-06-30 05:30:30,,230,,111113612603105,111113612603105
2777,Deposito,20.00,2026-05-30 15:56:23,Efectivo,Confirmado,,2026-05-30 15:56:23,2026-06-30 05:30:30,,231,,111113612603105,111113612603105
2778,apertura,0.00,2026-05-30 15:56:40,Sistema,Confirmado,,2026-05-30 15:56:40,2026-05-30 15:56:40,,414,,,
2779,Deposito,20.00,2026-05-30 15:56:40,Efectivo,Confirmado,,2026-05-30 15:56:40,2026-06-30 05:30:30,,414,,111113612603105,111113612603105
2780,Deposito,30.00,2026-05-30 15:56:59,Efectivo,Confirmado,,2026-05-30 15:56:59,2026-06-30 05:30:30,,234,,111113612603105,111113612603105
2781,Deposito,20.00,2026-05-30 16:00:39,Efectivo,Confirmado,,2026-05-30 16:00:39,2026-06-30 05:30:30,,236,,111113612603105,111113612603105
2782,Deposito,20.00,2026-05-30 16:01:44,Efectivo,Confirmado,,2026-05-30 16:01:44,2026-06-30 05:30:30,,376,,111113612603105,111113612603105
2783,Deposito,40.00,2026-05-30 16:02:06,Efectivo,Confirmado,,2026-05-30 16:02:06,2026-06-30 05:30:30,,239,,111113612603105,111113612603105
2784,Deposito,20.00,2026-05-30 16:02:20,Efectivo,Confirmado,,2026-05-30 16:02:20,2026-06-30 05:30:30,,405,,111113612603105,111113612603105
2785,Deposito,201.50,2026-05-30 16:08:33,Efectivo,Confirmado,,2026-05-30 16:08:33,2026-06-30 05:30:30,,264,,111113612603105,111113612603105
2786,Deposito,55.00,2026-05-30 16:08:56,Efectivo,Confirmado,,2026-05-30 16:08:56,2026-06-30 05:30:30,,265,,111113612603105,111113612603105
2787,Deposito,45.50,2026-06-01 00:00:00,Efectivo,Confirmado,,2026-06-05 03:11:07,2026-06-30 05:30:30,,34,1859,111113612603105,111113612603105
2788,Deposito,44.00,2026-06-01 00:00:00,Efectivo,Confirmado,,2026-06-05 03:11:08,2026-06-30 05:30:30,,35,1858,111113612603105,111113612603105
2789,Deposito,52.00,2026-06-01 00:00:00,Efectivo,Confirmado,,2026-06-05 03:11:09,2026-06-30 05:30:30,,335,1736,111113612603105,111113612603105
2790,Deposito,34.00,2026-06-01 00:00:00,Efectivo,Confirmado,,2026-06-05 03:11:10,2026-06-30 05:30:30,,37,1054,111113612603105,111113612603105
2791,Deposito,52.00,2026-06-01 00:00:00,Efectivo,Confirmado,,2026-06-05 03:11:15,2026-06-30 05:30:30,,310,1711,111113612603105,111113612603105
2792,Deposito,52.00,2026-06-01 00:00:00,Efectivo,Confirmado,,2026-06-05 03:11:15,2026-06-30 05:30:31,,309,1698,111113612603105,111113612603105
2793,Deposito,52.00,2026-06-01 00:00:00,Efectivo,Confirmado,,2026-06-05 03:11:18,2026-06-30 05:30:31,,275,1693,111113612603105,111113612603105
2794,Deposito,68.00,2026-06-01 00:00:00,Efectivo,Confirmado,,2026-06-05 03:11:21,2026-06-30 05:30:31,,283,1792,111113612603105,111113612603105
2795,Deposito,52.00,2026-06-01 00:00:00,Efectivo,Confirmado,,2026-06-05 03:11:21,2026-06-30 05:30:31,,388,1788,111113612603105,111113612603105
2796,Deposito,52.00,2026-06-01 00:00:00,Efectivo,Confirmado,,2026-06-05 03:11:24,2026-06-30 05:30:31,,389,1791,111113612603105,111113612603105
2797,Deposito,34.00,2026-06-01 00:00:00,Efectivo,Confirmado,,2026-06-05 03:11:25,2026-06-30 05:30:31,,366,1779,111113612603105,111113612603105
2798,Deposito,44.00,2026-06-01 00:00:00,Efectivo,Confirmado,,2026-06-05 03:11:29,2026-06-30 05:30:31,,36,1860,111113612603105,111113612603105
2799,Deposito,24.00,2026-06-01 00:00:00,Efectivo,Confirmado,,2026-06-05 03:12:30,2026-06-30 05:30:31,,400,1841,111113612603105,111113612603105
2800,Deposito,24.00,2026-06-01 00:00:00,Efectivo,Confirmado,,2026-06-05 03:12:30,2026-06-30 05:30:31,,401,1840,111113612603105,111113612603105
2801,Deposito,44.00,2026-06-01 00:00:00,Efectivo,Confirmado,,2026-06-05 03:13:44,2026-06-30 05:30:31,,30,1869,111113612603105,111113612603105
2802,Deposito,44.00,2026-06-01 00:00:00,Efectivo,Confirmado,,2026-06-05 03:13:45,2026-06-30 05:30:31,,33,1871,111113612603105,111113612603105
2803,Deposito,62.00,2026-06-01 00:00:00,Efectivo,Confirmado,,2026-06-05 03:29:23,2026-06-30 05:30:31,,24,1400,111113612603105,111113612603105
2804,Deposito,62.00,2026-06-01 00:00:00,Efectivo,Confirmado,,2026-06-05 03:29:25,2026-06-30 05:30:31,,25,1403,111113612603105,111113612603105
2805,Deposito,62.00,2026-06-01 00:00:00,Efectivo,Confirmado,,2026-06-05 03:29:27,2026-06-30 05:30:31,,26,1863,111113612603105,111113612603105
2806,Deposito,20.00,2026-06-01 00:00:00,Efectivo,Confirmado,,2026-06-05 03:29:29,2026-06-30 05:30:31,,27,1405,111113612603105,111113612603105
2807,Deposito,60.00,2026-06-01 00:00:00,Efectivo,Confirmado,,2026-06-05 03:29:31,2026-06-30 05:30:31,,28,1406,111113612603105,111113612603105
2808,Deposito,20.00,2026-06-01 00:00:00,Efectivo,Confirmado,,2026-06-05 03:29:31,2026-06-30 05:30:31,,29,1407,111113612603105,111113612603105
2809,Deposito,60.00,2026-06-01 00:00:00,Efectivo,Confirmado,,2026-06-05 03:29:32,2026-06-30 05:30:31,,399,1845,111113612603105,111113612603105
2810,Deposito,24.00,2026-06-04 06:00:00,Efectivo,Confirmado,,2026-06-05 03:31:19,2026-06-30 05:30:31,,72,1679,111113612603105,111113612603105
2811,Deposito,60.00,2026-06-02 00:00:00,Efectivo,Confirmado,,2026-06-05 03:38:02,2026-06-30 05:30:31,,65,1634,111113612603105,111113612603105
2812,Deposito,60.00,2026-06-02 00:00:00,Efectivo,Confirmado,,2026-06-05 03:38:03,2026-06-30 05:30:31,,66,1752,111113612603105,111113612603105
2813,Deposito,60.00,2026-06-02 00:00:00,Efectivo,Confirmado,,2026-06-05 03:38:04,2026-06-30 05:30:31,,68,1809,111113612603105,111113612603105
2814,Deposito,20.00,2026-06-02 00:00:00,Efectivo,Confirmado,,2026-06-05 03:38:05,2026-06-30 05:30:31,,69,1873,111113612603105,111113612603105
2815,Deposito,60.00,2026-06-02 00:00:00,Efectivo,Confirmado,,2026-06-05 03:38:06,2026-06-30 05:30:31,,312,1718,111113612603105,111113612603105
2816,Deposito,60.00,2026-06-02 00:00:00,Efectivo,Confirmado,,2026-06-05 03:38:14,2026-06-30 05:30:31,,336,1742,111113612603105,111113612603105
2817,Deposito,20.00,2026-06-02 00:00:00,Efectivo,Confirmado,,2026-06-05 03:38:17,2026-06-30 05:30:31,,337,1743,111113612603105,111113612603105
2818,Deposito,60.00,2026-06-02 00:00:00,Efectivo,Confirmado,,2026-06-05 03:38:18,2026-06-30 05:30:31,,371,1770,111113612603105,111113612603105
2819,apertura,0.00,2026-06-05 03:38:25,Sistema,Confirmado,,2026-06-05 03:38:25,2026-06-05 03:38:25,,415,,,
2820,Deposito,60.00,2026-06-02 00:00:00,Efectivo,Confirmado,,2026-06-05 03:38:25,2026-06-30 05:30:31,,415,1861,111113612603105,111113612603105
2821,Deposito,10.00,2026-06-02 00:00:00,Efectivo,Confirmado,,2026-06-05 04:04:07,2026-06-30 05:30:31,,52,1707,111113612603105,111113612603105
2822,Deposito,42.00,2026-06-02 00:00:00,Efectivo,Confirmado,,2026-06-05 04:04:07,2026-06-30 05:30:31,,54,1650,111113612603105,111113612603105
2823,Deposito,20.00,2026-06-02 00:00:00,Efectivo,Confirmado,,2026-06-05 04:04:11,2026-06-30 05:30:31,,278,1633,111113612603105,111113612603105
2824,Deposito,30.00,2026-06-02 00:00:00,Efectivo,Confirmado,,2026-06-05 04:06:02,2026-06-30 05:30:31,,80,1181,111113612603105,111113612603105
2825,Deposito,20.00,2026-06-02 00:00:00,Efectivo,Confirmado,,2026-06-05 04:06:02,2026-06-30 05:30:31,,81,1182,111113612603105,111113612603105
2826,Deposito,22.00,2026-06-02 00:00:00,Efectivo,Confirmado,,2026-06-05 04:06:04,2026-06-30 05:30:31,,82,1678,111113612603105,111113612603105
2827,Deposito,10.00,2026-06-02 00:00:00,Efectivo,Confirmado,,2026-06-05 04:12:15,2026-06-30 05:30:31,,73,1376,111113612603105,111113612603105
2828,Deposito,10.00,2026-06-02 00:00:00,Efectivo,Confirmado,,2026-06-05 04:12:15,2026-06-30 05:30:31,,74,1378,111113612603105,111113612603105
2829,Deposito,10.00,2026-06-02 00:00:00,Efectivo,Confirmado,,2026-06-05 04:12:17,2026-06-30 05:30:31,,75,1380,111113612603105,111113612603105
2830,Deposito,10.00,2026-06-02 00:00:00,Efectivo,Confirmado,,2026-06-05 04:12:22,2026-06-30 05:30:31,,370,1656,111113612603105,111113612603105
2831,Deposito,10.00,2026-06-02 00:00:00,Efectivo,Confirmado,,2026-06-05 04:12:24,2026-06-30 05:30:31,,76,1381,111113612603105,111113612603105
2832,Deposito,10.00,2026-06-02 00:00:00,Efectivo,Confirmado,,2026-06-05 04:12:30,2026-06-30 05:30:31,,77,1785,111113612603105,111113612603105
2833,Deposito,10.00,2026-06-02 00:00:00,Efectivo,Confirmado,,2026-06-05 04:12:30,2026-06-30 05:30:31,,79,1784,111113612603105,111113612603105
2834,apertura,0.00,2026-06-05 04:12:31,Sistema,Confirmado,,2026-06-05 04:12:31,2026-06-05 04:12:31,,416,,,
2835,Deposito,10.00,2026-06-02 00:00:00,Efectivo,Confirmado,,2026-06-05 04:12:31,2026-06-30 05:30:31,,416,1907,111113612603105,111113612603105
2836,Deposito,28.00,2026-06-02 00:00:00,Efectivo,Confirmado,,2026-06-05 04:14:13,2026-06-30 05:30:31,,99,1799,111113612603105,111113612603105
2837,Deposito,20.00,2026-06-02 00:00:00,Efectivo,Confirmado,,2026-06-05 04:14:38,2026-06-30 05:30:31,,393,1800,111113612603105,111113612603105
2838,Deposito,20.00,2026-06-02 00:00:00,Efectivo,Confirmado,,2026-06-05 04:14:52,2026-06-30 05:30:31,,100,1801,111113612603105,111113612603105
2839,Deposito,20.00,2026-06-02 00:00:00,Efectivo,Confirmado,,2026-06-05 04:15:14,2026-06-30 05:30:31,,102,1802,111113612603105,111113612603105
2840,Deposito,20.00,2026-06-02 00:00:00,Efectivo,Confirmado,,2026-06-05 04:15:46,2026-06-30 05:30:31,,394,1803,111113612603105,111113612603105
2841,Deposito,20.00,2026-06-02 00:00:00,Efectivo,Confirmado,,2026-06-05 04:20:07,2026-06-30 05:30:31,,109,1631,111113612603105,111113612603105
2842,Deposito,32.00,2026-06-02 00:00:00,Efectivo,Confirmado,,2026-06-05 04:21:36,2026-06-30 05:30:31,,96,1750,111113612603105,111113612603105
2843,Deposito,28.00,2026-06-02 00:00:00,Efectivo,Confirmado,,2026-06-05 04:21:36,2026-06-30 05:30:31,,98,1759,111113612603105,111113612603105
2844,Deposito,62.50,2026-06-02 06:00:00,Efectivo,Confirmado,,2026-06-05 04:22:44,2026-06-30 05:30:31,,40,1761,111113612603105,111113612603105
2845,Deposito,56.00,2026-06-02 06:00:00,Efectivo,Confirmado,,2026-06-05 04:24:01,2026-06-30 05:30:31,,45,1548,111113612603105,111113612603105
2846,Deposito,106.00,2026-06-02 06:00:00,Efectivo,Confirmado,,2026-06-05 04:24:59,2026-06-30 05:30:31,,47,1732,111113612603105,111113612603105
2847,Deposito,135.00,2026-06-02 06:00:00,Efectivo,Confirmado,,2026-06-05 04:25:49,2026-06-30 05:30:31,,39,1769,111113612603105,111113612603105
2848,Deposito,213.00,2026-06-02 06:00:00,Efectivo,Confirmado,,2026-06-05 04:26:30,2026-06-30 05:30:31,,43,1917,111113612603105,111113612603105
2849,Deposito,70.00,2026-06-02 06:00:00,Efectivo,Confirmado,,2026-06-05 04:27:04,2026-06-30 05:30:31,,41,1544,111113612603105,111113612603105
2850,Deposito,54.00,2026-06-02 06:00:00,Efectivo,Confirmado,,2026-06-05 04:27:39,2026-06-30 05:30:31,,46,1658,111113612603105,111113612603105
2851,Deposito,35.00,2026-06-02 06:00:00,Efectivo,Confirmado,,2026-06-05 04:28:13,2026-06-30 05:30:31,,44,1734,111113612603105,111113612603105
2852,Deposito,39.00,2026-06-02 06:00:00,Efectivo,Confirmado,,2026-06-05 04:28:41,2026-06-30 05:30:31,,49,1660,111113612603105,111113612603105
2853,Deposito,10.00,2026-06-03 00:00:00,Efectivo,Confirmado,,2026-06-05 18:20:09,2026-06-30 05:30:31,,324,1635,111113612603105,111113612603105
2854,Deposito,12.00,2026-06-03 00:00:00,Efectivo,Confirmado,,2026-06-05 18:20:09,2026-06-30 05:30:31,,153,,111113612603105,111113612603105
2855,Deposito,40.00,2026-06-03 00:00:00,Efectivo,Confirmado,,2026-06-05 18:20:09,2026-06-30 05:30:31,,154,931,111113612603105,111113612603105
2857,Deposito,60.00,2026-06-01 00:00:00,Efectivo,Confirmado,,2026-06-05 18:43:48,2026-06-30 05:30:31,,14,1787,111113612603105,111113612603105
2858,Deposito,20.00,2026-06-01 00:00:00,Efectivo,Confirmado,,2026-06-05 18:44:15,2026-06-30 05:30:31,,10,1647,111113612603105,111113612603105
2859,Deposito,16.00,2026-06-01 00:00:00,Efectivo,Confirmado,,2026-06-05 18:44:46,2026-06-30 05:30:31,,8,858,111113612603105,111113612603105
2860,Deposito,20.00,2026-06-01 00:00:00,Efectivo,Confirmado,,2026-06-05 18:45:12,2026-06-30 05:30:31,,12,856,111113612603105,111113612603105
2861,Deposito,12.00,2026-06-01 00:00:00,Efectivo,Confirmado,,2026-06-05 18:45:48,2026-06-30 05:30:31,,9,852,111113612603105,111113612603105
2862,Deposito,20.00,2026-06-01 00:00:00,Efectivo,Confirmado,,2026-06-05 18:46:24,2026-06-30 05:30:31,,18,866,111113612603105,111113612603105
2863,Deposito,20.00,2026-06-01 00:00:00,Efectivo,Confirmado,,2026-06-05 18:46:53,2026-06-30 05:30:31,,407,867,111113612603105,111113612603105
2864,Deposito,20.00,2026-06-01 00:00:00,Efectivo,Confirmado,,2026-06-05 18:47:17,2026-06-30 05:30:31,,16,1765,111113612603105,111113612603105
2865,Deposito,20.00,2026-06-01 00:00:00,Efectivo,Confirmado,,2026-06-05 18:47:36,2026-06-30 05:30:31,,7,1645,111113612603105,111113612603105
2866,Deposito,20.00,2026-06-01 00:00:00,Efectivo,Confirmado,,2026-06-05 18:49:12,2026-06-30 05:30:31,,5,1702,111113612603105,111113612603105
2867,Deposito,20.00,2026-06-01 00:00:00,Efectivo,Confirmado,,2026-06-05 18:50:11,2026-06-30 05:30:31,,367,1731,111113612603105,111113612603105
2868,Deposito,20.00,2026-06-01 00:00:00,Efectivo,Confirmado,,2026-06-05 18:50:44,2026-06-30 05:30:31,,19,1648,111113612603105,111113612603105
2869,Deposito,50.00,2026-06-01 00:00:00,Efectivo,Confirmado,,2026-06-05 18:51:54,2026-06-30 05:30:31,,17,1899,111113612603105,111113612603105
2870,Deposito,20.00,2026-06-01 00:00:00,Efectivo,Confirmado,,2026-06-05 18:52:21,2026-06-30 05:30:31,,403,1852,111113612603105,111113612603105
2871,Deposito,30.00,2026-06-01 00:00:00,Efectivo,Confirmado,,2026-06-05 18:52:45,2026-06-30 05:30:31,,21,870,111113612603105,111113612603105
2872,Deposito,30.00,2026-06-01 00:00:00,Efectivo,Confirmado,,2026-06-05 18:53:06,2026-06-30 05:30:31,,15,1836,111113612603105,111113612603105
2873,apertura,0.00,2026-06-05 18:53:27,Sistema,Confirmado,,2026-06-05 18:53:27,2026-06-05 18:53:27,,417,,,
2874,Deposito,20.00,2026-06-01 00:00:00,Efectivo,Confirmado,,2026-06-05 18:53:27,2026-06-30 05:30:31,,417,1898,111113612603105,111113612603105
2875,Deposito,20.00,2026-06-01 00:00:00,Efectivo,Confirmado,,2026-06-05 18:54:33,2026-06-30 05:30:31,,11,,111113612603105,111113612603105
2876,Deposito,20.00,2026-06-01 00:00:00,Efectivo,Confirmado,,2026-06-05 18:54:46,2026-06-30 05:30:31,,6,855,111113612603105,111113612603105
2877,Deposito,20.00,2026-06-01 00:00:00,Efectivo,Confirmado,,2026-06-05 18:55:06,2026-06-30 05:30:31,,368,1744,111113612603105,111113612603105
2878,Deposito,20.00,2026-06-01 00:00:00,Efectivo,Confirmado,,2026-06-05 18:56:17,2026-06-30 05:30:31,,20,1737,111113612603105,111113612603105
2879,Deposito,20.00,2026-06-01 00:00:00,Efectivo,Confirmado,,2026-06-05 18:56:35,2026-06-30 05:30:31,,13,1794,111113612603105,111113612603105
2880,apertura,0.00,2026-06-05 18:56:52,Sistema,Confirmado,,2026-06-05 18:56:52,2026-06-05 18:56:52,,418,,,
2881,Deposito,20.00,2026-06-01 00:00:00,Efectivo,Confirmado,,2026-06-05 18:56:52,2026-06-30 05:30:31,,418,1897,111113612603105,111113612603105
2883,Deposito,42.00,2026-06-01 00:00:00,Efectivo,Confirmado,,2026-06-05 19:03:25,2026-06-30 05:30:31,,1,1766,111113612603105,111113612603105
2884,Deposito,30.00,2026-06-01 00:00:00,Efectivo,Confirmado,,2026-06-05 19:03:25,2026-06-30 05:30:31,,390,1786,111113612603105,111113612603105
2885,Deposito,32.00,2026-06-01 00:00:00,Efectivo,Confirmado,,2026-06-05 19:03:25,2026-06-30 05:30:31,,3,1417,111113612603105,111113612603105
2886,Deposito,32.00,2026-06-01 00:00:00,Efectivo,Confirmado,,2026-06-05 19:03:25,2026-06-30 05:30:31,,2,1767,111113612603105,111113612603105
2887,Deposito,62.00,2026-06-01 00:00:00,Efectivo,Confirmado,,2026-06-05 19:03:25,2026-06-30 05:30:31,,4,1416,111113612603105,111113612603105
2889,Deposito,20.00,2026-06-03 00:00:00,Efectivo,Confirmado,,2026-06-05 19:15:56,2026-06-30 05:30:31,,135,1894,111113612603105,111113612603105
2890,Deposito,28.00,2026-06-03 00:00:00,Efectivo,Confirmado,,2026-06-05 19:15:56,2026-06-30 05:30:31,,137,1893,111113612603105,111113612603105
2891,Deposito,10.00,2026-06-03 00:00:00,Efectivo,Confirmado,,2026-06-05 19:15:57,2026-06-30 05:30:31,,286,1819,111113612603105,111113612603105
2892,Deposito,20.00,2026-06-03 00:00:00,Efectivo,Confirmado,,2026-06-05 19:15:57,2026-06-30 05:30:31,,140,1147,111113612603105,111113612603105
2893,Deposito,30.00,2026-06-03 00:00:00,Efectivo,Confirmado,,2026-06-05 19:15:57,2026-06-30 05:30:31,,136,1820,111113612603105,111113612603105
2894,Deposito,30.00,2026-06-03 00:00:00,Efectivo,Confirmado,,2026-06-05 19:15:57,2026-06-30 05:30:31,,395,1822,111113612603105,111113612603105
2895,Deposito,22.00,2026-06-03 00:00:00,Efectivo,Confirmado,,2026-06-05 19:15:57,2026-06-30 05:30:31,,287,1146,111113612603105,111113612603105
2896,Deposito,20.00,2026-06-03 00:00:00,Efectivo,Confirmado,,2026-06-05 19:15:57,2026-06-30 05:30:31,,138,1821,111113612603105,111113612603105
2897,Deposito,55.00,2026-06-01 06:00:00,Efectivo,Confirmado,,2026-06-05 19:20:11,2026-06-30 06:02:39,,274,1674,111113612603105,111113612603105
2898,apertura,0.00,2026-06-03 06:00:00,Sistema,Confirmado,,2026-06-05 19:20:22,2026-06-05 19:20:22,,419,,,
2899,Deposito,25.00,2026-06-01 06:00:00,Efectivo,Confirmado,,2026-06-05 19:20:23,2026-06-30 06:02:39,,408,1842,111113612603105,111113612603105
2900,Deposito,55.00,2026-06-01 06:00:00,Efectivo,Confirmado,,2026-06-05 19:20:23,2026-06-30 06:02:39,,391,1797,111113612603105,111113612603105
2901,Deposito,20.00,2026-06-01 06:00:00,Efectivo,Confirmado,,2026-06-05 19:20:24,2026-06-30 06:02:39,,22,1021,111113612603105,111113612603105
2902,Deposito,19.00,2026-06-01 06:00:00,Efectivo,Confirmado,,2026-06-05 19:20:24,2026-06-30 06:02:39,,23,1795,111113612603105,111113612603105
2903,Deposito,25.00,2026-06-01 06:00:00,Efectivo,Confirmado,,2026-06-05 19:20:25,2026-06-30 06:02:39,,402,1834,111113612603105,111113612603105
2904,Deposito,20.00,2026-06-03 06:00:00,Efectivo,Confirmado,,2026-06-05 19:20:25,2026-06-30 06:02:39,,132,1364,111113612603105,111113612603105
2905,Deposito,20.00,2026-06-03 06:00:00,Efectivo,Confirmado,,2026-06-05 19:20:25,2026-06-30 06:02:39,,128,1883,111113612603105,111113612603105
2906,Deposito,20.00,2026-06-03 06:00:00,Efectivo,Confirmado,,2026-06-05 19:20:26,2026-06-30 06:02:39,,129,1857,111113612603105,111113612603105
2907,Deposito,42.00,2026-06-03 06:00:00,Efectivo,Confirmado,,2026-06-05 19:20:26,2026-06-30 06:02:39,,323,1621,111113612603105,111113612603105
2908,Deposito,20.00,2026-06-03 06:00:00,Efectivo,Confirmado,,2026-06-05 19:20:30,2026-06-30 06:02:39,,148,1709,111113612603105,111113612603105
2909,Deposito,24.00,2026-06-03 06:00:00,Efectivo,Confirmado,,2026-06-05 19:20:31,2026-06-30 06:02:39,,266,1896,111113612603105,111113612603105
2910,Deposito,34.00,2026-06-03 06:00:00,Efectivo,Confirmado,,2026-06-05 19:20:31,2026-06-30 06:02:39,,145,1920,111113612603105,111113612603105
2911,Deposito,32.00,2026-06-03 06:00:00,Efectivo,Confirmado,,2026-06-05 19:20:31,2026-06-30 06:02:39,,320,1196,111113612603105,111113612603105
2912,Deposito,19.00,2026-06-03 06:00:00,Efectivo,Confirmado,,2026-06-05 19:20:31,2026-06-30 06:02:39,,157,1793,111113612603105,111113612603105
2913,Deposito,32.00,2026-06-03 06:00:00,Efectivo,Confirmado,,2026-06-05 19:20:32,2026-06-30 06:02:39,,118,1666,111113612603105,111113612603105
2914,Deposito,20.00,2026-06-03 06:00:00,Efectivo,Confirmado,,2026-06-05 19:20:32,2026-06-30 06:02:39,,121,1748,111113612603105,111113612603105
2915,Deposito,20.00,2026-06-03 06:00:00,Efectivo,Confirmado,,2026-06-05 19:20:33,2026-06-30 06:02:39,,285,1625,111113612603105,111113612603105
2916,Deposito,20.00,2026-06-03 06:00:00,Efectivo,Confirmado,,2026-06-05 19:20:33,2026-06-30 06:02:39,,133,1365,111113612603105,111113612603105
2917,Deposito,300.00,2026-06-03 06:00:00,Efectivo,Confirmado,,2026-06-05 19:20:34,2026-06-30 06:02:39,,115,1835,111113612603105,111113612603105
2918,Deposito,40.00,2026-06-03 06:00:00,Efectivo,Confirmado,,2026-06-05 19:20:35,2026-06-30 06:02:39,,146,1200,111113612603105,111113612603105
2919,Deposito,42.50,2026-06-03 06:00:00,Efectivo,Confirmado,,2026-06-05 19:20:35,2026-06-30 06:02:39,,316,1619,111113612603105,111113612603105
2920,Deposito,64.00,2026-06-03 06:00:00,Efectivo,Confirmado,,2026-06-05 19:20:36,2026-06-30 06:02:39,,149,1889,111113612603105,111113612603105
2921,Deposito,20.00,2026-06-03 06:00:00,Efectivo,Confirmado,,2026-06-05 19:20:36,2026-06-30 06:02:39,,113,1667,111113612603105,111113612603105
2922,Deposito,50.00,2026-06-03 06:00:00,Efectivo,Confirmado,,2026-06-05 19:20:37,2026-06-30 06:02:39,,155,1672,111113612603105,111113612603105
2923,Deposito,20.00,2026-06-03 06:00:00,Efectivo,Confirmado,,2026-06-05 19:20:38,2026-06-30 06:02:39,,126,1912,111113612603105,111113612603105
2924,Deposito,40.00,2026-06-03 06:00:00,Efectivo,Confirmado,,2026-06-05 19:20:38,2026-06-30 06:02:39,,142,1866,111113612603105,111113612603105
2925,Deposito,20.00,2026-06-03 06:00:00,Efectivo,Confirmado,,2026-06-05 19:20:38,2026-06-30 06:02:39,,122,1843,111113612603105,111113612603105
2926,Deposito,55.00,2026-06-03 06:00:00,Efectivo,Confirmado,,2026-06-05 19:20:39,2026-06-30 06:02:39,,372,1768,111113612603105,111113612603105
2927,Deposito,70.00,2026-06-03 06:00:00,Efectivo,Confirmado,,2026-06-05 19:20:39,2026-06-30 06:02:39,,114,1668,111113612603105,111113612603105
2928,Deposito,500.00,2026-06-03 06:00:00,Efectivo,Confirmado,,2026-06-05 19:20:43,2026-06-30 06:02:39,,116,1881,111113612603105,111113612603105
2929,Deposito,24.00,2026-06-03 06:00:00,Efectivo,Confirmado,,2026-06-05 19:20:43,2026-06-30 06:02:39,,120,1778,111113612603105,111113612603105
2930,Deposito,66.00,2026-06-03 06:00:00,Efectivo,Confirmado,,2026-06-05 19:20:44,2026-06-30 06:02:39,,319,1813,111113612603105,111113612603105
2931,Deposito,55.00,2026-06-03 06:00:00,Efectivo,Confirmado,,2026-06-05 19:20:44,2026-06-30 06:02:39,,369,1833,111113612603105,111113612603105
2932,Deposito,20.00,2026-06-03 06:00:00,Efectivo,Confirmado,,2026-06-05 19:20:45,2026-06-30 06:02:39,,124,1844,111113612603105,111113612603105
2933,Deposito,22.00,2026-06-03 06:00:00,Efectivo,Confirmado,,2026-06-05 19:20:45,2026-06-30 06:02:39,,117,1671,111113612603105,111113612603105
2934,Deposito,20.00,2026-06-03 06:00:00,Efectivo,Confirmado,,2026-06-05 19:20:46,2026-06-30 06:02:39,,130,1714,111113612603105,111113612603105
2935,Deposito,40.00,2026-06-03 06:00:00,Efectivo,Confirmado,,2026-06-05 19:20:46,2026-06-30 06:02:39,,143,1867,111113612603105,111113612603105
2936,Deposito,64.00,2026-06-03 06:00:00,Efectivo,Confirmado,,2026-06-05 19:20:47,2026-06-30 06:02:39,,325,1868,111113612603105,111113612603105
2937,Deposito,24.00,2026-06-03 06:00:00,Efectivo,Confirmado,,2026-06-05 19:20:47,2026-06-30 06:02:39,,123,904,111113612603105,111113612603105
2938,Deposito,38.50,2026-06-03 06:00:00,Efectivo,Confirmado,,2026-06-05 19:20:49,2026-06-30 06:02:39,,317,1807,111113612603105,111113612603105
2939,Deposito,20.00,2026-06-03 06:00:00,Efectivo,Confirmado,,2026-06-05 19:20:49,2026-06-30 06:02:39,,125,1741,111113612603105,111113612603105
2940,Deposito,84.00,2026-06-03 06:00:00,Efectivo,Confirmado,,2026-06-05 19:20:49,2026-06-30 06:02:39,,419,1900,111113612603105,111113612603105
2941,Deposito,20.00,2026-06-03 06:00:00,Efectivo,Confirmado,,2026-06-05 19:20:50,2026-06-30 06:02:39,,127,1628,111113612603105,111113612603105
2942,Deposito,34.00,2026-06-03 06:00:00,Efectivo,Confirmado,,2026-06-05 19:20:50,2026-06-30 06:02:39,,318,1620,111113612603105,111113612603105
2943,Deposito,44.00,2026-06-03 06:00:00,Efectivo,Confirmado,,2026-06-05 19:20:51,2026-06-30 06:02:39,,141,1918,111113612603105,111113612603105
2944,Deposito,21.00,2026-06-03 06:00:00,Efectivo,Confirmado,,2026-06-05 19:20:51,2026-06-30 06:02:39,,284,1865,111113612603105,111113612603105
2945,Deposito,30.00,2026-06-03 06:00:00,Efectivo,Confirmado,,2026-06-05 19:20:51,2026-06-30 06:02:39,,147,1814,111113612603105,111113612603105
2946,Deposito,44.00,2026-06-03 06:00:00,Efectivo,Confirmado,,2026-06-05 19:20:52,2026-06-30 06:02:39,,144,1919,111113612603105,111113612603105
2947,Deposito,24.00,2026-06-03 06:00:00,Efectivo,Confirmado,,2026-06-05 19:20:52,2026-06-30 06:02:39,,288,1665,111113612603105,111113612603105
2948,Deposito,16.00,2026-06-03 06:00:00,Efectivo,Confirmado,,2026-06-05 19:20:52,2026-06-30 06:02:39,,373,1848,111113612603105,111113612603105
2949,Deposito,100.00,2026-06-04 00:00:00,Efectivo,Confirmado,,2026-06-05 20:23:11,2026-06-30 05:30:32,,189,1429,111113612603105,111113612603105
2950,Deposito,100.00,2026-06-04 00:00:00,Efectivo,Confirmado,,2026-06-05 20:23:12,2026-06-30 05:30:32,,289,1849,111113612603105,111113612603105
2952,Deposito,10.00,2026-06-04 00:00:00,Efectivo,Confirmado,,2026-06-05 20:23:12,2026-06-30 05:30:32,,191,1903,111113612603105,111113612603105
2953,Deposito,30.00,2026-06-04 00:00:00,Efectivo,Confirmado,,2026-06-05 20:23:12,2026-06-30 05:30:32,,192,1438,111113612603105,111113612603105
2954,Deposito,60.00,2026-06-04 00:00:00,Efectivo,Confirmado,,2026-06-05 20:23:12,2026-06-30 05:30:32,,193,1497,111113612603105,111113612603105
2955,Deposito,10.00,2026-06-04 00:00:00,Efectivo,Confirmado,,2026-06-05 20:23:12,2026-06-30 05:30:32,,194,1485,111113612603105,111113612603105
2956,Deposito,32.00,2026-06-04 00:00:00,Efectivo,Confirmado,,2026-06-05 20:23:12,2026-06-30 05:30:32,,269,1694,111113612603105,111113612603105
2957,Deposito,53.00,2026-06-04 00:00:00,Efectivo,Confirmado,,2026-06-05 20:23:12,2026-06-30 05:30:32,,195,1493,111113612603105,111113612603105
2958,Deposito,20.00,2026-06-04 00:00:00,Efectivo,Confirmado,,2026-06-05 20:23:12,2026-06-30 05:30:32,,196,1502,111113612603105,111113612603105
2959,Deposito,42.00,2026-06-04 00:00:00,Efectivo,Confirmado,,2026-06-05 20:23:13,2026-06-30 05:30:32,,327,1753,111113612603105,111113612603105
2960,Deposito,40.00,2026-06-04 00:00:00,Efectivo,Confirmado,,2026-06-05 20:23:13,2026-06-30 05:30:32,,198,1895,111113612603105,111113612603105
2961,Deposito,64.00,2026-06-04 00:00:00,Efectivo,Confirmado,,2026-06-05 20:23:13,2026-06-30 05:30:32,,200,1905,111113612603105,111113612603105
2962,Deposito,20.00,2026-06-04 00:00:00,Efectivo,Confirmado,,2026-06-05 20:23:13,2026-06-30 05:30:32,,180,1723,111113612603105,111113612603105
2963,Deposito,34.00,2026-06-04 00:00:00,Efectivo,Confirmado,,2026-06-05 20:23:13,2026-06-30 05:30:32,,181,1875,111113612603105,111113612603105
2964,Deposito,10.00,2026-06-04 00:00:00,Efectivo,Confirmado,,2026-06-05 20:23:13,2026-06-30 05:30:32,,182,1434,111113612603105,111113612603105
2965,Deposito,20.00,2026-06-04 00:00:00,Efectivo,Confirmado,,2026-06-05 20:23:13,2026-06-30 05:30:32,,183,1749,111113612603105,111113612603105
2966,Deposito,20.00,2026-06-04 00:00:00,Efectivo,Confirmado,,2026-06-05 20:23:13,2026-06-30 05:30:32,,268,1728,111113612603105,111113612603105
2967,Deposito,44.00,2026-06-04 00:00:00,Efectivo,Confirmado,,2026-06-05 20:23:14,2026-06-30 05:30:32,,185,1500,111113612603105,111113612603105
2968,apertura,0.00,2026-06-05 20:23:14,Sistema,Confirmado,,2026-06-05 20:23:14,2026-06-05 20:23:14,,420,,,
2969,Deposito,40.00,2026-06-04 00:00:00,Efectivo,Confirmado,,2026-06-05 20:23:14,2026-06-30 05:30:32,,420,1904,111113612603105,111113612603105
2970,Deposito,50.00,2026-06-04 00:00:00,Efectivo,Confirmado,,2026-06-05 20:23:14,2026-06-30 05:30:32,,290,,111113612603105,111113612603105
2971,Deposito,30.00,2026-06-04 00:00:00,Efectivo,Confirmado,,2026-06-05 20:23:14,2026-06-30 05:30:32,,187,1724,111113612603105,111113612603105
2972,Deposito,60.00,2026-06-04 00:00:00,Efectivo,Confirmado,,2026-06-05 20:23:14,2026-06-30 05:30:32,,188,1441,111113612603105,111113612603105
2973,Deposito,30.00,2026-06-04 00:00:00,Efectivo,Confirmado,,2026-06-05 20:23:14,2026-06-30 05:30:32,,292,1508,111113612603105,111113612603105
2974,Deposito,40.00,2026-06-04 00:00:00,Efectivo,Confirmado,,2026-06-05 20:23:14,2026-06-30 05:30:32,,291,1854,111113612603105,111113612603105
2975,Deposito,26.00,2026-06-04 00:00:00,Efectivo,Confirmado,,2026-06-05 20:25:28,2026-06-30 05:30:32,,190,1436,111113612603105,111113612603105
2976,Deposito,20.00,2026-06-04 00:00:00,Efectivo,Confirmado,,2026-06-05 20:26:14,2026-06-30 05:30:32,,168,1908,111113612603105,111113612603105
2977,Deposito,30.00,2026-06-04 00:00:00,Efectivo,Confirmado,,2026-06-05 20:26:14,2026-06-30 05:30:32,,169,1510,111113612603105,111113612603105
2978,Deposito,20.00,2026-06-04 00:00:00,Efectivo,Confirmado,,2026-06-05 20:26:14,2026-06-30 05:30:32,,170,1511,111113612603105,111113612603105
2979,Deposito,20.00,2026-06-04 00:00:00,Efectivo,Confirmado,,2026-06-05 20:26:14,2026-06-30 05:30:32,,171,1673,111113612603105,111113612603105
2980,Deposito,30.00,2026-06-04 00:00:00,Efectivo,Confirmado,,2026-06-05 20:27:26,2026-06-30 05:30:32,,257,1638,111113612603105,111113612603105
2981,Deposito,40.00,2026-06-04 00:00:00,Efectivo,Confirmado,,2026-06-05 20:27:26,2026-06-30 05:30:32,,258,1639,111113612603105,111113612603105
2982,Deposito,200.00,2026-06-04 00:00:00,Efectivo,Confirmado,,2026-06-05 20:27:26,2026-06-30 05:30:32,,259,1637,111113612603105,111113612603105
2983,Deposito,34.00,2026-06-04 00:00:00,Efectivo,Confirmado,,2026-06-05 20:27:26,2026-06-30 05:30:32,,260,1636,111113612603105,111113612603105
2984,Deposito,15.00,2026-06-04 00:00:00,Efectivo,Confirmado,,2026-06-05 20:32:06,2026-06-30 05:30:32,,240,1023,111113612603105,111113612603105
2985,Deposito,27.00,2026-06-04 00:00:00,Efectivo,Confirmado,,2026-06-05 20:32:06,2026-06-30 05:30:32,,241,1739,111113612603105,111113612603105
2986,Deposito,53.00,2026-06-04 00:00:00,Efectivo,Confirmado,,2026-06-05 20:32:06,2026-06-30 05:30:32,,242,1047,111113612603105,111113612603105
2987,Deposito,20.00,2026-06-04 00:00:00,Efectivo,Confirmado,,2026-06-05 20:32:06,2026-06-30 05:30:32,,243,1877,111113612603105,111113612603105
2988,Deposito,15.00,2026-06-04 00:00:00,Efectivo,Confirmado,,2026-06-05 20:32:06,2026-06-30 05:30:32,,244,1727,111113612603105,111113612603105
2989,Deposito,10.00,2026-06-04 00:00:00,Efectivo,Confirmado,,2026-06-05 20:32:06,2026-06-30 05:30:32,,245,1029,111113612603105,111113612603105
2990,Deposito,10.00,2026-06-04 00:00:00,Efectivo,Confirmado,,2026-06-05 20:32:06,2026-06-30 05:30:32,,246,1878,111113612603105,111113612603105
2991,Deposito,20.00,2026-06-04 00:00:00,Efectivo,Confirmado,,2026-06-05 20:32:07,2026-06-30 05:30:32,,247,1901,111113612603105,111113612603105
2992,Deposito,14.00,2026-06-04 00:00:00,Efectivo,Confirmado,,2026-06-05 20:32:07,2026-06-30 05:30:32,,248,1738,111113612603105,111113612603105
2993,Deposito,31.50,2026-06-04 00:00:00,Efectivo,Confirmado,,2026-06-05 20:32:07,2026-06-30 05:30:32,,249,1034,111113612603105,111113612603105
2994,Deposito,16.00,2026-06-04 00:00:00,Efectivo,Confirmado,,2026-06-05 20:32:07,2026-06-30 05:30:32,,250,1751,111113612603105,111113612603105
2995,Deposito,10.00,2026-06-04 00:00:00,Efectivo,Confirmado,,2026-06-05 20:32:07,2026-06-30 05:30:32,,251,1690,111113612603105,111113612603105
2996,Deposito,20.00,2026-06-04 00:00:00,Efectivo,Confirmado,,2026-06-05 20:32:07,2026-06-30 05:30:32,,252,1695,111113612603105,111113612603105
2997,Deposito,20.00,2026-06-04 00:00:00,Efectivo,Confirmado,,2026-06-05 20:32:08,2026-06-30 05:30:32,,253,1044,111113612603105,111113612603105
2998,Deposito,30.00,2026-06-04 00:00:00,Efectivo,Confirmado,,2026-06-05 20:32:08,2026-06-30 05:30:32,,256,1808,111113612603105,111113612603105
2999,apertura,0.00,2026-06-05 20:33:17,Sistema,Confirmado,,2026-06-05 20:33:17,2026-06-05 20:33:17,,421,,,
3000,Deposito,44.00,2026-06-04 00:00:00,Efectivo,Confirmado,,2026-06-05 20:33:17,2026-06-30 05:30:32,,421,,111113612603105,111113612603105
3001,Deposito,24.00,2026-06-04 00:00:00,Efectivo,Confirmado,,2026-06-05 20:33:18,2026-06-30 05:30:32,,165,1879,111113612603105,111113612603105
3002,Deposito,30.00,2026-06-04 00:00:00,Efectivo,Confirmado,,2026-06-05 20:33:18,2026-06-30 05:30:32,,166,1880,111113612603105,111113612603105
3003,Deposito,32.00,2026-06-04 00:00:00,Efectivo,Confirmado,,2026-06-05 20:33:18,2026-06-30 05:30:33,,167,1775,111113612603105,111113612603105
3004,Deposito,20.00,2026-06-04 00:00:00,Efectivo,Confirmado,,2026-06-05 20:35:07,2026-06-30 05:30:33,,280,1689,111113612603105,111113612603105
3005,Deposito,18.00,2026-06-04 00:00:00,Efectivo,Confirmado,,2026-06-05 20:35:07,2026-06-30 05:30:33,,281,1687,111113612603105,111113612603105
3006,Deposito,64.00,2026-06-04 00:00:00,Efectivo,Confirmado,,2026-06-05 20:35:07,2026-06-30 05:30:33,,159,1685,111113612603105,111113612603105
3007,Deposito,20.00,2026-06-04 00:00:00,Efectivo,Confirmado,,2026-06-05 20:35:07,2026-06-30 05:30:33,,282,1688,111113612603105,111113612603105
3008,Deposito,40.00,2026-06-04 00:00:00,Efectivo,Confirmado,,2026-06-05 20:35:07,2026-06-30 05:30:33,,160,1890,111113612603105,111113612603105
3009,Deposito,20.00,2026-06-04 00:00:00,Efectivo,Confirmado,,2026-06-05 20:35:07,2026-06-30 05:30:33,,326,1720,111113612603105,111113612603105
3010,Deposito,24.00,2026-06-04 00:00:00,Efectivo,Confirmado,,2026-06-05 20:35:44,2026-06-30 05:30:33,,162,1851,111113612603105,111113612603105
3011,Deposito,24.00,2026-06-04 00:00:00,Efectivo,Confirmado,,2026-06-05 20:35:44,2026-06-30 05:30:33,,163,1850,111113612603105,111113612603105
3012,Deposito,55.00,2026-06-04 00:00:00,Efectivo,Confirmado,,2026-06-05 20:36:05,2026-06-30 05:30:33,,410,1862,111113612603105,111113612603105
3013,Deposito,55.00,2026-06-04 00:00:00,Efectivo,Confirmado,,2026-06-05 20:36:22,2026-06-30 05:30:33,,375,1772,111113612603105,111113612603105
3014,Deposito,36.00,2026-06-05 00:00:00,Efectivo,Confirmado,,2026-06-06 14:02:36,2026-06-30 05:30:33,,228,1726,111113612603105,111113612603105
3015,Deposito,10.00,2026-06-05 00:00:00,Efectivo,Confirmado,,2026-06-06 14:02:36,2026-06-30 05:30:33,,303,1266,111113612603105,111113612603105
3016,Deposito,20.00,2026-06-05 00:00:00,Efectivo,Confirmado,,2026-06-06 14:02:36,2026-06-30 05:30:33,,229,1268,111113612603105,111113612603105
3017,Deposito,20.00,2026-06-05 00:00:00,Efectivo,Confirmado,,2026-06-06 14:02:36,2026-06-30 05:30:33,,230,1265,111113612603105,111113612603105
3018,Deposito,20.00,2026-06-05 00:00:00,Efectivo,Confirmado,,2026-06-06 14:02:36,2026-06-30 05:30:33,,231,1691,111113612603105,111113612603105
3019,Deposito,20.00,2026-06-05 00:00:00,Efectivo,Confirmado,,2026-06-06 14:02:37,2026-06-30 05:30:33,,232,1271,111113612603105,111113612603105
3020,Deposito,10.00,2026-06-05 00:00:00,Efectivo,Confirmado,,2026-06-06 14:02:37,2026-06-30 05:30:33,,233,1677,111113612603105,111113612603105
3021,Deposito,20.00,2026-06-05 00:00:00,Efectivo,Confirmado,,2026-06-06 14:02:37,2026-06-30 05:30:33,,414,1876,111113612603105,111113612603105
3022,apertura,0.00,2026-06-06 14:02:37,Sistema,Confirmado,,2026-06-06 14:02:37,2026-06-06 14:02:37,,422,,,
3023,Deposito,20.00,2026-06-05 00:00:00,Efectivo,Confirmado,,2026-06-06 14:02:37,2026-06-30 05:30:33,,422,1260,111113612603105,111113612603105
3024,Deposito,32.00,2026-06-05 00:00:00,Efectivo,Confirmado,,2026-06-06 14:02:37,2026-06-30 05:30:33,,234,1275,111113612603105,111113612603105
3025,apertura,0.00,2026-06-06 14:02:37,Sistema,Confirmado,,2026-06-06 14:02:37,2026-06-06 14:02:37,,423,,,
3026,Deposito,10.00,2026-06-05 00:00:00,Efectivo,Confirmado,,2026-06-06 14:02:37,2026-06-30 05:30:33,,423,1286,111113612603105,111113612603105
3027,Deposito,20.00,2026-06-05 00:00:00,Efectivo,Confirmado,,2026-06-06 14:02:37,2026-06-30 05:30:33,,235,1855,111113612603105,111113612603105
3028,Deposito,20.00,2026-06-05 00:00:00,Efectivo,Confirmado,,2026-06-06 14:02:37,2026-06-30 05:30:33,,236,1696,111113612603105,111113612603105
3029,Deposito,20.00,2026-06-05 00:00:00,Efectivo,Confirmado,,2026-06-06 14:02:37,2026-06-30 05:30:33,,376,1757,111113612603105,111113612603105
3030,Deposito,20.00,2026-06-05 00:00:00,Efectivo,Confirmado,,2026-06-06 14:02:37,2026-06-30 05:30:33,,238,1725,111113612603105,111113612603105
3031,Deposito,40.00,2026-06-05 00:00:00,Efectivo,Confirmado,,2026-06-06 14:02:38,2026-06-30 05:30:33,,239,1815,111113612603105,111113612603105
3032,apertura,0.00,2026-06-06 14:02:38,Sistema,Confirmado,,2026-06-06 14:02:38,2026-06-06 14:02:38,,424,,,
3033,Deposito,20.00,2026-06-05 00:00:00,Efectivo,Confirmado,,2026-06-06 14:02:38,2026-06-30 05:30:33,,424,1288,111113612603105,111113612603105
3035,Deposito,96.00,2026-06-05 00:00:00,Efectivo,Confirmado,,2026-06-06 14:03:53,2026-06-30 05:30:33,,226,1886,111113612603105,111113612603105
3036,Deposito,62.00,2026-06-05 00:00:00,Efectivo,Confirmado,,2026-06-06 14:03:53,2026-06-30 05:30:33,,304,1887,111113612603105,111113612603105
3037,Deposito,52.00,2026-06-05 00:00:00,Efectivo,Confirmado,,2026-06-06 14:03:53,2026-06-30 05:30:33,,225,1762,111113612603105,111113612603105
3038,Deposito,68.00,2026-06-05 00:00:00,Efectivo,Confirmado,,2026-06-06 14:03:53,2026-06-30 05:30:33,,224,1884,111113612603105,111113612603105
3039,Deposito,212.00,2026-06-05 00:00:00,Efectivo,Confirmado,,2026-06-06 14:06:15,2026-06-30 05:30:33,,227,1885,111113612603105,111113612603105
3040,Deposito,50.00,2026-06-05 00:00:00,Efectivo,Confirmado,,2026-06-06 14:09:53,2026-06-30 05:30:33,,340,1234,111113612603105,111113612603105
3041,Deposito,20.00,2026-06-05 00:00:00,Efectivo,Confirmado,,2026-06-06 14:09:53,2026-06-30 05:30:33,,385,1806,111113612603105,111113612603105
3042,Deposito,44.00,2026-06-05 00:00:00,Efectivo,Confirmado,,2026-06-06 14:09:53,2026-06-30 05:30:33,,341,1237,111113612603105,111113612603105
3043,Deposito,20.00,2026-06-05 00:00:00,Efectivo,Confirmado,,2026-06-06 14:09:53,2026-06-30 05:30:33,,202,,111113612603105,111113612603105
3044,Deposito,20.00,2026-06-05 00:00:00,Efectivo,Confirmado,,2026-06-06 14:09:53,2026-06-30 05:30:33,,342,1816,111113612603105,111113612603105
3045,Deposito,20.00,2026-06-05 00:00:00,Efectivo,Confirmado,,2026-06-06 14:09:53,2026-06-30 05:30:33,,343,1682,111113612603105,111113612603105
3046,Deposito,100.00,2026-06-05 00:00:00,Efectivo,Confirmado,,2026-06-06 14:09:53,2026-06-30 05:30:33,,344,1245,111113612603105,111113612603105
3047,Deposito,114.00,2026-06-05 00:00:00,Efectivo,Confirmado,,2026-06-06 14:09:53,2026-06-30 05:30:33,,345,1246,111113612603105,111113612603105
3048,Deposito,60.00,2026-06-05 00:00:00,Efectivo,Confirmado,,2026-06-06 14:09:54,2026-06-30 05:30:33,,347,1804,111113612603105,111113612603105
3049,Deposito,60.00,2026-06-05 00:00:00,Efectivo,Confirmado,,2026-06-06 14:09:54,2026-06-30 05:30:33,,348,1805,111113612603105,111113612603105
3050,Deposito,30.00,2026-06-05 00:00:00,Efectivo,Confirmado,,2026-06-06 14:09:54,2026-06-30 05:30:33,,349,1909,111113612603105,111113612603105
3051,Deposito,40.00,2026-06-05 00:00:00,Efectivo,Confirmado,,2026-06-06 14:09:54,2026-06-30 05:30:33,,350,1250,111113612603105,111113612603105
3052,Deposito,10.00,2026-06-05 00:00:00,Efectivo,Confirmado,,2026-06-06 14:09:54,2026-06-30 05:30:33,,411,1251,111113612603105,111113612603105
3053,Deposito,40.00,2026-06-05 00:00:00,Efectivo,Confirmado,,2026-06-06 14:09:54,2026-06-30 05:30:33,,351,1719,111113612603105,111113612603105
3054,apertura,0.00,2026-06-06 14:10:35,Sistema,Confirmado,,2026-06-06 14:10:35,2026-06-06 14:10:35,,425,,,
3055,Deposito,154.00,2026-06-05 00:00:00,Efectivo,Confirmado,,2026-06-06 14:10:35,2026-06-30 05:30:33,,425,1680,111113612603105,111113612603105
3056,Deposito,201.50,2026-06-05 00:00:00,Efectivo,Confirmado,,2026-06-06 14:11:03,2026-06-30 05:30:33,,264,1733,111113612603105,111113612603105
3057,Deposito,55.00,2026-06-05 00:00:00,Efectivo,Confirmado,,2026-06-06 14:11:45,2026-06-30 05:30:33,,265,1557,111113612603105,111113612603105
3058,Deposito,56.00,2026-06-05 00:00:00,Efectivo,Confirmado,,2026-06-06 14:12:31,2026-06-30 05:30:33,,305,1796,111113612603105,111113612603105
3059,Deposito,327.00,2026-06-05 00:00:00,Efectivo,Confirmado,,2026-06-06 14:18:55,2026-06-30 05:30:33,,352,1289,111113612603105,111113612603105
3060,Deposito,120.00,2026-06-05 00:00:00,Efectivo,Confirmado,,2026-06-06 14:18:55,2026-06-30 05:30:33,,377,,111113612603105,111113612603105
3061,Deposito,286.50,2026-06-05 00:00:00,Efectivo,Confirmado,,2026-06-06 14:18:55,2026-06-30 05:30:33,,355,1300,111113612603105,111113612603105
3062,Deposito,220.00,2026-06-05 00:00:00,Efectivo,Confirmado,,2026-06-06 14:18:55,2026-06-30 05:30:33,,356,1311,111113612603105,111113612603105
3063,Deposito,264.00,2026-06-05 00:00:00,Efectivo,Confirmado,,2026-06-06 14:18:55,2026-06-30 05:30:33,,379,1322,111113612603105,111113612603105
3064,Deposito,264.00,2026-06-05 00:00:00,Efectivo,Confirmado,,2026-06-06 14:18:56,2026-06-30 05:30:33,,353,1764,111113612603105,111113612603105
3065,Deposito,120.00,2026-06-05 00:00:00,Efectivo,Confirmado,,2026-06-06 14:18:56,2026-06-30 05:30:33,,357,1927,111113612603105,111113612603105
3066,Deposito,49.00,2026-06-05 00:00:00,Efectivo,Confirmado,,2026-06-06 14:18:56,2026-06-30 05:30:33,,380,1914,111113612603105,111113612603105
3067,Deposito,62.50,2026-06-05 00:00:00,Efectivo,Confirmado,,2026-06-06 14:18:56,2026-06-30 05:30:33,,358,1776,111113612603105,111113612603105
3068,Deposito,120.00,2026-06-05 00:00:00,Efectivo,Confirmado,,2026-06-06 14:18:56,2026-06-30 05:30:33,,381,1306,111113612603105,111113612603105
3069,Deposito,120.00,2026-06-05 00:00:00,Efectivo,Confirmado,,2026-06-06 14:18:56,2026-06-30 05:30:33,,382,1308,111113612603105,111113612603105
3070,Deposito,60.00,2026-06-05 00:00:00,Efectivo,Confirmado,,2026-06-06 14:18:56,2026-06-30 05:30:33,,396,1928,111113612603105,111113612603105
3071,Deposito,192.00,2026-06-05 00:00:00,Efectivo,Confirmado,,2026-06-06 14:18:56,2026-06-30 05:30:33,,359,1310,111113612603105,111113612603105
3072,Deposito,40.00,2026-06-05 00:00:00,Efectivo,Confirmado,,2026-06-06 14:18:56,2026-06-30 05:30:33,,360,1319,111113612603105,111113612603105
3073,Deposito,184.00,2026-06-05 00:00:00,Efectivo,Confirmado,,2026-06-06 14:18:56,2026-06-30 05:30:33,,361,1313,111113612603105,111113612603105
3074,apertura,0.00,2026-06-06 14:18:57,Sistema,Confirmado,,2026-06-06 14:18:57,2026-06-06 14:18:57,,426,,,
3075,Deposito,67.00,2026-06-05 00:00:00,Efectivo,Confirmado,,2026-06-06 14:18:57,2026-06-30 05:30:33,,426,1315,111113612603105,111113612603105
3076,Deposito,306.50,2026-06-05 00:00:00,Efectivo,Confirmado,,2026-06-06 14:18:57,2026-06-30 05:30:33,,412,,111113612603105,111113612603105
3077,Deposito,80.00,2026-06-05 00:00:00,Efectivo,Confirmado,,2026-06-06 14:18:57,2026-06-30 05:30:33,,383,1642,111113612603105,111113612603105
3078,Deposito,20.00,2026-06-05 00:00:00,Efectivo,Confirmado,,2026-06-06 14:18:57,2026-06-30 05:30:33,,413,1856,111113612603105,111113612603105
3079,Deposito,380.00,2026-06-02 00:00:00,Efectivo,Confirmado,,2026-06-06 14:22:04,2026-06-30 05:30:33,,263,,111113612603105,111113612603105
3080,Deposito,380.00,2026-06-02 00:00:00,Efectivo,Confirmado,,2026-06-06 14:23:18,2026-06-30 05:30:33,,262,,111113612603105,111113612603105
3081,apertura,0.00,2026-06-06 14:23:18,Sistema,Confirmado,,2026-06-06 14:23:18,2026-06-06 14:23:18,,427,,,
3082,Deposito,420.00,2026-06-02 00:00:00,Efectivo,Confirmado,,2026-06-06 14:23:18,2026-06-30 05:30:33,,427,,111113612603105,111113612603105
3083,apertura,0.00,2026-06-06 14:23:18,Sistema,Confirmado,,2026-06-06 14:23:18,2026-06-06 14:23:18,,428,,,
3084,Deposito,430.00,2026-06-02 00:00:00,Efectivo,Confirmado,,2026-06-06 14:23:18,2026-06-30 05:30:33,,428,,111113612603105,111113612603105
3085,Deposito,90.00,2026-06-02 00:00:00,Efectivo,Confirmado,,2026-06-06 14:24:32,2026-06-30 05:30:33,,246,1878,111113612603105,111113612603105
3086,Deposito,1118.00,2026-06-02 00:00:00,Efectivo,Confirmado,,2026-06-06 14:25:36,2026-06-30 05:30:33,,214,1155,111113612603105,111113612603105
3087,Deposito,480.00,2026-06-02 00:00:00,Efectivo,Confirmado,,2026-06-06 14:26:19,2026-06-30 05:30:33,,321,,111113612603105,111113612603105
3088,Deposito,404.00,2026-06-02 00:00:00,Efectivo,Confirmado,,2026-06-06 14:27:15,2026-06-30 05:30:33,,322,,111113612603105,111113612603105
3089,Deposito,354.00,2026-06-02 00:00:00,Efectivo,Confirmado,,2026-06-06 14:28:46,2026-06-30 05:30:33,,167,1775,111113612603105,111113612603105
3090,Deposito,68.00,2026-06-02 00:00:00,Efectivo,Confirmado,,2026-06-06 14:28:46,2026-06-30 05:30:33,,165,1879,111113612603105,111113612603105
3091,Deposito,260.00,2026-06-02 00:00:00,Efectivo,Confirmado,,2026-06-06 14:29:27,2026-06-30 05:30:33,,64,1882,111113612603105,111113612603105
3092,Deposito,3817.00,2026-06-02 00:00:00,Efectivo,Confirmado,,2026-06-06 14:31:51,2026-06-30 05:30:33,,43,1917,111113612603105,111113612603105
3093,Deposito,442.00,2026-06-02 00:00:00,Efectivo,Confirmado,,2026-06-06 14:32:26,2026-06-30 05:30:33,,38,1906,111113612603105,111113612603105
3095,Retiro,420.00,2026-06-02 00:00:00,Efectivo,Confirmado,,2026-06-06 14:36:02,2026-06-30 05:30:33,2026-06-06 14:44:35,263,,111113612603105,111113612603105
3096,Retiro,420.00,2026-06-02 00:00:00,Efectivo,Confirmado,,2026-06-06 14:36:02,2026-06-30 05:30:33,2026-06-06 14:44:30,262,,111113612603105,111113612603105
3097,Retiro,430.00,2026-06-02 00:00:00,Efectivo,Confirmado,,2026-06-06 14:36:02,2026-06-30 05:30:33,2026-06-06 14:44:24,428,,111113612603105,111113612603105
3098,Retiro,420.00,2026-06-02 00:00:00,Efectivo,Confirmado,,2026-06-06 14:36:02,2026-06-30 05:30:33,2026-06-06 14:44:19,427,,111113612603105,111113612603105
3099,Retiro,200.00,2026-06-02 00:00:00,Efectivo,Confirmado,,2026-06-06 14:36:50,2026-06-30 05:30:33,2026-06-06 14:44:12,246,1878,111113612603105,111113612603105
3100,Retiro,1178.00,2026-06-01 00:00:00,Efectivo,Confirmado,,2026-06-06 14:37:38,2026-06-30 05:30:33,2026-06-06 14:44:05,214,1155,111113612603105,111113612603105
3101,Retiro,681.00,2026-06-02 00:00:00,Efectivo,Confirmado,,2026-06-06 14:38:55,2026-06-30 05:30:33,2026-06-06 14:44:00,321,,111113612603105,111113612603105
3102,Retiro,564.00,2026-06-02 00:00:00,Efectivo,Confirmado,,2026-06-06 14:38:55,2026-06-30 05:30:33,2026-06-06 14:43:44,322,,111113612603105,111113612603105
3103,Retiro,472.00,2026-06-02 00:00:00,Efectivo,Confirmado,,2026-06-06 14:40:03,2026-06-30 05:30:33,2026-06-06 14:43:38,167,1775,111113612603105,111113612603105
3104,Retiro,222.00,2026-06-02 00:00:00,Efectivo,Confirmado,,2026-06-06 14:40:03,2026-06-30 05:30:33,2026-06-06 14:43:26,165,1879,111113612603105,111113612603105
3105,Retiro,400.00,2026-06-02 00:00:00,Efectivo,Confirmado,,2026-06-06 14:40:31,2026-06-30 05:30:33,2026-06-06 14:43:17,64,1882,111113612603105,111113612603105
3106,Retiro,546.00,2026-06-02 00:00:00,Efectivo,Confirmado,,2026-06-06 14:41:15,2026-06-30 05:30:33,2026-06-06 14:43:10,38,1906,111113612603105,111113612603105
3107,Retiro,5734.00,2026-06-02 00:00:00,Efectivo,Confirmado,,2026-06-06 14:41:47,2026-06-30 05:30:33,2026-06-06 14:43:01,43,1917,111113612603105,111113612603105
3108,Deposito,240.00,2026-06-06 00:00:00,Efectivo,Confirmado,,2026-06-06 15:45:46,2026-06-30 05:30:33,,170,1511,111113612603105,111113612603105
3109,Retiro,420.00,2026-06-08 00:00:00,Efectivo,Confirmado,,2026-06-06 15:53:29,2026-06-30 05:30:33,2026-06-08 23:16:04,170,1511,111113612603105,111113612603105
3110,Deposito,338.00,2026-06-06 00:00:00,Efectivo,Confirmado,,2026-06-06 16:48:55,2026-06-30 05:30:33,,137,1893,111113612603105,111113612603105
3111,Deposito,396.00,2026-06-06 00:00:00,Efectivo,Confirmado,,2026-06-06 16:48:55,2026-06-30 05:30:33,,135,1894,111113612603105,111113612603105
3112,Deposito,240.00,2026-06-06 00:00:00,Efectivo,Confirmado,,2026-06-06 16:48:56,2026-06-30 05:30:33,,140,1147,111113612603105,111113612603105
3113,Retiro,400.00,2026-06-08 00:00:00,Efectivo,Confirmado,,2026-06-06 17:03:37,2026-06-30 05:30:33,2026-06-08 23:15:54,140,1147,111113612603105,111113612603105
3114,Retiro,521.00,2026-06-08 00:00:00,Efectivo,Confirmado,,2026-06-06 17:03:37,2026-06-30 05:30:33,2026-06-08 23:15:33,135,1894,111113612603105,111113612603105
3115,Retiro,530.00,2026-06-08 00:00:00,Efectivo,Confirmado,,2026-06-06 17:03:37,2026-06-30 05:30:33,2026-06-08 23:14:38,137,1893,111113612603105,111113612603105
3116,Deposito,280.00,2026-06-08 00:00:00,Efectivo,Confirmado,,2026-06-08 15:39:49,2026-06-30 05:30:33,,324,1925,111113612603105,111113612603105
3117,Deposito,301.00,2026-06-08 00:00:00,Efectivo,Confirmado,,2026-06-08 15:39:50,2026-06-30 05:30:33,,151,1922,111113612603105,111113612603105
3118,apertura,0.00,2026-06-08 15:39:50,Sistema,Confirmado,,2026-06-08 15:39:50,2026-06-08 15:39:50,,429,,,
3119,Deposito,76.00,2026-06-08 00:00:00,Efectivo,Confirmado,,2026-06-08 15:39:50,2026-06-30 05:30:33,,429,1923,111113612603105,111113612603105
3120,Deposito,302.00,2026-06-08 00:00:00,Efectivo,Confirmado,,2026-06-08 15:39:50,2026-06-30 05:30:33,,152,,111113612603105,111113612603105
3121,apertura,0.00,2026-06-08 15:39:50,Sistema,Confirmado,,2026-06-08 15:39:50,2026-06-08 15:39:50,,430,,,
3122,Deposito,86.00,2026-06-08 00:00:00,Efectivo,Confirmado,,2026-06-08 15:39:50,2026-06-30 05:30:33,,430,1924,111113612603105,111113612603105
3123,Retiro,380.00,2026-06-08 00:00:00,Efectivo,Confirmado,,2026-06-08 15:49:44,2026-06-30 05:30:33,2026-06-08 23:14:30,324,1925,111113612603105,111113612603105
3124,Retiro,341.00,2026-06-08 00:00:00,Efectivo,Confirmado,,2026-06-08 15:49:44,2026-06-30 05:30:34,2026-06-08 23:14:24,151,1922,111113612603105,111113612603105
3125,Retiro,75.80,2026-06-07 00:00:00,Efectivo,Confirmado,,2026-06-08 15:49:44,2026-06-30 05:30:34,2026-06-08 23:14:16,429,1923,111113612603105,111113612603105
3126,Retiro,408.00,2026-06-08 00:00:00,Efectivo,Confirmado,,2026-06-08 15:49:44,2026-06-30 05:30:34,2026-06-08 23:13:45,152,,111113612603105,111113612603105
3127,Retiro,86.00,2026-06-08 00:00:00,Efectivo,Confirmado,,2026-06-08 15:49:44,2026-06-30 05:30:34,2026-06-08 23:13:39,430,1924,111113612603105,111113612603105
3128,Deposito,332.00,2026-06-08 00:00:00,Efectivo,Confirmado,,2026-06-08 16:02:34,2026-06-30 05:30:34,,301,1070,111113612603105,111113612603105
3129,Retiro,488.00,2026-06-08 00:00:00,Efectivo,Confirmado,,2026-06-08 16:07:33,2026-06-30 05:30:34,2026-06-08 23:13:33,301,1070,111113612603105,111113612603105
3130,Deposito,47.50,2026-06-08 00:00:00,Efectivo,Confirmado,,2026-06-08 16:23:53,2026-06-30 05:30:34,,358,1776,111113612603105,111113612603105
3131,Retiro,63.50,2026-06-08 00:00:00,Efectivo,Confirmado,,2026-06-08 16:25:50,2026-06-30 05:30:34,2026-06-08 23:13:28,358,1776,111113612603105,111113612603105
3132,Deposito,220.00,2026-06-08 00:00:00,Efectivo,Confirmado,,2026-06-08 17:25:59,2026-06-30 05:30:34,,202,,111113612603105,111113612603105
3133,apertura,0.00,2026-06-08 17:25:59,Sistema,Confirmado,,2026-06-08 17:25:59,2026-06-08 17:25:59,,431,,,
3134,Deposito,45.00,2026-06-08 00:00:00,Efectivo,Confirmado,,2026-06-08 17:25:59,2026-06-30 05:30:34,,431,1929,111113612603105,111113612603105
3135,Deposito,432.00,2026-06-08 00:00:00,Efectivo,Confirmado,,2026-06-08 17:25:59,2026-06-30 05:30:34,,349,1909,111113612603105,111113612603105
3136,Retiro,360.00,2026-06-08 00:00:00,Efectivo,Confirmado,,2026-06-08 17:45:04,2026-06-30 05:30:34,2026-06-08 23:13:21,202,,111113612603105,111113612603105
3137,Retiro,45.00,2026-06-08 00:00:00,Efectivo,Confirmado,,2026-06-08 17:45:04,2026-06-30 05:30:34,2026-06-08 23:13:15,431,1929,111113612603105,111113612603105
3138,Retiro,522.00,2026-06-07 00:00:00,Efectivo,Confirmado,,2026-06-08 17:45:04,2026-06-30 05:30:34,2026-06-08 23:13:08,349,1909,111113612603105,111113612603105
3139,Deposito,280.00,2026-06-08 00:00:00,Efectivo,Confirmado,,2026-06-08 18:03:55,2026-06-30 05:30:34,,18,,111113612603105,111113612603105
3140,Deposito,240.00,2026-06-08 00:00:00,Efectivo,Confirmado,,2026-06-08 18:03:55,2026-06-30 05:30:34,,407,,111113612603105,111113612603105
3141,Retiro,420.00,2026-06-08 00:00:00,Efectivo,Confirmado,,2026-06-08 18:06:46,2026-06-30 05:30:34,2026-06-08 23:13:04,18,,111113612603105,111113612603105
3142,Retiro,260.00,2026-06-08 00:00:00,Efectivo,Confirmado,,2026-06-08 18:06:46,2026-06-30 05:30:34,2026-06-08 23:12:56,407,,111113612603105,111113612603105
3143,Deposito,104.00,2026-06-08 00:00:00,Efectivo,Confirmado,,2026-06-08 19:13:18,2026-06-30 05:30:34,,145,1920,111113612603105,111113612603105
3144,Deposito,170.00,2026-06-08 00:00:00,Efectivo,Confirmado,,2026-06-08 19:13:18,2026-06-30 05:30:34,,144,1919,111113612603105,111113612603105
3145,Retiro,408.00,2026-06-08 00:00:00,Efectivo,Confirmado,,2026-06-08 19:16:07,2026-06-30 05:30:34,2026-06-08 23:12:45,145,1920,111113612603105,111113612603105
3146,Retiro,486.00,2026-06-08 00:00:00,Efectivo,Confirmado,,2026-06-08 19:16:07,2026-06-30 05:30:34,2026-06-08 23:12:34,144,1919,111113612603105,111113612603105
3147,Deposito,45.50,2026-06-08 00:00:00,Efectivo,Confirmado,,2026-06-09 14:55:04,2026-06-30 05:30:34,,34,1859,1111111111111111,1111111111111111
3148,Deposito,44.00,2026-06-08 00:00:00,Efectivo,Confirmado,,2026-06-09 14:55:05,2026-06-30 05:30:34,,35,1858,1111111111111111,1111111111111111
3149,Deposito,52.00,2026-06-08 00:00:00,Efectivo,Confirmado,,2026-06-09 14:55:05,2026-06-30 05:30:34,,388,1788,1111111111111111,1111111111111111
3150,Deposito,52.00,2026-06-08 00:00:00,Efectivo,Confirmado,,2026-06-09 14:55:05,2026-06-30 05:30:34,,335,1736,1111111111111111,1111111111111111
3151,Deposito,34.00,2026-06-08 00:00:00,Efectivo,Confirmado,,2026-06-09 14:55:05,2026-06-30 05:30:34,,37,1054,1111111111111111,1111111111111111
3152,Deposito,52.00,2026-06-08 00:00:00,Efectivo,Confirmado,,2026-06-09 14:55:05,2026-06-30 05:30:34,,310,1711,1111111111111111,1111111111111111
3153,Deposito,52.00,2026-06-08 00:00:00,Efectivo,Confirmado,,2026-06-09 14:55:05,2026-06-30 05:30:34,,309,1698,1111111111111111,1111111111111111
3154,Deposito,52.00,2026-06-08 00:00:00,Efectivo,Confirmado,,2026-06-09 14:55:05,2026-06-30 05:30:34,,275,1693,1111111111111111,1111111111111111
3155,Deposito,68.00,2026-06-08 00:00:00,Efectivo,Confirmado,,2026-06-09 14:55:05,2026-06-30 05:30:34,,283,1792,1111111111111111,1111111111111111
3156,Deposito,44.00,2026-06-08 00:00:00,Efectivo,Confirmado,,2026-06-09 14:55:05,2026-06-30 05:30:34,,36,1860,1111111111111111,1111111111111111
3157,Deposito,52.00,2026-06-08 00:00:00,Efectivo,Confirmado,,2026-06-09 14:55:06,2026-06-30 05:30:34,,389,1791,1111111111111111,1111111111111111
3158,Deposito,34.00,2026-06-08 00:00:00,Efectivo,Confirmado,,2026-06-09 14:55:06,2026-06-30 05:30:34,,366,1779,1111111111111111,1111111111111111
3159,Deposito,24.00,2026-06-08 00:00:00,Efectivo,Confirmado,,2026-06-09 14:55:41,2026-06-30 05:30:34,,400,1841,1111111111111111,1111111111111111
3160,Deposito,24.00,2026-06-08 00:00:00,Efectivo,Confirmado,,2026-06-09 14:55:42,2026-06-30 05:30:34,,401,1840,1111111111111111,1111111111111111
3161,Deposito,44.00,2026-06-08 00:00:00,Efectivo,Confirmado,,2026-06-09 14:56:27,2026-06-30 05:30:34,,30,1869,1111111111111111,1111111111111111
3162,Deposito,84.00,2026-06-08 00:00:00,Efectivo,Confirmado,,2026-06-09 14:56:27,2026-06-30 05:30:34,,33,1871,1111111111111111,1111111111111111
3163,Deposito,62.00,2026-06-08 00:00:00,Efectivo,Confirmado,,2026-06-09 14:59:37,2026-06-30 05:30:34,,24,1400,1111111111111111,1111111111111111
3164,Deposito,62.00,2026-06-08 00:00:00,Efectivo,Confirmado,,2026-06-09 14:59:37,2026-06-30 05:30:34,,25,1403,1111111111111111,1111111111111111
3165,Deposito,62.00,2026-06-08 00:00:00,Efectivo,Confirmado,,2026-06-09 14:59:37,2026-06-30 05:30:34,,26,1863,1111111111111111,1111111111111111
3166,Deposito,62.00,2026-06-08 00:00:00,Efectivo,Confirmado,,2026-06-09 14:59:37,2026-06-30 05:30:34,,276,1402,1111111111111111,1111111111111111
3167,Deposito,62.00,2026-06-08 00:00:00,Efectivo,Confirmado,,2026-06-09 14:59:37,2026-06-30 05:30:34,,277,1404,1111111111111111,1111111111111111
3168,Deposito,20.00,2026-06-08 00:00:00,Efectivo,Confirmado,,2026-06-09 14:59:38,2026-06-30 05:30:34,,27,1405,1111111111111111,1111111111111111
3169,Deposito,60.00,2026-06-08 00:00:00,Efectivo,Confirmado,,2026-06-09 14:59:38,2026-06-30 05:30:34,,28,1406,1111111111111111,1111111111111111
3170,Deposito,20.00,2026-06-08 00:00:00,Efectivo,Confirmado,,2026-06-09 14:59:38,2026-06-30 05:30:34,,29,1407,1111111111111111,1111111111111111
3171,Deposito,60.00,2026-06-08 00:00:00,Efectivo,Confirmado,,2026-06-09 14:59:38,2026-06-30 05:30:34,,399,1845,1111111111111111,1111111111111111
3172,Deposito,2.00,2026-06-08 00:00:00,Efectivo,Confirmado,,2026-06-09 15:01:45,2026-06-30 05:30:34,,390,1786,1111111111111111,1111111111111111
3173,Deposito,42.00,2026-06-08 00:00:00,Efectivo,Confirmado,,2026-06-09 15:01:46,2026-06-30 05:30:34,,1,1766,1111111111111111,1111111111111111
3174,Deposito,32.00,2026-06-08 00:00:00,Efectivo,Confirmado,,2026-06-09 15:01:46,2026-06-30 05:30:34,,2,1767,1111111111111111,1111111111111111
3175,Deposito,32.00,2026-06-08 00:00:00,Efectivo,Confirmado,,2026-06-09 15:01:46,2026-06-30 05:30:34,,3,1417,1111111111111111,1111111111111111
3176,Deposito,62.00,2026-06-08 00:00:00,Efectivo,Confirmado,,2026-06-09 15:01:46,2026-06-30 05:30:34,,4,1416,1111111111111111,1111111111111111
3177,Deposito,10.00,2026-06-08 00:00:00,Efectivo,Confirmado,,2026-06-09 15:09:24,2026-06-30 05:30:34,,5,1702,1111111111111111,1111111111111111
3178,Deposito,10.00,2026-06-08 00:00:00,Efectivo,Confirmado,,2026-06-09 15:09:24,2026-06-30 05:30:34,,6,855,1111111111111111,1111111111111111
3179,Deposito,10.00,2026-06-08 00:00:00,Efectivo,Confirmado,,2026-06-09 15:09:25,2026-06-30 05:30:34,,7,1645,1111111111111111,1111111111111111
3180,Deposito,6.00,2026-06-08 00:00:00,Efectivo,Confirmado,,2026-06-09 15:09:25,2026-06-30 05:30:34,,8,858,1111111111111111,1111111111111111
3181,Deposito,2.00,2026-06-08 00:00:00,Efectivo,Confirmado,,2026-06-09 15:09:25,2026-06-30 05:30:34,,9,852,1111111111111111,1111111111111111
3182,Deposito,10.00,2026-06-08 00:00:00,Efectivo,Confirmado,,2026-06-09 15:09:25,2026-06-30 05:30:34,,12,856,1111111111111111,1111111111111111
3183,Deposito,10.00,2026-06-08 00:00:00,Efectivo,Confirmado,,2026-06-09 15:09:25,2026-06-30 05:30:34,,13,1794,1111111111111111,1111111111111111
3184,Deposito,50.00,2026-06-08 00:00:00,Efectivo,Confirmado,,2026-06-09 15:09:25,2026-06-30 05:30:34,,14,1787,1111111111111111,1111111111111111
3185,Deposito,20.00,2026-06-08 00:00:00,Efectivo,Confirmado,,2026-06-09 15:09:25,2026-06-30 05:30:34,,15,1836,1111111111111111,1111111111111111
3186,Deposito,10.00,2026-06-08 00:00:00,Efectivo,Confirmado,,2026-06-09 15:09:25,2026-06-30 05:30:34,,16,1765,1111111111111111,1111111111111111
3187,Deposito,10.00,2026-06-08 00:00:00,Efectivo,Confirmado,,2026-06-09 15:09:25,2026-06-30 05:30:34,,18,,1111111111111111,1111111111111111
3188,Deposito,10.00,2026-06-08 00:00:00,Efectivo,Confirmado,,2026-06-09 15:09:26,2026-06-30 05:30:34,,407,,1111111111111111,1111111111111111
3189,Deposito,10.00,2026-06-08 00:00:00,Efectivo,Confirmado,,2026-06-09 15:09:26,2026-06-30 05:30:34,,19,1648,1111111111111111,1111111111111111
3190,Deposito,10.00,2026-06-08 00:00:00,Efectivo,Confirmado,,2026-06-09 15:09:26,2026-06-30 05:30:34,,20,1737,1111111111111111,1111111111111111
3191,Deposito,20.00,2026-06-08 00:00:00,Efectivo,Confirmado,,2026-06-09 15:09:26,2026-06-30 05:30:34,,21,870,1111111111111111,1111111111111111
3192,Deposito,10.00,2026-06-08 00:00:00,Efectivo,Confirmado,,2026-06-09 15:09:26,2026-06-30 05:30:34,,22,1021,1111111111111111,1111111111111111
3193,Deposito,40.00,2026-06-08 00:00:00,Efectivo,Confirmado,,2026-06-09 15:09:26,2026-06-30 05:30:34,,368,1744,1111111111111111,1111111111111111
3194,Deposito,10.00,2026-06-08 00:00:00,Efectivo,Confirmado,,2026-06-09 15:09:26,2026-06-30 05:30:34,,367,1731,1111111111111111,1111111111111111
3195,Deposito,10.00,2026-06-08 00:00:00,Efectivo,Confirmado,,2026-06-09 15:09:26,2026-06-30 05:30:34,,403,1852,1111111111111111,1111111111111111
3196,Deposito,10.00,2026-06-08 00:00:00,Efectivo,Confirmado,,2026-06-09 15:09:26,2026-06-30 05:30:34,,417,1898,1111111111111111,1111111111111111
3197,Deposito,10.00,2026-06-08 00:00:00,Efectivo,Confirmado,,2026-06-09 15:09:26,2026-06-30 05:30:34,,418,1897,1111111111111111,1111111111111111
3198,Deposito,5.00,2026-06-08 00:00:00,Efectivo,Confirmado,,2026-06-09 15:09:56,2026-06-30 05:30:34,,391,1797,1111111111111111,1111111111111111
3199,Deposito,69.00,2026-06-08 00:00:00,Efectivo,Confirmado,,2026-06-09 15:10:20,2026-06-30 05:30:34,,23,1795,1111111111111111,1111111111111111
3200,Deposito,55.00,2026-06-08 00:00:00,Efectivo,Confirmado,,2026-06-09 15:10:49,2026-06-30 05:30:34,,274,1674,1111111111111111,1111111111111111
3201,Deposito,25.00,2026-06-08 00:00:00,Efectivo,Confirmado,,2026-06-09 15:11:15,2026-06-30 05:30:34,,402,1834,1111111111111111,1111111111111111
3202,Deposito,55.00,2026-06-08 00:00:00,Efectivo,Confirmado,,2026-06-09 15:11:36,2026-06-30 05:30:34,,408,1842,1111111111111111,1111111111111111
3203,Deposito,10.00,2026-06-09 00:00:00,Efectivo,Confirmado,,2026-06-11 21:29:21,2026-06-30 05:30:34,,73,1376,111113612004634,111113612004634
3204,Deposito,10.00,2026-06-09 00:00:00,Efectivo,Confirmado,,2026-06-11 21:29:21,2026-06-30 05:30:34,,74,1378,111113612004634,111113612004634
3205,Deposito,10.00,2026-06-09 00:00:00,Efectivo,Confirmado,,2026-06-11 21:29:21,2026-06-30 05:30:34,,75,1380,111113612004634,111113612004634
3206,Deposito,10.00,2026-06-09 00:00:00,Efectivo,Confirmado,,2026-06-11 21:29:21,2026-06-30 05:30:34,,370,1656,111113612004634,111113612004634
3207,Deposito,10.00,2026-06-09 00:00:00,Efectivo,Confirmado,,2026-06-11 21:29:21,2026-06-30 05:30:34,,76,1381,111113612004634,111113612004634
3208,Deposito,10.00,2026-06-09 00:00:00,Efectivo,Confirmado,,2026-06-11 21:29:21,2026-06-30 05:30:34,,77,1785,111113612004634,111113612004634
3209,Deposito,10.00,2026-06-09 00:00:00,Efectivo,Confirmado,,2026-06-11 21:29:21,2026-06-30 05:30:34,,79,1784,111113612004634,111113612004634
3210,Deposito,10.00,2026-06-09 00:00:00,Efectivo,Confirmado,,2026-06-11 21:29:22,2026-06-30 05:30:34,,416,1907,111113612004634,111113612004634
3211,apertura,0.00,2026-06-11 21:31:37,Sistema,Confirmado,,2026-06-11 21:31:37,2026-06-11 21:31:37,,432,,,
3212,Deposito,12.00,2026-06-09 00:00:00,Efectivo,Confirmado,,2026-06-11 21:31:37,2026-06-30 05:30:34,,432,1910,111113612004634,111113612004634
3213,Deposito,30.00,2026-06-09 00:00:00,Efectivo,Confirmado,,2026-06-11 21:31:37,2026-06-30 05:30:34,,80,1181,111113612004634,111113612004634
3214,Deposito,20.00,2026-06-09 00:00:00,Efectivo,Confirmado,,2026-06-11 21:31:37,2026-06-30 05:30:34,,81,1182,111113612004634,111113612004634
3215,Deposito,22.00,2026-06-09 00:00:00,Efectivo,Confirmado,,2026-06-11 21:31:38,2026-06-30 05:30:34,,82,1678,111113612004634,111113612004634
3216,Deposito,20.00,2026-06-09 00:00:00,Efectivo,Confirmado,,2026-06-11 21:31:38,2026-06-30 05:30:34,,85,1838,111113612004634,111113612004634
3217,Deposito,60.00,2026-06-09 00:00:00,Efectivo,Confirmado,,2026-06-11 21:35:03,2026-06-30 05:30:34,,65,1634,111113612004634,111113612004634
3218,Deposito,60.00,2026-06-09 00:00:00,Efectivo,Confirmado,,2026-06-11 21:35:03,2026-06-30 05:30:34,,68,1809,111113612004634,111113612004634
3219,Deposito,30.00,2026-06-09 00:00:00,Efectivo,Confirmado,,2026-06-11 21:35:03,2026-06-30 05:30:34,,69,1873,111113612004634,111113612004634
3220,Deposito,60.00,2026-06-09 00:00:00,Efectivo,Confirmado,,2026-06-11 21:35:03,2026-06-30 05:30:34,,312,1718,111113612004634,111113612004634
3221,Deposito,60.00,2026-06-09 00:00:00,Efectivo,Confirmado,,2026-06-11 21:35:03,2026-06-30 05:30:34,,336,1742,111113612004634,111113612004634
3222,Deposito,20.00,2026-06-09 00:00:00,Efectivo,Confirmado,,2026-06-11 21:35:03,2026-06-30 05:30:34,,337,1743,111113612004634,111113612004634
3223,Deposito,28.00,2026-06-09 00:00:00,Efectivo,Confirmado,,2026-06-11 21:36:38,2026-06-30 05:30:34,,99,1799,111113612004634,111113612004634
3224,Deposito,20.00,2026-06-09 00:00:00,Efectivo,Confirmado,,2026-06-11 21:36:38,2026-06-30 05:30:34,,393,1800,111113612004634,111113612004634
3225,Deposito,12.00,2026-06-09 00:00:00,Efectivo,Confirmado,,2026-06-11 21:36:38,2026-06-30 05:30:34,,100,1801,111113612004634,111113612004634
3226,Deposito,10.00,2026-06-09 00:00:00,Efectivo,Confirmado,,2026-06-11 21:36:38,2026-06-30 05:30:35,,102,1802,111113612004634,111113612004634
3227,Deposito,20.00,2026-06-09 00:00:00,Efectivo,Confirmado,,2026-06-11 21:36:38,2026-06-30 05:30:35,,394,1803,111113612004634,111113612004634
3228,Deposito,30.00,2026-06-09 00:00:00,Efectivo,Confirmado,,2026-06-11 21:38:02,2026-06-30 05:30:35,,386,1790,111113612004634,111113612004634
3229,Deposito,32.00,2026-06-09 00:00:00,Efectivo,Confirmado,,2026-06-11 21:38:02,2026-06-30 05:30:35,,96,1750,111113612004634,111113612004634
3230,Deposito,28.00,2026-06-09 00:00:00,Efectivo,Confirmado,,2026-06-11 21:38:03,2026-06-30 05:30:35,,98,1759,111113612004634,111113612004634
3231,Deposito,20.00,2026-06-09 00:00:00,Efectivo,Confirmado,,2026-06-11 21:38:03,2026-06-30 05:30:35,,279,1774,111113612004634,111113612004634
3232,Deposito,44.00,2026-06-09 00:00:00,Efectivo,Confirmado,,2026-06-11 21:38:55,2026-06-30 05:30:35,,93,1114,111113612004634,111113612004634
3233,Deposito,44.00,2026-06-09 00:00:00,Efectivo,Confirmado,,2026-06-11 21:38:55,2026-06-30 05:30:35,,94,1115,111113612004634,111113612004634
3234,Deposito,44.00,2026-06-09 00:00:00,Efectivo,Confirmado,,2026-06-11 21:38:55,2026-06-30 05:30:35,,95,1116,111113612004634,111113612004634
3235,Deposito,62.50,2026-06-09 00:00:00,Efectivo,Confirmado,,2026-06-11 21:39:26,2026-06-30 05:30:35,,40,1761,111113612004634,111113612004634
3236,Deposito,56.00,2026-06-09 00:00:00,Efectivo,Confirmado,,2026-06-11 21:40:00,2026-06-30 05:30:35,,45,1548,111113612004634,111113612004634
3237,Deposito,53.00,2026-06-09 00:00:00,Efectivo,Confirmado,,2026-06-11 21:40:33,2026-06-30 05:30:35,,38,1906,111113612004634,111113612004634
3238,Deposito,135.00,2026-06-09 00:00:00,Efectivo,Confirmado,,2026-06-11 21:40:58,2026-06-30 05:30:35,,39,1769,111113612004634,111113612004634
3239,Deposito,70.00,2026-06-09 00:00:00,Efectivo,Confirmado,,2026-06-11 21:41:26,2026-06-30 05:30:35,,41,1544,111113612004634,111113612004634
3240,Deposito,54.00,2026-06-09 00:00:00,Efectivo,Confirmado,,2026-06-11 21:41:50,2026-06-30 05:30:35,,46,1658,111113612004634,111113612004634
3241,Deposito,55.00,2026-06-09 00:00:00,Efectivo,Confirmado,,2026-06-11 21:43:19,2026-06-30 05:30:35,,44,1734,111113612004634,111113612004634
3242,Deposito,119.00,2026-06-09 00:00:00,Efectivo,Confirmado,,2026-06-11 21:43:46,2026-06-30 05:30:35,,49,1660,111113612004634,111113612004634
3243,Deposito,55.00,2026-06-09 00:00:00,Efectivo,Confirmado,,2026-06-11 21:44:19,2026-06-30 05:30:35,,372,1768,111113612004634,111113612004634
3244,Deposito,24.00,2026-06-09 00:00:00,Efectivo,Confirmado,,2026-06-11 21:44:50,2026-06-30 05:30:35,,72,1679,111113612004634,111113612004634
3245,Deposito,28.00,2026-06-10 00:00:00,Efectivo,Confirmado,,2026-06-11 21:54:33,2026-06-30 05:30:35,,135,1894,111113612004634,111113612004634
3246,Deposito,20.00,2026-06-10 00:00:00,Efectivo,Confirmado,,2026-06-11 21:54:33,2026-06-30 05:30:35,,136,1820,111113612004634,111113612004634
3247,Deposito,28.00,2026-06-10 00:00:00,Efectivo,Confirmado,,2026-06-11 21:54:33,2026-06-30 05:30:35,,137,1893,111113612004634,111113612004634
3248,Deposito,30.00,2026-06-10 00:00:00,Efectivo,Confirmado,,2026-06-11 21:54:33,2026-06-30 05:30:35,,138,1821,111113612004634,111113612004634
3249,Deposito,20.00,2026-06-10 00:00:00,Efectivo,Confirmado,,2026-06-11 21:54:33,2026-06-30 05:30:35,,286,1819,111113612004634,111113612004634
3250,Deposito,22.00,2026-06-10 00:00:00,Efectivo,Confirmado,,2026-06-11 21:54:33,2026-06-30 05:30:35,,287,1146,111113612004634,111113612004634
3251,Deposito,20.00,2026-06-10 00:00:00,Efectivo,Confirmado,,2026-06-11 21:54:33,2026-06-30 05:30:35,,140,1946,111113612004634,111113612004634
3252,Deposito,25.00,2026-06-10 00:00:00,Efectivo,Confirmado,,2026-06-11 21:54:34,2026-06-30 05:30:35,,395,1822,111113612004634,111113612004634
3253,Deposito,20.00,2026-06-10 00:00:00,Efectivo,Confirmado,,2026-06-11 21:59:33,2026-06-30 05:30:35,,125,1741,111113612004634,111113612004634
3254,Deposito,20.00,2026-06-10 00:00:00,Efectivo,Confirmado,,2026-06-11 21:59:33,2026-06-30 05:30:35,,285,1625,111113612004634,111113612004634
3255,Deposito,20.00,2026-06-10 00:00:00,Efectivo,Confirmado,,2026-06-11 21:59:33,2026-06-30 05:30:35,,126,1912,111113612004634,111113612004634
3256,Deposito,20.00,2026-06-10 00:00:00,Efectivo,Confirmado,,2026-06-11 21:59:34,2026-06-30 05:30:35,,127,1628,111113612004634,111113612004634
3257,Deposito,20.00,2026-06-10 00:00:00,Efectivo,Confirmado,,2026-06-11 21:59:34,2026-06-30 05:30:35,,128,1883,111113612004634,111113612004634
3258,Deposito,20.00,2026-06-10 00:00:00,Efectivo,Confirmado,,2026-06-11 21:59:34,2026-06-30 05:30:35,,129,1857,111113612004634,111113612004634
3259,Deposito,20.00,2026-06-10 00:00:00,Efectivo,Confirmado,,2026-06-11 21:59:34,2026-06-30 05:30:35,,130,1714,111113612004634,111113612004634
3260,Deposito,20.00,2026-06-10 00:00:00,Efectivo,Confirmado,,2026-06-11 21:59:34,2026-06-30 05:30:35,,132,1364,111113612004634,111113612004634
3261,Deposito,20.00,2026-06-10 00:00:00,Efectivo,Confirmado,,2026-06-11 21:59:34,2026-06-30 05:30:35,,133,1365,111113612004634,111113612004634
3262,apertura,0.00,2026-06-11 21:59:35,Sistema,Confirmado,,2026-06-11 21:59:35,2026-06-11 21:59:35,,433,,,
3263,Deposito,20.00,2026-06-10 00:00:00,Efectivo,Confirmado,,2026-06-11 21:59:35,2026-06-30 05:30:35,,433,1888,111113612004634,111113612004634
3264,Deposito,40.50,2026-06-10 00:00:00,Efectivo,Confirmado,,2026-06-11 22:03:01,2026-06-30 05:30:35,,316,1619,111113612004634,111113612004634
3265,Deposito,38.50,2026-06-10 00:00:00,Efectivo,Confirmado,,2026-06-11 22:03:01,2026-06-30 05:30:35,,317,1807,111113612004634,111113612004634
3266,Deposito,36.00,2026-06-10 00:00:00,Efectivo,Confirmado,,2026-06-11 22:03:01,2026-06-30 05:30:35,,318,1620,111113612004634,111113612004634
3267,Deposito,66.00,2026-06-10 00:00:00,Efectivo,Confirmado,,2026-06-11 22:03:01,2026-06-30 05:30:35,,319,1813,111113612004634,111113612004634
3268,Deposito,32.00,2026-06-10 00:00:00,Efectivo,Confirmado,,2026-06-11 22:03:01,2026-06-30 05:30:35,,320,1196,111113612004634,111113612004634
3269,Deposito,42.00,2026-06-10 00:00:00,Efectivo,Confirmado,,2026-06-11 22:03:01,2026-06-30 05:30:35,,323,1621,111113612004634,111113612004634
3270,Deposito,40.00,2026-06-10 00:00:00,Efectivo,Confirmado,,2026-06-11 22:04:42,2026-06-30 05:30:35,,146,1200,111113612004634,111113612004634
3271,Deposito,64.00,2026-06-10 00:00:00,Efectivo,Confirmado,,2026-06-11 22:08:33,2026-06-30 05:30:35,,325,1868,111113612004634,111113612004634
3272,Deposito,30.00,2026-06-10 00:00:00,Efectivo,Confirmado,,2026-06-11 22:08:33,2026-06-30 05:30:35,,147,1814,111113612004634,111113612004634
3273,Deposito,10.00,2026-06-10 00:00:00,Efectivo,Confirmado,,2026-06-11 22:08:33,2026-06-30 05:30:35,,148,1709,111113612004634,111113612004634
3274,Deposito,24.00,2026-06-10 00:00:00,Efectivo,Confirmado,,2026-06-11 22:08:33,2026-06-30 05:30:35,,266,1896,111113612004634,111113612004634
3275,Deposito,22.00,2026-06-10 00:00:00,Efectivo,Confirmado,,2026-06-11 22:08:33,2026-06-30 05:30:35,,373,1848,111113612004634,111113612004634
3276,Deposito,64.00,2026-06-10 00:00:00,Efectivo,Confirmado,,2026-06-11 22:08:33,2026-06-30 05:30:35,,149,1889,111113612004634,111113612004634
3277,Deposito,20.00,2026-06-10 00:00:00,Efectivo,Confirmado,,2026-06-11 22:08:33,2026-06-30 05:30:35,,150,1664,111113612004634,111113612004634
3278,Deposito,24.00,2026-06-10 00:00:00,Efectivo,Confirmado,,2026-06-11 22:08:33,2026-06-30 05:30:35,,288,1665,111113612004634,111113612004634
3279,Deposito,14.00,2026-06-10 00:00:00,Efectivo,Confirmado,,2026-06-11 22:08:34,2026-06-30 05:30:35,,338,1758,111113612004634,111113612004634
3280,Deposito,20.00,2026-06-10 00:00:00,Efectivo,Confirmado,,2026-06-11 22:09:41,2026-06-30 05:30:35,,151,1922,111113612004634,111113612004634
3281,Deposito,18.00,2026-06-10 00:00:00,Efectivo,Confirmado,,2026-06-11 22:09:41,2026-06-30 05:30:35,,429,1923,111113612004634,111113612004634
3282,Deposito,40.00,2026-06-10 00:00:00,Efectivo,Confirmado,,2026-06-11 22:09:42,2026-06-30 05:30:35,,154,931,111113612004634,111113612004634
3283,Deposito,19.00,2026-06-10 00:00:00,Efectivo,Confirmado,,2026-06-11 22:10:19,2026-06-30 05:30:35,,157,1793,111113612004634,111113612004634
3284,Deposito,50.00,2026-06-10 00:00:00,Efectivo,Confirmado,,2026-06-11 22:10:41,2026-06-30 05:30:35,,155,1672,111113612004634,111113612004634
3285,Deposito,5.00,2026-06-10 00:00:00,Efectivo,Confirmado,,2026-06-11 22:11:40,2026-06-30 05:30:35,,369,1833,111113612004634,111113612004634
3286,apertura,0.00,2026-06-11 22:13:46,Sistema,Confirmado,,2026-06-11 22:13:46,2026-06-11 22:13:46,,434,,,
3287,Deposito,55.00,2026-06-10 00:00:00,Efectivo,Confirmado,,2026-06-11 22:13:46,2026-06-30 05:30:35,,434,1913,111113612004634,111113612004634
3288,Deposito,20.00,2026-06-10 00:00:00,Efectivo,Confirmado,,2026-06-11 22:17:18,2026-06-30 05:30:35,,113,1667,111113612004634,111113612004634
3289,Deposito,50.00,2026-06-10 00:00:00,Efectivo,Confirmado,,2026-06-11 22:17:18,2026-06-30 05:30:35,,114,1668,111113612004634,111113612004634
3290,Deposito,300.00,2026-06-10 00:00:00,Efectivo,Confirmado,,2026-06-11 22:17:18,2026-06-30 05:30:35,,115,1835,111113612004634,111113612004634
3291,Deposito,500.00,2026-06-10 00:00:00,Efectivo,Confirmado,,2026-06-11 22:17:18,2026-06-30 05:30:35,,116,1881,111113612004634,111113612004634
3292,Deposito,32.00,2026-06-10 00:00:00,Efectivo,Confirmado,,2026-06-11 22:17:18,2026-06-30 05:30:35,,117,1671,111113612004634,111113612004634
3293,Deposito,32.00,2026-06-10 00:00:00,Efectivo,Confirmado,,2026-06-11 22:17:18,2026-06-30 05:30:35,,118,1666,111113612004634,111113612004634
3294,Deposito,24.00,2026-06-10 00:00:00,Efectivo,Confirmado,,2026-06-11 22:19:14,2026-06-30 05:30:35,,120,1778,111113612004634,111113612004634
3295,Deposito,20.00,2026-06-10 00:00:00,Efectivo,Confirmado,,2026-06-11 22:19:14,2026-06-30 05:30:35,,121,1748,111113612004634,111113612004634
3296,Deposito,20.00,2026-06-10 00:00:00,Efectivo,Confirmado,,2026-06-11 22:19:14,2026-06-30 05:30:35,,122,1843,111113612004634,111113612004634
3297,Deposito,24.00,2026-06-10 00:00:00,Efectivo,Confirmado,,2026-06-11 22:19:14,2026-06-30 05:30:35,,123,904,111113612004634,111113612004634
3298,Deposito,44.00,2026-06-10 00:00:00,Efectivo,Confirmado,,2026-06-11 22:21:01,2026-06-30 05:30:35,,141,1918,111113612004634,111113612004634
3299,Deposito,20.00,2026-06-10 00:00:00,Efectivo,Confirmado,,2026-06-11 22:21:01,2026-06-30 05:30:35,,284,1865,111113612004634,111113612004634
3300,Deposito,40.00,2026-06-10 00:00:00,Efectivo,Confirmado,,2026-06-11 22:21:01,2026-06-30 05:30:35,,143,1867,111113612004634,111113612004634
3301,Deposito,40.00,2026-06-10 00:00:00,Efectivo,Confirmado,,2026-06-11 22:21:02,2026-06-30 05:30:35,,145,1920,111113612004634,111113612004634
3302,Deposito,34.00,2026-06-10 00:00:00,Efectivo,Confirmado,,2026-06-11 22:21:02,2026-06-30 05:30:35,,419,1900,111113612004634,111113612004634
3303,Deposito,42.00,2026-06-10 00:00:00,Efectivo,Confirmado,,2026-06-11 22:23:19,2026-06-30 05:30:35,,54,1650,111113612004634,111113612004634
3304,Deposito,20.00,2026-06-10 00:00:00,Efectivo,Confirmado,,2026-06-11 22:23:19,2026-06-30 05:30:35,,278,1633,111113612004634,111113612004634
3305,Deposito,20.00,2026-06-10 00:00:00,Efectivo,Confirmado,,2026-06-11 22:23:19,2026-06-30 05:30:35,,56,884,111113612004634,111113612004634
3306,Deposito,20.00,2026-06-10 00:00:00,Efectivo,Confirmado,,2026-06-11 22:23:19,2026-06-30 05:30:35,,57,885,111113612004634,111113612004634
3307,Deposito,20.00,2026-06-10 00:00:00,Efectivo,Confirmado,,2026-06-11 22:23:19,2026-06-30 05:30:35,,64,1882,111113612004634,111113612004634
3308,Deposito,20.00,2026-06-10 00:00:00,Efectivo,Confirmado,,2026-06-11 22:23:19,2026-06-30 05:30:35,,62,892,111113612004634,111113612004634
3309,Deposito,60.00,2026-06-10 00:00:00,Efectivo,Confirmado,,2026-06-11 22:23:19,2026-06-30 05:30:35,,409,1874,111113612004634,111113612004634
3310,apertura,0.00,2026-06-11 22:23:20,Sistema,Confirmado,,2026-06-11 22:23:20,2026-06-11 22:23:20,,435,,,
3311,Deposito,10.00,2026-06-10 00:00:00,Efectivo,Confirmado,,2026-06-11 22:23:20,2026-06-30 05:30:35,,435,1902,111113612004634,111113612004634
3312,Deposito,100.00,2026-06-11 00:00:00,Efectivo,Confirmado,,2026-06-11 22:40:34,2026-06-30 05:30:35,,189,1429,111113612004634,111113612004634
3313,Deposito,100.00,2026-06-11 00:00:00,Efectivo,Confirmado,,2026-06-11 22:40:34,2026-06-30 05:30:35,,289,1926,111113612004634,111113612004634
3314,Deposito,26.00,2026-06-11 00:00:00,Efectivo,Confirmado,,2026-06-11 22:40:34,2026-06-30 05:30:35,,190,1436,111113612004634,111113612004634
3315,Deposito,10.00,2026-06-11 00:00:00,Efectivo,Confirmado,,2026-06-11 22:40:34,2026-06-30 05:30:35,,191,1903,111113612004634,111113612004634
3316,Deposito,30.00,2026-06-11 00:00:00,Efectivo,Confirmado,,2026-06-11 22:40:34,2026-06-30 05:30:35,,192,1438,111113612004634,111113612004634
3317,Deposito,60.00,2026-06-11 00:00:00,Efectivo,Confirmado,,2026-06-11 22:40:34,2026-06-30 05:30:35,,193,1497,111113612004634,111113612004634
3318,Deposito,10.00,2026-06-11 00:00:00,Efectivo,Confirmado,,2026-06-11 22:40:35,2026-06-30 05:30:35,,194,1485,111113612004634,111113612004634
3319,Deposito,22.00,2026-06-11 00:00:00,Efectivo,Confirmado,,2026-06-11 22:40:35,2026-06-30 05:30:35,,269,1694,111113612004634,111113612004634
3320,Deposito,53.00,2026-06-11 00:00:00,Efectivo,Confirmado,,2026-06-11 22:40:35,2026-06-30 05:30:35,,195,1493,111113612004634,111113612004634
3321,Deposito,20.00,2026-06-11 00:00:00,Efectivo,Confirmado,,2026-06-11 22:40:35,2026-06-30 05:30:35,,196,1502,111113612004634,111113612004634
3322,Deposito,42.00,2026-06-11 00:00:00,Efectivo,Confirmado,,2026-06-11 22:40:35,2026-06-30 05:30:35,,327,1753,111113612004634,111113612004634
3323,Deposito,14.00,2026-06-11 00:00:00,Efectivo,Confirmado,,2026-06-11 22:40:35,2026-06-30 05:30:35,,198,1895,111113612004634,111113612004634
3324,Deposito,64.00,2026-06-11 00:00:00,Efectivo,Confirmado,,2026-06-11 22:40:35,2026-06-30 05:30:35,,200,1905,111113612004634,111113612004634
3325,Deposito,20.00,2026-06-11 00:00:00,Efectivo,Confirmado,,2026-06-11 22:40:35,2026-06-30 05:30:35,,180,1723,111113612004634,111113612004634
3326,Deposito,34.00,2026-06-11 00:00:00,Efectivo,Confirmado,,2026-06-11 22:40:35,2026-06-30 05:30:35,,181,1875,111113612004634,111113612004634
3327,Deposito,20.00,2026-06-11 00:00:00,Efectivo,Confirmado,,2026-06-11 22:40:35,2026-06-30 05:30:35,,182,1434,111113612004634,111113612004634
3328,Deposito,20.00,2026-06-11 00:00:00,Efectivo,Confirmado,,2026-06-11 22:40:36,2026-06-30 05:30:35,,183,1749,111113612004634,111113612004634
3329,Deposito,20.00,2026-06-11 00:00:00,Efectivo,Confirmado,,2026-06-11 22:40:36,2026-06-30 05:30:35,,268,1728,111113612004634,111113612004634
3330,Deposito,44.00,2026-06-11 00:00:00,Efectivo,Confirmado,,2026-06-11 22:40:36,2026-06-30 05:30:35,,185,1500,111113612004634,111113612004634
3331,Deposito,10.00,2026-06-11 00:00:00,Efectivo,Confirmado,,2026-06-11 22:40:36,2026-06-30 05:30:35,,420,1904,111113612004634,111113612004634
3332,Deposito,80.00,2026-06-11 00:00:00,Efectivo,Confirmado,,2026-06-11 22:40:36,2026-06-30 05:30:35,,290,,111113612004634,111113612004634
3333,Deposito,30.00,2026-06-11 00:00:00,Efectivo,Confirmado,,2026-06-11 22:40:36,2026-06-30 05:30:35,,187,1724,111113612004634,111113612004634
3334,Deposito,60.00,2026-06-11 00:00:00,Efectivo,Confirmado,,2026-06-11 22:40:36,2026-06-30 05:30:35,,188,1441,111113612004634,111113612004634
3335,Deposito,30.00,2026-06-11 00:00:00,Efectivo,Confirmado,,2026-06-11 22:40:36,2026-06-30 05:30:35,,292,1508,111113612004634,111113612004634
3336,Deposito,40.00,2026-06-11 00:00:00,Efectivo,Confirmado,,2026-06-11 22:40:36,2026-06-30 05:30:35,,291,1854,111113612004634,111113612004634
3337,Deposito,20.00,2026-06-11 00:00:00,Efectivo,Confirmado,,2026-06-11 22:41:33,2026-06-30 05:30:35,,168,1908,111113612004634,111113612004634
3338,Deposito,30.00,2026-06-11 00:00:00,Efectivo,Confirmado,,2026-06-11 22:41:34,2026-06-30 05:30:35,,169,1510,111113612004634,111113612004634
3339,Deposito,20.00,2026-06-11 00:00:00,Efectivo,Confirmado,,2026-06-11 22:41:35,2026-06-30 05:30:36,,170,,111113612004634,111113612004634
3340,Deposito,20.00,2026-06-11 00:00:00,Efectivo,Confirmado,,2026-06-11 22:41:35,2026-06-30 05:30:36,,171,1673,111113612004634,111113612004634
3341,Deposito,44.00,2026-06-11 00:00:00,Efectivo,Confirmado,,2026-06-11 22:43:25,2026-06-30 05:30:36,,164,1515,111113612004634,111113612004634
3342,Deposito,24.00,2026-06-11 00:00:00,Efectivo,Confirmado,,2026-06-11 22:43:25,2026-06-30 05:30:36,,165,1879,111113612004634,111113612004634
3343,Deposito,30.00,2026-06-11 00:00:00,Efectivo,Confirmado,,2026-06-11 22:43:25,2026-06-30 05:30:36,,166,1880,111113612004634,111113612004634
3344,Deposito,32.00,2026-06-11 00:00:00,Efectivo,Confirmado,,2026-06-11 22:43:25,2026-06-30 05:30:36,,167,1775,111113612004634,111113612004634
3345,Deposito,24.00,2026-06-11 00:00:00,Efectivo,Confirmado,,2026-06-11 22:48:06,2026-06-30 05:30:36,,240,1930,111113612004634,111113612004634
3346,Deposito,27.00,2026-06-11 00:00:00,Efectivo,Confirmado,,2026-06-11 22:48:06,2026-06-30 05:30:36,,241,1739,111113612004634,111113612004634
3347,Deposito,53.00,2026-06-11 00:00:00,Efectivo,Confirmado,,2026-06-11 22:48:06,2026-06-30 05:30:36,,242,1047,111113612004634,111113612004634
3348,Deposito,20.00,2026-06-11 00:00:00,Efectivo,Confirmado,,2026-06-11 22:48:06,2026-06-30 05:30:36,,243,1877,111113612004634,111113612004634
3349,Deposito,15.00,2026-06-11 00:00:00,Efectivo,Confirmado,,2026-06-11 22:48:06,2026-06-30 05:30:36,,244,1727,111113612004634,111113612004634
3350,Deposito,35.00,2026-06-11 00:00:00,Efectivo,Confirmado,,2026-06-11 22:48:07,2026-06-30 05:30:36,,245,1931,111113612004634,111113612004634
3351,Deposito,10.00,2026-06-11 00:00:00,Efectivo,Confirmado,,2026-06-11 22:48:07,2026-06-30 05:30:36,,246,1878,111113612004634,111113612004634
3352,Deposito,20.00,2026-06-11 00:00:00,Efectivo,Confirmado,,2026-06-11 22:48:07,2026-06-30 05:30:36,,247,1901,111113612004634,111113612004634
3353,Deposito,14.00,2026-06-11 00:00:00,Efectivo,Confirmado,,2026-06-11 22:48:07,2026-06-30 05:30:36,,248,1738,111113612004634,111113612004634
3354,Deposito,31.50,2026-06-11 00:00:00,Efectivo,Confirmado,,2026-06-11 22:48:07,2026-06-30 05:30:36,,249,1034,111113612004634,111113612004634
3355,Deposito,16.00,2026-06-11 00:00:00,Efectivo,Confirmado,,2026-06-11 22:48:07,2026-06-30 05:30:36,,250,1751,111113612004634,111113612004634
3356,Deposito,10.00,2026-06-11 00:00:00,Efectivo,Confirmado,,2026-06-11 22:48:07,2026-06-30 05:30:36,,251,1690,111113612004634,111113612004634
3357,Deposito,20.00,2026-06-11 00:00:00,Efectivo,Confirmado,,2026-06-11 22:48:07,2026-06-30 05:30:36,,252,1695,111113612004634,111113612004634
3358,Deposito,20.00,2026-06-11 00:00:00,Efectivo,Confirmado,,2026-06-11 22:48:07,2026-06-30 05:30:36,,253,1044,111113612004634,111113612004634
3359,Deposito,30.00,2026-06-11 00:00:00,Efectivo,Confirmado,,2026-06-11 22:48:08,2026-06-30 05:30:36,,256,1808,111113612004634,111113612004634
3360,Deposito,40.00,2026-06-11 00:00:00,Efectivo,Confirmado,,2026-06-11 22:48:54,2026-06-30 05:30:36,,257,1638,111113612004634,111113612004634
3361,Deposito,34.00,2026-06-11 00:00:00,Efectivo,Confirmado,,2026-06-11 22:48:54,2026-06-30 05:30:36,,260,1636,111113612004634,111113612004634
3362,Deposito,55.00,2026-06-11 00:00:00,Efectivo,Confirmado,,2026-06-11 22:49:36,2026-06-30 05:30:36,,410,1862,111113612004634,111113612004634
3363,Deposito,146.00,2026-06-11 00:00:00,Efectivo,Confirmado,,2026-06-11 22:50:03,2026-06-30 05:30:36,,425,1680,111113612004634,111113612004634
3364,Deposito,24.00,2026-06-11 00:00:00,Efectivo,Confirmado,,2026-06-11 22:51:06,2026-06-30 05:30:36,,162,1851,111113612004634,111113612004634
3365,Deposito,24.00,2026-06-11 00:00:00,Efectivo,Confirmado,,2026-06-11 22:51:06,2026-06-30 05:30:36,,163,1850,111113612004634,111113612004634
3366,Deposito,20.00,2026-06-11 00:00:00,Efectivo,Confirmado,,2026-06-11 22:52:29,2026-06-30 05:30:36,,280,1689,111113612004634,111113612004634
3367,Deposito,20.00,2026-06-11 00:00:00,Efectivo,Confirmado,,2026-06-11 22:52:29,2026-06-30 05:30:36,,158,1686,111113612004634,111113612004634
3368,Deposito,64.00,2026-06-11 00:00:00,Efectivo,Confirmado,,2026-06-11 22:52:29,2026-06-30 05:30:36,,159,1685,111113612004634,111113612004634
3369,Deposito,40.00,2026-06-13 00:00:00,Efectivo,Confirmado,,2026-06-13 19:21:48,2026-06-30 05:30:36,,326,1720,111113612603105,111113612603105
3370,Deposito,106.00,2026-06-13 00:00:00,Efectivo,Confirmado,,2026-06-13 19:30:49,2026-06-30 05:30:36,,47,1732,111113612603105,111113612603105
3371,Deposito,213.00,2026-06-01 00:00:00,Efectivo,Confirmado,,2026-06-15 16:43:08,2026-06-30 05:30:36,,43,1546,111113612603105,111113612603105
3372,Retiro,213.00,2026-06-14 00:00:00,Efectivo,Confirmado,,2026-06-15 16:44:01,2026-06-30 05:30:36,2026-06-16 20:40:31,43,1917,111113612603105,111113612603105
3373,Deposito,205.00,2026-06-15 00:00:00,Efectivo,Confirmado,,2026-06-15 17:10:54,2026-06-30 05:30:36,,19,1934,111113612603105,111113612603105
3374,Deposito,250.00,2026-06-15 00:00:00,Efectivo,Confirmado,,2026-06-15 17:10:54,2026-06-30 05:30:36,,11,1935,111113612603105,111113612603105
3375,Retiro,20.00,2026-06-14 00:00:00,Efectivo,Confirmado,,2026-06-15 17:24:29,2026-06-30 05:30:36,2026-06-15 17:29:19,407,,111113612603105,111113612603105
3376,Retiro,20.00,2026-06-15 00:00:00,Efectivo,Rechazado,,2026-06-15 17:24:29,2026-06-30 05:30:00,,18,,111113612603105,
3377,Retiro,395.00,2026-06-15 00:00:00,Efectivo,Rechazado,,2026-06-15 17:24:29,2026-06-30 05:30:00,,19,1934,111113612603105,
3378,Retiro,250.00,2026-06-15 00:00:00,Efectivo,Rechazado,,2026-06-15 17:24:29,2026-06-30 05:30:00,,11,1935,111113612603105,
3379,Deposito,20.00,2026-06-15 00:00:00,Efectivo,Confirmado,,2026-06-15 17:31:52,2026-06-30 05:30:36,,407,,111113612603105,111113612603105
3380,Retiro,20.00,2026-06-16 00:00:00,Efectivo,Confirmado,,2026-06-15 17:34:15,2026-06-30 05:30:00,2026-06-16 20:40:19,407,,111113612603105,
3381,Retiro,20.00,2026-06-16 00:00:00,Efectivo,Confirmado,,2026-06-15 17:34:15,2026-06-30 05:30:36,2026-06-16 20:40:10,18,,111113612603105,111113612603105
3382,Retiro,395.00,2026-06-16 00:00:00,Efectivo,Confirmado,,2026-06-15 17:34:15,2026-06-30 05:30:00,2026-06-16 20:40:03,19,1934,111113612603105,
3383,Retiro,430.00,2026-06-16 00:00:00,Efectivo,Confirmado,,2026-06-15 17:34:15,2026-06-30 05:30:36,2026-06-16 20:39:55,11,1935,111113612603105,111113612603105
3384,apertura,0.00,2026-06-15 17:50:21,Sistema,Confirmado,,2026-06-15 17:50:21,2026-06-15 17:50:21,,436,,,
3385,Deposito,80.00,2026-06-15 00:00:00,Efectivo,Confirmado,,2026-06-15 17:50:21,2026-06-30 05:30:36,,436,,111113612603105,111113612603105
3386,apertura,0.00,2026-06-15 17:50:22,Sistema,Confirmado,,2026-06-15 17:50:22,2026-06-15 17:50:22,,437,,,
3387,Deposito,100.00,2026-06-15 00:00:00,Efectivo,Confirmado,,2026-06-15 17:50:22,2026-06-30 05:30:36,,437,,111113612603105,111113612603105
3388,Retiro,100.00,2026-06-16 00:00:00,Efectivo,Confirmado,,2026-06-15 17:55:50,2026-06-30 05:30:36,2026-06-16 20:39:31,437,,111113612603105,111113612603105
3389,Retiro,80.00,2026-06-16 00:00:00,Efectivo,Confirmado,,2026-06-15 17:55:51,2026-06-30 05:30:36,2026-06-16 20:39:22,436,,111113612603105,111113612603105
3390,Deposito,70.00,2026-06-15 00:00:00,Efectivo,Confirmado,,2026-06-15 19:20:19,2026-06-30 05:30:36,,362,1915,111113612603105,111113612603105
3391,apertura,0.00,2026-06-15 19:20:20,Sistema,Confirmado,,2026-06-15 19:20:20,2026-06-15 19:20:20,,438,,,
3392,Deposito,90.00,2026-06-15 00:00:00,Efectivo,Confirmado,,2026-06-15 19:20:20,2026-06-30 05:30:36,,438,1911,111113612603105,111113612603105
3393,Deposito,440.00,2026-06-15 00:00:00,Efectivo,Confirmado,,2026-06-15 19:20:21,2026-06-30 05:30:36,,359,1310,111113612603105,111113612603105
3394,Deposito,220.00,2026-06-15 00:00:00,Efectivo,Confirmado,,2026-06-15 19:20:21,2026-06-30 05:30:36,,357,1927,111113612603105,111113612603105
3395,Deposito,80.00,2026-06-15 00:00:00,Efectivo,Confirmado,,2026-06-15 19:20:22,2026-06-30 05:30:36,,380,1914,111113612603105,111113612603105
3396,Deposito,378.00,2026-06-15 00:00:00,Efectivo,Confirmado,,2026-06-15 19:20:22,2026-06-30 05:30:36,,379,1937,111113612603105,111113612603105
3397,Deposito,100.00,2026-06-15 00:00:00,Efectivo,Confirmado,,2026-06-15 19:20:23,2026-06-30 05:30:36,,360,1936,111113612603105,111113612603105
3398,Retiro,90.00,2026-06-16 00:00:00,Efectivo,Confirmado,,2026-06-15 19:37:49,2026-06-30 05:30:36,2026-06-16 20:39:10,362,1915,111113612603105,111113612603105
3399,Retiro,90.00,2026-06-16 00:00:00,Efectivo,Confirmado,,2026-06-15 19:37:49,2026-06-30 05:30:36,2026-06-16 20:39:02,438,1911,111113612603105,111113612603105
3400,Retiro,400.00,2026-06-16 00:00:00,Efectivo,Confirmado,,2026-06-15 19:37:49,2026-06-30 05:30:01,2026-06-16 20:38:51,357,1927,111113612603105,
3401,Retiro,774.00,2026-06-16 00:00:00,Efectivo,Confirmado,,2026-06-15 19:37:49,2026-06-30 05:30:36,2026-06-16 20:38:44,379,1937,111113612603105,111113612603105
3402,Retiro,165.00,2026-06-16 00:00:00,Efectivo,Confirmado,,2026-06-15 19:37:49,2026-06-30 05:30:36,2026-06-16 20:38:36,380,1914,111113612603105,111113612603105
3403,Retiro,680.00,2026-06-16 00:00:00,Efectivo,Confirmado,,2026-06-15 19:37:49,2026-06-30 05:30:36,2026-06-16 20:38:27,359,1310,111113612603105,111113612603105
3404,Retiro,160.00,2026-06-16 00:00:00,Efectivo,Confirmado,,2026-06-15 19:37:49,2026-06-30 05:30:01,2026-06-16 20:38:19,360,1936,111113612603105,
3405,Deposito,198.00,2026-06-15 00:00:00,Efectivo,Confirmado,,2026-06-15 20:09:08,2026-06-30 05:30:36,,302,1939,111113612603105,111113612603105
3406,Deposito,142.00,2026-06-15 00:00:00,Efectivo,Confirmado,,2026-06-15 20:09:08,2026-06-30 05:30:36,,298,1067,111113612603105,111113612603105
3407,Deposito,36.00,2026-06-15 00:00:00,Efectivo,Confirmado,,2026-06-15 20:09:09,2026-06-30 05:30:36,,300,1069,111113612603105,111113612603105
3408,Retiro,315.00,2026-06-16 00:00:00,Efectivo,Confirmado,,2026-06-15 20:14:38,2026-06-30 05:30:36,2026-06-16 20:38:09,302,1939,111113612603105,111113612603105
3409,Retiro,176.00,2026-06-16 00:00:00,Efectivo,Confirmado,,2026-06-15 20:14:38,2026-06-30 05:30:36,2026-06-16 20:37:56,298,1067,111113612603105,111113612603105
3410,Retiro,104.00,2026-06-16 00:00:00,Efectivo,Confirmado,,2026-06-15 20:14:38,2026-06-30 05:30:36,2026-06-16 20:37:27,300,1069,111113612603105,111113612603105
3411,Deposito,260.00,2026-06-15 00:00:00,Efectivo,Confirmado,,2026-06-15 21:23:23,2026-06-30 05:30:36,,351,1938,111113612603105,111113612603105
3412,Retiro,460.00,2026-06-16 00:00:00,Efectivo,Confirmado,,2026-06-15 21:25:08,2026-06-30 05:30:01,2026-06-16 20:37:14,351,1938,111113612603105,
3430,Deposito,68.00,2026-06-12 00:00:00,Efectivo,Confirmado,,2026-06-15 21:38:52,2026-06-30 05:30:36,,224,1884,111113612004634,111113612004634
3431,Deposito,52.00,2026-06-12 00:00:00,Efectivo,Confirmado,,2026-06-15 21:38:52,2026-06-30 05:30:36,,225,1762,111113612004634,111113612004634
3432,Deposito,62.00,2026-06-12 00:00:00,Efectivo,Confirmado,,2026-06-15 21:38:52,2026-06-30 05:30:36,,304,1887,111113612004634,111113612004634
3433,Deposito,96.00,2026-06-12 00:00:00,Efectivo,Confirmado,,2026-06-15 21:38:53,2026-06-30 05:30:36,,226,1886,111113612004634,111113612004634
3434,Deposito,212.00,2026-06-12 00:00:00,Efectivo,Confirmado,,2026-06-15 21:38:53,2026-06-30 05:30:36,,227,1885,111113612004634,111113612004634
3469,apertura,0.00,2026-06-15 21:58:19,Sistema,Confirmado,,2026-06-15 21:58:19,2026-06-15 21:58:19,,439,,,
3470,Deposito,80.00,2026-06-15 00:00:00,Efectivo,Confirmado,,2026-06-15 21:58:19,2026-06-30 05:30:36,,439,1153,111113612603105,111113612603105
3471,Deposito,120.00,2026-06-15 00:00:00,Efectivo,Confirmado,,2026-06-15 21:58:20,2026-06-30 05:30:36,,213,1154,111113612603105,111113612603105
3472,Deposito,200.00,2026-06-15 00:00:00,Efectivo,Confirmado,,2026-06-15 21:58:20,2026-06-30 05:30:36,,222,1616,111113612603105,111113612603105
3473,Retiro,80.00,2026-06-16 00:00:00,Efectivo,Confirmado,,2026-06-15 22:04:44,2026-06-30 05:30:36,2026-06-16 20:37:06,439,1153,111113612603105,111113612603105
3474,Retiro,140.00,2026-06-16 00:00:00,Efectivo,Confirmado,,2026-06-15 22:04:44,2026-06-30 05:30:36,2026-06-16 20:36:57,213,1154,111113612603105,111113612603105
3475,Retiro,200.00,2026-06-16 00:00:00,Efectivo,Confirmado,,2026-06-15 22:04:44,2026-06-30 05:30:36,2026-06-16 20:36:18,222,1616,111113612603105,111113612603105
3476,Deposito,34.00,2026-06-15 00:00:00,Efectivo,Confirmado,,2026-06-16 06:15:15,2026-06-30 05:30:36,,34,1859,111113612004634,111113612004634
3477,Deposito,27.50,2026-06-15 00:00:00,Efectivo,Confirmado,,2026-06-16 06:15:16,2026-06-30 05:30:36,,35,1942,111113612004634,111113612004634
3478,Deposito,44.00,2026-06-15 00:00:00,Efectivo,Confirmado,,2026-06-16 06:15:16,2026-06-30 05:30:36,,36,1860,111113612004634,111113612004634
3479,Deposito,52.00,2026-06-15 00:00:00,Efectivo,Confirmado,,2026-06-16 06:15:16,2026-06-30 05:30:36,,335,1736,111113612004634,111113612004634
3480,Deposito,52.00,2026-06-15 00:00:00,Efectivo,Confirmado,,2026-06-16 06:15:16,2026-06-30 05:30:36,,310,1711,111113612004634,111113612004634
3481,Deposito,52.00,2026-06-15 00:00:00,Efectivo,Confirmado,,2026-06-16 06:15:16,2026-06-30 05:30:36,,309,1698,111113612004634,111113612004634
3482,Deposito,52.00,2026-06-15 00:00:00,Efectivo,Confirmado,,2026-06-16 06:15:16,2026-06-30 05:30:36,,275,1693,111113612004634,111113612004634
3483,Deposito,68.00,2026-06-15 00:00:00,Efectivo,Confirmado,,2026-06-16 06:15:17,2026-06-30 05:30:36,,283,1792,111113612004634,111113612004634
3484,Deposito,52.00,2026-06-15 00:00:00,Efectivo,Confirmado,,2026-06-16 06:15:17,2026-06-30 05:30:36,,388,1788,111113612004634,111113612004634
3485,Deposito,52.00,2026-06-15 00:00:00,Efectivo,Confirmado,,2026-06-16 06:15:17,2026-06-30 05:30:36,,389,1791,111113612004634,111113612004634
3486,apertura,0.00,2026-06-16 06:15:17,Sistema,Confirmado,,2026-06-16 06:15:17,2026-06-16 06:15:17,,440,,,
3487,Deposito,52.00,2026-06-15 00:00:00,Efectivo,Confirmado,,2026-06-16 06:15:17,2026-06-30 05:30:36,,440,1944,111113612004634,111113612004634
3488,apertura,0.00,2026-06-16 06:15:17,Sistema,Confirmado,,2026-06-16 06:15:17,2026-06-16 06:15:17,,441,,,
3489,Deposito,52.00,2026-06-15 00:00:00,Efectivo,Confirmado,,2026-06-16 06:15:17,2026-06-30 05:30:36,,441,1945,111113612004634,111113612004634
3490,Deposito,24.00,2026-06-15 00:00:00,Efectivo,Confirmado,,2026-06-16 06:15:53,2026-06-30 05:30:36,,400,1841,111113612004634,111113612004634
3491,Deposito,24.00,2026-06-15 00:00:00,Efectivo,Confirmado,,2026-06-16 06:15:54,2026-06-30 05:30:36,,401,1940,111113612004634,111113612004634
3492,apertura,0.00,2026-06-16 06:15:54,Sistema,Confirmado,,2026-06-16 06:15:54,2026-06-16 06:15:54,,442,,,
3493,Deposito,32.00,2026-06-15 00:00:00,Efectivo,Confirmado,,2026-06-16 06:15:54,2026-06-30 05:30:36,,442,1956,111113612004634,111113612004634
3494,Deposito,44.00,2026-06-15 00:00:00,Efectivo,Confirmado,,2026-06-16 06:16:43,2026-06-30 05:30:36,,32,1870,111113612004634,111113612004634
3495,Deposito,68.00,2026-06-15 00:00:00,Efectivo,Confirmado,,2026-06-16 06:16:43,2026-06-30 05:30:36,,33,1871,111113612004634,111113612004634
3496,Deposito,62.00,2026-06-15 00:00:00,Efectivo,Confirmado,,2026-06-16 06:19:10,2026-06-30 05:30:36,,24,1400,111113612004634,111113612004634
3497,Deposito,62.00,2026-06-15 00:00:00,Efectivo,Confirmado,,2026-06-16 06:19:10,2026-06-30 05:30:36,,25,1403,111113612004634,111113612004634
3498,Deposito,72.00,2026-06-15 00:00:00,Efectivo,Confirmado,,2026-06-16 06:19:10,2026-06-30 05:30:36,,26,1863,111113612004634,111113612004634
3499,Deposito,62.00,2026-06-15 00:00:00,Efectivo,Confirmado,,2026-06-16 06:19:10,2026-06-30 05:30:36,,276,1932,111113612004634,111113612004634
3500,Deposito,62.00,2026-06-15 00:00:00,Efectivo,Confirmado,,2026-06-16 06:19:11,2026-06-30 05:30:36,,277,1404,111113612004634,111113612004634
3501,Deposito,20.00,2026-06-15 00:00:00,Efectivo,Confirmado,,2026-06-16 06:19:11,2026-06-30 05:30:36,,27,1405,111113612004634,111113612004634
3502,Deposito,60.00,2026-06-15 00:00:00,Efectivo,Confirmado,,2026-06-16 06:19:11,2026-06-30 05:30:36,,28,1406,111113612004634,111113612004634
3503,Deposito,20.00,2026-06-15 00:00:00,Efectivo,Confirmado,,2026-06-16 06:19:11,2026-06-30 05:30:36,,29,1407,111113612004634,111113612004634
3504,Deposito,60.00,2026-06-15 00:00:00,Efectivo,Confirmado,,2026-06-16 06:19:11,2026-06-30 05:30:36,,399,1845,111113612004634,111113612004634
3505,Deposito,55.00,2026-06-15 00:00:00,Efectivo,Confirmado,,2026-06-16 06:19:39,2026-06-30 05:30:36,,391,1797,111113612004634,111113612004634
3506,Deposito,19.00,2026-06-15 00:00:00,Efectivo,Confirmado,,2026-06-16 06:20:15,2026-06-30 05:30:36,,23,1795,111113612004634,111113612004634
3507,Deposito,55.00,2026-06-15 00:00:00,Efectivo,Confirmado,,2026-06-16 06:20:45,2026-06-30 05:30:36,,274,1674,111113612004634,111113612004634
3508,Deposito,10.00,2026-06-15 00:00:00,Efectivo,Confirmado,,2026-06-16 06:21:09,2026-06-30 05:30:36,,402,1834,111113612004634,111113612004634
3509,Deposito,55.00,2026-06-15 00:00:00,Efectivo,Confirmado,,2026-06-16 06:21:39,2026-06-30 05:30:36,,408,1842,111113612004634,111113612004634
3510,Deposito,12.00,2026-06-15 00:00:00,Efectivo,Confirmado,,2026-06-16 06:24:27,2026-06-30 05:30:37,,390,1786,111113612004634,111113612004634
3511,Deposito,42.00,2026-06-15 00:00:00,Efectivo,Confirmado,,2026-06-16 06:24:27,2026-06-30 05:30:37,,1,1766,111113612004634,111113612004634
3512,Deposito,32.00,2026-06-15 00:00:00,Efectivo,Confirmado,,2026-06-16 06:24:27,2026-06-30 05:30:37,,2,1767,111113612004634,111113612004634
3513,Deposito,62.00,2026-06-15 00:00:00,Efectivo,Confirmado,,2026-06-16 06:24:27,2026-06-30 05:30:37,,4,1416,111113612004634,111113612004634
3514,Deposito,32.00,2026-06-15 00:00:00,Efectivo,Confirmado,,2026-06-16 06:24:27,2026-06-30 05:30:37,,3,1417,111113612004634,111113612004634
3515,Deposito,30.00,2026-06-15 00:00:00,Efectivo,Confirmado,,2026-06-16 06:30:08,2026-06-30 05:30:37,,5,1702,111113612004634,111113612004634
3516,Deposito,20.00,2026-06-15 00:00:00,Efectivo,Confirmado,,2026-06-16 06:30:08,2026-06-30 05:30:37,,6,855,111113612004634,111113612004634
3517,Deposito,20.00,2026-06-15 00:00:00,Efectivo,Confirmado,,2026-06-16 06:30:08,2026-06-30 05:30:37,,7,1645,111113612004634,111113612004634
3518,Deposito,16.00,2026-06-15 00:00:00,Efectivo,Confirmado,,2026-06-16 06:30:08,2026-06-30 05:30:37,,8,858,111113612004634,111113612004634
3519,Deposito,12.00,2026-06-15 00:00:00,Efectivo,Confirmado,,2026-06-16 06:30:08,2026-06-30 05:30:37,,9,852,111113612004634,111113612004634
3520,Deposito,20.00,2026-06-15 00:00:00,Efectivo,Confirmado,,2026-06-16 06:30:08,2026-06-30 05:30:37,,10,1647,111113612004634,111113612004634
3521,Deposito,20.00,2026-06-15 00:00:00,Efectivo,Confirmado,,2026-06-16 06:30:09,2026-06-30 05:30:37,,12,856,111113612004634,111113612004634
3522,Deposito,20.00,2026-06-15 00:00:00,Efectivo,Confirmado,,2026-06-16 06:30:09,2026-06-30 05:30:37,,13,1794,111113612004634,111113612004634
3523,Deposito,60.00,2026-06-15 00:00:00,Efectivo,Confirmado,,2026-06-16 06:30:09,2026-06-30 05:30:37,,14,1787,111113612004634,111113612004634
3524,Deposito,30.00,2026-06-15 00:00:00,Efectivo,Confirmado,,2026-06-16 06:30:09,2026-06-30 05:30:37,,15,1836,111113612004634,111113612004634
3525,Deposito,50.00,2026-06-15 00:00:00,Efectivo,Confirmado,,2026-06-16 06:30:09,2026-06-30 05:30:37,,17,1899,111113612004634,111113612004634
3526,Deposito,20.00,2026-06-15 00:00:00,Efectivo,Confirmado,,2026-06-16 06:30:09,2026-06-30 05:30:37,,407,,111113612004634,111113612004634
3527,Deposito,40.00,2026-06-15 00:00:00,Efectivo,Confirmado,,2026-06-16 06:30:10,2026-06-30 05:30:37,,19,1934,111113612004634,111113612004634
3528,Deposito,20.00,2026-06-15 00:00:00,Efectivo,Confirmado,,2026-06-16 06:30:10,2026-06-30 05:30:37,,20,1737,111113612004634,111113612004634
3529,Deposito,30.00,2026-06-15 00:00:00,Efectivo,Confirmado,,2026-06-16 06:30:10,2026-06-30 05:30:37,,21,870,111113612004634,111113612004634
3530,Deposito,20.00,2026-06-15 00:00:00,Efectivo,Confirmado,,2026-06-16 06:30:10,2026-06-30 05:30:37,,22,1021,111113612004634,111113612004634
3531,Deposito,60.00,2026-06-15 00:00:00,Efectivo,Confirmado,,2026-06-16 06:30:10,2026-06-30 05:30:37,,368,1744,111113612004634,111113612004634
3532,Deposito,20.00,2026-06-15 00:00:00,Efectivo,Confirmado,,2026-06-16 06:30:10,2026-06-30 05:30:37,,367,1731,111113612004634,111113612004634
3533,Deposito,20.00,2026-06-15 00:00:00,Efectivo,Confirmado,,2026-06-16 06:30:11,2026-06-30 05:30:37,,403,1852,111113612004634,111113612004634
3534,Deposito,20.00,2026-06-15 00:00:00,Efectivo,Confirmado,,2026-06-16 06:30:11,2026-06-30 05:30:37,,417,1898,111113612004634,111113612004634
3535,Deposito,20.00,2026-06-15 00:00:00,Efectivo,Confirmado,,2026-06-16 06:30:11,2026-06-30 05:30:37,,418,1897,111113612004634,111113612004634
3536,Deposito,194.00,2026-06-16 00:00:00,Efectivo,Confirmado,,2026-06-16 15:52:35,2026-06-30 05:30:37,,176,940,111113612603105,111113612603105
3537,Deposito,252.00,2026-06-16 00:00:00,Efectivo,Confirmado,,2026-06-16 15:52:36,2026-06-30 05:30:37,,177,941,111113612603105,111113612603105
3538,Deposito,248.00,2026-06-16 00:00:00,Efectivo,Confirmado,,2026-06-16 15:52:36,2026-06-30 05:30:37,,178,938,111113612603105,111113612603105
3539,Retiro,330.00,2026-06-16 00:00:00,Efectivo,Confirmado,,2026-06-16 15:59:21,2026-06-30 05:30:37,2026-06-16 20:36:02,176,940,111113612603105,111113612603105
3540,Retiro,462.00,2026-06-16 00:00:00,Efectivo,Confirmado,,2026-06-16 15:59:21,2026-06-30 05:30:37,2026-06-16 20:35:56,177,941,111113612603105,111113612603105
3541,Retiro,496.00,2026-06-16 00:00:00,Efectivo,Confirmado,,2026-06-16 15:59:21,2026-06-30 05:30:37,2026-06-16 20:35:50,178,938,111113612603105,111113612603105
3542,Deposito,132.00,2026-06-16 00:00:00,Efectivo,Confirmado,,2026-06-16 16:29:12,2026-06-30 05:30:37,,95,1116,111113612603105,111113612603105
3543,Deposito,64.00,2026-06-16 00:00:00,Efectivo,Confirmado,,2026-06-16 16:29:13,2026-06-30 05:30:37,,94,1115,111113612603105,111113612603105
3544,Deposito,132.00,2026-06-16 00:00:00,Efectivo,Confirmado,,2026-06-16 16:29:13,2026-06-30 05:30:37,,93,1114,111113612603105,111113612603105
3545,Retiro,484.00,2026-06-16 00:00:00,Efectivo,Confirmado,,2026-06-16 16:50:59,2026-06-30 05:30:37,2026-06-16 20:35:39,95,1116,111113612603105,111113612603105
3546,Retiro,484.00,2026-06-16 00:00:00,Efectivo,Confirmado,,2026-06-16 16:50:59,2026-06-30 05:30:37,2026-06-16 20:35:30,94,1115,111113612603105,111113612603105
3547,Retiro,484.00,2026-06-16 00:00:00,Efectivo,Confirmado,,2026-06-16 16:50:59,2026-06-30 05:30:37,2026-06-16 20:35:23,93,1114,111113612603105,111113612603105
3548,Deposito,237.90,2026-06-16 00:00:00,Efectivo,Confirmado,,2026-06-16 17:03:59,2026-06-30 05:30:37,,37,,111113612603105,111113612603105
3549,Deposito,0.10,2026-06-16 00:00:00,Efectivo,Confirmado,,2026-06-16 17:05:43,2026-06-30 05:30:37,,37,,111113612603105,111113612603105
3550,Retiro,564.00,2026-06-16 00:00:00,Efectivo,Confirmado,,2026-06-16 17:08:08,2026-06-30 05:30:37,2026-06-16 20:35:14,37,,111113612603105,111113612603105
3551,Deposito,210.00,2026-06-16 00:00:00,Efectivo,Confirmado,,2026-06-16 18:04:55,2026-06-30 05:30:37,,87,1941,111113612004634,111113612004634
3552,Deposito,260.00,2026-06-16 00:00:00,Efectivo,Confirmado,,2026-06-16 18:04:55,2026-06-30 05:30:37,,89,1810,111113612004634,111113612004634
3553,apertura,0.00,2026-06-16 18:04:55,Sistema,Confirmado,,2026-06-16 18:04:55,2026-06-16 18:04:55,,443,,,
3554,Deposito,60.00,2026-06-16 00:00:00,Efectivo,Confirmado,,2026-06-16 18:04:55,2026-06-30 05:30:37,,443,,111113612004634,111113612004634
3555,Retiro,280.00,2026-06-16 00:00:00,Efectivo,Confirmado,,2026-06-16 18:11:51,2026-06-30 05:30:37,2026-06-16 20:35:06,87,1941,111113612603105,111113612603105
3556,Retiro,60.00,2026-06-16 00:00:00,Efectivo,Confirmado,,2026-06-16 18:11:51,2026-06-30 05:30:37,2026-06-16 20:34:54,443,,111113612603105,111113612603105
3557,Retiro,342.00,2026-06-16 00:00:00,Efectivo,Confirmado,,2026-06-16 18:11:51,2026-06-30 05:30:37,2026-06-16 20:34:47,89,1810,111113612603105,111113612603105
3558,Deposito,288.00,2026-06-16 00:00:00,Efectivo,Confirmado,,2026-06-16 18:29:16,2026-06-30 05:30:37,,320,1196,111113612603105,111113612603105
3559,Retiro,512.00,2026-06-16 00:00:00,Efectivo,Confirmado,,2026-06-16 18:30:44,2026-06-30 05:30:37,2026-06-16 20:34:37,320,1196,111113612603105,111113612603105
3560,Deposito,220.00,2026-06-16 00:00:00,Efectivo,Confirmado,,2026-06-16 19:50:37,2026-06-30 05:30:37,,191,1903,111113612603105,111113612603105
3561,Deposito,410.00,2026-06-16 00:00:00,Efectivo,Confirmado,,2026-06-16 19:50:37,2026-06-30 05:30:37,,420,1904,111113612603105,111113612603105
3562,apertura,0.00,2026-06-16 19:50:38,Sistema,Confirmado,,2026-06-16 19:50:38,2026-06-16 19:50:38,,444,,,
3563,Deposito,100.00,2026-06-16 00:00:00,Efectivo,Confirmado,,2026-06-16 19:50:38,2026-06-30 05:30:37,,444,1506,111113612603105,111113612603105
3564,Deposito,240.00,2026-06-16 00:00:00,Efectivo,Confirmado,,2026-06-16 19:50:39,2026-06-30 05:30:37,,186,1507,111113612603105,111113612603105
3565,apertura,0.00,2026-06-16 19:50:40,Sistema,Confirmado,,2026-06-16 19:50:40,2026-06-16 19:50:40,,445,,,
3566,Deposito,80.00,2026-06-16 00:00:00,Efectivo,Confirmado,,2026-06-16 19:50:40,2026-06-30 05:30:37,,445,1443,111113612603105,111113612603105
3567,apertura,0.00,2026-06-16 19:50:42,Sistema,Confirmado,,2026-06-16 19:50:42,2026-06-16 19:50:42,,446,,,
3568,Deposito,150.00,2026-06-16 00:00:00,Efectivo,Confirmado,,2026-06-16 19:50:42,2026-06-30 05:30:37,,446,,111113612603105,111113612603105
3569,Retiro,460.00,2026-06-16 00:00:00,Efectivo,Confirmado,,2026-06-16 20:08:57,2026-06-30 05:30:37,2026-06-16 20:34:31,420,1904,111113612603105,111113612603105
3570,Retiro,100.00,2026-06-16 00:00:00,Efectivo,Confirmado,,2026-06-16 20:08:57,2026-06-30 05:30:37,2026-06-16 20:34:22,444,1506,111113612603105,111113612603105
3571,Retiro,80.00,2026-06-16 00:00:00,Efectivo,Confirmado,,2026-06-16 20:08:57,2026-06-30 05:30:37,2026-06-16 20:34:13,445,1443,111113612603105,111113612603105
3572,Retiro,150.00,2026-06-16 00:00:00,Efectivo,Confirmado,,2026-06-16 20:08:57,2026-06-30 05:30:37,2026-06-16 20:34:06,446,,111113612603105,111113612603105
3573,Retiro,340.00,2026-06-15 00:00:00,Efectivo,Confirmado,,2026-06-16 20:08:57,2026-06-30 05:30:37,2026-06-16 20:33:37,186,1507,111113612603105,111113612603105
3574,Retiro,400.00,2026-06-16 00:00:00,Efectivo,Confirmado,,2026-06-16 20:08:57,2026-06-30 05:30:37,2026-06-16 20:33:26,191,1903,111113612603105,111113612603105
3575,Deposito,10.00,2026-06-16 00:00:00,Efectivo,Confirmado,,2026-06-17 14:53:13,2026-06-30 05:30:37,,51,1818,111113612004634,111113612004634
3576,Deposito,10.00,2026-06-16 00:00:00,Efectivo,Confirmado,,2026-06-17 14:53:14,2026-06-30 05:30:37,,52,1707,111113612004634,111113612004634
3577,Deposito,20.00,2026-06-16 00:00:00,Efectivo,Confirmado,,2026-06-17 14:53:14,2026-06-30 05:30:37,,278,1633,111113612004634,111113612004634
3578,Deposito,10.00,2026-06-16 00:00:00,Efectivo,Confirmado,,2026-06-17 14:53:14,2026-06-30 05:30:37,,55,879,111113612004634,111113612004634
3579,Deposito,20.00,2026-06-16 00:00:00,Efectivo,Confirmado,,2026-06-17 14:53:14,2026-06-30 05:30:37,,56,884,111113612004634,111113612004634
3580,Deposito,20.00,2026-06-16 00:00:00,Efectivo,Confirmado,,2026-06-17 14:53:14,2026-06-30 05:30:37,,62,892,111113612004634,111113612004634
3581,Deposito,60.00,2026-06-16 00:00:00,Efectivo,Confirmado,,2026-06-17 14:53:15,2026-06-30 05:30:37,,409,1874,111113612004634,111113612004634
3582,Deposito,20.00,2026-06-16 00:00:00,Efectivo,Confirmado,,2026-06-17 14:53:15,2026-06-30 05:30:37,,435,1902,111113612004634,111113612004634
3583,Deposito,42.00,2026-06-16 00:00:00,Efectivo,Confirmado,,2026-06-17 14:53:56,2026-06-30 05:30:37,,54,1650,111113612004634,111113612004634
3584,Deposito,20.00,2026-06-16 00:00:00,Efectivo,Confirmado,,2026-06-17 14:54:15,2026-06-30 05:30:37,,57,885,111113612004634,111113612004634
3585,Deposito,10.00,2026-06-16 00:00:00,Efectivo,Confirmado,,2026-06-17 14:57:29,2026-06-30 05:30:37,,74,1378,111113612004634,111113612004634
3586,Deposito,10.00,2026-06-16 00:00:00,Efectivo,Confirmado,,2026-06-17 14:57:29,2026-06-30 05:30:37,,75,1380,111113612004634,111113612004634
3587,Deposito,10.00,2026-06-16 00:00:00,Efectivo,Confirmado,,2026-06-17 14:57:29,2026-06-30 05:30:37,,370,1656,111113612004634,111113612004634
3588,Deposito,10.00,2026-06-16 00:00:00,Efectivo,Confirmado,,2026-06-17 14:57:29,2026-06-30 05:30:37,,76,1381,111113612004634,111113612004634
3589,Deposito,10.00,2026-06-16 00:00:00,Efectivo,Confirmado,,2026-06-17 14:57:30,2026-06-30 05:30:37,,77,1785,111113612004634,111113612004634
3590,Deposito,10.00,2026-06-16 00:00:00,Efectivo,Confirmado,,2026-06-17 14:57:30,2026-06-30 05:30:37,,79,1784,111113612004634,111113612004634
3591,Deposito,10.00,2026-06-16 00:00:00,Efectivo,Confirmado,,2026-06-17 14:57:30,2026-06-30 05:30:37,,416,1907,111113612004634,111113612004634
3592,Deposito,10.00,2026-06-16 00:00:00,Efectivo,Confirmado,,2026-06-17 14:57:55,2026-06-30 05:30:37,,73,1376,111113612004634,111113612004634
3593,Deposito,20.00,2026-06-16 00:00:00,Efectivo,Confirmado,,2026-06-17 15:00:52,2026-06-30 05:30:37,,81,1182,111113612004634,111113612004634
3594,Deposito,22.00,2026-06-16 00:00:00,Efectivo,Confirmado,,2026-06-17 15:00:53,2026-06-30 05:30:37,,82,1678,111113612004634,111113612004634
3595,Deposito,20.00,2026-06-16 00:00:00,Efectivo,Confirmado,,2026-06-17 15:00:53,2026-06-30 05:30:37,,84,1188,111113612004634,111113612004634
3596,apertura,0.00,2026-06-17 15:00:53,Sistema,Confirmado,,2026-06-17 15:00:53,2026-06-17 15:00:53,,447,,,
3597,Deposito,20.00,2026-06-16 00:00:00,Efectivo,Confirmado,,2026-06-17 15:00:53,2026-06-30 05:30:37,,447,1943,111113612004634,111113612004634
3598,Deposito,60.00,2026-06-16 00:00:00,Efectivo,Confirmado,,2026-06-17 15:05:32,2026-06-30 05:30:37,,65,1634,111113612004634,111113612004634
3599,Deposito,60.00,2026-06-16 00:00:00,Efectivo,Confirmado,,2026-06-17 15:05:32,2026-06-30 05:30:37,,66,1752,111113612004634,111113612004634
3600,Deposito,60.00,2026-06-16 00:00:00,Efectivo,Confirmado,,2026-06-17 15:05:32,2026-06-30 05:30:37,,67,1657,111113612004634,111113612004634
3601,Deposito,60.00,2026-06-16 00:00:00,Efectivo,Confirmado,,2026-06-17 15:05:33,2026-06-30 05:30:37,,68,1809,111113612004634,111113612004634
3602,Deposito,20.00,2026-06-16 00:00:00,Efectivo,Confirmado,,2026-06-17 15:05:33,2026-06-30 05:30:37,,69,1873,111113612004634,111113612004634
3603,Deposito,60.00,2026-06-16 00:00:00,Efectivo,Confirmado,,2026-06-17 15:05:33,2026-06-30 05:30:37,,312,1718,111113612004634,111113612004634
3604,Deposito,60.00,2026-06-16 00:00:00,Efectivo,Confirmado,,2026-06-17 15:05:33,2026-06-30 05:30:37,,336,1742,111113612004634,111113612004634
3605,Deposito,20.00,2026-06-16 00:00:00,Efectivo,Confirmado,,2026-06-17 15:05:33,2026-06-30 05:30:37,,337,1743,111113612004634,111113612004634
3606,Deposito,30.00,2026-06-16 00:00:00,Efectivo,Confirmado,,2026-06-17 15:05:34,2026-06-30 05:30:37,,371,1770,111113612004634,111113612004634
3607,Deposito,60.00,2026-06-16 00:00:00,Efectivo,Confirmado,,2026-06-17 15:05:34,2026-06-30 05:30:37,,415,1861,111113612004634,111113612004634
3608,Deposito,28.00,2026-06-16 00:00:00,Efectivo,Confirmado,,2026-06-17 15:08:22,2026-06-30 05:30:37,,99,1799,111113612004634,111113612004634
3609,Deposito,20.00,2026-06-16 00:00:00,Efectivo,Confirmado,,2026-06-17 15:08:22,2026-06-30 05:30:37,,393,1800,111113612004634,111113612004634
3610,Deposito,12.00,2026-06-16 00:00:00,Efectivo,Confirmado,,2026-06-17 15:08:22,2026-06-30 05:30:37,,100,1801,111113612004634,111113612004634
3611,Deposito,20.00,2026-06-16 00:00:00,Efectivo,Confirmado,,2026-06-17 15:08:41,2026-06-30 05:30:37,,394,1803,111113612004634,111113612004634
3612,Deposito,32.00,2026-06-16 00:00:00,Efectivo,Confirmado,,2026-06-17 15:09:42,2026-06-30 05:30:37,,96,1750,111113612004634,111113612004634
3613,Deposito,18.00,2026-06-16 00:00:00,Efectivo,Confirmado,,2026-06-17 15:09:42,2026-06-30 05:30:38,,98,1759,111113612004634,111113612004634
3614,Deposito,47.50,2026-06-16 00:00:00,Efectivo,Confirmado,,2026-06-17 15:10:08,2026-06-30 05:30:38,,40,1761,111113612004634,111113612004634
3615,Deposito,56.00,2026-06-16 00:00:00,Efectivo,Confirmado,,2026-06-17 15:10:37,2026-06-30 05:30:38,,45,1548,111113612004634,111113612004634
3616,Deposito,53.00,2026-06-16 00:00:00,Efectivo,Confirmado,,2026-06-17 15:11:07,2026-06-30 05:30:38,,38,1906,111113612004634,111113612004634
3617,Deposito,106.00,2026-06-16 00:00:00,Efectivo,Confirmado,,2026-06-17 15:11:34,2026-06-30 05:30:38,,47,1732,111113612004634,111113612004634
3618,Deposito,135.00,2026-06-16 00:00:00,Efectivo,Confirmado,,2026-06-17 15:11:59,2026-06-30 05:30:38,,39,1769,111113612004634,111113612004634
3619,Deposito,150.00,2026-06-16 00:00:00,Efectivo,Confirmado,,2026-06-17 15:12:32,2026-06-30 05:30:38,,43,1917,111113612004634,111113612004634
3620,Deposito,70.00,2026-06-16 00:00:00,Efectivo,Confirmado,,2026-06-17 15:13:49,2026-06-30 05:30:38,,41,1544,111113612004634,111113612004634
3621,Deposito,55.00,2026-06-16 00:00:00,Efectivo,Confirmado,,2026-06-17 15:15:20,2026-06-30 05:30:38,,44,1734,111113612004634,111113612004634
3622,Deposito,119.00,2026-06-16 00:00:00,Efectivo,Confirmado,,2026-06-17 15:15:42,2026-06-30 05:30:38,,49,1660,111113612004634,111113612004634
3623,Deposito,5.00,2026-06-16 00:00:00,Efectivo,Confirmado,,2026-06-17 15:17:06,2026-06-30 05:30:38,,392,1798,111113612004634,111113612004634
3624,Deposito,24.00,2026-06-16 00:00:00,Efectivo,Confirmado,,2026-06-17 15:17:37,2026-06-30 05:30:38,,72,1679,111113612004634,111113612004634
3625,Deposito,20.00,2026-06-16 00:00:00,Efectivo,Confirmado,,2026-06-17 15:20:16,2026-06-30 05:30:38,,87,1941,111113612004634,111113612004634
3626,Deposito,20.00,2026-06-16 00:00:00,Efectivo,Confirmado,,2026-06-17 15:20:17,2026-06-30 05:30:38,,89,1810,111113612004634,111113612004634
3627,Deposito,20.00,2026-06-16 00:00:00,Efectivo,Confirmado,,2026-06-17 15:20:17,2026-06-30 05:30:38,,90,990,111113612004634,111113612004634
3628,Deposito,20.00,2026-06-16 00:00:00,Efectivo,Confirmado,,2026-06-17 15:20:17,2026-06-30 05:30:38,,364,1740,111113612004634,111113612004634
3629,Deposito,20.00,2026-06-16 00:00:00,Efectivo,Confirmado,,2026-06-17 15:20:17,2026-06-30 05:30:38,,91,1652,111113612004634,111113612004634
3630,Deposito,22.00,2026-06-16 00:00:00,Efectivo,Confirmado,,2026-06-17 15:20:34,2026-06-30 05:30:38,,88,,111113612004634,111113612004634
3631,Deposito,49.00,2026-06-12 06:00:00,Efectivo,Confirmado,,2026-06-17 15:44:07,2026-06-17 15:44:07,,380,1914,,
3632,Deposito,264.00,2026-06-12 06:00:00,Efectivo,Confirmado,,2026-06-17 15:44:08,2026-06-17 15:44:08,,379,1322,,
3633,Deposito,192.00,2026-06-12 06:00:00,Efectivo,Confirmado,,2026-06-17 15:44:10,2026-06-17 15:44:10,,359,1310,,
3634,Deposito,28.00,2026-06-17 00:00:00,Efectivo,Confirmado,,2026-06-19 15:45:33,2026-06-30 05:30:38,,135,1894,111113612004634,111113612004634
3635,Deposito,28.00,2026-06-17 00:00:00,Efectivo,Confirmado,,2026-06-19 15:45:33,2026-06-30 05:30:38,,137,1893,111113612004634,111113612004634
3636,Deposito,20.00,2026-06-17 00:00:00,Efectivo,Confirmado,,2026-06-19 15:45:33,2026-06-30 05:30:38,,315,1143,111113612004634,111113612004634
3637,Deposito,25.00,2026-06-17 00:00:00,Efectivo,Confirmado,,2026-06-19 15:45:34,2026-06-30 05:30:38,,140,1946,111113612004634,111113612004634
3638,Deposito,25.00,2026-06-17 00:00:00,Efectivo,Confirmado,,2026-06-19 15:45:34,2026-06-30 05:30:38,,395,1822,111113612004634,111113612004634
3639,Deposito,22.00,2026-06-17 00:00:00,Efectivo,Confirmado,,2026-06-19 15:46:01,2026-06-30 05:30:38,,287,1146,111113612004634,111113612004634
3640,Deposito,20.00,2026-06-17 00:00:00,Efectivo,Confirmado,,2026-06-19 15:48:58,2026-06-30 05:30:38,,125,1741,111113612004634,111113612004634
3641,Deposito,20.00,2026-06-17 00:00:00,Efectivo,Confirmado,,2026-06-19 15:48:58,2026-06-30 05:30:38,,285,1625,111113612004634,111113612004634
3642,Deposito,20.00,2026-06-17 00:00:00,Efectivo,Confirmado,,2026-06-19 15:48:58,2026-06-30 05:30:38,,126,1912,111113612004634,111113612004634
3643,Deposito,20.00,2026-06-17 00:00:00,Efectivo,Confirmado,,2026-06-19 15:48:58,2026-06-30 05:30:38,,127,1963,111113612004634,111113612004634
3644,Deposito,20.00,2026-06-17 00:00:00,Efectivo,Confirmado,,2026-06-19 15:48:58,2026-06-30 05:30:38,,128,1883,111113612004634,111113612004634
3645,Deposito,20.00,2026-06-17 00:00:00,Efectivo,Confirmado,,2026-06-19 15:48:59,2026-06-30 05:30:38,,129,1857,111113612004634,111113612004634
3646,Deposito,20.00,2026-06-17 00:00:00,Efectivo,Confirmado,,2026-06-19 15:48:59,2026-06-30 05:30:38,,132,1364,111113612004634,111113612004634
3647,Deposito,20.00,2026-06-17 00:00:00,Efectivo,Confirmado,,2026-06-19 15:48:59,2026-06-30 05:30:38,,133,1365,111113612004634,111113612004634
3648,Deposito,20.00,2026-06-17 00:00:00,Efectivo,Confirmado,,2026-06-19 15:49:16,2026-06-30 05:30:38,,130,1714,111113612004634,111113612004634
3649,Deposito,40.00,2026-06-17 00:00:00,Efectivo,Confirmado,,2026-06-19 15:50:46,2026-06-30 05:30:38,,146,1200,111113612004634,111113612004634
3650,Deposito,20.00,2026-06-17 00:00:00,Efectivo,Confirmado,,2026-06-19 15:56:23,2026-06-30 05:30:38,,151,1922,111113612004634,111113612004634
3651,Deposito,18.00,2026-06-17 00:00:00,Efectivo,Confirmado,,2026-06-19 15:56:23,2026-06-30 05:30:38,,429,1923,111113612004634,111113612004634
3652,Deposito,40.00,2026-06-17 00:00:00,Efectivo,Confirmado,,2026-06-19 15:56:23,2026-06-30 05:30:38,,154,931,111113612004634,111113612004634
3653,Deposito,12.00,2026-06-17 00:00:00,Efectivo,Confirmado,,2026-06-19 15:56:23,2026-06-30 05:30:38,,324,1925,111113612004634,111113612004634
3654,Deposito,19.00,2026-06-17 00:00:00,Efectivo,Confirmado,,2026-06-19 15:56:53,2026-06-30 05:30:38,,157,1793,111113612004634,111113612004634
3655,Deposito,50.00,2026-06-17 00:00:00,Efectivo,Confirmado,,2026-06-19 15:57:15,2026-06-30 05:30:38,,155,1672,111113612004634,111113612004634
3656,Deposito,5.00,2026-06-17 00:00:00,Efectivo,Confirmado,,2026-06-19 15:57:58,2026-06-30 05:30:38,,369,1833,111113612004634,111113612004634
3657,Deposito,55.00,2026-06-17 00:00:00,Efectivo,Confirmado,,2026-06-19 15:58:24,2026-06-30 05:30:38,,434,1913,111113612004634,111113612004634
3658,Deposito,55.00,2026-06-17 00:00:00,Efectivo,Confirmado,,2026-06-19 15:58:43,2026-06-30 05:30:38,,372,1768,111113612004634,111113612004634
3659,Deposito,500.00,2026-06-17 00:00:00,Efectivo,Confirmado,,2026-06-19 16:00:48,2026-06-30 05:30:38,,116,1881,111113612004634,111113612004634
3660,Deposito,50.00,2026-06-17 00:00:00,Efectivo,Confirmado,,2026-06-19 16:00:48,2026-06-30 05:30:38,,115,1835,111113612004634,111113612004634
3661,Deposito,22.00,2026-06-17 00:00:00,Efectivo,Confirmado,,2026-06-19 16:00:48,2026-06-30 05:30:38,,118,1666,111113612004634,111113612004634
3662,Deposito,20.00,2026-06-17 00:00:00,Efectivo,Confirmado,,2026-06-19 16:01:13,2026-06-30 05:30:38,,113,1667,111113612004634,111113612004634
3663,Deposito,70.00,2026-06-17 00:00:00,Efectivo,Confirmado,,2026-06-19 16:03:08,2026-06-30 05:30:38,,114,1668,111113612004634,111113612004634
3664,Deposito,32.00,2026-06-17 00:00:00,Efectivo,Confirmado,,2026-06-19 16:03:32,2026-06-30 05:30:38,,117,1671,111113612004634,111113612004634
3665,Deposito,24.00,2026-06-17 00:00:00,Efectivo,Confirmado,,2026-06-19 16:06:20,2026-06-30 05:30:38,,120,1778,111113612004634,111113612004634
3666,Deposito,20.00,2026-06-17 00:00:00,Efectivo,Confirmado,,2026-06-19 16:06:20,2026-06-30 05:30:38,,121,1748,111113612004634,111113612004634
3667,Deposito,20.00,2026-06-17 00:00:00,Efectivo,Confirmado,,2026-06-19 16:06:21,2026-06-30 05:30:38,,122,1843,111113612004634,111113612004634
3668,Deposito,20.00,2026-06-17 00:00:00,Efectivo,Confirmado,,2026-06-19 16:06:21,2026-06-30 05:30:38,,124,1844,111113612004634,111113612004634
3669,Deposito,20.00,2026-06-17 00:00:00,Efectivo,Confirmado,,2026-06-19 16:10:01,2026-06-30 05:30:38,,284,1865,111113612004634,111113612004634
3670,Deposito,44.00,2026-06-17 00:00:00,Efectivo,Confirmado,,2026-06-19 16:10:01,2026-06-30 05:30:38,,141,1918,111113612004634,111113612004634
3671,Deposito,40.00,2026-06-17 00:00:00,Efectivo,Confirmado,,2026-06-19 16:10:01,2026-06-30 05:30:38,,143,1867,111113612004634,111113612004634
3672,Deposito,40.00,2026-06-17 00:00:00,Efectivo,Confirmado,,2026-06-19 16:10:02,2026-06-30 05:30:38,,145,1920,111113612004634,111113612004634
3673,Deposito,34.00,2026-06-17 00:00:00,Efectivo,Confirmado,,2026-06-19 16:10:02,2026-06-30 05:30:38,,419,1900,111113612004634,111113612004634
3674,Deposito,100.00,2026-06-18 00:00:00,Efectivo,Confirmado,,2026-06-19 16:25:18,2026-06-30 05:30:38,,189,1429,111113612004634,111113612004634
3675,Deposito,100.00,2026-06-18 00:00:00,Efectivo,Confirmado,,2026-06-19 16:25:18,2026-06-30 05:30:38,,289,1926,111113612004634,111113612004634
3676,Deposito,26.00,2026-06-18 00:00:00,Efectivo,Confirmado,,2026-06-19 16:25:18,2026-06-30 05:30:38,,190,1436,111113612004634,111113612004634
3677,Deposito,20.00,2026-06-18 00:00:00,Efectivo,Confirmado,,2026-06-19 16:25:18,2026-06-30 05:30:38,,191,1903,111113612004634,111113612004634
3678,Deposito,60.00,2026-06-18 00:00:00,Efectivo,Confirmado,,2026-06-19 16:25:18,2026-06-30 05:30:38,,193,1978,111113612004634,111113612004634
3679,Deposito,60.00,2026-06-18 00:00:00,Efectivo,Confirmado,,2026-06-19 16:25:19,2026-06-30 05:30:38,,194,1959,111113612004634,111113612004634
3680,Deposito,53.00,2026-06-18 00:00:00,Efectivo,Confirmado,,2026-06-19 16:25:19,2026-06-30 05:30:38,,195,1493,111113612004634,111113612004634
3681,Deposito,14.00,2026-06-18 00:00:00,Efectivo,Confirmado,,2026-06-19 16:25:19,2026-06-30 05:30:38,,198,1895,111113612004634,111113612004634
3682,Deposito,64.00,2026-06-18 00:00:00,Efectivo,Confirmado,,2026-06-19 16:25:19,2026-06-30 05:30:38,,200,1905,111113612004634,111113612004634
3683,Deposito,20.00,2026-06-18 00:00:00,Efectivo,Confirmado,,2026-06-19 16:25:19,2026-06-30 05:30:38,,180,1723,111113612004634,111113612004634
3684,Deposito,30.00,2026-06-18 00:00:00,Efectivo,Confirmado,,2026-06-19 16:25:19,2026-06-30 05:30:38,,181,1875,111113612004634,111113612004634
3685,Deposito,15.00,2026-06-18 00:00:00,Efectivo,Confirmado,,2026-06-19 16:25:20,2026-06-30 05:30:38,,182,1434,111113612004634,111113612004634
3686,Deposito,44.00,2026-06-18 00:00:00,Efectivo,Confirmado,,2026-06-19 16:25:20,2026-06-30 05:30:38,,185,1500,111113612004634,111113612004634
3687,Deposito,80.00,2026-06-18 00:00:00,Efectivo,Confirmado,,2026-06-19 16:25:20,2026-06-30 05:30:38,,290,1960,111113612004634,111113612004634
3688,Deposito,30.00,2026-06-18 00:00:00,Efectivo,Confirmado,,2026-06-19 16:25:20,2026-06-30 05:30:38,,187,1724,111113612004634,111113612004634
3689,Deposito,60.00,2026-06-18 00:00:00,Efectivo,Confirmado,,2026-06-19 16:25:20,2026-06-30 05:30:38,,188,1441,111113612004634,111113612004634
3690,Deposito,30.00,2026-06-18 00:00:00,Efectivo,Confirmado,,2026-06-19 16:25:20,2026-06-30 05:30:38,,292,1508,111113612004634,111113612004634
3691,Deposito,40.00,2026-06-18 00:00:00,Efectivo,Confirmado,,2026-06-19 16:25:21,2026-06-30 05:30:38,,291,1854,111113612004634,111113612004634
3692,Deposito,30.00,2026-06-18 00:00:00,Efectivo,Confirmado,,2026-06-19 16:26:04,2026-06-30 05:30:38,,192,1438,111113612004634,111113612004634
3693,Deposito,42.00,2026-06-18 00:00:00,Efectivo,Confirmado,,2026-06-19 16:26:44,2026-06-30 05:30:38,,327,1753,111113612004634,111113612004634
3694,Deposito,20.00,2026-06-18 00:00:00,Efectivo,Confirmado,,2026-06-19 16:27:10,2026-06-30 05:30:38,,268,1728,111113612004634,111113612004634
3695,Deposito,20.00,2026-06-18 00:00:00,Efectivo,Confirmado,,2026-06-19 16:28:11,2026-06-30 05:30:38,,168,1908,111113612004634,111113612004634
3696,Deposito,20.00,2026-06-18 00:00:00,Efectivo,Confirmado,,2026-06-19 16:28:12,2026-06-30 05:30:38,,171,1673,111113612004634,111113612004634
3697,Deposito,30.00,2026-06-18 00:00:00,Efectivo,Confirmado,,2026-06-19 16:28:12,2026-06-30 05:30:38,,169,1510,111113612004634,111113612004634
3698,apertura,0.00,2026-06-19 16:29:37,Sistema,Confirmado,,2026-06-19 16:29:37,2026-06-19 16:29:37,,448,,,
3699,Deposito,52.00,2026-06-18 00:00:00,Efectivo,Confirmado,,2026-06-19 16:29:37,2026-06-30 05:30:38,,448,1957,111113612004634,111113612004634
3700,Deposito,24.00,2026-06-18 00:00:00,Efectivo,Confirmado,,2026-06-19 16:29:37,2026-06-30 05:30:38,,165,1879,111113612004634,111113612004634
3701,Deposito,30.00,2026-06-18 00:00:00,Efectivo,Confirmado,,2026-06-19 16:29:37,2026-06-30 05:30:38,,166,1880,111113612004634,111113612004634
3702,Deposito,22.00,2026-06-18 00:00:00,Efectivo,Confirmado,,2026-06-19 16:30:03,2026-06-30 05:30:38,,167,1775,111113612004634,111113612004634
3703,Deposito,18.00,2026-06-18 00:00:00,Efectivo,Confirmado,,2026-06-19 16:34:32,2026-06-30 05:30:38,,175,1781,111113612004634,111113612004634
3704,Deposito,62.00,2026-06-18 00:00:00,Efectivo,Confirmado,,2026-06-19 16:34:32,2026-06-30 05:30:38,,179,939,111113612004634,111113612004634
3705,Deposito,62.00,2026-06-18 00:00:00,Efectivo,Confirmado,,2026-06-19 16:34:32,2026-06-30 05:30:38,,294,1692,111113612004634,111113612004634
3706,Deposito,62.00,2026-06-18 00:00:00,Efectivo,Confirmado,,2026-06-19 16:34:32,2026-06-30 05:30:38,,295,1699,111113612004634,111113612004634
3707,Deposito,24.00,2026-06-18 00:00:00,Efectivo,Confirmado,,2026-06-19 16:35:50,2026-06-30 05:30:38,,293,1715,111113612004634,111113612004634
3708,Deposito,10.00,2026-06-18 00:00:00,Efectivo,Confirmado,,2026-06-19 16:36:53,2026-06-30 05:30:38,,173,1782,111113612004634,111113612004634
3709,Deposito,24.00,2026-06-18 00:00:00,Efectivo,Confirmado,,2026-06-19 16:52:46,2026-06-30 05:30:38,,240,1930,111113612004634,111113612004634
3710,Deposito,27.00,2026-06-18 00:00:00,Efectivo,Confirmado,,2026-06-19 16:52:46,2026-06-30 05:30:38,,241,1739,111113612004634,111113612004634
3711,Deposito,53.00,2026-06-18 00:00:00,Efectivo,Confirmado,,2026-06-19 16:52:46,2026-06-30 05:30:38,,242,1047,111113612004634,111113612004634
3712,Deposito,20.00,2026-06-18 00:00:00,Efectivo,Confirmado,,2026-06-19 16:52:47,2026-06-30 05:30:38,,243,1877,111113612004634,111113612004634
3713,Deposito,15.00,2026-06-18 00:00:00,Efectivo,Confirmado,,2026-06-19 16:52:47,2026-06-30 05:30:38,,244,1727,111113612004634,111113612004634
3714,Deposito,35.00,2026-06-18 00:00:00,Efectivo,Confirmado,,2026-06-19 16:52:47,2026-06-30 05:30:38,,245,1931,111113612004634,111113612004634
3715,Deposito,10.00,2026-06-18 00:00:00,Efectivo,Confirmado,,2026-06-19 16:52:47,2026-06-30 05:30:38,,246,1878,111113612004634,111113612004634
3716,Deposito,20.00,2026-06-18 00:00:00,Efectivo,Confirmado,,2026-06-19 16:52:47,2026-06-30 05:30:38,,247,1901,111113612004634,111113612004634
3717,Deposito,14.00,2026-06-18 00:00:00,Efectivo,Confirmado,,2026-06-19 16:52:48,2026-06-30 05:30:38,,248,1738,111113612004634,111113612004634
3718,Deposito,31.50,2026-06-18 00:00:00,Efectivo,Confirmado,,2026-06-19 16:52:48,2026-06-30 05:30:39,,249,1034,111113612004634,111113612004634
3719,Deposito,16.00,2026-06-18 00:00:00,Efectivo,Confirmado,,2026-06-19 16:52:48,2026-06-30 05:30:39,,250,1751,111113612004634,111113612004634
3720,Deposito,10.00,2026-06-18 00:00:00,Efectivo,Confirmado,,2026-06-19 16:52:48,2026-06-30 05:30:39,,251,1958,111113612004634,111113612004634
3721,Deposito,20.00,2026-06-18 00:00:00,Efectivo,Confirmado,,2026-06-19 16:52:48,2026-06-30 05:30:39,,252,1695,111113612004634,111113612004634
3722,apertura,0.00,2026-06-19 16:52:49,Sistema,Confirmado,,2026-06-19 16:52:49,2026-06-19 16:52:49,,449,,,
3723,Deposito,20.00,2026-06-18 00:00:00,Efectivo,Confirmado,,2026-06-19 16:52:49,2026-06-30 05:30:39,,449,1955,111113612004634,111113612004634
3724,Deposito,30.00,2026-06-18 00:00:00,Efectivo,Confirmado,,2026-06-19 16:52:49,2026-06-30 05:30:39,,256,1808,111113612004634,111113612004634
3725,Deposito,20.00,2026-06-18 00:00:00,Efectivo,Confirmado,,2026-06-19 16:52:49,2026-06-30 05:30:39,,253,1044,111113612004634,111113612004634
3726,Deposito,68.00,2026-06-18 00:00:00,Efectivo,Confirmado,,2026-06-19 16:54:33,2026-06-30 05:30:39,,257,1638,111113612004634,111113612004634
3727,Deposito,40.00,2026-06-18 00:00:00,Efectivo,Confirmado,,2026-06-19 16:54:33,2026-06-30 05:30:39,,258,1639,111113612004634,111113612004634
3728,Deposito,118.00,2026-06-18 00:00:00,Efectivo,Confirmado,,2026-06-19 16:54:33,2026-06-30 05:30:39,,259,1637,111113612004634,111113612004634
3729,Deposito,34.00,2026-06-18 00:00:00,Efectivo,Confirmado,,2026-06-19 16:54:33,2026-06-30 05:30:39,,261,1640,111113612004634,111113612004634
3730,Deposito,154.00,2026-06-18 00:00:00,Efectivo,Confirmado,,2026-06-19 16:55:09,2026-06-30 05:30:39,,425,1680,111113612004634,111113612004634
3731,Deposito,24.00,2026-06-18 00:00:00,Efectivo,Confirmado,,2026-06-19 16:55:43,2026-06-30 05:30:39,,162,1851,111113612004634,111113612004634
3732,Deposito,24.00,2026-06-18 00:00:00,Efectivo,Confirmado,,2026-06-19 16:55:43,2026-06-30 05:30:39,,163,1850,111113612004634,111113612004634
3733,Deposito,56.00,2026-06-19 00:00:00,Efectivo,Confirmado,,2026-06-20 17:09:15,2026-06-30 05:30:39,,305,1796,111113612603105,111113612603105
3734,Deposito,36.00,2026-06-19 00:00:00,Efectivo,Confirmado,,2026-06-20 19:24:33,2026-06-30 05:30:39,,228,1726,1111111111111111,1111111111111111
3735,Deposito,20.00,2026-06-19 00:00:00,Efectivo,Confirmado,,2026-06-20 19:24:33,2026-06-30 05:30:39,,229,1952,1111111111111111,1111111111111111
3736,Deposito,20.00,2026-06-19 00:00:00,Efectivo,Confirmado,,2026-06-20 19:24:34,2026-06-30 05:30:39,,230,1265,1111111111111111,1111111111111111
3737,Deposito,20.00,2026-06-19 00:00:00,Efectivo,Confirmado,,2026-06-20 19:24:34,2026-06-30 05:30:39,,231,1953,1111111111111111,1111111111111111
3738,Deposito,20.00,2026-06-19 00:00:00,Efectivo,Confirmado,,2026-06-20 19:24:34,2026-06-30 05:30:39,,422,1949,1111111111111111,1111111111111111
3739,Deposito,40.00,2026-06-19 00:00:00,Efectivo,Confirmado,,2026-06-20 19:24:34,2026-06-30 05:30:39,,232,1950,1111111111111111,1111111111111111
3740,Deposito,20.00,2026-06-19 00:00:00,Efectivo,Confirmado,,2026-06-20 19:24:34,2026-06-30 05:30:39,,414,1876,1111111111111111,1111111111111111
3741,Deposito,32.00,2026-06-19 00:00:00,Efectivo,Confirmado,,2026-06-20 19:24:35,2026-06-30 05:30:39,,234,1996,1111111111111111,1111111111111111
3742,Deposito,20.00,2026-06-19 00:00:00,Efectivo,Confirmado,,2026-06-20 19:24:35,2026-06-30 05:30:39,,235,1855,1111111111111111,1111111111111111
3743,Deposito,20.00,2026-06-19 00:00:00,Efectivo,Confirmado,,2026-06-20 19:24:35,2026-06-30 05:30:39,,236,1696,1111111111111111,1111111111111111
3744,Deposito,20.00,2026-06-19 00:00:00,Efectivo,Confirmado,,2026-06-20 19:24:35,2026-06-30 05:30:39,,376,1977,1111111111111111,1111111111111111
3745,Deposito,40.00,2026-06-19 00:00:00,Efectivo,Confirmado,,2026-06-20 19:24:35,2026-06-30 05:30:39,,238,1964,1111111111111111,1111111111111111
3746,Deposito,40.00,2026-06-19 00:00:00,Efectivo,Confirmado,,2026-06-20 19:24:36,2026-06-30 05:30:39,,239,1815,1111111111111111,1111111111111111
3747,Deposito,20.00,2026-06-19 00:00:00,Efectivo,Confirmado,,2026-06-20 19:24:36,2026-06-30 05:30:39,,405,1823,1111111111111111,1111111111111111
3748,Deposito,68.00,2026-06-19 00:00:00,Efectivo,Confirmado,,2026-06-20 19:26:47,2026-06-30 05:30:39,,224,1884,1111111111111111,1111111111111111
3749,Deposito,52.00,2026-06-19 00:00:00,Efectivo,Confirmado,,2026-06-20 19:26:48,2026-06-30 05:30:39,,225,1762,1111111111111111,1111111111111111
3750,Deposito,62.00,2026-06-19 00:00:00,Efectivo,Confirmado,,2026-06-20 19:26:48,2026-06-30 05:30:39,,304,1887,1111111111111111,1111111111111111
3751,Deposito,96.00,2026-06-19 00:00:00,Efectivo,Confirmado,,2026-06-20 19:26:48,2026-06-30 05:30:39,,226,1886,1111111111111111,1111111111111111
3752,Deposito,212.00,2026-06-19 00:00:00,Efectivo,Confirmado,,2026-06-20 19:26:48,2026-06-30 05:30:39,,227,1885,1111111111111111,1111111111111111
3753,Deposito,53.50,2026-06-19 00:00:00,Efectivo,Confirmado,,2026-06-20 19:49:39,2026-06-30 05:30:39,,352,1289,1111111111111111,1111111111111111
3754,Deposito,20.00,2026-06-19 00:00:00,Efectivo,Confirmado,,2026-06-20 19:49:39,2026-06-30 05:30:39,,377,,1111111111111111,1111111111111111
3755,Deposito,53.00,2026-06-19 00:00:00,Efectivo,Confirmado,,2026-06-20 19:49:39,2026-06-30 05:30:39,,354,1295,1111111111111111,1111111111111111
3756,Deposito,10.00,2026-06-19 00:00:00,Efectivo,Confirmado,,2026-06-20 19:49:40,2026-06-30 05:30:39,,438,1911,1111111111111111,1111111111111111
3757,Deposito,61.50,2026-06-19 00:00:00,Efectivo,Confirmado,,2026-06-20 19:49:40,2026-06-30 05:30:39,,355,1300,1111111111111111,1111111111111111
3758,Deposito,44.00,2026-06-19 00:00:00,Efectivo,Confirmado,,2026-06-20 19:49:40,2026-06-30 05:30:39,,356,1311,1111111111111111,1111111111111111
3759,Deposito,44.00,2026-06-19 00:00:00,Efectivo,Confirmado,,2026-06-20 19:49:40,2026-06-30 05:30:39,,379,1937,1111111111111111,1111111111111111
3760,Deposito,44.00,2026-06-19 00:00:00,Efectivo,Confirmado,,2026-06-20 19:49:40,2026-06-30 05:30:39,,353,1764,1111111111111111,1111111111111111
3761,Deposito,20.00,2026-06-19 00:00:00,Efectivo,Confirmado,,2026-06-20 19:49:40,2026-06-30 05:30:39,,357,1927,1111111111111111,1111111111111111
3762,Deposito,28.00,2026-06-19 00:00:00,Efectivo,Confirmado,,2026-06-20 19:49:41,2026-06-30 05:30:39,,380,1914,1111111111111111,1111111111111111
3763,Deposito,8.00,2026-06-19 00:00:00,Efectivo,Confirmado,,2026-06-20 19:49:41,2026-06-30 05:30:39,,358,1776,1111111111111111,1111111111111111
3764,Deposito,20.00,2026-06-19 00:00:00,Efectivo,Confirmado,,2026-06-20 19:49:41,2026-06-30 05:30:39,,381,1306,1111111111111111,1111111111111111
3765,Deposito,20.00,2026-06-19 00:00:00,Efectivo,Confirmado,,2026-06-20 19:49:41,2026-06-30 05:30:39,,382,1308,1111111111111111,1111111111111111
3766,Deposito,40.00,2026-06-19 00:00:00,Efectivo,Confirmado,,2026-06-20 19:49:42,2026-06-30 05:30:39,,396,1928,1111111111111111,1111111111111111
3767,Deposito,12.00,2026-06-19 00:00:00,Efectivo,Confirmado,,2026-06-20 19:49:42,2026-06-30 05:30:39,,359,1310,1111111111111111,1111111111111111
3768,Deposito,32.00,2026-06-19 00:00:00,Efectivo,Confirmado,,2026-06-20 19:49:42,2026-06-30 05:30:39,,361,1313,1111111111111111,1111111111111111
3769,Deposito,10.00,2026-06-19 00:00:00,Efectivo,Confirmado,,2026-06-20 19:49:42,2026-06-30 05:30:39,,362,1915,1111111111111111,1111111111111111
3770,Deposito,30.00,2026-06-19 00:00:00,Efectivo,Confirmado,,2026-06-20 19:49:42,2026-06-30 05:30:39,,426,1315,1111111111111111,1111111111111111
3771,Deposito,44.00,2026-06-19 00:00:00,Efectivo,Confirmado,,2026-06-20 19:49:43,2026-06-30 05:30:39,,412,,1111111111111111,1111111111111111
3772,Deposito,20.00,2026-06-19 00:00:00,Efectivo,Confirmado,,2026-06-20 19:49:43,2026-06-30 05:30:39,,413,1856,1111111111111111,1111111111111111
3773,Deposito,20.00,2026-06-19 00:00:00,Efectivo,Confirmado,,2026-06-20 19:49:43,2026-06-30 05:30:39,,383,1642,1111111111111111,1111111111111111
3774,apertura,0.00,2026-06-20 19:49:43,Sistema,Confirmado,,2026-06-20 19:49:43,2026-06-20 19:49:43,,450,,,
3775,Deposito,20.00,2026-06-19 00:00:00,Efectivo,Confirmado,,2026-06-20 19:49:43,2026-06-30 05:30:39,,450,1916,1111111111111111,1111111111111111
3776,Deposito,50.00,2026-06-19 00:00:00,Efectivo,Confirmado,,2026-06-20 19:54:55,2026-06-30 05:30:39,,340,1234,1111111111111111,1111111111111111
3777,Deposito,20.00,2026-06-19 00:00:00,Efectivo,Confirmado,,2026-06-20 19:54:55,2026-06-30 05:30:39,,385,1995,1111111111111111,1111111111111111
3778,Deposito,44.00,2026-06-19 00:00:00,Efectivo,Confirmado,,2026-06-20 19:54:55,2026-06-30 05:30:39,,341,1237,1111111111111111,1111111111111111
3779,Deposito,20.00,2026-06-19 00:00:00,Efectivo,Confirmado,,2026-06-20 19:54:56,2026-06-30 05:30:39,,342,1816,1111111111111111,1111111111111111
3780,Deposito,20.00,2026-06-19 00:00:00,Efectivo,Confirmado,,2026-06-20 19:54:56,2026-06-30 05:30:39,,343,1682,1111111111111111,1111111111111111
3781,Deposito,100.00,2026-06-19 00:00:00,Efectivo,Confirmado,,2026-06-20 19:54:56,2026-06-30 05:30:39,,344,,1111111111111111,1111111111111111
3782,Deposito,114.00,2026-06-19 00:00:00,Efectivo,Confirmado,,2026-06-20 19:54:56,2026-06-30 05:30:39,,345,1246,1111111111111111,1111111111111111
3783,Deposito,60.00,2026-06-19 00:00:00,Efectivo,Confirmado,,2026-06-20 19:54:57,2026-06-30 05:30:39,,347,1804,1111111111111111,1111111111111111
3784,Deposito,60.00,2026-06-19 00:00:00,Efectivo,Confirmado,,2026-06-20 19:54:57,2026-06-30 05:30:39,,348,1805,1111111111111111,1111111111111111
3785,Deposito,30.00,2026-06-19 00:00:00,Efectivo,Confirmado,,2026-06-20 19:54:57,2026-06-30 05:30:39,,349,1909,1111111111111111,1111111111111111
3786,Deposito,40.00,2026-06-19 00:00:00,Efectivo,Confirmado,,2026-06-20 19:54:57,2026-06-30 05:30:39,,350,1250,1111111111111111,1111111111111111
3787,Deposito,40.00,2026-06-19 00:00:00,Efectivo,Confirmado,,2026-06-20 19:54:57,2026-06-30 05:30:39,,351,1938,1111111111111111,1111111111111111
3788,Deposito,201.50,2026-06-19 00:00:00,Efectivo,Confirmado,,2026-06-20 19:55:26,2026-06-30 05:30:39,,264,1733,1111111111111111,1111111111111111
3789,Deposito,55.00,2026-06-19 00:00:00,Efectivo,Confirmado,,2026-06-20 19:55:56,2026-06-30 05:30:39,,265,1557,1111111111111111,1111111111111111
3790,apertura,0.00,2026-06-20 19:56:17,Sistema,Confirmado,,2026-06-20 19:56:17,2026-06-20 19:56:17,,451,,,
3791,Deposito,19.00,2026-06-19 00:00:00,Efectivo,Confirmado,,2026-06-20 19:56:17,2026-06-30 05:30:39,,451,1933,1111111111111111,1111111111111111
3792,Deposito,55.00,2026-06-19 00:00:00,Efectivo,Confirmado,,2026-06-20 19:56:41,2026-06-30 05:30:39,,410,1862,1111111111111111,1111111111111111
3793,Deposito,20.00,2026-06-17 00:00:00,Efectivo,Confirmado,,2026-06-22 15:54:55,2026-06-30 05:30:39,,433,1888,1111111111111111,1111111111111111
3794,Deposito,380.00,2026-06-22 00:00:00,Efectivo,Confirmado,,2026-06-22 16:02:03,2026-06-30 05:30:39,,139,1947,111113612603105,111113612603105
3795,Retiro,402.00,2026-06-23 00:00:00,Efectivo,Confirmado,,2026-06-22 16:16:44,2026-06-30 05:30:39,2026-06-23 16:58:01,139,1947,111113612603105,111113612603105
3796,Deposito,268.00,2026-06-22 00:00:00,Efectivo,Confirmado,,2026-06-22 16:35:56,2026-06-30 05:30:39,,8,1966,111113612603105,111113612603105
3797,Deposito,220.00,2026-06-22 00:00:00,Efectivo,Confirmado,,2026-06-22 16:35:56,2026-06-30 05:30:39,,12,1965,111113612603105,111113612603105
3798,Retiro,464.00,2026-06-23 00:00:00,Efectivo,Confirmado,,2026-06-22 16:39:20,2026-06-30 05:30:04,2026-06-23 16:57:52,8,1966,111113612603105,
3799,Retiro,430.00,2026-06-23 00:00:00,Efectivo,Confirmado,,2026-06-22 16:39:20,2026-06-30 05:30:04,2026-06-23 16:57:34,12,1965,111113612603105,
3800,Deposito,88.00,2026-06-22 00:00:00,Efectivo,Confirmado,,2026-06-22 17:09:22,2026-06-30 05:30:39,,30,1969,111113612603105,111113612603105
3801,Deposito,88.00,2026-06-22 00:00:00,Efectivo,Confirmado,,2026-06-22 17:09:22,2026-06-30 05:30:39,,31,1971,111113612603105,111113612603105
3802,Deposito,88.00,2026-06-22 00:00:00,Efectivo,Confirmado,,2026-06-22 17:09:23,2026-06-30 05:30:39,,32,1972,111113612603105,111113612603105
3803,Deposito,168.00,2026-06-22 00:00:00,Efectivo,Confirmado,,2026-06-22 17:09:24,2026-06-30 05:30:39,,33,1970,111113612603105,111113612603105
3804,Retiro,220.00,2026-06-23 00:00:00,Efectivo,Confirmado,,2026-06-22 17:17:49,2026-06-30 05:30:04,2026-06-23 16:57:05,31,1971,111113612603105,
3805,Retiro,996.00,2026-06-23 00:00:00,Efectivo,Confirmado,,2026-06-22 17:17:50,2026-06-30 05:30:04,2026-06-23 16:56:53,33,1970,111113612603105,
3806,Retiro,396.00,2026-06-23 00:00:00,Efectivo,Confirmado,,2026-06-22 17:17:50,2026-06-30 05:30:04,2026-06-23 16:56:41,32,1972,111113612603105,
3807,Retiro,528.00,2026-06-23 00:00:00,Efectivo,Confirmado,,2026-06-22 17:17:50,2026-06-30 05:30:04,2026-06-23 16:56:16,30,1969,111113612603105,
3808,Deposito,540.00,2026-06-22 00:00:00,Efectivo,Confirmado,,2026-06-22 19:16:39,2026-06-30 05:30:39,,193,1978,111113612603105,111113612603105
3809,Retiro,1160.00,2026-06-23 00:00:00,Efectivo,Confirmado,,2026-06-22 19:22:05,2026-06-30 05:30:39,2026-06-23 16:56:04,193,1978,111113612603105,111113612603105
3810,apertura,0.00,2026-06-22 20:00:30,Sistema,Confirmado,,2026-06-22 20:00:30,2026-06-22 20:00:30,,452,,,
3811,Deposito,200.00,2026-06-22 00:00:00,Efectivo,Confirmado,,2026-06-22 20:00:30,2026-06-30 05:30:39,,452,1988,111113612603105,111113612603105
3812,Deposito,200.00,2026-06-22 00:00:00,Efectivo,Confirmado,,2026-06-22 20:00:31,2026-06-30 05:30:39,,385,1995,111113612603105,111113612603105
3813,Deposito,1700.00,2026-06-22 00:00:00,Efectivo,Confirmado,,2026-06-22 20:00:31,2026-06-30 05:30:39,,344,,111113612603105,111113612603105
3814,Retiro,2500.00,2026-06-23 00:00:00,Efectivo,Confirmado,,2026-06-22 20:10:08,2026-06-30 05:30:04,2026-06-23 16:55:51,344,,111113612603105,
3815,Retiro,200.00,2026-06-23 00:00:00,Efectivo,Confirmado,,2026-06-22 20:10:08,2026-06-30 05:30:39,2026-06-23 16:55:42,452,1988,111113612603105,111113612603105
3816,Retiro,340.00,2026-06-23 00:00:00,Efectivo,Confirmado,,2026-06-22 20:10:08,2026-06-30 05:30:04,2026-06-23 16:54:42,385,1995,111113612603105,
3817,Deposito,100.00,2026-06-22 00:00:00,Efectivo,Confirmado,,2026-06-22 20:27:06,2026-06-30 05:30:39,,57,885,111113612603105,111113612603105
3818,apertura,0.00,2026-06-22 20:27:06,Sistema,Confirmado,,2026-06-22 20:27:06,2026-06-22 20:27:06,,453,,,
3819,Deposito,80.00,2026-06-22 00:00:00,Efectivo,Confirmado,,2026-06-22 20:27:06,2026-06-30 05:30:39,,453,1649,111113612603105,111113612603105
3820,Deposito,340.00,2026-06-22 00:00:00,Efectivo,Confirmado,,2026-06-22 21:29:51,2026-06-30 05:30:39,,232,1950,111113612603105,111113612603105
3821,Deposito,70.00,2026-06-22 00:00:00,Efectivo,Confirmado,,2026-06-22 21:29:52,2026-06-30 05:30:39,,422,1949,111113612603105,111113612603105
3822,Deposito,180.00,2026-06-22 00:00:00,Efectivo,Confirmado,,2026-06-22 21:29:52,2026-06-30 05:30:39,,328,1948,111113612603105,111113612603105
3823,Retiro,660.00,2026-06-23 00:00:00,Efectivo,Confirmado,,2026-06-22 21:40:09,2026-06-30 05:30:04,2026-06-23 16:55:28,232,1950,111113612603105,
3824,Retiro,110.00,2026-06-23 00:00:00,Efectivo,Confirmado,,2026-06-22 21:40:09,2026-06-30 05:30:05,2026-06-23 16:54:23,422,1949,111113612603105,
3825,Retiro,215.00,2026-06-23 00:00:00,Efectivo,Confirmado,,2026-06-22 21:40:09,2026-06-30 05:30:39,2026-06-23 16:55:11,328,1948,111113612603105,111113612603105
3826,apertura,0.00,2026-06-22 21:56:19,Sistema,Confirmado,,2026-06-22 21:56:19,2026-06-22 21:56:19,,454,,,
3827,Deposito,151.00,2026-06-22 00:00:00,Efectivo,Confirmado,,2026-06-22 21:56:19,2026-06-30 05:30:39,,454,,111113612603105,111113612603105
3828,Deposito,143.60,2026-06-22 00:00:00,Efectivo,Confirmado,,2026-06-22 21:56:19,2026-06-30 05:30:39,,153,,111113612603105,111113612603105
3829,Deposito,0.40,2026-06-22 00:00:00,Efectivo,Confirmado,,2026-06-22 22:01:16,2026-06-30 05:30:39,,153,,111113612603105,111113612603105
3830,Retiro,151.00,2026-06-23 00:00:00,Efectivo,Confirmado,,2026-06-22 22:06:01,2026-06-30 05:30:39,2026-06-23 16:53:36,454,,111113612603105,111113612603105
3831,Retiro,240.00,2026-06-23 00:00:00,Efectivo,Confirmado,,2026-06-22 22:06:01,2026-06-30 05:30:39,2026-06-23 16:53:20,153,,111113612603105,111113612603105
3832,Deposito,96.00,2026-06-22 00:00:00,Efectivo,Confirmado,,2026-06-22 22:16:40,2026-06-30 05:30:39,,123,1962,111113612603105,111113612603105
3833,Retiro,336.00,2026-06-23 00:00:00,Efectivo,Confirmado,,2026-06-22 22:18:09,2026-06-30 05:30:39,2026-06-23 16:54:58,123,1962,111113612603105,111113612603105
3834,Retiro,35.00,2026-06-21 00:00:00,Efectivo,Confirmado,,2026-06-22 22:52:18,2026-06-30 05:30:05,2026-06-23 16:51:15,19,1934,111113612603105,
3835,Deposito,35.00,2026-06-22 00:00:00,Efectivo,Confirmado,,2026-06-22 22:54:48,2026-06-30 05:30:39,,19,1934,111113612603105,111113612603105
3855,Deposito,55.50,2026-06-22 18:00:00,Efectivo,Confirmado,GA carga 22-06-2026,2026-06-23 14:24:36,2026-06-30 06:02:39,,34,1859,111113611939483,111113611939483
3856,Deposito,27.50,2026-06-22 18:00:00,Efectivo,Confirmado,GA carga 22-06-2026,2026-06-23 14:24:37,2026-06-30 06:02:39,,35,1942,111113611939483,111113611939483
3857,Deposito,24.00,2026-06-22 18:00:00,Efectivo,Confirmado,GA carga 22-06-2026,2026-06-23 14:24:38,2026-06-30 06:02:39,,36,1860,111113611939483,111113611939483
3858,Deposito,52.00,2026-06-22 18:00:00,Efectivo,Confirmado,GA carga 22-06-2026,2026-06-23 14:24:39,2026-06-30 06:02:39,,335,1736,111113611939483,111113611939483
3859,Deposito,52.00,2026-06-22 18:00:00,Efectivo,Confirmado,GA carga 22-06-2026,2026-06-23 14:24:39,2026-06-30 06:02:39,,310,1711,111113611939483,111113611939483
3860,Deposito,52.00,2026-06-22 18:00:00,Efectivo,Confirmado,GA carga 22-06-2026,2026-06-23 14:24:40,2026-06-30 06:02:39,,309,1698,111113611939483,111113611939483
3861,Deposito,52.00,2026-06-22 18:00:00,Efectivo,Confirmado,GA carga 22-06-2026,2026-06-23 14:24:41,2026-06-30 06:02:39,,275,1693,111113611939483,111113611939483
3862,Deposito,68.00,2026-06-22 18:00:00,Efectivo,Confirmado,GA carga 22-06-2026,2026-06-23 14:24:42,2026-06-30 06:02:39,,283,1792,111113611939483,111113611939483
3863,Deposito,52.00,2026-06-22 18:00:00,Efectivo,Confirmado,GA carga 22-06-2026,2026-06-23 14:24:42,2026-06-30 06:02:39,,388,1788,111113611939483,111113611939483
3864,Deposito,32.00,2026-06-22 18:00:00,Efectivo,Confirmado,GA carga 22-06-2026,2026-06-23 14:24:43,2026-06-30 06:02:39,,389,1791,111113611939483,111113611939483
3865,Deposito,52.00,2026-06-22 18:00:00,Efectivo,Confirmado,GA carga 22-06-2026,2026-06-23 14:24:44,2026-06-30 06:02:39,,440,1944,111113611939483,111113611939483
3866,Deposito,52.00,2026-06-22 18:00:00,Efectivo,Confirmado,GA carga 22-06-2026,2026-06-23 14:24:44,2026-06-30 06:02:39,,441,1945,111113611939483,111113611939483
3867,Deposito,24.00,2026-06-22 18:00:00,Efectivo,Confirmado,GA carga 22-06-2026,2026-06-23 14:24:45,2026-06-30 06:02:39,,400,1841,111113611939483,111113611939483
3868,Deposito,24.00,2026-06-22 18:00:00,Efectivo,Confirmado,GA carga 22-06-2026,2026-06-23 14:24:46,2026-06-30 06:02:39,,401,1940,111113611939483,111113611939483
3869,Deposito,32.00,2026-06-22 18:00:00,Efectivo,Confirmado,GA carga 22-06-2026,2026-06-23 14:24:47,2026-06-30 06:02:39,,442,1956,111113611939483,111113611939483
3870,Deposito,68.00,2026-06-22 18:00:00,Efectivo,Confirmado,GA carga 22-06-2026,2026-06-23 14:24:47,2026-06-30 06:02:39,,30,1969,111113611939483,111113611939483
3871,Deposito,42.00,2026-06-22 18:00:00,Efectivo,Confirmado,GA carga 22-06-2026,2026-06-23 14:24:48,2026-06-30 06:02:39,,31,1971,111113611939483,111113611939483
3872,Deposito,68.00,2026-06-22 18:00:00,Efectivo,Confirmado,GA carga 22-06-2026,2026-06-23 14:24:49,2026-06-30 06:02:39,,32,1972,111113611939483,111113611939483
3873,Deposito,68.00,2026-06-22 18:00:00,Efectivo,Confirmado,GA carga 22-06-2026,2026-06-23 14:24:50,2026-06-30 06:02:39,,33,1970,111113611939483,111113611939483
3874,apertura,0.00,2026-06-23 14:24:50,Sistema,Confirmado,,2026-06-23 14:24:50,2026-06-23 14:24:50,,455,,,
3875,Deposito,44.00,2026-06-22 18:00:00,Efectivo,Confirmado,GA carga 22-06-2026,2026-06-23 14:24:51,2026-06-30 06:02:39,,455,1973,111113611939483,111113611939483
3876,apertura,0.00,2026-06-23 14:24:51,Sistema,Confirmado,,2026-06-23 14:24:51,2026-06-23 14:24:51,,456,,,
3877,Deposito,44.00,2026-06-22 18:00:00,Efectivo,Confirmado,GA carga 22-06-2026,2026-06-23 14:24:52,2026-06-30 06:02:39,,456,1974,111113611939483,111113611939483
3878,Deposito,62.00,2026-06-22 18:00:00,Efectivo,Confirmado,GA carga 22-06-2026,2026-06-23 14:24:52,2026-06-30 06:02:39,,24,1400,111113611939483,111113611939483
3879,Deposito,62.00,2026-06-22 18:00:00,Efectivo,Confirmado,GA carga 22-06-2026,2026-06-23 14:24:53,2026-06-30 06:02:39,,25,1403,111113611939483,111113611939483
3880,Deposito,62.00,2026-06-22 18:00:00,Efectivo,Confirmado,GA carga 22-06-2026,2026-06-23 14:24:54,2026-06-30 06:02:39,,26,1863,111113611939483,111113611939483
3881,Deposito,62.00,2026-06-22 18:00:00,Efectivo,Confirmado,GA carga 22-06-2026,2026-06-23 14:24:55,2026-06-30 06:02:39,,276,1932,111113611939483,111113611939483
3882,Deposito,62.00,2026-06-22 18:00:00,Efectivo,Confirmado,GA carga 22-06-2026,2026-06-23 14:24:55,2026-06-30 06:02:39,,277,1404,111113611939483,111113611939483
3883,Deposito,20.00,2026-06-22 18:00:00,Efectivo,Confirmado,GA carga 22-06-2026,2026-06-23 14:24:56,2026-06-30 06:02:39,,27,1405,111113611939483,111113611939483
3884,Deposito,60.00,2026-06-22 18:00:00,Efectivo,Confirmado,GA carga 22-06-2026,2026-06-23 14:24:57,2026-06-30 06:02:39,,28,1406,111113611939483,111113611939483
3885,Deposito,20.00,2026-06-22 18:00:00,Efectivo,Confirmado,GA carga 22-06-2026,2026-06-23 14:24:57,2026-06-30 06:02:39,,29,1407,111113611939483,111113611939483
3886,Deposito,60.00,2026-06-22 18:00:00,Efectivo,Confirmado,GA carga 22-06-2026,2026-06-23 14:24:58,2026-06-30 06:02:39,,399,1845,111113611939483,111113611939483
3887,Deposito,19.00,2026-06-22 18:00:00,Efectivo,Confirmado,GA carga 22-06-2026,2026-06-23 14:24:59,2026-06-30 06:02:39,,23,1795,111113611939483,111113611939483
3888,Deposito,55.00,2026-06-22 18:00:00,Efectivo,Confirmado,GA carga 22-06-2026,2026-06-23 14:25:00,2026-06-30 06:02:39,,274,1674,111113611939483,111113611939483
3889,Deposito,25.00,2026-06-22 18:00:00,Efectivo,Confirmado,GA carga 22-06-2026,2026-06-23 14:25:00,2026-06-30 06:02:39,,402,1834,111113611939483,111113611939483
3890,Deposito,25.00,2026-06-22 18:00:00,Efectivo,Confirmado,GA carga 22-06-2026,2026-06-23 14:25:01,2026-06-30 06:02:39,,408,1842,111113611939483,111113611939483
3891,Deposito,12.00,2026-06-22 18:00:00,Efectivo,Confirmado,GA carga 22-06-2026,2026-06-23 14:25:02,2026-06-30 06:02:39,,390,1786,111113611939483,111113611939483
3892,Deposito,45.00,2026-06-22 18:00:00,Efectivo,Confirmado,GA carga 22-06-2026,2026-06-23 14:25:03,2026-06-30 06:02:39,,1,1766,111113611939483,111113611939483
3893,Deposito,32.00,2026-06-22 18:00:00,Efectivo,Confirmado,GA carga 22-06-2026,2026-06-23 14:25:03,2026-06-30 06:02:39,,2,1767,111113611939483,111113611939483
3894,Deposito,32.00,2026-06-22 18:00:00,Efectivo,Confirmado,GA carga 22-06-2026,2026-06-23 14:25:04,2026-06-30 06:02:39,,3,1417,111113611939483,111113611939483
3895,Deposito,62.00,2026-06-22 18:00:00,Efectivo,Confirmado,GA carga 22-06-2026,2026-06-23 14:25:05,2026-06-30 06:02:39,,4,1416,111113611939483,111113611939483
3896,Deposito,20.00,2026-06-22 18:00:00,Efectivo,Confirmado,GA carga 22-06-2026,2026-06-23 14:25:05,2026-06-30 06:02:39,,5,1702,111113611939483,111113611939483
3897,Deposito,20.00,2026-06-22 18:00:00,Efectivo,Confirmado,GA carga 22-06-2026,2026-06-23 14:25:06,2026-06-30 06:02:39,,6,855,111113611939483,111113611939483
3898,Deposito,20.00,2026-06-22 18:00:00,Efectivo,Confirmado,GA carga 22-06-2026,2026-06-23 14:25:07,2026-06-30 06:02:39,,7,1645,111113611939483,111113611939483
3899,Deposito,26.00,2026-06-22 18:00:00,Efectivo,Confirmado,GA carga 22-06-2026,2026-06-23 14:25:08,2026-06-30 06:02:39,,8,1966,111113611939483,111113611939483
3900,Deposito,12.00,2026-06-22 18:00:00,Efectivo,Confirmado,GA carga 22-06-2026,2026-06-23 14:25:08,2026-06-30 06:02:39,,9,852,111113611939483,111113611939483
3901,Deposito,20.00,2026-06-22 18:00:00,Efectivo,Confirmado,GA carga 22-06-2026,2026-06-23 14:25:09,2026-06-30 06:02:39,,10,1647,111113611939483,111113611939483
3902,Deposito,20.00,2026-06-22 18:00:00,Efectivo,Confirmado,GA carga 22-06-2026,2026-06-23 14:25:10,2026-06-30 06:02:39,,12,1965,111113611939483,111113611939483
3903,Deposito,20.00,2026-06-22 18:00:00,Efectivo,Confirmado,GA carga 22-06-2026,2026-06-23 14:25:11,2026-06-30 06:02:39,,13,1794,111113611939483,111113611939483
3904,Deposito,60.00,2026-06-22 18:00:00,Efectivo,Confirmado,GA carga 22-06-2026,2026-06-23 14:25:11,2026-06-30 06:02:39,,14,1787,111113611939483,111113611939483
3905,Deposito,30.00,2026-06-22 18:00:00,Efectivo,Confirmado,GA carga 22-06-2026,2026-06-23 14:25:12,2026-06-30 06:02:39,,15,1836,111113611939483,111113611939483
3906,Deposito,20.00,2026-06-22 18:00:00,Efectivo,Confirmado,GA carga 22-06-2026,2026-06-23 14:25:13,2026-06-30 06:02:39,,16,1765,111113611939483,111113611939483
3907,Deposito,50.00,2026-06-22 18:00:00,Efectivo,Confirmado,GA carga 22-06-2026,2026-06-23 14:25:14,2026-06-30 06:02:39,,17,1899,111113611939483,111113611939483
3908,Deposito,20.00,2026-06-22 18:00:00,Efectivo,Confirmado,GA carga 22-06-2026,2026-06-23 14:25:14,2026-06-30 06:02:39,,19,1934,111113611939483,111113611939483
3909,Deposito,20.00,2026-06-22 18:00:00,Efectivo,Confirmado,GA carga 22-06-2026,2026-06-23 14:25:15,2026-06-30 06:02:39,,20,1737,111113611939483,111113611939483
3910,Deposito,30.00,2026-06-22 18:00:00,Efectivo,Confirmado,GA carga 22-06-2026,2026-06-23 14:25:16,2026-06-30 06:02:39,,21,870,111113611939483,111113611939483
3911,Deposito,20.00,2026-06-22 18:00:00,Efectivo,Confirmado,GA carga 22-06-2026,2026-06-23 14:25:16,2026-06-30 06:02:39,,22,1021,111113611939483,111113611939483
3912,Deposito,60.00,2026-06-22 18:00:00,Efectivo,Confirmado,GA carga 22-06-2026,2026-06-23 14:25:17,2026-06-30 06:02:39,,368,1744,111113611939483,111113611939483
3913,Deposito,20.00,2026-06-22 18:00:00,Efectivo,Confirmado,GA carga 22-06-2026,2026-06-23 14:25:18,2026-06-30 06:02:39,,367,1731,111113611939483,111113611939483
3914,Deposito,20.00,2026-06-22 18:00:00,Efectivo,Confirmado,GA carga 22-06-2026,2026-06-23 14:25:19,2026-06-30 06:02:39,,403,1852,111113611939483,111113611939483
3915,Deposito,20.00,2026-06-22 18:00:00,Efectivo,Confirmado,GA carga 22-06-2026,2026-06-23 14:25:19,2026-06-30 06:02:39,,417,1898,111113611939483,111113611939483
3916,Deposito,20.00,2026-06-22 18:00:00,Efectivo,Confirmado,GA carga 22-06-2026,2026-06-23 14:25:20,2026-06-30 06:02:39,,418,1897,111113611939483,111113611939483
3917,Deposito,36.00,2026-06-11 18:00:00,Efectivo,Confirmado,,2026-06-23 14:31:10,2026-06-30 06:02:39,,228,1726,111113612004634,111113612004634
3918,Deposito,20.00,2026-06-11 18:00:00,Efectivo,Confirmado,,2026-06-23 14:31:11,2026-06-30 06:02:39,,229,1952,111113612004634,111113612004634
3919,Deposito,20.00,2026-06-11 18:00:00,Efectivo,Confirmado,,2026-06-23 14:31:12,2026-06-30 06:02:39,,230,1265,111113612004634,111113612004634
3920,Deposito,20.00,2026-06-11 18:00:00,Efectivo,Confirmado,,2026-06-23 14:31:13,2026-06-30 06:02:39,,231,1953,111113612004634,111113612004634
3921,Deposito,40.00,2026-06-11 18:00:00,Efectivo,Confirmado,,2026-06-23 14:31:13,2026-06-30 06:02:39,,232,1950,111113612004634,111113612004634
3922,Deposito,25.00,2026-06-11 18:00:00,Efectivo,Confirmado,,2026-06-23 14:31:14,2026-06-30 06:02:39,,233,1677,111113612004634,111113612004634
3923,Deposito,20.00,2026-06-11 18:00:00,Efectivo,Confirmado,,2026-06-23 14:31:15,2026-06-30 06:02:39,,414,1876,111113612004634,111113612004634
3924,Deposito,20.00,2026-06-11 18:00:00,Efectivo,Confirmado,,2026-06-23 14:31:16,2026-06-30 06:02:39,,422,1949,111113612004634,111113612004634
3925,Deposito,32.00,2026-06-11 18:00:00,Efectivo,Confirmado,,2026-06-23 14:31:16,2026-06-30 06:02:39,,234,1275,111113612004634,111113612004634
3926,Deposito,20.00,2026-06-11 18:00:00,Efectivo,Confirmado,,2026-06-23 14:31:17,2026-06-30 06:02:39,,235,1855,111113612004634,111113612004634
3927,Deposito,20.00,2026-06-11 18:00:00,Efectivo,Confirmado,,2026-06-23 14:31:18,2026-06-30 06:02:39,,236,1696,111113612004634,111113612004634
3928,Deposito,20.00,2026-06-11 18:00:00,Efectivo,Confirmado,,2026-06-23 14:31:19,2026-06-30 06:02:39,,376,1757,111113612004634,111113612004634
3929,Deposito,25.00,2026-06-11 18:00:00,Efectivo,Confirmado,,2026-06-23 14:31:19,2026-06-30 06:02:39,,237,1921,111113612004634,111113612004634
3930,Deposito,40.00,2026-06-11 18:00:00,Efectivo,Confirmado,,2026-06-23 14:31:20,2026-06-30 06:02:39,,238,1725,111113612004634,111113612004634
3931,Deposito,40.00,2026-06-11 18:00:00,Efectivo,Confirmado,,2026-06-23 14:31:21,2026-06-30 06:02:39,,239,1815,111113612004634,111113612004634
3932,Deposito,20.00,2026-06-11 18:00:00,Efectivo,Confirmado,,2026-06-23 14:31:22,2026-06-30 06:02:39,,405,1823,111113612004634,111113612004634
3933,Deposito,50.00,2026-06-11 18:00:00,Efectivo,Confirmado,,2026-06-23 14:31:22,2026-06-30 06:02:39,,340,1234,111113612004634,111113612004634
3934,Deposito,20.00,2026-06-11 18:00:00,Efectivo,Confirmado,,2026-06-23 14:31:23,2026-06-30 06:02:39,,385,1806,111113612004634,111113612004634
3935,Deposito,44.00,2026-06-11 18:00:00,Efectivo,Confirmado,,2026-06-23 14:31:24,2026-06-30 06:02:39,,341,1237,111113612004634,111113612004634
3936,Deposito,20.00,2026-06-11 18:00:00,Efectivo,Confirmado,,2026-06-23 14:31:25,2026-06-30 06:02:39,,201,1853,111113612004634,111113612004634
3937,Deposito,20.00,2026-06-11 18:00:00,Efectivo,Confirmado,,2026-06-23 14:31:25,2026-06-30 06:02:39,,342,1816,111113612004634,111113612004634
3938,Deposito,20.00,2026-06-11 18:00:00,Efectivo,Confirmado,,2026-06-23 14:31:26,2026-06-30 06:02:39,,343,1682,111113612004634,111113612004634
3939,Deposito,100.00,2026-06-11 18:00:00,Efectivo,Confirmado,,2026-06-23 14:31:27,2026-06-30 06:02:39,,344,1245,111113612004634,111113612004634
3940,Deposito,114.00,2026-06-11 18:00:00,Efectivo,Confirmado,,2026-06-23 14:31:28,2026-06-30 06:02:39,,345,1246,111113612004634,111113612004634
3941,Deposito,60.00,2026-06-11 18:00:00,Efectivo,Confirmado,,2026-06-23 14:31:28,2026-06-30 06:02:39,,347,1804,111113612004634,111113612004634
3942,Deposito,60.00,2026-06-11 18:00:00,Efectivo,Confirmado,,2026-06-23 14:31:29,2026-06-30 06:02:39,,348,1805,111113612004634,111113612004634
3943,Deposito,20.00,2026-06-11 18:00:00,Efectivo,Confirmado,,2026-06-23 14:31:30,2026-06-30 06:02:39,,349,1909,111113612004634,111113612004634
3944,Deposito,40.00,2026-06-11 18:00:00,Efectivo,Confirmado,,2026-06-23 14:31:31,2026-06-30 06:02:39,,350,1250,111113612004634,111113612004634
3945,Deposito,40.00,2026-06-11 18:00:00,Efectivo,Confirmado,,2026-06-23 14:31:31,2026-06-30 06:02:39,,411,1251,111113612004634,111113612004634
3946,Deposito,40.00,2026-06-11 18:00:00,Efectivo,Confirmado,,2026-06-23 14:31:32,2026-06-30 06:02:39,,351,1938,111113612004634,111113612004634
3947,Deposito,201.50,2026-06-10 18:00:00,Efectivo,Confirmado,,2026-06-23 14:31:33,2026-06-30 06:02:39,,264,1733,111113612004634,111113612004634
3948,Deposito,55.00,2026-06-10 18:00:00,Efectivo,Confirmado,,2026-06-23 14:31:34,2026-06-30 06:02:39,,265,1557,111113612004634,111113612004634
3949,Deposito,36.00,2026-06-10 18:00:00,Efectivo,Confirmado,,2026-06-23 14:31:34,2026-06-30 06:02:39,,305,1796,111113612004634,111113612004634
3950,Deposito,53.50,2026-06-11 18:00:00,Efectivo,Confirmado,,2026-06-23 14:31:35,2026-06-30 06:02:39,,352,1289,111113612004634,111113612004634
3951,Deposito,20.00,2026-06-11 18:00:00,Efectivo,Confirmado,,2026-06-23 14:31:36,2026-06-30 06:02:39,,377,,111113612004634,111113612004634
3952,Deposito,53.00,2026-06-11 18:00:00,Efectivo,Confirmado,,2026-06-23 14:31:37,2026-06-30 06:02:39,,354,1295,111113612004634,111113612004634
3953,Deposito,10.00,2026-06-11 18:00:00,Efectivo,Confirmado,,2026-06-23 14:31:37,2026-06-30 06:02:39,,438,1911,111113612004634,111113612004634
3954,Deposito,61.50,2026-06-11 18:00:00,Efectivo,Confirmado,,2026-06-23 14:31:38,2026-06-30 06:02:39,,355,1300,111113612004634,111113612004634
3955,Deposito,44.00,2026-06-11 18:00:00,Efectivo,Confirmado,,2026-06-23 14:31:39,2026-06-30 06:02:39,,356,1311,111113612004634,111113612004634
3956,Deposito,44.00,2026-06-11 18:00:00,Efectivo,Confirmado,,2026-06-23 14:31:40,2026-06-30 06:02:39,,379,1937,111113612004634,111113612004634
3957,Deposito,44.00,2026-06-11 18:00:00,Efectivo,Confirmado,,2026-06-23 14:31:40,2026-06-30 06:02:39,,353,1764,111113612004634,111113612004634
3958,Deposito,20.00,2026-06-11 18:00:00,Efectivo,Confirmado,,2026-06-23 14:31:41,2026-06-30 06:02:39,,357,1927,111113612004634,111113612004634
3959,Deposito,28.00,2026-06-11 18:00:00,Efectivo,Confirmado,,2026-06-23 14:31:42,2026-06-30 06:02:39,,380,1914,111113612004634,111113612004634
3960,Deposito,20.00,2026-06-11 18:00:00,Efectivo,Confirmado,,2026-06-23 14:31:43,2026-06-30 06:02:39,,381,1306,111113612004634,111113612004634
3961,Deposito,20.00,2026-06-11 18:00:00,Efectivo,Confirmado,,2026-06-23 14:31:43,2026-06-30 06:02:39,,382,1308,111113612004634,111113612004634
3962,Deposito,40.00,2026-06-11 18:00:00,Efectivo,Confirmado,,2026-06-23 14:31:44,2026-06-30 06:02:39,,396,1928,111113612004634,111113612004634
3963,Deposito,12.00,2026-06-11 18:00:00,Efectivo,Confirmado,,2026-06-23 14:31:45,2026-06-30 06:02:39,,359,1310,111113612004634,111113612004634
3964,Deposito,32.00,2026-06-11 18:00:00,Efectivo,Confirmado,,2026-06-23 14:31:46,2026-06-30 06:02:39,,361,1313,111113612004634,111113612004634
3965,Deposito,30.00,2026-06-11 18:00:00,Efectivo,Confirmado,,2026-06-23 14:31:46,2026-06-30 06:02:39,,362,1915,111113612004634,111113612004634
3966,Deposito,30.00,2026-06-11 18:00:00,Efectivo,Confirmado,,2026-06-23 14:31:47,2026-06-30 06:02:39,,426,1315,111113612004634,111113612004634
3967,Deposito,44.00,2026-06-11 18:00:00,Efectivo,Confirmado,,2026-06-23 14:31:48,2026-06-30 06:02:39,,412,,111113612004634,111113612004634
3968,Deposito,20.00,2026-06-11 18:00:00,Efectivo,Confirmado,,2026-06-23 14:31:49,2026-06-30 06:02:39,,413,1856,111113612004634,111113612004634
3969,Deposito,20.00,2026-06-11 18:00:00,Efectivo,Confirmado,,2026-06-23 14:31:49,2026-06-30 06:02:39,,383,1642,111113612004634,111113612004634
3970,Deposito,20.00,2026-06-11 18:00:00,Efectivo,Confirmado,,2026-06-23 14:31:50,2026-06-30 06:02:39,,450,1916,111113612004634,111113612004634
3971,Retiro,80.00,2026-06-22 00:00:00,Efectivo,Confirmado,,2026-06-23 16:48:28,2026-06-30 05:30:41,2026-06-23 16:51:11,453,1649,111113612603105,111113612603105
3972,Retiro,260.00,2026-06-22 00:00:00,Efectivo,Confirmado,,2026-06-23 16:48:28,2026-06-30 05:30:41,2026-06-23 16:51:06,57,885,111113612603105,111113612603105
3973,Deposito,1278.00,2026-06-23 00:00:00,Efectivo,Confirmado,,2026-06-23 19:13:49,2026-06-30 05:30:41,,425,1680,111113612603105,111113612603105
3975,apertura,0.00,2026-06-25 19:00:33,Sistema,Confirmado,,2026-06-25 19:00:33,2026-06-25 19:00:33,,457,,,
3976,Deposito,600.00,2026-06-25 00:00:00,Efectivo,Confirmado,,2026-06-25 19:00:33,2026-06-30 05:30:41,,457,,111113612603105,111113612603105
3977,Deposito,28.00,2026-06-24 00:00:00,Efectivo,Confirmado,,2026-06-27 14:45:00,2026-06-30 05:30:41,,135,1894,1111111111111111,1111111111111111
3978,Deposito,30.00,2026-06-24 00:00:00,Efectivo,Confirmado,,2026-06-27 14:45:01,2026-06-30 05:30:41,,136,1820,1111111111111111,1111111111111111
3979,Deposito,28.00,2026-06-24 00:00:00,Efectivo,Confirmado,,2026-06-27 14:45:01,2026-06-30 05:30:41,,137,1893,1111111111111111,1111111111111111
3980,Deposito,20.00,2026-06-24 00:00:00,Efectivo,Confirmado,,2026-06-27 14:45:01,2026-06-30 05:30:41,,286,1819,1111111111111111,1111111111111111
3981,Deposito,22.00,2026-06-24 00:00:00,Efectivo,Confirmado,,2026-06-27 14:45:01,2026-06-30 05:30:41,,287,1146,1111111111111111,1111111111111111
3982,Deposito,25.00,2026-06-24 00:00:00,Efectivo,Confirmado,,2026-06-27 14:45:01,2026-06-30 05:30:41,,140,1946,1111111111111111,1111111111111111
3983,Deposito,30.00,2026-06-24 00:00:00,Efectivo,Confirmado,,2026-06-27 14:45:02,2026-06-30 05:30:41,,395,1822,1111111111111111,1111111111111111
3984,Deposito,20.00,2026-06-24 00:00:00,Efectivo,Confirmado,,2026-06-27 14:48:29,2026-06-30 05:30:41,,125,1741,1111111111111111,1111111111111111
3985,Deposito,20.00,2026-06-24 00:00:00,Efectivo,Confirmado,,2026-06-27 14:48:30,2026-06-30 05:30:41,,285,1625,1111111111111111,1111111111111111
3986,Deposito,20.00,2026-06-24 00:00:00,Efectivo,Confirmado,,2026-06-27 14:48:30,2026-06-30 05:30:41,,126,1912,1111111111111111,1111111111111111
3987,Deposito,20.00,2026-06-24 00:00:00,Efectivo,Confirmado,,2026-06-27 14:48:30,2026-06-30 05:30:41,,127,1963,1111111111111111,1111111111111111
3988,Deposito,20.00,2026-06-24 00:00:00,Efectivo,Confirmado,,2026-06-27 14:48:30,2026-06-30 05:30:41,,128,1883,1111111111111111,1111111111111111
3989,Deposito,20.00,2026-06-24 00:00:00,Efectivo,Confirmado,,2026-06-27 14:48:30,2026-06-30 05:30:41,,129,1857,1111111111111111,1111111111111111
3990,Deposito,20.00,2026-06-24 00:00:00,Efectivo,Confirmado,,2026-06-27 14:48:30,2026-06-30 05:30:41,,130,1714,1111111111111111,1111111111111111
3991,Deposito,20.00,2026-06-24 00:00:00,Efectivo,Confirmado,,2026-06-27 14:48:31,2026-06-30 05:30:41,,132,1364,1111111111111111,1111111111111111
3992,Deposito,20.00,2026-06-24 00:00:00,Efectivo,Confirmado,,2026-06-27 14:48:31,2026-06-30 05:30:41,,133,1365,1111111111111111,1111111111111111
3993,Deposito,20.00,2026-06-24 00:00:00,Efectivo,Confirmado,,2026-06-27 14:48:31,2026-06-30 05:30:41,,433,1888,1111111111111111,1111111111111111
3994,Deposito,40.50,2026-06-24 00:00:00,Efectivo,Confirmado,,2026-06-27 14:50:33,2026-06-30 05:30:41,,316,1619,1111111111111111,1111111111111111
3995,Deposito,38.50,2026-06-24 00:00:00,Efectivo,Confirmado,,2026-06-27 14:50:33,2026-06-30 05:30:41,,317,1807,1111111111111111,1111111111111111
3996,Deposito,36.00,2026-06-24 00:00:00,Efectivo,Confirmado,,2026-06-27 14:50:33,2026-06-30 05:30:41,,318,1620,1111111111111111,1111111111111111
3997,Deposito,66.00,2026-06-24 00:00:00,Efectivo,Confirmado,,2026-06-27 14:50:34,2026-06-30 05:30:41,,319,1813,1111111111111111,1111111111111111
3998,Deposito,42.00,2026-06-24 00:00:00,Efectivo,Confirmado,,2026-06-27 14:50:34,2026-06-30 05:30:41,,323,1621,1111111111111111,1111111111111111
3999,Deposito,40.00,2026-06-24 00:00:00,Efectivo,Confirmado,,2026-06-27 14:51:05,2026-06-30 05:30:41,,146,1200,1111111111111111,1111111111111111
4000,Deposito,20.00,2026-06-24 00:00:00,Efectivo,Confirmado,,2026-06-27 14:52:08,2026-06-30 05:30:41,,151,1922,1111111111111111,1111111111111111
4001,Deposito,18.00,2026-06-24 00:00:00,Efectivo,Confirmado,,2026-06-27 14:52:08,2026-06-30 05:30:41,,429,1923,1111111111111111,1111111111111111
4002,Deposito,40.00,2026-06-24 00:00:00,Efectivo,Confirmado,,2026-06-27 14:52:08,2026-06-30 05:30:41,,154,931,1111111111111111,1111111111111111
4003,Deposito,10.00,2026-06-24 00:00:00,Efectivo,Confirmado,,2026-06-27 14:52:08,2026-06-30 05:30:41,,324,2009,1111111111111111,1111111111111111
4004,Deposito,19.00,2026-06-24 00:00:00,Efectivo,Confirmado,,2026-06-27 14:52:31,2026-06-30 05:30:41,,157,1793,1111111111111111,1111111111111111
4005,Deposito,50.00,2026-06-24 00:00:00,Efectivo,Confirmado,,2026-06-27 14:52:53,2026-06-30 05:30:41,,155,1672,1111111111111111,1111111111111111
4006,Deposito,55.00,2026-06-24 00:00:00,Efectivo,Confirmado,,2026-06-27 14:53:19,2026-06-30 05:30:41,,369,1833,1111111111111111,1111111111111111
4007,Deposito,55.00,2026-06-24 00:00:00,Efectivo,Confirmado,,2026-06-27 14:54:00,2026-06-30 05:30:41,,434,1913,1111111111111111,1111111111111111
4008,apertura,0.00,2026-06-27 14:54:25,Sistema,Confirmado,,2026-06-27 14:54:25,2026-06-27 14:54:25,,458,,,
4009,Deposito,50.00,2026-06-24 00:00:00,Efectivo,Confirmado,,2026-06-27 14:54:25,2026-06-30 05:30:41,,458,1979,1111111111111111,1111111111111111
4010,apertura,0.00,2026-06-27 14:54:47,Sistema,Confirmado,,2026-06-27 14:54:47,2026-06-27 14:54:47,,459,,,
4011,Deposito,49.00,2026-06-24 00:00:00,Efectivo,Confirmado,,2026-06-27 14:54:47,2026-06-30 05:30:41,,459,1980,1111111111111111,1111111111111111
4012,Deposito,20.00,2026-06-24 00:00:00,Efectivo,Confirmado,,2026-06-27 14:56:33,2026-06-30 05:30:41,,113,1667,1111111111111111,1111111111111111
4013,Deposito,70.00,2026-06-24 00:00:00,Efectivo,Confirmado,,2026-06-27 14:56:33,2026-06-30 05:30:41,,114,1668,1111111111111111,1111111111111111
4014,Deposito,50.00,2026-06-24 00:00:00,Efectivo,Confirmado,,2026-06-27 14:56:33,2026-06-30 05:30:41,,115,1835,1111111111111111,1111111111111111
4015,Deposito,500.00,2026-06-24 00:00:00,Efectivo,Confirmado,,2026-06-27 14:56:33,2026-06-30 05:30:41,,116,1881,1111111111111111,1111111111111111
4016,Deposito,32.00,2026-06-24 00:00:00,Efectivo,Confirmado,,2026-06-27 14:56:34,2026-06-30 05:30:41,,117,1671,1111111111111111,1111111111111111
4017,Deposito,22.00,2026-06-24 00:00:00,Efectivo,Confirmado,,2026-06-27 14:56:34,2026-06-30 05:30:41,,118,1666,1111111111111111,1111111111111111
4018,Deposito,24.00,2026-06-24 00:00:00,Efectivo,Confirmado,,2026-06-27 14:57:42,2026-06-30 05:30:41,,120,1778,1111111111111111,1111111111111111
4019,Deposito,20.00,2026-06-24 00:00:00,Efectivo,Confirmado,,2026-06-27 14:57:43,2026-06-30 05:30:41,,121,1748,1111111111111111,1111111111111111
4020,Deposito,20.00,2026-06-24 00:00:00,Efectivo,Confirmado,,2026-06-27 14:57:43,2026-06-30 05:30:41,,122,1843,1111111111111111,1111111111111111
4021,Deposito,20.00,2026-06-24 00:00:00,Efectivo,Confirmado,,2026-06-27 14:57:43,2026-06-30 05:30:41,,124,1844,1111111111111111,1111111111111111
4022,Deposito,44.00,2026-06-24 00:00:00,Efectivo,Confirmado,,2026-06-27 14:59:08,2026-06-30 05:30:41,,141,1918,1111111111111111,1111111111111111
4023,Deposito,20.00,2026-06-24 00:00:00,Efectivo,Confirmado,,2026-06-27 14:59:08,2026-06-30 05:30:41,,284,1865,1111111111111111,1111111111111111
4024,Deposito,40.00,2026-06-24 00:00:00,Efectivo,Confirmado,,2026-06-27 14:59:09,2026-06-30 05:30:41,,143,1867,1111111111111111,1111111111111111
4025,Deposito,40.00,2026-06-24 00:00:00,Efectivo,Confirmado,,2026-06-27 14:59:09,2026-06-30 05:30:41,,145,1920,1111111111111111,1111111111111111
4026,Deposito,34.00,2026-06-24 00:00:00,Efectivo,Confirmado,,2026-06-27 14:59:09,2026-06-30 05:30:41,,419,1900,1111111111111111,1111111111111111
4027,Deposito,55.00,2026-06-25 00:00:00,Efectivo,Confirmado,,2026-06-27 15:00:49,2026-06-30 05:30:41,,410,1862,1111111111111111,1111111111111111
4028,Deposito,84.00,2026-06-25 00:00:00,Efectivo,Confirmado,,2026-06-27 15:01:26,2026-06-30 05:30:41,,425,1680,1111111111111111,1111111111111111
4029,Deposito,24.00,2026-06-25 00:00:00,Efectivo,Confirmado,,2026-06-27 15:02:10,2026-06-30 05:30:41,,162,1851,1111111111111111,1111111111111111
4030,Deposito,24.00,2026-06-25 00:00:00,Efectivo,Confirmado,,2026-06-27 15:02:10,2026-06-30 05:30:41,,163,1850,1111111111111111,1111111111111111
4031,Deposito,20.00,2026-06-25 00:00:00,Efectivo,Confirmado,,2026-06-27 15:03:17,2026-06-30 05:30:41,,158,1686,1111111111111111,1111111111111111
4032,Deposito,32.00,2026-06-25 00:00:00,Efectivo,Confirmado,,2026-06-27 15:03:17,2026-06-30 05:30:41,,159,1685,1111111111111111,1111111111111111
4033,Deposito,40.00,2026-06-25 00:00:00,Efectivo,Confirmado,,2026-06-27 15:03:17,2026-06-30 05:30:41,,326,1720,1111111111111111,1111111111111111
4034,Deposito,36.00,2026-06-26 00:00:00,Efectivo,Confirmado,,2026-06-27 15:10:59,2026-06-30 05:30:41,,228,1726,1111111111111111,1111111111111111
4035,Deposito,20.00,2026-06-26 00:00:00,Efectivo,Confirmado,,2026-06-27 15:10:59,2026-06-30 05:30:41,,229,1952,1111111111111111,1111111111111111
4036,Deposito,20.00,2026-06-26 00:00:00,Efectivo,Confirmado,,2026-06-27 15:10:59,2026-06-30 05:30:41,,230,1265,1111111111111111,1111111111111111
4037,Deposito,20.00,2026-06-26 00:00:00,Efectivo,Confirmado,,2026-06-27 15:11:00,2026-06-30 05:30:41,,231,1953,1111111111111111,1111111111111111
4038,Deposito,10.00,2026-06-26 00:00:00,Efectivo,Confirmado,,2026-06-27 15:11:00,2026-06-30 05:30:41,,233,1677,1111111111111111,1111111111111111
4039,Deposito,20.00,2026-06-26 00:00:00,Efectivo,Confirmado,,2026-06-27 15:11:00,2026-06-30 05:30:41,,414,1876,1111111111111111,1111111111111111
4040,Deposito,20.00,2026-06-26 00:00:00,Efectivo,Confirmado,,2026-06-27 15:11:00,2026-06-30 05:30:41,,422,1949,1111111111111111,1111111111111111
4041,Deposito,62.00,2026-06-26 00:00:00,Efectivo,Confirmado,,2026-06-27 15:11:00,2026-06-30 05:30:41,,234,1996,1111111111111111,1111111111111111
4042,Deposito,10.00,2026-06-26 00:00:00,Efectivo,Confirmado,,2026-06-27 15:11:01,2026-06-30 05:30:41,,423,1286,1111111111111111,1111111111111111
4043,Deposito,30.00,2026-06-26 00:00:00,Efectivo,Confirmado,,2026-06-27 15:11:01,2026-06-30 05:30:41,,235,1855,1111111111111111,1111111111111111
4044,Deposito,20.00,2026-06-26 00:00:00,Efectivo,Confirmado,,2026-06-27 15:11:01,2026-06-30 05:30:41,,236,1696,1111111111111111,1111111111111111
4045,Deposito,20.00,2026-06-26 00:00:00,Efectivo,Confirmado,,2026-06-27 15:11:01,2026-06-30 05:30:41,,376,1977,1111111111111111,1111111111111111
4046,Deposito,10.00,2026-06-26 00:00:00,Efectivo,Confirmado,,2026-06-27 15:11:01,2026-06-30 05:30:41,,237,1921,1111111111111111,1111111111111111
4047,Deposito,40.00,2026-06-26 00:00:00,Efectivo,Confirmado,,2026-06-27 15:11:01,2026-06-30 05:30:41,,239,1815,1111111111111111,1111111111111111
4048,Deposito,20.00,2026-06-26 00:00:00,Efectivo,Confirmado,,2026-06-27 15:11:02,2026-06-30 05:30:41,,405,1823,1111111111111111,1111111111111111
4049,apertura,0.00,2026-06-27 15:11:02,Sistema,Confirmado,,2026-06-27 15:11:02,2026-06-27 15:11:02,,460,,,
4050,Deposito,20.00,2026-06-26 00:00:00,Efectivo,Confirmado,,2026-06-27 15:11:02,2026-06-30 05:30:41,,460,1968,1111111111111111,1111111111111111
4051,apertura,0.00,2026-06-27 15:11:02,Sistema,Confirmado,,2026-06-27 15:11:02,2026-06-27 15:11:02,,461,,,
4052,Deposito,20.00,2026-06-26 00:00:00,Efectivo,Confirmado,,2026-06-27 15:11:02,2026-06-30 05:30:41,,461,1967,1111111111111111,1111111111111111
4053,apertura,0.00,2026-06-27 15:11:02,Sistema,Confirmado,,2026-06-27 15:11:02,2026-06-27 15:11:02,,462,,,
4054,Deposito,20.00,2026-06-26 00:00:00,Efectivo,Confirmado,,2026-06-27 15:11:02,2026-06-30 05:30:41,,462,1976,1111111111111111,1111111111111111
4055,apertura,0.00,2026-06-27 15:11:02,Sistema,Confirmado,,2026-06-27 15:11:02,2026-06-27 15:11:02,,463,,,
4056,Deposito,20.00,2026-06-26 00:00:00,Efectivo,Confirmado,,2026-06-27 15:11:02,2026-06-30 05:30:41,,463,1975,1111111111111111,1111111111111111
4057,Deposito,68.00,2026-06-26 00:00:00,Efectivo,Confirmado,,2026-06-27 15:12:15,2026-06-30 05:30:41,,224,1884,1111111111111111,1111111111111111
4058,Deposito,52.00,2026-06-26 00:00:00,Efectivo,Confirmado,,2026-06-27 15:12:15,2026-06-30 05:30:41,,225,1762,1111111111111111,1111111111111111
4059,Deposito,62.00,2026-06-26 00:00:00,Efectivo,Confirmado,,2026-06-27 15:12:15,2026-06-30 05:30:41,,304,1887,1111111111111111,1111111111111111
4060,Deposito,212.00,2026-06-26 00:00:00,Efectivo,Confirmado,,2026-06-27 15:12:15,2026-06-30 05:30:41,,227,1885,1111111111111111,1111111111111111
4061,Deposito,96.00,2026-06-26 00:00:00,Efectivo,Confirmado,,2026-06-27 15:12:15,2026-06-30 05:30:41,,226,1886,1111111111111111,1111111111111111
4062,Deposito,50.00,2026-06-26 00:00:00,Efectivo,Confirmado,,2026-06-27 15:16:12,2026-06-30 05:30:41,,340,,1111111111111111,1111111111111111
4063,Deposito,30.00,2026-06-26 00:00:00,Efectivo,Confirmado,,2026-06-27 15:16:12,2026-06-30 05:30:41,,385,1995,1111111111111111,1111111111111111
4064,Deposito,44.00,2026-06-26 00:00:00,Efectivo,Confirmado,,2026-06-27 15:16:12,2026-06-30 05:30:41,,341,1237,1111111111111111,1111111111111111
4065,Deposito,20.00,2026-06-26 00:00:00,Efectivo,Confirmado,,2026-06-27 15:16:12,2026-06-30 05:30:41,,201,1853,1111111111111111,1111111111111111
4066,Deposito,20.00,2026-06-26 00:00:00,Efectivo,Confirmado,,2026-06-27 15:16:12,2026-06-30 05:30:41,,342,1816,1111111111111111,1111111111111111
4067,Deposito,20.00,2026-06-26 00:00:00,Efectivo,Confirmado,,2026-06-27 15:16:13,2026-06-30 05:30:41,,343,1682,1111111111111111,1111111111111111
4068,Deposito,100.00,2026-06-26 00:00:00,Efectivo,Confirmado,,2026-06-27 15:16:16,2026-06-30 05:30:41,,344,,1111111111111111,1111111111111111
4069,Deposito,60.00,2026-06-26 00:00:00,Efectivo,Confirmado,,2026-06-27 15:16:16,2026-06-30 05:30:41,,347,1804,1111111111111111,1111111111111111
4070,Deposito,60.00,2026-06-26 00:00:00,Efectivo,Confirmado,,2026-06-27 15:16:16,2026-06-30 05:30:41,,348,1805,1111111111111111,1111111111111111
4071,Deposito,30.00,2026-06-26 00:00:00,Efectivo,Confirmado,,2026-06-27 15:16:17,2026-06-30 05:30:41,,349,1909,1111111111111111,1111111111111111
4072,Deposito,40.00,2026-06-26 00:00:00,Efectivo,Confirmado,,2026-06-27 15:16:17,2026-06-30 05:30:42,,350,1250,1111111111111111,1111111111111111
4073,Deposito,30.00,2026-06-26 00:00:00,Efectivo,Confirmado,,2026-06-27 15:16:17,2026-06-30 05:30:42,,351,1938,1111111111111111,1111111111111111
4074,apertura,0.00,2026-06-27 15:17:52,Sistema,Confirmado,,2026-06-27 15:17:52,2026-06-27 15:17:52,,464,,,
4075,Deposito,52.00,2026-06-26 00:00:00,Efectivo,Confirmado,,2026-06-27 15:17:52,2026-06-30 05:30:42,,464,1982,1111111111111111,1111111111111111
4076,apertura,0.00,2026-06-27 15:17:52,Sistema,Confirmado,,2026-06-27 15:17:52,2026-06-27 15:17:52,,465,,,
4077,Deposito,104.00,2026-06-26 00:00:00,Efectivo,Confirmado,,2026-06-27 15:17:52,2026-06-30 05:30:42,,465,1985,1111111111111111,1111111111111111
4078,apertura,0.00,2026-06-27 15:17:53,Sistema,Confirmado,,2026-06-27 15:17:53,2026-06-27 15:17:53,,466,,,
4079,Deposito,52.00,2026-06-26 00:00:00,Efectivo,Confirmado,,2026-06-27 15:17:53,2026-06-30 05:30:42,,466,1983,1111111111111111,1111111111111111
4080,apertura,0.00,2026-06-27 15:17:53,Sistema,Confirmado,,2026-06-27 15:17:53,2026-06-27 15:17:53,,467,,,
4081,Deposito,52.00,2026-06-26 00:00:00,Efectivo,Confirmado,,2026-06-27 15:17:53,2026-06-30 05:30:42,,467,1984,1111111111111111,1111111111111111
4082,apertura,0.00,2026-06-27 15:17:53,Sistema,Confirmado,,2026-06-27 15:17:53,2026-06-27 15:17:53,,468,,,
4083,Deposito,52.00,2026-06-26 00:00:00,Efectivo,Confirmado,,2026-06-27 15:17:53,2026-06-30 05:30:42,,468,1986,1111111111111111,1111111111111111
4084,Deposito,201.50,2026-06-26 00:00:00,Efectivo,Confirmado,,2026-06-27 15:18:15,2026-06-30 05:30:42,,264,1733,1111111111111111,1111111111111111
4085,Deposito,55.00,2026-06-26 00:00:00,Efectivo,Confirmado,,2026-06-27 15:18:41,2026-06-30 05:30:42,,265,,1111111111111111,1111111111111111
4086,Deposito,56.00,2026-06-26 00:00:00,Efectivo,Confirmado,,2026-06-27 15:19:17,2026-06-30 05:30:42,,305,1796,1111111111111111,1111111111111111
4087,Deposito,70.00,2026-06-26 00:00:00,Efectivo,Confirmado,,2026-06-27 15:19:39,2026-06-30 05:30:42,,451,1933,1111111111111111,1111111111111111
4088,Deposito,100.00,2026-06-25 00:00:00,Efectivo,Confirmado,,2026-06-27 18:35:34,2026-06-30 05:30:42,,189,,1111111111111111,1111111111111111
4089,apertura,0.00,2026-06-25 00:00:00,Sistema,Confirmado,,2026-06-27 18:35:47,2026-06-30 05:30:06,,469,,1111111111111111,
4090,Deposito,100.00,2026-06-25 00:00:00,Efectivo,Confirmado,,2026-06-27 18:35:56,2026-06-30 05:30:42,,289,,1111111111111111,1111111111111111
4091,Deposito,26.00,2026-06-25 00:00:00,Efectivo,Confirmado,,2026-06-27 18:35:57,2026-06-30 05:30:42,,190,,1111111111111111,1111111111111111
4092,Deposito,20.00,2026-06-25 00:00:00,Efectivo,Confirmado,,2026-06-27 18:35:58,2026-06-30 05:30:42,,191,,1111111111111111,1111111111111111
4093,Deposito,20.00,2026-06-25 00:00:00,Efectivo,Confirmado,,2026-06-27 18:36:00,2026-06-30 05:30:42,,445,,1111111111111111,1111111111111111
4094,Deposito,30.00,2026-06-25 00:00:00,Efectivo,Confirmado,,2026-06-27 18:36:01,2026-06-30 05:30:42,,192,,1111111111111111,1111111111111111
4095,Deposito,80.00,2026-06-25 00:00:00,Efectivo,Confirmado,,2026-06-27 18:36:02,2026-06-30 05:30:42,,193,,1111111111111111,1111111111111111
4096,Deposito,50.00,2026-06-25 00:00:00,Efectivo,Confirmado,,2026-06-27 18:36:03,2026-06-30 05:30:42,,194,,1111111111111111,1111111111111111
4097,Deposito,53.00,2026-06-25 00:00:00,Efectivo,Confirmado,,2026-06-27 18:36:04,2026-06-30 05:30:42,,195,,1111111111111111,1111111111111111
4098,Deposito,30.00,2026-06-25 00:00:00,Efectivo,Confirmado,,2026-06-27 18:36:05,2026-06-30 05:30:42,,196,,1111111111111111,1111111111111111
4099,Deposito,42.00,2026-06-25 00:00:00,Efectivo,Confirmado,,2026-06-27 18:36:06,2026-06-30 05:30:42,,327,,1111111111111111,1111111111111111
4100,Deposito,4.00,2026-06-25 00:00:00,Efectivo,Confirmado,,2026-06-27 18:36:09,2026-06-30 05:30:42,,197,,1111111111111111,1111111111111111
4101,Deposito,9.00,2026-06-25 00:00:00,Efectivo,Confirmado,,2026-06-27 18:36:11,2026-06-30 05:30:42,,198,,1111111111111111,1111111111111111
4102,Deposito,64.00,2026-06-25 00:00:00,Efectivo,Confirmado,,2026-06-27 18:36:12,2026-06-30 05:30:42,,200,,1111111111111111,1111111111111111
4103,Deposito,20.00,2026-06-25 00:00:00,Efectivo,Confirmado,,2026-06-27 18:36:13,2026-06-30 05:30:42,,180,,1111111111111111,1111111111111111
4104,Deposito,30.00,2026-06-25 00:00:00,Efectivo,Confirmado,,2026-06-27 18:36:14,2026-06-30 05:30:42,,181,,1111111111111111,1111111111111111
4105,Deposito,9.00,2026-06-25 00:00:00,Efectivo,Confirmado,,2026-06-27 18:36:15,2026-06-30 05:30:42,,182,,1111111111111111,1111111111111111
4106,Deposito,20.00,2026-06-25 00:00:00,Efectivo,Confirmado,,2026-06-27 18:36:16,2026-06-30 05:30:42,,183,,1111111111111111,1111111111111111
4107,Deposito,20.00,2026-06-25 00:00:00,Efectivo,Confirmado,,2026-06-27 18:36:16,2026-06-30 05:30:42,,268,,1111111111111111,1111111111111111
4108,Deposito,44.00,2026-06-25 00:00:00,Efectivo,Confirmado,,2026-06-27 18:36:17,2026-06-30 05:30:42,,185,,1111111111111111,1111111111111111
4109,Deposito,30.00,2026-06-25 00:00:00,Efectivo,Confirmado,,2026-06-27 18:36:18,2026-06-30 05:30:42,,420,,1111111111111111,1111111111111111
4110,Deposito,30.00,2026-06-25 00:00:00,Efectivo,Confirmado,,2026-06-27 18:36:21,2026-06-30 05:30:42,,290,,1111111111111111,1111111111111111
4111,Deposito,50.00,2026-06-25 00:00:00,Efectivo,Confirmado,,2026-06-27 18:36:22,2026-06-30 05:30:42,,187,,1111111111111111,1111111111111111
4112,Deposito,60.00,2026-06-25 00:00:00,Efectivo,Confirmado,,2026-06-27 18:36:23,2026-06-30 05:30:42,,188,,1111111111111111,1111111111111111
4113,Deposito,10.00,2026-06-25 00:00:00,Efectivo,Confirmado,,2026-06-27 18:36:23,2026-06-30 05:30:42,,292,,1111111111111111,1111111111111111
4114,Deposito,40.00,2026-06-25 00:00:00,Efectivo,Confirmado,,2026-06-27 18:36:25,2026-06-30 05:30:42,,291,,1111111111111111,1111111111111111
4115,Deposito,20.00,2026-06-25 00:00:00,Efectivo,Confirmado,,2026-06-27 18:36:26,2026-06-30 05:30:42,,168,,1111111111111111,1111111111111111
4116,Deposito,30.00,2026-06-25 00:00:00,Efectivo,Confirmado,,2026-06-27 18:36:27,2026-06-30 05:30:42,,169,,1111111111111111,1111111111111111
4117,Deposito,20.00,2026-06-25 00:00:00,Efectivo,Confirmado,,2026-06-27 18:36:28,2026-06-30 05:30:42,,171,,1111111111111111,1111111111111111
4118,Deposito,24.00,2026-06-25 00:00:00,Efectivo,Confirmado,,2026-06-27 18:36:29,2026-06-30 05:30:42,,164,,1111111111111111,1111111111111111
4119,Deposito,62.00,2026-06-25 00:00:00,Efectivo,Confirmado,,2026-06-27 18:36:30,2026-06-30 05:30:42,,448,,1111111111111111,1111111111111111
4120,Deposito,24.00,2026-06-25 00:00:00,Efectivo,Confirmado,,2026-06-27 18:36:33,2026-06-30 05:30:42,,165,,1111111111111111,1111111111111111
4121,Deposito,30.00,2026-06-25 00:00:00,Efectivo,Confirmado,,2026-06-27 18:36:35,2026-06-30 05:30:42,,166,,1111111111111111,1111111111111111
4122,Deposito,32.00,2026-06-25 00:00:00,Efectivo,Confirmado,,2026-06-27 18:36:36,2026-06-30 05:30:42,,167,,1111111111111111,1111111111111111
4123,Deposito,62.00,2026-06-25 00:00:00,Efectivo,Confirmado,,2026-06-27 18:36:38,2026-06-30 05:30:42,,469,,1111111111111111,1111111111111111
4124,Deposito,24.00,2026-06-25 00:00:00,Efectivo,Confirmado,,2026-06-27 18:36:38,2026-06-30 05:30:42,,293,,1111111111111111,1111111111111111
4125,Deposito,10.00,2026-06-25 00:00:00,Efectivo,Confirmado,,2026-06-27 18:36:40,2026-06-30 05:30:42,,173,,1111111111111111,1111111111111111
4126,Deposito,18.00,2026-06-25 00:00:00,Efectivo,Confirmado,,2026-06-27 18:36:41,2026-06-30 05:30:42,,175,,1111111111111111,1111111111111111
4127,Deposito,62.00,2026-06-25 00:00:00,Efectivo,Confirmado,,2026-06-27 18:36:41,2026-06-30 05:30:42,,179,,1111111111111111,1111111111111111
4128,Deposito,62.00,2026-06-25 00:00:00,Efectivo,Confirmado,,2026-06-27 18:36:42,2026-06-30 05:30:42,,294,,1111111111111111,1111111111111111
4129,Deposito,62.00,2026-06-25 00:00:00,Efectivo,Confirmado,,2026-06-27 18:36:44,2026-06-30 05:30:42,,295,,1111111111111111,1111111111111111
4130,Deposito,24.00,2026-06-25 00:00:00,Efectivo,Confirmado,,2026-06-27 18:36:46,2026-06-30 05:30:42,,240,,1111111111111111,1111111111111111
4131,Deposito,27.00,2026-06-25 00:00:00,Efectivo,Confirmado,,2026-06-27 18:36:47,2026-06-30 05:30:42,,241,,1111111111111111,1111111111111111
4132,Deposito,53.00,2026-06-25 00:00:00,Efectivo,Confirmado,,2026-06-27 18:36:48,2026-06-30 05:30:42,,242,,1111111111111111,1111111111111111
4133,Deposito,20.00,2026-06-25 00:00:00,Efectivo,Confirmado,,2026-06-27 18:36:49,2026-06-30 05:30:42,,243,,1111111111111111,1111111111111111
4134,Deposito,15.00,2026-06-25 00:00:00,Efectivo,Confirmado,,2026-06-27 18:36:50,2026-06-30 05:30:42,,244,,1111111111111111,1111111111111111
4135,Deposito,35.00,2026-06-25 00:00:00,Efectivo,Confirmado,,2026-06-27 18:36:51,2026-06-30 05:30:42,,245,,1111111111111111,1111111111111111
4136,Deposito,10.00,2026-06-25 00:00:00,Efectivo,Confirmado,,2026-06-27 18:36:52,2026-06-30 05:30:42,,246,,1111111111111111,1111111111111111
4137,Deposito,20.00,2026-06-25 00:00:00,Efectivo,Confirmado,,2026-06-27 18:36:53,2026-06-30 05:30:42,,247,,1111111111111111,1111111111111111
4138,Deposito,14.00,2026-06-25 00:00:00,Efectivo,Confirmado,,2026-06-27 18:36:54,2026-06-30 05:30:42,,248,,1111111111111111,1111111111111111
4139,Deposito,31.50,2026-06-25 00:00:00,Efectivo,Confirmado,,2026-06-27 18:36:55,2026-06-30 05:30:42,,249,,1111111111111111,1111111111111111
4140,Deposito,16.00,2026-06-25 00:00:00,Efectivo,Confirmado,,2026-06-27 18:36:58,2026-06-30 05:30:42,,250,,1111111111111111,1111111111111111
4141,Deposito,10.00,2026-06-25 00:00:00,Efectivo,Confirmado,,2026-06-27 18:36:59,2026-06-30 05:30:42,,251,,1111111111111111,1111111111111111
4142,Deposito,20.00,2026-06-25 00:00:00,Efectivo,Confirmado,,2026-06-27 18:37:00,2026-06-30 05:30:42,,252,,1111111111111111,1111111111111111
4143,Deposito,20.00,2026-06-25 00:00:00,Efectivo,Confirmado,,2026-06-27 18:37:02,2026-06-30 05:30:42,,253,,1111111111111111,1111111111111111
4144,Deposito,20.00,2026-06-25 00:00:00,Efectivo,Confirmado,,2026-06-27 18:37:04,2026-06-30 05:30:42,,449,,1111111111111111,1111111111111111
4145,Deposito,30.00,2026-06-25 00:00:00,Efectivo,Confirmado,,2026-06-27 18:37:05,2026-06-30 05:30:42,,256,,1111111111111111,1111111111111111
4146,Deposito,25.00,2026-06-25 00:00:00,Efectivo,Confirmado,,2026-06-27 18:37:06,2026-06-30 05:30:42,,257,,1111111111111111,1111111111111111
4147,Deposito,30.00,2026-06-25 00:00:00,Efectivo,Confirmado,,2026-06-27 18:37:07,2026-06-30 05:30:42,,259,,1111111111111111,1111111111111111
4148,Deposito,34.00,2026-06-25 00:00:00,Efectivo,Confirmado,,2026-06-27 18:37:08,2026-06-30 05:30:42,,261,,1111111111111111,1111111111111111
4149,apertura,0.00,2026-06-23 00:00:00,Sistema,Confirmado,,2026-06-29 14:58:17,2026-06-30 05:30:06,,470,,1111111111111111,
4150,apertura,0.00,2026-06-23 00:00:00,Sistema,Confirmado,,2026-06-29 14:58:18,2026-06-30 05:30:06,,471,,1111111111111111,
4151,Deposito,10.00,2026-06-23 00:00:00,Efectivo,Confirmado,,2026-06-29 14:58:19,2026-06-30 05:30:42,,52,,1111111111111111,1111111111111111
4152,Deposito,42.00,2026-06-23 00:00:00,Efectivo,Confirmado,,2026-06-29 14:58:20,2026-06-30 05:30:42,,54,,1111111111111111,1111111111111111
4153,Deposito,20.00,2026-06-23 00:00:00,Efectivo,Confirmado,,2026-06-29 14:58:20,2026-06-30 05:30:42,,278,,1111111111111111,1111111111111111
4154,Deposito,20.00,2026-06-23 00:00:00,Efectivo,Confirmado,,2026-06-29 14:58:20,2026-06-30 05:30:42,,56,,1111111111111111,1111111111111111
4155,Deposito,20.00,2026-06-23 00:00:00,Efectivo,Confirmado,,2026-06-29 14:58:21,2026-06-30 05:30:42,,57,,1111111111111111,1111111111111111
4156,Deposito,20.00,2026-06-23 00:00:00,Efectivo,Confirmado,,2026-06-29 14:58:22,2026-06-30 05:30:42,,62,,1111111111111111,1111111111111111
4157,Deposito,60.00,2026-06-23 00:00:00,Efectivo,Confirmado,,2026-06-29 14:58:22,2026-06-30 05:30:42,,409,,1111111111111111,1111111111111111
4158,Deposito,20.00,2026-06-23 00:00:00,Efectivo,Confirmado,,2026-06-29 14:58:23,2026-06-30 05:30:42,,435,,1111111111111111,1111111111111111
4159,Deposito,10.00,2026-06-23 00:00:00,Efectivo,Confirmado,,2026-06-29 14:58:23,2026-06-30 05:30:42,,73,,1111111111111111,1111111111111111
4160,Deposito,10.00,2026-06-23 00:00:00,Efectivo,Confirmado,,2026-06-29 14:58:23,2026-06-30 05:30:42,,74,,1111111111111111,1111111111111111
4161,Deposito,10.00,2026-06-23 00:00:00,Efectivo,Confirmado,,2026-06-29 14:58:25,2026-06-30 05:30:42,,75,,1111111111111111,1111111111111111
4162,Deposito,10.00,2026-06-23 00:00:00,Efectivo,Confirmado,,2026-06-29 14:58:25,2026-06-30 05:30:42,,370,,1111111111111111,1111111111111111
4163,Deposito,10.00,2026-06-23 00:00:00,Efectivo,Confirmado,,2026-06-29 14:58:26,2026-06-30 05:30:42,,76,,1111111111111111,1111111111111111
4164,Deposito,10.00,2026-06-23 00:00:00,Efectivo,Confirmado,,2026-06-29 14:58:26,2026-06-30 05:30:42,,77,,1111111111111111,1111111111111111
4165,Deposito,10.00,2026-06-23 00:00:00,Efectivo,Confirmado,,2026-06-29 14:58:26,2026-06-30 05:30:42,,79,,1111111111111111,1111111111111111
4166,Deposito,10.00,2026-06-23 00:00:00,Efectivo,Confirmado,,2026-06-29 14:58:27,2026-06-30 05:30:42,,416,,1111111111111111,1111111111111111
4167,Deposito,30.00,2026-06-23 00:00:00,Efectivo,Confirmado,,2026-06-29 14:58:27,2026-06-30 05:30:42,,80,,1111111111111111,1111111111111111
4168,Deposito,20.00,2026-06-23 00:00:00,Efectivo,Confirmado,,2026-06-29 14:58:27,2026-06-30 05:30:42,,81,,1111111111111111,1111111111111111
4169,Deposito,22.00,2026-06-23 00:00:00,Efectivo,Confirmado,,2026-06-29 14:58:28,2026-06-30 05:30:42,,82,,1111111111111111,1111111111111111
4170,Deposito,20.00,2026-06-23 00:00:00,Efectivo,Confirmado,,2026-06-29 14:58:28,2026-06-30 05:30:42,,84,,1111111111111111,1111111111111111
4171,Deposito,20.00,2026-06-23 00:00:00,Efectivo,Confirmado,,2026-06-29 14:58:29,2026-06-30 05:30:42,,447,,1111111111111111,1111111111111111
4172,Deposito,60.00,2026-06-23 00:00:00,Efectivo,Confirmado,,2026-06-29 14:58:30,2026-06-30 05:30:42,,65,,1111111111111111,1111111111111111
4173,Deposito,60.00,2026-06-23 00:00:00,Efectivo,Confirmado,,2026-06-29 14:58:30,2026-06-30 05:30:42,,66,,1111111111111111,1111111111111111
4174,Deposito,36.00,2026-06-23 00:00:00,Efectivo,Confirmado,,2026-06-29 14:58:30,2026-06-30 05:30:42,,67,,1111111111111111,1111111111111111
4175,Deposito,60.00,2026-06-23 00:00:00,Efectivo,Confirmado,,2026-06-29 14:58:31,2026-06-30 05:30:42,,68,,1111111111111111,1111111111111111
4176,Deposito,20.00,2026-06-23 00:00:00,Efectivo,Confirmado,,2026-06-29 14:58:31,2026-06-30 05:30:42,,69,,1111111111111111,1111111111111111
4177,Deposito,60.00,2026-06-23 00:00:00,Efectivo,Confirmado,,2026-06-29 14:58:31,2026-06-30 05:30:42,,312,,1111111111111111,1111111111111111
4178,Deposito,60.00,2026-06-23 00:00:00,Efectivo,Confirmado,,2026-06-29 14:58:32,2026-06-30 05:30:42,,336,,1111111111111111,1111111111111111
4179,Deposito,20.00,2026-06-23 00:00:00,Efectivo,Confirmado,,2026-06-29 14:58:32,2026-06-30 05:30:42,,337,,1111111111111111,1111111111111111
4180,Deposito,60.00,2026-06-23 00:00:00,Efectivo,Confirmado,,2026-06-29 14:58:33,2026-06-30 05:30:42,,371,,1111111111111111,1111111111111111
4181,Deposito,60.00,2026-06-23 00:00:00,Efectivo,Confirmado,,2026-06-29 14:58:34,2026-06-30 05:30:42,,415,,1111111111111111,1111111111111111
4182,Deposito,28.00,2026-06-23 00:00:00,Efectivo,Confirmado,,2026-06-29 14:58:34,2026-06-30 05:30:42,,99,,1111111111111111,1111111111111111
4183,Deposito,20.00,2026-06-23 00:00:00,Efectivo,Confirmado,,2026-06-29 14:58:35,2026-06-30 05:30:42,,393,,1111111111111111,1111111111111111
4184,Deposito,12.00,2026-06-23 00:00:00,Efectivo,Confirmado,,2026-06-29 14:58:35,2026-06-30 05:30:42,,100,,1111111111111111,1111111111111111
4185,Deposito,18.00,2026-06-23 00:00:00,Efectivo,Confirmado,,2026-06-29 14:58:35,2026-06-30 05:30:43,,102,,1111111111111111,1111111111111111
4186,Deposito,30.00,2026-06-23 00:00:00,Efectivo,Confirmado,,2026-06-29 14:58:36,2026-06-30 05:30:43,,394,,1111111111111111,1111111111111111
4187,Deposito,20.00,2026-06-23 00:00:00,Efectivo,Confirmado,,2026-06-29 14:58:36,2026-06-30 05:30:43,,386,,1111111111111111,1111111111111111
4188,Deposito,32.00,2026-06-23 00:00:00,Efectivo,Confirmado,,2026-06-29 14:58:36,2026-06-30 05:30:43,,96,,1111111111111111,1111111111111111
4189,Deposito,28.00,2026-06-23 00:00:00,Efectivo,Confirmado,,2026-06-29 14:58:36,2026-06-30 05:30:43,,98,,1111111111111111,1111111111111111
4190,Deposito,57.50,2026-06-23 00:00:00,Efectivo,Confirmado,,2026-06-29 14:58:37,2026-06-30 05:30:43,,40,,1111111111111111,1111111111111111
4191,Deposito,56.00,2026-06-23 00:00:00,Efectivo,Confirmado,,2026-06-29 14:58:38,2026-06-30 05:30:43,,45,,1111111111111111,1111111111111111
4192,Deposito,53.00,2026-06-23 00:00:00,Efectivo,Confirmado,,2026-06-29 14:58:39,2026-06-30 05:30:43,,38,,1111111111111111,1111111111111111
4193,Deposito,106.00,2026-06-23 00:00:00,Efectivo,Confirmado,,2026-06-29 14:58:39,2026-06-30 05:30:43,,47,,1111111111111111,1111111111111111
4194,Deposito,85.00,2026-06-23 00:00:00,Efectivo,Confirmado,,2026-06-29 14:58:39,2026-06-30 05:30:43,,43,,1111111111111111,1111111111111111
4195,Deposito,72.00,2026-06-23 00:00:00,Efectivo,Confirmado,,2026-06-29 14:58:40,2026-06-30 05:30:43,,41,,1111111111111111,1111111111111111
4196,Deposito,4.00,2026-06-23 00:00:00,Efectivo,Confirmado,,2026-06-29 14:58:40,2026-06-30 05:30:43,,46,,1111111111111111,1111111111111111
4197,Deposito,50.00,2026-06-23 00:00:00,Efectivo,Confirmado,,2026-06-29 14:58:40,2026-06-30 05:30:43,,44,,1111111111111111,1111111111111111
4198,Deposito,40.00,2026-06-23 00:00:00,Efectivo,Confirmado,,2026-06-29 14:58:41,2026-06-30 05:30:43,,94,,1111111111111111,1111111111111111
4199,Deposito,40.00,2026-06-23 00:00:00,Efectivo,Confirmado,,2026-06-29 14:58:41,2026-06-30 05:30:43,,95,,1111111111111111,1111111111111111
4200,Deposito,44.00,2026-06-23 00:00:00,Efectivo,Confirmado,,2026-06-29 14:58:42,2026-06-30 05:30:43,,470,,1111111111111111,1111111111111111
4201,Deposito,44.00,2026-06-23 00:00:00,Efectivo,Confirmado,,2026-06-29 14:58:43,2026-06-30 05:30:43,,471,,1111111111111111,1111111111111111
4202,Deposito,24.00,2026-06-23 00:00:00,Efectivo,Confirmado,,2026-06-29 14:58:43,2026-06-30 05:30:43,,72,,1111111111111111,1111111111111111
4203,Deposito,20.00,2026-06-23 00:00:00,Efectivo,Confirmado,,2026-06-29 14:58:44,2026-06-30 05:30:43,,87,,1111111111111111,1111111111111111
4204,Deposito,20.00,2026-06-23 00:00:00,Efectivo,Confirmado,,2026-06-29 14:58:45,2026-06-30 05:30:43,,364,,1111111111111111,1111111111111111
4205,Deposito,375.00,2026-06-29 00:00:00,Efectivo,Confirmado,,2026-06-29 17:15:15,2026-06-30 05:30:43,,265,,111113612603105,111113612603105
4206,Retiro,820.00,2026-07-01 00:00:00,Efectivo,Confirmado,,2026-06-29 17:29:49,2026-07-01 16:53:36,2026-07-01 16:53:36,265,,111113612603105,111113612603105
4207,Deposito,115.00,2026-06-29 00:00:00,Efectivo,Confirmado,,2026-06-29 18:02:21,2026-06-30 05:30:43,,46,1658,111113612603105,111113612603105
4208,Retiro,845.00,2026-07-01 00:00:00,Efectivo,Confirmado,,2026-06-29 18:05:42,2026-07-01 16:53:28,2026-07-01 16:53:28,46,,111113612603105,111113612603105
4209,Deposito,238.00,2026-06-29 00:00:00,Efectivo,Confirmado,,2026-06-29 18:14:26,2026-06-30 05:30:43,,49,1660,111113612603105,111113612603105
4210,Retiro,1229.00,2026-07-01 00:00:00,Efectivo,Confirmado,,2026-06-29 19:41:51,2026-07-01 16:53:21,2026-07-01 16:53:21,49,1660,111113612603105,111113612603105
4211,Deposito,186.00,2026-06-29 00:00:00,Efectivo,Confirmado,,2026-06-29 22:46:49,2026-06-30 05:30:43,,260,1636,111113612603105,111113612603105
4212,Retiro,475.00,2026-07-01 00:00:00,Efectivo,Confirmado,,2026-06-29 23:02:12,2026-07-01 16:53:13,2026-07-01 16:53:13,260,1636,111113612603105,111113612603105
4213,Deposito,220.00,2026-06-29 00:00:00,Efectivo,Confirmado,,2026-06-29 23:10:37,2026-06-30 05:30:43,,253,2006,111113612603105,111113612603105
4214,Retiro,460.00,2026-07-01 00:00:00,Efectivo,Confirmado,,2026-06-29 23:13:54,2026-07-01 16:53:03,2026-07-01 16:53:03,253,2006,111113612603105,111113612603105
4215,Deposito,200.00,2026-06-29 00:00:00,Efectivo,Confirmado,,2026-06-29 23:25:02,2026-06-30 05:30:43,,6,1998,111113612603105,111113612603105
4216,Retiro,430.00,2026-07-01 00:00:00,Efectivo,Confirmado,,2026-06-29 23:27:03,2026-07-01 16:52:53,2026-07-01 16:52:53,6,1998,111113612603105,111113612603105
4217,apertura,0.00,2026-06-29 00:00:00,Sistema,Confirmado,,2026-06-30 15:37:32,2026-06-30 15:37:32,,472,,,
4218,apertura,0.00,2026-06-29 00:00:00,Sistema,Confirmado,,2026-06-30 15:37:33,2026-06-30 15:37:33,,473,,,
4219,Deposito,55.50,2026-06-29 00:00:00,Efectivo,Confirmado,GA carga 29-06-2026,2026-06-30 15:38:12,2026-06-30 15:38:12,,34,,,
4220,Deposito,27.50,2026-06-29 00:00:00,Efectivo,Confirmado,GA carga 29-06-2026,2026-06-30 15:38:14,2026-06-30 15:38:14,,35,,,
4221,Deposito,8.00,2026-06-29 00:00:00,Efectivo,Confirmado,GA carga 29-06-2026,2026-06-30 15:38:15,2026-06-30 15:38:15,,36,,,
4222,Deposito,52.00,2026-06-29 00:00:00,Efectivo,Confirmado,GA carga 29-06-2026,2026-06-30 15:38:16,2026-06-30 15:38:16,,335,,,
4223,Deposito,8.00,2026-06-29 00:00:00,Efectivo,Confirmado,GA carga 29-06-2026,2026-06-30 15:38:17,2026-06-30 15:38:17,,310,,,
4224,Deposito,104.00,2026-06-29 00:00:00,Efectivo,Confirmado,GA carga 29-06-2026,2026-06-30 15:38:19,2026-06-30 15:38:19,,388,,,
4225,Deposito,12.00,2026-06-29 00:00:00,Efectivo,Confirmado,GA carga 29-06-2026,2026-06-30 15:38:19,2026-06-30 15:38:19,,440,,,
4226,Deposito,52.00,2026-06-29 00:00:00,Efectivo,Confirmado,GA carga 29-06-2026,2026-06-30 15:38:21,2026-06-30 15:38:21,,441,,,
4227,Deposito,26.00,2026-06-29 00:00:00,Efectivo,Confirmado,GA carga 29-06-2026,2026-06-30 15:38:22,2026-06-30 15:38:22,,400,,,
4228,Deposito,26.00,2026-06-29 00:00:00,Efectivo,Confirmado,GA carga 29-06-2026,2026-06-30 15:38:23,2026-06-30 15:38:23,,401,,,
4229,Deposito,32.00,2026-06-29 00:00:00,Efectivo,Confirmado,GA carga 29-06-2026,2026-06-30 15:38:26,2026-06-30 15:38:26,,442,,,
4230,Deposito,20.00,2026-06-29 00:00:00,Efectivo,Confirmado,GA carga 29-06-2026,2026-06-30 15:38:27,2026-06-30 15:38:27,,31,,,
4231,Deposito,68.00,2026-06-29 00:00:00,Efectivo,Confirmado,GA carga 29-06-2026,2026-06-30 15:38:28,2026-06-30 15:38:28,,32,,,
4232,Deposito,68.00,2026-06-29 00:00:00,Efectivo,Confirmado,GA carga 29-06-2026,2026-06-30 15:38:29,2026-06-30 15:38:29,,33,,,
4233,Deposito,62.00,2026-06-29 00:00:00,Efectivo,Confirmado,GA carga 29-06-2026,2026-06-30 15:38:30,2026-06-30 15:38:30,,24,,,
4234,Deposito,62.00,2026-06-29 00:00:00,Efectivo,Confirmado,GA carga 29-06-2026,2026-06-30 15:38:31,2026-06-30 15:38:31,,25,,,
4235,Deposito,62.00,2026-06-29 00:00:00,Efectivo,Confirmado,GA carga 29-06-2026,2026-06-30 15:38:32,2026-06-30 15:38:32,,26,,,
4236,Deposito,62.00,2026-06-29 00:00:00,Efectivo,Confirmado,GA carga 29-06-2026,2026-06-30 15:38:33,2026-06-30 15:38:33,,276,,,
4237,Deposito,62.00,2026-06-29 00:00:00,Efectivo,Confirmado,GA carga 29-06-2026,2026-06-30 15:38:33,2026-06-30 15:38:33,,277,,,
4238,Deposito,60.00,2026-06-29 00:00:00,Efectivo,Confirmado,GA carga 29-06-2026,2026-06-30 15:38:35,2026-06-30 15:38:35,,28,,,
4239,Deposito,20.00,2026-06-29 00:00:00,Efectivo,Confirmado,GA carga 29-06-2026,2026-06-30 15:38:37,2026-06-30 15:38:37,,29,,,
4240,Deposito,60.00,2026-06-29 00:00:00,Efectivo,Confirmado,GA carga 29-06-2026,2026-06-30 15:38:38,2026-06-30 15:38:38,,399,,,
4241,Deposito,55.00,2026-06-29 00:00:00,Efectivo,Confirmado,GA carga 29-06-2026 · Christopher (GA ind.),2026-06-30 15:38:39,2026-07-02 15:23:26,,391,1797,11119423046816,11119423046816
4242,Deposito,19.00,2026-06-29 00:00:00,Efectivo,Confirmado,GA carga 29-06-2026,2026-06-30 15:38:40,2026-06-30 15:38:40,,23,,,
4243,Deposito,5.00,2026-06-29 00:00:00,Efectivo,Confirmado,GA carga 29-06-2026,2026-06-30 15:38:40,2026-06-30 15:38:40,,274,,,
4244,Deposito,25.00,2026-06-29 00:00:00,Efectivo,Confirmado,GA carga 29-06-2026,2026-06-30 15:38:41,2026-06-30 15:38:41,,402,,,
4245,Deposito,25.00,2026-06-29 00:00:00,Efectivo,Confirmado,GA carga 29-06-2026,2026-06-30 15:38:42,2026-06-30 15:38:42,,408,,,
4246,Deposito,20.00,2026-06-29 00:00:00,Efectivo,Confirmado,GA carga 29-06-2026,2026-06-30 15:38:42,2026-06-30 15:38:42,,390,,,
4247,Deposito,43.00,2026-06-29 00:00:00,Efectivo,Confirmado,GA carga 29-06-2026,2026-06-30 15:38:43,2026-06-30 15:38:43,,1,,,
4248,Deposito,32.00,2026-06-29 00:00:00,Efectivo,Confirmado,GA carga 29-06-2026,2026-06-30 15:38:44,2026-06-30 15:38:44,,2,,,
4249,Deposito,32.00,2026-06-29 00:00:00,Efectivo,Confirmado,GA carga 29-06-2026,2026-06-30 15:38:55,2026-06-30 15:38:55,,3,,,
4250,Deposito,62.00,2026-06-29 00:00:00,Efectivo,Confirmado,GA carga 29-06-2026,2026-06-30 15:38:56,2026-06-30 15:38:56,,4,,,
4251,Deposito,20.00,2026-06-29 00:00:00,Efectivo,Confirmado,GA carga 29-06-2026,2026-06-30 15:38:57,2026-06-30 15:38:57,,5,,,
4252,Deposito,20.00,2026-06-29 00:00:00,Efectivo,Confirmado,GA carga 29-06-2026,2026-06-30 15:38:59,2026-06-30 15:38:59,,6,,,
4253,Deposito,25.00,2026-06-29 00:00:00,Efectivo,Confirmado,GA carga 29-06-2026,2026-06-30 15:39:00,2026-06-30 15:39:00,,7,,,
4254,Deposito,26.00,2026-06-29 00:00:00,Efectivo,Confirmado,GA carga 29-06-2026,2026-06-30 15:39:01,2026-06-30 15:39:01,,8,,,
4255,Deposito,12.00,2026-06-29 00:00:00,Efectivo,Confirmado,GA carga 29-06-2026,2026-06-30 15:39:02,2026-06-30 15:39:02,,9,,,
4256,Deposito,20.00,2026-06-29 00:00:00,Efectivo,Confirmado,GA carga 29-06-2026,2026-06-30 15:39:03,2026-06-30 15:39:03,,472,,,
4257,Deposito,20.00,2026-06-29 00:00:00,Efectivo,Confirmado,GA carga 29-06-2026,2026-06-30 15:39:04,2026-06-30 15:39:04,,12,,,
4258,Deposito,20.00,2026-06-29 00:00:00,Efectivo,Confirmado,GA carga 29-06-2026,2026-06-30 15:39:06,2026-06-30 15:39:06,,13,,,
4259,Deposito,60.00,2026-06-29 00:00:00,Efectivo,Confirmado,GA carga 29-06-2026,2026-06-30 15:39:10,2026-06-30 15:39:10,,14,,,
4260,Deposito,30.00,2026-06-29 00:00:00,Efectivo,Confirmado,GA carga 29-06-2026,2026-06-30 15:39:11,2026-06-30 15:39:11,,15,,,
4261,Deposito,20.00,2026-06-29 00:00:00,Efectivo,Confirmado,GA carga 29-06-2026,2026-06-30 15:39:13,2026-06-30 15:39:13,,16,,,
4262,Deposito,50.00,2026-06-29 00:00:00,Efectivo,Confirmado,GA carga 29-06-2026,2026-06-30 15:39:14,2026-06-30 15:39:14,,17,,,
4263,Deposito,20.00,2026-06-29 00:00:00,Efectivo,Confirmado,GA carga 29-06-2026,2026-06-30 15:39:15,2026-06-30 15:39:15,,19,,,
4264,Deposito,20.00,2026-06-29 00:00:00,Efectivo,Confirmado,GA carga 29-06-2026,2026-06-30 15:39:16,2026-06-30 15:39:16,,473,,,
4265,Deposito,20.00,2026-06-29 00:00:00,Efectivo,Confirmado,GA carga 29-06-2026,2026-06-30 15:39:18,2026-06-30 15:39:18,,20,,,
4266,Deposito,30.00,2026-06-29 00:00:00,Efectivo,Confirmado,GA carga 29-06-2026,2026-06-30 15:39:19,2026-06-30 15:39:19,,21,,,
4267,Deposito,20.00,2026-06-29 00:00:00,Efectivo,Confirmado,GA carga 29-06-2026,2026-06-30 15:39:20,2026-06-30 15:39:20,,22,,,
4268,Deposito,60.00,2026-06-29 00:00:00,Efectivo,Confirmado,GA carga 29-06-2026,2026-06-30 15:39:21,2026-06-30 15:39:21,,368,,,
4269,Deposito,20.00,2026-06-29 00:00:00,Efectivo,Confirmado,GA carga 29-06-2026,2026-06-30 15:39:24,2026-06-30 15:39:24,,367,,,
4270,Deposito,20.00,2026-06-29 00:00:00,Efectivo,Confirmado,GA carga 29-06-2026,2026-06-30 15:39:26,2026-06-30 15:39:26,,403,,,
4271,Deposito,20.00,2026-06-29 00:00:00,Efectivo,Confirmado,GA carga 29-06-2026,2026-06-30 15:39:27,2026-06-30 15:39:27,,417,,,
4272,Deposito,20.00,2026-06-29 00:00:00,Efectivo,Confirmado,GA carga 29-06-2026,2026-06-30 15:39:28,2026-06-30 15:39:28,,418,,,
4273,Deposito,190.00,2026-06-30 00:00:00,Efectivo,Confirmado,,2026-06-30 15:41:39,2026-06-30 15:41:39,,27,1405,111113612603105,111113612603105
4274,Retiro,430.00,2026-07-01 00:00:00,Efectivo,Confirmado,,2026-06-30 16:06:01,2026-07-01 16:52:41,2026-07-01 16:52:41,27,1405,111113612603105,111113612603105
4275,Deposito,180.00,2026-06-30 00:00:00,Efectivo,Confirmado,,2026-06-30 16:37:44,2026-06-30 16:37:44,,229,1952,111113612603105,111113612603105
4276,Deposito,180.00,2026-06-30 00:00:00,Efectivo,Confirmado,,2026-06-30 16:37:44,2026-06-30 16:37:44,,234,1996,111113612603105,111113612603105
4277,Retiro,380.00,2026-07-01 00:00:00,Efectivo,Confirmado,,2026-06-30 16:45:54,2026-07-01 16:52:26,2026-07-01 16:52:26,229,1952,111113612603105,111113612603105
4278,Retiro,518.00,2026-06-29 00:00:00,Efectivo,Confirmado,,2026-06-30 16:45:54,2026-07-01 16:52:04,2026-07-01 16:52:04,234,1996,111113612603105,111113612603105
4279,Deposito,42.00,2026-06-29 12:00:00,Efectivo,Confirmado,GA carga 30-06-2026,2026-07-01 17:02:39,2026-07-01 17:02:39,,54,1650,,
4280,Deposito,20.00,2026-06-29 12:00:00,Efectivo,Confirmado,GA carga 30-06-2026,2026-07-01 17:02:39,2026-07-01 17:02:39,,278,1633,,
4281,Deposito,20.00,2026-06-29 12:00:00,Efectivo,Confirmado,GA carga 30-06-2026,2026-07-01 17:02:39,2026-07-01 17:02:39,,56,884,,
4282,Deposito,20.00,2026-06-29 12:00:00,Efectivo,Confirmado,GA carga 30-06-2026,2026-07-01 17:02:39,2026-07-01 17:02:39,,57,2014,,
4283,Deposito,20.00,2026-06-29 12:00:00,Efectivo,Confirmado,GA carga 30-06-2026,2026-07-01 17:02:40,2026-07-01 17:02:40,,62,892,,
4284,Deposito,60.00,2026-06-29 12:00:00,Efectivo,Confirmado,GA carga 30-06-2026,2026-07-01 17:02:40,2026-07-01 17:02:40,,409,1874,,
4285,Deposito,20.00,2026-06-29 12:00:00,Efectivo,Confirmado,GA carga 30-06-2026,2026-07-01 17:02:40,2026-07-01 17:02:40,,435,1902,,
4286,Deposito,10.00,2026-06-29 12:00:00,Efectivo,Confirmado,GA carga 30-06-2026,2026-07-01 17:02:41,2026-07-01 17:02:41,,73,1376,,
4287,Deposito,10.00,2026-06-29 12:00:00,Efectivo,Confirmado,GA carga 30-06-2026,2026-07-01 17:02:41,2026-07-01 17:02:41,,74,1378,,
4288,Deposito,10.00,2026-06-29 12:00:00,Efectivo,Confirmado,GA carga 30-06-2026,2026-07-01 17:02:41,2026-07-01 17:02:41,,75,1380,,
4289,Deposito,10.00,2026-06-29 12:00:00,Efectivo,Confirmado,GA carga 30-06-2026,2026-07-01 17:02:42,2026-07-01 17:02:42,,370,1656,,
4290,Deposito,10.00,2026-06-29 12:00:00,Efectivo,Confirmado,GA carga 30-06-2026,2026-07-01 17:02:42,2026-07-01 17:02:42,,76,1381,,
4291,Deposito,10.00,2026-06-29 12:00:00,Efectivo,Confirmado,GA carga 30-06-2026,2026-07-01 17:02:42,2026-07-01 17:02:42,,78,1385,,
4292,Deposito,10.00,2026-06-29 12:00:00,Efectivo,Confirmado,GA carga 30-06-2026,2026-07-01 17:02:42,2026-07-01 17:02:42,,79,1784,,
4293,Deposito,10.00,2026-06-29 12:00:00,Efectivo,Confirmado,GA carga 30-06-2026,2026-07-01 17:02:43,2026-07-01 17:02:43,,416,1907,,
4294,Deposito,30.00,2026-06-29 12:00:00,Efectivo,Confirmado,GA carga 30-06-2026,2026-07-01 17:02:43,2026-07-01 17:02:43,,80,1181,,
4295,Deposito,20.00,2026-06-29 12:00:00,Efectivo,Confirmado,GA carga 30-06-2026,2026-07-01 17:02:43,2026-07-01 17:02:43,,81,1182,,
4296,Deposito,12.00,2026-06-29 12:00:00,Efectivo,Confirmado,GA carga 30-06-2026,2026-07-01 17:02:44,2026-07-01 17:02:44,,404,1839,,
4297,Deposito,22.00,2026-06-29 12:00:00,Efectivo,Confirmado,GA carga 30-06-2026,2026-07-01 17:02:44,2026-07-01 17:02:44,,82,1678,,
4298,Deposito,20.00,2026-06-29 12:00:00,Efectivo,Confirmado,GA carga 30-06-2026,2026-07-01 17:02:44,2026-07-01 17:02:44,,84,1188,,
4299,Deposito,20.00,2026-06-29 12:00:00,Efectivo,Confirmado,GA carga 30-06-2026,2026-07-01 17:02:45,2026-07-01 17:02:45,,447,1943,,
4300,Deposito,60.00,2026-06-29 12:00:00,Efectivo,Confirmado,GA carga 30-06-2026,2026-07-01 17:02:45,2026-07-01 17:02:45,,68,1809,,
4301,Deposito,60.00,2026-06-29 12:00:00,Efectivo,Confirmado,GA carga 30-06-2026,2026-07-01 17:02:45,2026-07-01 17:02:45,,312,1718,,
4302,Deposito,40.00,2026-06-29 12:00:00,Efectivo,Confirmado,GA carga 30-06-2026,2026-07-01 17:02:45,2026-07-01 17:02:45,,336,1742,,
4303,Deposito,20.00,2026-06-29 12:00:00,Efectivo,Confirmado,GA carga 30-06-2026,2026-07-01 17:02:46,2026-07-01 17:02:46,,371,1770,,
4304,Deposito,28.00,2026-06-29 12:00:00,Efectivo,Confirmado,GA carga 30-06-2026,2026-07-01 17:02:46,2026-07-01 17:02:46,,99,1799,,
4305,Deposito,12.00,2026-06-29 12:00:00,Efectivo,Confirmado,GA carga 30-06-2026,2026-07-01 17:02:46,2026-07-01 17:02:46,,100,1801,,
4306,Deposito,20.00,2026-06-29 12:00:00,Efectivo,Confirmado,GA carga 30-06-2026,2026-07-01 17:02:47,2026-07-01 17:02:47,,394,1803,,
4307,Deposito,32.00,2026-06-29 12:00:00,Efectivo,Confirmado,GA carga 30-06-2026,2026-07-01 17:02:47,2026-07-01 17:02:47,,96,2007,,
4308,Deposito,28.00,2026-06-29 12:00:00,Efectivo,Confirmado,GA carga 30-06-2026,2026-07-01 17:02:47,2026-07-01 17:02:47,,98,1759,,
4309,Deposito,57.50,2026-06-29 12:00:00,Efectivo,Confirmado,GA carga 30-06-2026,2026-07-01 17:02:48,2026-07-01 17:02:48,,40,1761,,
4310,Deposito,56.00,2026-06-29 12:00:00,Efectivo,Confirmado,GA carga 30-06-2026,2026-07-01 17:02:48,2026-07-01 17:02:48,,45,1548,,
4311,Deposito,53.00,2026-06-29 12:00:00,Efectivo,Confirmado,GA carga 30-06-2026,2026-07-01 17:02:48,2026-07-01 17:02:48,,38,1906,,
4312,Deposito,106.00,2026-06-29 12:00:00,Efectivo,Confirmado,GA carga 30-06-2026,2026-07-01 17:02:48,2026-07-01 17:02:48,,47,1732,,
4313,Deposito,135.00,2026-06-29 12:00:00,Efectivo,Confirmado,GA carga 30-06-2026,2026-07-01 17:02:49,2026-07-01 17:02:49,,39,1769,,
4314,Deposito,150.00,2026-06-29 12:00:00,Efectivo,Confirmado,GA carga 30-06-2026,2026-07-01 17:02:49,2026-07-01 17:02:49,,43,1917,,
4315,Deposito,60.00,2026-06-29 12:00:00,Efectivo,Confirmado,GA carga 30-06-2026,2026-07-01 17:02:49,2026-07-01 17:02:49,,44,1734,,
4316,Deposito,5.00,2026-06-29 12:00:00,Efectivo,Confirmado,GA carga 30-06-2026,2026-07-01 17:02:50,2026-07-01 17:02:50,,392,1798,,
4317,Deposito,40.00,2026-06-29 12:00:00,Efectivo,Confirmado,GA carga 30-06-2026,2026-07-01 17:02:50,2026-07-01 17:02:50,,94,1993,,
4318,Deposito,40.00,2026-06-29 12:00:00,Efectivo,Confirmado,GA carga 30-06-2026,2026-07-01 17:02:50,2026-07-01 17:02:50,,95,1991,,
4319,Deposito,44.00,2026-06-29 12:00:00,Efectivo,Confirmado,GA carga 30-06-2026,2026-07-01 17:02:51,2026-07-01 17:02:51,,470,1992,,
4320,Deposito,44.00,2026-06-29 12:00:00,Efectivo,Confirmado,GA carga 30-06-2026,2026-07-01 17:02:51,2026-07-01 17:02:51,,471,1994,,
4321,Deposito,20.00,2026-06-29 12:00:00,Efectivo,Confirmado,GA carga 30-06-2026,2026-07-01 17:02:51,2026-07-01 17:02:51,,87,1941,,
4322,Deposito,22.00,2026-06-29 12:00:00,Efectivo,Confirmado,GA carga 30-06-2026,2026-07-01 17:02:52,2026-07-01 17:02:52,,88,,,
4323,Deposito,20.00,2026-06-29 12:00:00,Efectivo,Confirmado,GA carga 30-06-2026,2026-07-01 17:02:52,2026-07-01 17:02:52,,90,990,,
4324,Deposito,20.00,2026-06-29 12:00:00,Efectivo,Confirmado,GA carga 30-06-2026,2026-07-01 17:02:52,2026-07-01 17:02:52,,364,1740,,
4325,Deposito,20.00,2026-06-29 12:00:00,Efectivo,Confirmado,GA carga 30-06-2026,2026-07-01 17:02:52,2026-07-01 17:02:52,,91,2003,,
4326,Deposito,28.00,2026-06-30 12:00:00,Efectivo,Confirmado,GA carga 01-07-2026,2026-07-02 16:39:07,2026-07-02 16:39:07,,135,1894,,
4327,Deposito,20.00,2026-06-30 12:00:00,Efectivo,Confirmado,GA carga 01-07-2026,2026-07-02 16:39:08,2026-07-02 16:39:08,,136,1820,,
4328,Deposito,28.00,2026-06-30 12:00:00,Efectivo,Confirmado,GA carga 01-07-2026,2026-07-02 16:39:09,2026-07-02 16:39:09,,137,1893,,
4329,Deposito,20.00,2026-06-30 12:00:00,Efectivo,Confirmado,GA carga 01-07-2026,2026-07-02 16:39:10,2026-07-02 16:39:10,,138,1821,,
4330,Deposito,20.00,2026-06-30 12:00:00,Efectivo,Confirmado,GA carga 01-07-2026,2026-07-02 16:39:11,2026-07-02 16:39:11,,315,1143,,
4331,Deposito,20.00,2026-06-30 12:00:00,Efectivo,Confirmado,GA carga 01-07-2026,2026-07-02 16:39:12,2026-07-02 16:39:12,,461,1967,,
4332,Deposito,22.00,2026-06-30 12:00:00,Efectivo,Confirmado,GA carga 01-07-2026,2026-07-02 16:39:13,2026-07-02 16:39:13,,287,1146,,
4333,Deposito,20.00,2026-06-30 12:00:00,Efectivo,Confirmado,GA carga 01-07-2026,2026-07-02 16:39:14,2026-07-02 16:39:14,,139,1947,,
4334,Deposito,25.00,2026-06-30 12:00:00,Efectivo,Confirmado,GA carga 01-07-2026,2026-07-02 16:39:15,2026-07-02 16:39:15,,140,1946,,
4335,Deposito,30.00,2026-06-30 12:00:00,Efectivo,Confirmado,GA carga 01-07-2026,2026-07-02 16:39:16,2026-07-02 16:39:16,,395,1822,,
4336,Deposito,20.00,2026-06-30 12:00:00,Efectivo,Confirmado,GA carga 01-07-2026,2026-07-02 16:39:17,2026-07-02 16:39:17,,125,1741,,
4337,Deposito,20.00,2026-06-30 12:00:00,Efectivo,Confirmado,GA carga 01-07-2026,2026-07-02 16:39:18,2026-07-02 16:39:18,,285,1625,,
4338,Deposito,20.00,2026-06-30 12:00:00,Efectivo,Confirmado,GA carga 01-07-2026,2026-07-02 16:39:19,2026-07-02 16:39:19,,126,1912,,
4339,Deposito,20.00,2026-06-30 12:00:00,Efectivo,Confirmado,GA carga 01-07-2026,2026-07-02 16:39:20,2026-07-02 16:39:20,,127,1963,,
4340,Deposito,20.00,2026-06-30 12:00:00,Efectivo,Confirmado,GA carga 01-07-2026,2026-07-02 16:39:21,2026-07-02 16:39:21,,128,1883,,
4341,Deposito,20.00,2026-06-30 12:00:00,Efectivo,Confirmado,GA carga 01-07-2026,2026-07-02 16:39:22,2026-07-02 16:39:22,,129,1857,,
4342,Deposito,20.00,2026-06-30 12:00:00,Efectivo,Confirmado,GA carga 01-07-2026,2026-07-02 16:39:23,2026-07-02 16:39:23,,130,1714,,
4343,Deposito,20.00,2026-06-30 12:00:00,Efectivo,Confirmado,GA carga 01-07-2026,2026-07-02 16:39:24,2026-07-02 16:39:24,,132,1364,,
4344,Deposito,20.00,2026-06-30 12:00:00,Efectivo,Confirmado,GA carga 01-07-2026,2026-07-02 16:39:25,2026-07-02 16:39:25,,133,1365,,
4345,Deposito,20.00,2026-06-30 12:00:00,Efectivo,Confirmado,GA carga 01-07-2026,2026-07-02 16:39:26,2026-07-02 16:39:26,,433,1888,,
4346,Deposito,40.50,2026-06-30 12:00:00,Efectivo,Confirmado,GA carga 01-07-2026,2026-07-02 16:39:27,2026-07-02 16:39:27,,316,1619,,
4347,Deposito,38.50,2026-06-30 12:00:00,Efectivo,Confirmado,GA carga 01-07-2026,2026-07-02 16:39:28,2026-07-02 16:39:28,,317,1807,,
4348,Deposito,36.00,2026-06-30 12:00:00,Efectivo,Confirmado,GA carga 01-07-2026,2026-07-02 16:39:29,2026-07-02 16:39:29,,318,1620,,
4349,Deposito,66.00,2026-06-30 12:00:00,Efectivo,Confirmado,GA carga 01-07-2026,2026-07-02 16:39:30,2026-07-02 16:39:30,,319,1813,,
4350,Deposito,42.00,2026-06-30 12:00:00,Efectivo,Confirmado,GA carga 01-07-2026,2026-07-02 16:39:31,2026-07-02 16:39:31,,323,1621,,
4351,Deposito,40.00,2026-06-30 12:00:00,Efectivo,Confirmado,GA carga 01-07-2026,2026-07-02 16:39:32,2026-07-02 16:39:32,,146,1200,,
4352,Deposito,22.00,2026-06-30 12:00:00,Efectivo,Confirmado,GA carga 01-07-2026,2026-07-02 16:39:33,2026-07-02 16:39:33,,430,1924,,
4353,Deposito,22.00,2026-06-30 12:00:00,Efectivo,Confirmado,GA carga 01-07-2026,2026-07-02 16:39:34,2026-07-02 16:39:34,,151,1922,,
4354,Deposito,40.00,2026-06-30 12:00:00,Efectivo,Confirmado,GA carga 01-07-2026,2026-07-02 16:39:35,2026-07-02 16:39:35,,154,931,,
4355,Deposito,19.00,2026-06-30 12:00:00,Efectivo,Confirmado,GA carga 01-07-2026,2026-07-02 16:39:36,2026-07-02 16:39:36,,157,1793,,
4356,Deposito,55.00,2026-06-30 12:00:00,Efectivo,Confirmado,GA carga 01-07-2026,2026-07-02 16:39:37,2026-07-02 16:39:37,,155,1672,,
4357,Deposito,55.00,2026-06-30 12:00:00,Efectivo,Confirmado,GA carga 01-07-2026,2026-07-02 16:39:38,2026-07-02 16:39:38,,434,1913,,
4358,Deposito,50.00,2026-06-30 12:00:00,Efectivo,Confirmado,GA carga 01-07-2026,2026-07-02 16:39:39,2026-07-02 16:39:39,,458,1979,,
4359,Deposito,50.00,2026-06-30 12:00:00,Efectivo,Confirmado,GA carga 01-07-2026,2026-07-02 16:39:40,2026-07-02 16:39:40,,459,1980,,
4360,Deposito,20.00,2026-06-30 12:00:00,Efectivo,Confirmado,GA carga 01-07-2026,2026-07-02 16:39:41,2026-07-02 16:39:41,,113,1667,,
4361,Deposito,70.00,2026-06-30 12:00:00,Efectivo,Confirmado,GA carga 01-07-2026,2026-07-02 16:39:42,2026-07-02 16:39:42,,114,1668,,
4362,Deposito,50.00,2026-06-30 12:00:00,Efectivo,Confirmado,GA carga 01-07-2026,2026-07-02 16:39:43,2026-07-02 16:39:43,,115,1835,,
4363,Deposito,500.00,2026-06-30 12:00:00,Efectivo,Confirmado,GA carga 01-07-2026,2026-07-02 16:39:43,2026-07-02 16:39:43,,116,1881,,
4364,Deposito,22.00,2026-06-30 12:00:00,Efectivo,Confirmado,GA carga 01-07-2026,2026-07-02 16:39:44,2026-07-02 16:39:44,,117,1671,,
4365,Deposito,32.00,2026-06-30 12:00:00,Efectivo,Confirmado,GA carga 01-07-2026,2026-07-02 16:39:45,2026-07-02 16:39:45,,118,1666,,
4366,Deposito,24.00,2026-06-30 12:00:00,Efectivo,Confirmado,GA carga 01-07-2026,2026-07-02 16:39:46,2026-07-02 16:39:46,,120,1778,,
4367,Deposito,20.00,2026-06-30 12:00:00,Efectivo,Confirmado,GA carga 01-07-2026,2026-07-02 16:39:47,2026-07-02 16:39:47,,121,1748,,
4368,Deposito,20.00,2026-06-30 12:00:00,Efectivo,Confirmado,GA carga 01-07-2026,2026-07-02 16:39:48,2026-07-02 16:39:48,,122,1843,,
4369,Deposito,24.00,2026-06-30 12:00:00,Efectivo,Confirmado,GA carga 01-07-2026,2026-07-02 16:39:49,2026-07-02 16:39:49,,123,1962,,
4370,Deposito,20.00,2026-06-30 12:00:00,Efectivo,Confirmado,GA carga 01-07-2026,2026-07-02 16:39:50,2026-07-02 16:43:35,,124,1844,,
4371,Deposito,44.00,2026-06-30 12:00:00,Efectivo,Confirmado,GA carga 01-07-2026,2026-07-02 16:39:51,2026-07-02 16:39:51,,141,1918,,
4372,Deposito,20.00,2026-06-30 12:00:00,Efectivo,Confirmado,GA carga 01-07-2026,2026-07-02 16:39:52,2026-07-02 16:39:52,,284,1865,,
4373,Deposito,20.00,2026-06-30 12:00:00,Efectivo,Confirmado,GA carga 01-07-2026,2026-07-02 16:39:53,2026-07-02 16:39:53,,142,1866,,
4374,Deposito,40.00,2026-06-30 12:00:00,Efectivo,Confirmado,GA carga 01-07-2026,2026-07-02 16:39:54,2026-07-02 16:39:54,,143,1867,,
4375,Deposito,40.00,2026-06-30 12:00:00,Efectivo,Confirmado,GA carga 01-07-2026,2026-07-02 16:39:55,2026-07-02 16:39:55,,145,1920,,
4376,Deposito,34.00,2026-06-30 12:00:00,Efectivo,Confirmado,GA carga 01-07-2026,2026-07-02 16:39:56,2026-07-02 16:39:56,,419,1900,,
4377,Deposito,120.00,2026-07-06 00:00:00,Efectivo,Confirmado,,2026-07-06 16:50:04,2026-07-06 16:50:04,,381,2032,111113612603105,111113612603105
4378,Deposito,172.00,2026-07-06 00:00:00,Efectivo,Confirmado,,2026-07-06 16:50:05,2026-07-06 16:50:05,,361,1313,111113612603105,111113612603105
4379,Retiro,340.00,2026-07-06 00:00:00,Efectivo,Confirmado,,2026-07-06 17:00:19,2026-07-06 20:22:24,2026-07-06 20:22:24,381,2032,111113612603105,111113612603105
4380,Retiro,481.90,2026-07-06 00:00:00,Efectivo,Confirmado,,2026-07-06 17:00:19,2026-07-06 20:22:15,2026-07-06 20:22:15,361,1313,111113612603105,111113612603105
4381,Deposito,208.00,2026-07-06 00:00:00,Efectivo,Confirmado,,2026-07-06 17:12:43,2026-07-06 17:12:43,,41,2026,111113612603105,111113612603105
4382,Retiro,1049.00,2026-07-06 00:00:00,Efectivo,Confirmado,,2026-07-06 17:14:04,2026-07-06 20:22:05,2026-07-06 20:22:05,41,2026,111113612603105,111113612603105
4383,Deposito,206.00,2026-07-06 00:00:00,Efectivo,Confirmado,,2026-07-06 17:56:27,2026-07-06 17:56:27,,149,2036,111113612603105,111113612603105
4384,Deposito,34.00,2026-07-06 00:00:00,Efectivo,Confirmado,,2026-07-06 17:56:28,2026-07-06 17:56:28,,147,1814,111113612603105,111113612603105
4385,Retiro,291.00,2026-07-06 00:00:00,Efectivo,Confirmado,,2026-07-06 18:04:28,2026-07-06 20:21:56,2026-07-06 20:21:56,147,1814,111113612603105,111113612603105
4386,Retiro,782.00,2026-07-06 00:00:00,Efectivo,Confirmado,,2026-07-06 18:04:28,2026-07-06 20:21:43,2026-07-06 20:21:43,149,2036,111113612603105,111113612603105
4387,Deposito,560.00,2026-07-06 00:00:00,Efectivo,Eliminado,ERROR DE CAPTURA,2026-07-06 18:14:05,2026-07-07 15:08:50,,154,2034,111113612603105,111113612603105
4388,Retiro,560.00,2026-07-06 00:00:00,Efectivo,Eliminado,ERROR DE CAPTURA,2026-07-06 18:15:13,2026-07-07 15:08:50,2026-07-06 18:17:44,154,2034,111113612603105,111113612603105
4389,Deposito,81.60,2026-07-06 00:00:00,Efectivo,Confirmado,,2026-07-06 18:34:24,2026-07-06 18:34:24,,84,2045,111113612603105,111113612603105
4390,Deposito,0.40,2026-07-06 00:00:00,Efectivo,Confirmado,,2026-07-06 18:35:28,2026-07-06 18:35:28,,84,2045,111113612603105,111113612603105
4391,Retiro,162.00,2026-07-06 00:00:00,Efectivo,Confirmado,,2026-07-06 18:38:04,2026-07-06 20:21:34,2026-07-06 20:21:34,84,2045,111113612603105,111113612603105
4392,Deposito,156.00,2026-07-06 00:00:00,Efectivo,Confirmado,,2026-07-06 18:49:21,2026-07-06 18:49:21,,296,,111113612603105,111113612603105
4393,Retiro,258.00,2026-07-06 00:00:00,Efectivo,Confirmado,,2026-07-06 18:52:27,2026-07-06 20:21:22,2026-07-06 20:21:22,296,,111113612603105,111113612603105
4394,Deposito,300.00,2026-07-06 00:00:00,Efectivo,Confirmado,,2026-07-06 18:59:08,2026-07-06 18:59:08,,169,2041,111113612603105,111113612603105
4395,Retiro,660.00,2026-06-07 00:00:00,Efectivo,Confirmado,,2026-07-06 19:04:07,2026-07-06 20:21:12,2026-07-06 20:21:12,169,1510,111113612603105,111113612603105
4396,Deposito,124.00,2026-07-06 00:00:00,Efectivo,Confirmado,,2026-07-06 19:19:13,2026-07-06 19:19:13,,179,2039,111113612603105,111113612603105
4397,Retiro,558.00,2026-07-06 00:00:00,Efectivo,Confirmado,,2026-07-06 19:20:45,2026-07-06 20:20:58,2026-07-06 20:20:58,179,2039,111113612603105,111113612603105
4398,Deposito,282.00,2026-07-06 00:00:00,Efectivo,Confirmado,,2026-07-06 19:52:30,2026-07-06 19:52:30,,88,2030,111113612603105,111113612603105
4399,Deposito,239.90,2026-07-06 00:00:00,Efectivo,Confirmado,,2026-07-06 19:52:31,2026-07-06 19:52:31,,91,2003,111113612603105,111113612603105
4400,Retiro,436.00,2026-07-06 00:00:00,Efectivo,Confirmado,,2026-07-06 19:54:26,2026-07-06 20:20:47,2026-07-06 20:20:47,88,2030,111113612603105,111113612603105
4401,Retiro,360.00,2026-07-06 00:00:00,Efectivo,Confirmado,,2026-07-06 19:54:26,2026-07-06 20:20:36,2026-07-06 20:20:36,91,2003,111113612603105,111113612603105
4402,Retiro,480.00,2026-07-07 12:00:00,Efectivo,Confirmado,ERROR DE CAPTURA,2026-07-07 15:09:02,2026-07-07 15:09:02,2026-07-07 12:00:00,154,2034,111113612004634,
4403,Deposito,180.00,2026-07-15 00:00:00,Efectivo,Confirmado,,2026-07-15 16:12:43,2026-07-15 16:12:43,,230,2017,111113612603105,111113612603105
4404,Deposito,40.00,2026-07-15 00:00:00,Efectivo,Confirmado,,2026-07-15 16:12:44,2026-07-15 16:12:44,,423,2018,111113612603105,111113612603105
4405,Deposito,723.00,2026-07-15 00:00:00,Efectivo,Confirmado,,2026-07-15 16:12:44,2026-07-15 16:12:44,,397,1276,111113612603105,111113612603105
4406,Deposito,47.00,2026-07-15 00:00:00,Efectivo,Confirmado,,2026-07-15 16:12:44,2026-07-15 16:12:44,,233,2058,111113612603105,111113612603105
4407,Retiro,360.00,2026-07-15 00:00:00,Efectivo,Confirmado,,2026-07-15 16:16:45,2026-07-20 17:46:57,2026-07-20 17:46:57,230,2017,111113612603105,111113612603105
4408,Retiro,60.00,2026-07-15 00:00:00,Efectivo,Confirmado,,2026-07-15 16:16:45,2026-07-20 17:46:51,2026-07-20 17:46:51,423,2018,111113612603105,111113612603105
4409,Retiro,773.00,2026-07-15 00:00:00,Efectivo,Confirmado,,2026-07-15 16:16:45,2026-07-20 17:46:45,2026-07-20 17:46:45,397,2079,111113612603105,111113612603105
4410,Retiro,142.00,2026-07-15 00:00:00,Efectivo,Confirmado,,2026-07-15 16:16:45,2026-07-20 17:46:39,2026-07-20 17:46:39,233,2058,111113612603105,111113612603105
4411,Deposito,180.00,2026-07-15 00:00:00,Efectivo,Confirmado,,2026-07-15 16:23:51,2026-07-15 16:23:51,,161,,111113612603105,111113612603105
4412,Retiro,280.00,2026-07-15 00:00:00,Efectivo,Confirmado,,2026-07-15 16:28:19,2026-07-20 17:46:34,2026-07-20 17:46:34,161,,111113612603105,111113612603105
4413,Deposito,180.00,2026-07-15 00:00:00,Efectivo,Confirmado,,2026-07-15 16:40:52,2026-07-15 16:40:52,,20,2053,111113612603105,111113612603105
4414,Deposito,100.00,2026-07-15 00:00:00,Efectivo,Confirmado,,2026-07-15 16:40:59,2026-07-15 16:40:59,,10,,111113612603105,111113612603105
4415,Retiro,280.00,2026-07-15 00:00:00,Efectivo,Confirmado,,2026-07-15 16:51:39,2026-07-20 17:46:29,2026-07-20 17:46:29,10,,111113612603105,111113612603105
4416,Retiro,430.00,2026-07-15 00:00:00,Efectivo,Confirmado,,2026-07-15 16:51:39,2026-07-20 17:46:23,2026-07-20 17:46:23,20,2053,111113612603105,111113612603105
4417,Deposito,220.00,2026-07-15 00:00:00,Efectivo,Confirmado,,2026-07-15 16:59:50,2026-07-15 16:59:50,,252,2070,111113612603105,111113612603105
4418,Retiro,460.00,2026-07-15 00:00:00,Efectivo,Confirmado,,2026-07-15 17:02:52,2026-07-20 17:46:18,2026-07-20 17:46:18,252,2070,111113612603105,111113612603105
4419,Deposito,320.00,2026-07-15 00:00:00,Efectivo,Confirmado,,2026-07-15 18:13:47,2026-07-15 18:13:47,,292,2075,111113612603105,111113612603105
4420,Deposito,80.00,2026-07-15 00:00:00,Efectivo,Confirmado,,2026-07-15 18:13:47,2026-07-15 18:13:47,,197,1440,111113612603105,111113612603105
4421,Deposito,508.00,2026-07-15 00:00:00,Efectivo,Confirmado,,2026-07-15 18:13:48,2026-07-15 18:13:48,,190,2011,111113612603105,111113612603105
4422,Deposito,300.00,2026-07-15 00:00:00,Efectivo,Confirmado,,2026-07-15 18:13:48,2026-07-15 18:13:48,,192,1438,111113612603105,111113612603105
4423,Deposito,320.00,2026-07-15 00:00:00,Efectivo,Confirmado,,2026-07-15 18:13:49,2026-07-15 18:13:49,,199,1496,111113612603105,111113612603105
4424,Retiro,400.00,2026-07-14 00:00:00,Efectivo,Confirmado,,2026-07-15 18:19:56,2026-07-20 17:46:12,2026-07-20 17:46:12,199,1496,111113612603105,111113612603105
4425,Retiro,610.00,2026-07-15 00:00:00,Efectivo,Confirmado,,2026-07-15 18:19:56,2026-07-20 17:46:08,2026-07-20 17:46:08,292,2075,111113612603105,111113612603105
4426,Retiro,88.00,2026-07-15 00:00:00,Efectivo,Confirmado,,2026-07-15 18:19:56,2026-07-20 17:46:03,2026-07-20 17:46:03,197,1440,111113612603105,111113612603105
4427,Retiro,792.00,2026-07-15 00:00:00,Efectivo,Confirmado,,2026-07-15 18:19:56,2026-07-20 17:45:58,2026-07-20 17:45:58,190,2011,111113612603105,111113612603105
4428,Retiro,660.00,2026-07-15 00:00:00,Efectivo,Confirmado,,2026-07-15 18:19:56,2026-07-20 17:45:52,2026-07-20 17:45:52,192,1438,111113612603105,111113612603105
4429,Deposito,18.00,2026-07-15 00:00:00,Efectivo,Confirmado,,2026-07-15 18:31:57,2026-07-15 18:31:57,,174,2072,111113612603105,111113612603105
4430,Deposito,136.00,2026-07-15 00:00:00,Efectivo,Confirmado,,2026-07-15 18:58:54,2026-07-15 18:58:54,,164,2021,111113612603105,111113612603105
4431,Retiro,516.00,2026-07-15 00:00:00,Efectivo,Confirmado,,2026-07-15 19:10:30,2026-07-20 17:45:47,2026-07-20 17:45:47,164,2021,111113612603105,111113612603105
4432,Deposito,10.00,2026-07-15 00:00:00,Efectivo,Confirmado,,2026-07-15 19:25:09,2026-07-15 19:25:09,,426,2057,111113612603105,111113612603105
4434,apertura,0.00,2026-07-15 19:25:27,Sistema,Confirmado,,2026-07-15 19:25:27,2026-07-15 19:25:27,,474,,111113612603105,111113612603105
4435,Deposito,59.80,2026-07-15 00:00:00,Efectivo,Confirmado,,2026-07-15 19:25:27,2026-07-15 19:25:27,,474,,111113612603105,111113612603105
4436,Deposito,0.20,2026-07-15 00:00:00,Efectivo,Confirmado,,2026-07-15 19:28:24,2026-07-15 19:28:24,,474,,111113612603105,111113612603105
4437,Retiro,9.80,2026-07-15 00:00:00,Efectivo,Confirmado,,2026-07-15 19:29:09,2026-07-20 17:45:41,2026-07-20 17:45:41,426,2057,111113612603105,111113612603105
4438,Retiro,60.00,2026-07-15 00:00:00,Efectivo,Confirmado,,2026-07-15 19:29:09,2026-07-20 17:45:35,2026-07-20 17:45:35,474,,111113612603105,111113612603105
4439,Deposito,32.00,2026-07-15 00:00:00,Efectivo,Confirmado,,2026-07-15 19:34:38,2026-07-15 19:34:38,,310,2059,111113612603105,111113612603105
4440,Retiro,560.00,2026-07-15 00:00:00,Efectivo,Confirmado,,2026-07-15 19:37:41,2026-07-20 17:45:28,2026-07-20 17:45:28,310,2059,111113612603105,111113612603105
4441,Deposito,60.00,2026-07-15 00:00:00,Efectivo,Confirmado,,2026-07-15 19:42:52,2026-07-15 19:42:52,,274,2052,111113612603105,111113612603105
4442,Deposito,95.00,2026-07-15 00:00:00,Efectivo,Confirmado,,2026-07-15 19:45:30,2026-07-15 19:45:30,,155,2028,111113612603105,111113612603105
4443,Retiro,620.00,2026-07-15 00:00:00,Efectivo,Confirmado,,2026-07-15 19:46:27,2026-07-20 17:45:21,2026-07-20 17:45:21,274,2052,111113612603105,111113612603105
4444,Retiro,650.00,2026-07-15 00:00:00,Efectivo,Confirmado,,2026-07-15 19:48:33,2026-07-20 17:45:14,2026-07-20 17:45:14,155,2028,111113612603105,111113612603105
4445,Deposito,40.00,2026-07-21 00:00:00,Efectivo,Confirmado,,2026-07-21 15:36:45,2026-07-21 15:36:45,,150,2092,111113612603105,111113612603105
4446,Deposito,96.00,2026-07-21 00:00:00,Efectivo,Confirmado,,2026-07-21 15:36:45,2026-07-21 15:36:45,,288,2093,111113612603105,111113612603105
4447,Retiro,312.00,2026-07-21 00:00:00,Efectivo,Pendiente,,2026-07-21 15:38:22,2026-07-21 15:38:22,,288,2093,111113612603105,
4448,Retiro,240.00,2026-07-21 00:00:00,Efectivo,Pendiente,,2026-07-21 15:38:22,2026-07-21 15:38:22,,150,2092,111113612603105,
4449,Deposito,100.00,2026-07-21 00:00:00,Efectivo,Confirmado,,2026-07-21 16:08:02,2026-07-21 16:08:02,,424,,111113612603105,111113612603105
4450,Deposito,320.00,2026-07-21 00:00:00,Efectivo,Confirmado,,2026-07-21 16:08:02,2026-07-21 16:08:02,,239,1815,111113612603105,111113612603105
4451,Deposito,250.00,2026-07-21 00:00:00,Efectivo,Confirmado,,2026-07-21 16:08:03,2026-07-21 16:08:03,,238,1964,111113612603105,111113612603105
4452,Retiro,800.00,2026-07-21 00:00:00,Efectivo,Pendiente,,2026-07-21 16:12:12,2026-07-21 16:12:12,,239,1815,111113612603105,
4453,Retiro,630.00,2026-07-21 00:00:00,Efectivo,Pendiente,,2026-07-21 16:12:12,2026-07-21 16:12:12,,238,1964,111113612603105,
4454,Retiro,120.00,2026-07-21 00:00:00,Efectivo,Pendiente,,2026-07-21 16:12:12,2026-07-21 16:12:12,,424,,111113612603105,
4455,Deposito,434.00,2026-07-21 00:00:00,Efectivo,Confirmado,,2026-07-21 16:43:30,2026-07-21 16:43:30,,26,1863,111113612603105,111113612603105
4456,Deposito,434.00,2026-07-21 00:00:00,Efectivo,Confirmado,,2026-07-21 16:43:31,2026-07-21 16:43:31,,24,1400,111113612603105,111113612603105
4457,Deposito,392.00,2026-07-21 00:00:00,Efectivo,Confirmado,,2026-07-21 16:43:31,2026-07-21 16:43:31,,276,1932,111113612603105,111113612603105
4458,Deposito,434.00,2026-07-21 00:00:00,Efectivo,Confirmado,,2026-07-21 16:43:32,2026-07-21 16:43:32,,25,1403,111113612603105,111113612603105
4459,Deposito,392.00,2026-07-21 00:00:00,Efectivo,Confirmado,,2026-07-21 16:43:33,2026-07-21 16:43:33,,277,1404,111113612603105,111113612603105
4460,Deposito,100.00,2026-07-21 00:00:00,Efectivo,Confirmado,,2026-07-21 16:43:34,2026-07-21 16:43:34,,29,1407,111113612603105,111113612603105
4461,Deposito,420.00,2026-07-21 00:00:00,Efectivo,Confirmado,,2026-07-21 16:43:34,2026-07-21 16:43:34,,28,1406,111113612603105,111113612603105
4462,Retiro,1200.00,2026-07-21 00:00:00,Efectivo,Pendiente,,2026-07-21 16:46:32,2026-07-21 16:46:32,,28,1406,111113612603105,
4463,Retiro,360.00,2026-07-21 00:00:00,Efectivo,Pendiente,,2026-07-21 16:46:32,2026-07-21 16:46:32,,29,1407,111113612603105,
4464,Retiro,1250.00,2026-07-21 00:00:00,Efectivo,Pendiente,,2026-07-21 16:46:32,2026-07-21 16:46:32,,26,1863,111113612603105,
4465,Retiro,1240.00,2026-07-21 00:00:00,Efectivo,Pendiente,,2026-07-21 16:46:32,2026-07-21 16:46:32,,25,1403,111113612603105,
4466,Retiro,1074.00,2026-07-21 00:00:00,Efectivo,Pendiente,,2026-07-21 16:46:32,2026-07-21 16:46:32,,277,1404,111113612603105,
4467,Retiro,1074.00,2026-07-21 00:00:00,Efectivo,Pendiente,,2026-07-21 16:46:32,2026-07-21 16:46:32,,276,1932,111113612603105,
4468,Retiro,1240.00,2026-07-21 00:00:00,Efectivo,Pendiente,,2026-07-21 16:46:32,2026-07-21 16:46:32,,24,1400,111113612603105,
4469,Deposito,175.00,2026-07-21 00:00:00,Efectivo,Confirmado,,2026-07-21 16:50:15,2026-07-21 16:50:15,,245,2089,111113612603105,111113612603105
4470,Retiro,370.00,2026-07-21 00:00:00,Efectivo,Pendiente,,2026-07-21 16:52:58,2026-07-21 16:52:58,,245,2089,111113612603105,
4471,Deposito,270.00,2026-07-21 00:00:00,Efectivo,Confirmado,,2026-07-21 17:05:15,2026-07-21 17:05:15,,21,2088,111113612603105,111113612603105
4472,Deposito,650.00,2026-07-21 00:00:00,Efectivo,Confirmado,,2026-07-21 17:09:17,2026-07-21 17:09:17,,21,2088,111113612603105,111113612603105
4473,Retiro,650.00,2026-07-21 00:00:00,Efectivo,Pendiente,,2026-07-21 17:10:12,2026-07-21 17:10:12,,21,2088,111113612603105,
