id_notificacion_sistema,titulo,modulo,tipo_error,mensaje,detalles,fecha_creacion,resuelto,fecha_resolucion,id_usuario_resolvio
1,[INFO] Evento de sistema,CARTERA_SCHEDULER,INFO,Proceso automático completado en 362ms,[object Object],2026-02-25 01:00:00,1,,
2,[INFO] Evento de sistema,CARTERA_SCHEDULER,INFO,Proceso automático completado en 250ms,[object Object],2026-02-26 01:00:00,1,,
3,[INFO] Evento de sistema,CARTERA_SCHEDULER,INFO,Proceso automático completado en 259ms,[object Object],2026-02-27 01:00:00,1,,
4,[INFO] Evento de sistema,CARTERA_SCHEDULER,INFO,Proceso automático completado en 32ms,[object Object],2026-02-27 19:16:05,1,,
5,[INFO] Evento de sistema,CARTERA_SCHEDULER,INFO,Proceso automático completado en 154ms,[object Object],2026-02-28 01:00:00,1,,
6,[INFO] Evento de sistema,CARTERA_SCHEDULER,INFO,Proceso automático completado en 181ms,[object Object],2026-03-01 01:00:00,1,,
7,[INFO] Evento de sistema,CARTERA_SCHEDULER,INFO,Proceso automático completado en 131ms,[object Object],2026-03-02 01:00:00,1,,
8,[INFO] Evento de sistema,CARTERA_SCHEDULER,INFO,Proceso automático completado en 52ms,[object Object],2026-03-02 06:06:23,1,,
9,[INFO] Evento de sistema,CARTERA_SCHEDULER,INFO,Proceso automático completado en 284ms,[object Object],2026-03-03 01:00:00,1,,
10,[INFO] Evento de sistema,CARTERA_SCHEDULER,INFO,Proceso automático completado en 353ms,[object Object],2026-03-04 01:00:00,1,,
11,[INFO] Evento de sistema,CARTERA_SCHEDULER,INFO,Proceso automático completado en 276ms,[object Object],2026-03-05 01:00:00,1,,
12,[INFO] Evento de sistema,CARTERA_SCHEDULER,INFO,Proceso automático completado en 295ms,[object Object],2026-03-06 01:00:00,1,,
13,[INFO] Evento de sistema,CARTERA_SCHEDULER,INFO,Proceso automático completado en 73ms,[object Object],2026-03-06 07:18:30,1,,
14,[INFO] Evento de sistema,CARTERA_SCHEDULER,INFO,Proceso automático completado en 336ms,[object Object],2026-03-07 01:00:00,1,,
15,[INFO] Evento de sistema,CARTERA_SCHEDULER,INFO,Proceso automático completado en 257ms,[object Object],2026-03-08 01:00:00,1,,
16,[INFO] Evento de sistema,CARTERA_SCHEDULER,INFO,Proceso automático completado en 185ms,[object Object],2026-03-09 01:00:00,1,,
17,[INFO] Evento de sistema,CARTERA_SCHEDULER,INFO,Proceso automático completado en 213ms,[object Object],2026-03-10 01:00:00,1,,
18,[INFO] Evento de sistema,CARTERA_SCHEDULER,INFO,Proceso automático completado en 141ms,[object Object],2026-03-11 01:00:00,1,,
19,[INFO] Evento de sistema,CARTERA_SCHEDULER,INFO,Proceso automático completado en 264ms,[object Object],2026-03-12 01:00:00,1,,
20,[INFO] Evento de sistema,CARTERA_SCHEDULER,INFO,Proceso automático completado en 315ms,[object Object],2026-03-13 01:00:00,1,,
21,[INFO] Evento de sistema,CARTERA_SCHEDULER,INFO,Proceso automático completado en 265ms,[object Object],2026-03-14 01:00:00,1,,
22,[INFO] Evento de sistema,CARTERA_SCHEDULER,INFO,Proceso automático completado en 281ms,[object Object],2026-03-15 01:00:00,1,,
23,[INFO] Evento de sistema,CARTERA_SCHEDULER,INFO,Proceso automático completado en 314ms,[object Object],2026-03-16 01:00:00,1,,
24,[INFO] Evento de sistema,CARTERA_SCHEDULER,INFO,Proceso automático completado en 373ms,[object Object],2026-03-17 01:00:00,1,,
25,[INFO] Evento de sistema,CARTERA_SCHEDULER,INFO,Proceso automático completado en 254ms,[object Object],2026-03-18 01:00:00,1,,
26,[INFO] Evento de sistema,CARTERA_SCHEDULER,INFO,Proceso automático completado en 434ms,[object Object],2026-03-19 01:00:00,1,,
27,[INFO] Evento de sistema,CARTERA_SCHEDULER,INFO,Proceso automático completado en 172ms,[object Object],2026-03-20 01:00:00,1,,
28,[INFO] Evento de sistema,CARTERA_SCHEDULER,INFO,Proceso automático completado en 481ms,[object Object],2026-03-21 01:00:00,1,,
29,[INFO] Evento de sistema,CARTERA_SCHEDULER,INFO,Proceso automático completado en 308ms,[object Object],2026-03-22 01:00:00,1,,
30,[INFO] Evento de sistema,CARTERA_SCHEDULER,INFO,Proceso automático completado en 160ms,[object Object],2026-03-23 01:00:00,1,,
31,[INFO] Evento de sistema,CARTERA_SCHEDULER,INFO,Proceso automático completado en 298ms,[object Object],2026-03-24 01:00:00,1,,
32,[INFO] Evento de sistema,CARTERA_SCHEDULER,INFO,Proceso automático completado en 448ms,[object Object],2026-03-25 01:00:00,1,,
33,[INFO] Evento de sistema,CARTERA_SCHEDULER,INFO,Proceso automático completado en 304ms,[object Object],2026-03-26 01:00:00,1,,
34,[INFO] Evento de sistema,CARTERA_SCHEDULER,INFO,Proceso automático completado en 84ms,[object Object],2026-03-26 16:01:03,1,,
35,[INFO] Evento de sistema,CARTERA_SCHEDULER,INFO,Proceso automático completado en 635ms,[object Object],2026-03-27 01:00:00,1,,
36,[INFO] Evento de sistema,CARTERA_SCHEDULER,INFO,Proceso automático completado en 444ms,[object Object],2026-03-28 01:00:00,1,,
37,[INFO] Evento de sistema,CARTERA_SCHEDULER,INFO,Proceso automático completado en 602ms,[object Object],2026-03-28 15:00:00,1,,
38,[INFO] Evento de sistema,CARTERA_SCHEDULER,INFO,Proceso automático completado en 459ms,[object Object],2026-03-28 16:00:00,1,,
39,[INFO] Evento de sistema,CARTERA_SCHEDULER,INFO,Proceso automático completado en 486ms,[object Object],2026-03-28 17:00:00,1,,
40,[INFO] Evento de sistema,CARTERA_SCHEDULER,INFO,Proceso automático completado en 523ms,[object Object],2026-03-28 18:00:00,1,,
41,[INFO] Evento de sistema,CARTERA_SCHEDULER,INFO,Proceso automático completado en 609ms,[object Object],2026-03-28 19:00:00,1,,
42,[INFO] Evento de sistema,CARTERA_SCHEDULER,INFO,Proceso automático completado en 665ms,[object Object],2026-03-28 20:00:00,1,,
43,[INFO] Evento de sistema,CARTERA_SCHEDULER,INFO,Proceso automático completado en 468ms,[object Object],2026-03-28 21:00:00,1,,
44,[INFO] Evento de sistema,CARTERA_SCHEDULER,INFO,Proceso automático completado en 611ms,[object Object],2026-03-28 22:00:00,1,,
45,[INFO] Evento de sistema,CARTERA_SCHEDULER,INFO,Proceso automático completado en 577ms,[object Object],2026-03-28 23:00:00,1,,
46,[INFO] Evento de sistema,CARTERA_SCHEDULER,INFO,Proceso automático completado en 595ms,[object Object],2026-03-29 00:00:00,1,,
47,[INFO] Evento de sistema,CARTERA_SCHEDULER,INFO,Proceso automático completado en 747ms,[object Object],2026-03-29 01:00:00,1,,
48,[INFO] Evento de sistema,CARTERA_SCHEDULER,INFO,Proceso automático completado en 585ms,[object Object],2026-03-29 15:00:00,1,,
49,[INFO] Evento de sistema,CARTERA_SCHEDULER,INFO,Proceso automático completado en 436ms,[object Object],2026-03-29 16:00:00,1,,
50,[INFO] Evento de sistema,CARTERA_SCHEDULER,INFO,Proceso automático completado en 533ms,[object Object],2026-03-29 17:00:00,1,,
51,[INFO] Evento de sistema,CARTERA_SCHEDULER,INFO,Proceso automático completado en 883ms,[object Object],2026-03-29 18:00:01,1,,
52,[INFO] Evento de sistema,CARTERA_SCHEDULER,INFO,Proceso automático completado en 532ms,[object Object],2026-03-29 19:00:00,1,,
53,[INFO] Evento de sistema,CARTERA_SCHEDULER,INFO,Proceso automático completado en 662ms,[object Object],2026-03-29 20:00:00,1,,
54,[INFO] Evento de sistema,CARTERA_SCHEDULER,INFO,Proceso automático completado en 589ms,[object Object],2026-03-29 21:00:00,1,,
55,[INFO] Evento de sistema,CARTERA_SCHEDULER,INFO,Proceso automático completado en 484ms,[object Object],2026-03-29 22:00:00,1,,
56,[INFO] Evento de sistema,CARTERA_SCHEDULER,INFO,Proceso automático completado en 733ms,[object Object],2026-03-29 23:00:00,1,,
57,[INFO] Evento de sistema,CARTERA_SCHEDULER,INFO,Proceso automático completado en 498ms,[object Object],2026-03-30 00:00:00,1,,
58,[INFO] Evento de sistema,CARTERA_SCHEDULER,INFO,Proceso automático completado en 624ms,[object Object],2026-03-30 01:00:00,1,,
59,[INFO] Evento de sistema,CARTERA_SCHEDULER,INFO,Proceso automático completado en 560ms,[object Object],2026-03-30 15:00:01,1,,
60,[INFO] Evento de sistema,CARTERA_SCHEDULER,INFO,Proceso automático completado en 532ms,[object Object],2026-03-30 16:00:01,1,,
61,[INFO] Evento de sistema,CARTERA_SCHEDULER,INFO,Proceso automático completado en 445ms,[object Object],2026-03-30 17:00:00,1,,
62,[INFO] Evento de sistema,CARTERA_SCHEDULER,INFO,Proceso automático completado en 473ms,[object Object],2026-03-30 18:00:00,1,,
63,[INFO] Evento de sistema,CARTERA_SCHEDULER,INFO,Proceso automático completado en 639ms,[object Object],2026-03-30 19:00:00,1,,
64,[INFO] Evento de sistema,CARTERA_SCHEDULER,INFO,Proceso automático completado en 737ms,[object Object],2026-03-30 20:00:00,1,,
65,[INFO] Evento de sistema,CARTERA_SCHEDULER,INFO,Proceso automático completado en 585ms,[object Object],2026-03-30 21:00:00,1,,
66,[INFO] Evento de sistema,CARTERA_SCHEDULER,INFO,Proceso automático completado en 479ms,[object Object],2026-03-30 22:00:00,1,,
67,[INFO] Evento de sistema,CARTERA_SCHEDULER,INFO,Proceso automático completado en 596ms,[object Object],2026-03-30 23:00:00,1,,
68,[INFO] Evento de sistema,CARTERA_SCHEDULER,INFO,Proceso automático completado en 686ms,[object Object],2026-03-31 00:00:01,1,,
69,[INFO] Evento de sistema,CARTERA_SCHEDULER,INFO,Proceso automático completado en 880ms,[object Object],2026-03-31 01:00:00,1,,
70,[INFO] Evento de sistema,CARTERA_SCHEDULER,INFO,Proceso automático completado en 536ms,[object Object],2026-03-31 15:00:00,1,,
71,[INFO] Evento de sistema,CARTERA_SCHEDULER,INFO,Proceso automático completado en 526ms,[object Object],2026-03-31 16:00:00,1,,
72,[INFO] Evento de sistema,CARTERA_SCHEDULER,INFO,Proceso automático completado en 594ms,[object Object],2026-03-31 17:00:00,1,,
73,[INFO] Evento de sistema,CARTERA_SCHEDULER,INFO,Proceso automático completado en 610ms,[object Object],2026-03-31 18:00:01,1,,
74,[INFO] Evento de sistema,CARTERA_SCHEDULER,INFO,Proceso automático completado en 707ms,[object Object],2026-03-31 19:00:00,1,,
75,[INFO] Evento de sistema,CARTERA_SCHEDULER,INFO,Proceso automático completado en 630ms,[object Object],2026-03-31 20:00:00,1,,
76,[INFO] Evento de sistema,CARTERA_SCHEDULER,INFO,Proceso automático completado en 691ms,[object Object],2026-03-31 20:10:42,1,,
77,[INFO] Evento de sistema,CARTERA_SCHEDULER,INFO,Proceso automático completado en 562ms,[object Object],2026-03-31 21:00:00,1,,
78,[INFO] Evento de sistema,CARTERA_SCHEDULER,INFO,Proceso automático completado en 598ms,[object Object],2026-03-31 22:00:01,1,,
79,[INFO] Evento de sistema,CARTERA_SCHEDULER,INFO,Proceso automático completado en 515ms,[object Object],2026-03-31 23:00:00,1,,
80,[INFO] Evento de sistema,CARTERA_SCHEDULER,INFO,Proceso automático completado en 519ms,[object Object],2026-04-01 00:00:01,1,,
81,[INFO] Evento de sistema,CARTERA_SCHEDULER,INFO,Proceso automático completado en 888ms,[object Object],2026-04-01 01:00:00,1,,
82,[INFO] Evento de sistema,CARTERA_SCHEDULER,INFO,Proceso automático completado en 523ms,[object Object],2026-04-01 13:42:30,1,,
83,[INFO] Evento de sistema,CARTERA_SCHEDULER,INFO,Proceso automático completado en 481ms,[object Object],2026-04-01 13:54:49,1,,
84,[INFO] Evento de sistema,CARTERA_SCHEDULER,INFO,Proceso automático completado en 463ms,[object Object],2026-04-01 15:00:00,1,,
85,[INFO] Evento de sistema,CARTERA_SCHEDULER,INFO,Proceso automático completado en 475ms,[object Object],2026-04-01 16:00:00,1,,
86,[INFO] Evento de sistema,CARTERA_SCHEDULER,INFO,Proceso automático completado en 512ms,[object Object],2026-04-01 17:00:00,1,,
87,[INFO] Evento de sistema,CARTERA_SCHEDULER,INFO,Proceso automático completado en 582ms,[object Object],2026-04-01 18:00:00,1,,
88,[INFO] Evento de sistema,CARTERA_SCHEDULER,INFO,Proceso automático completado en 601ms,[object Object],2026-04-01 19:00:00,1,,
89,[INFO] Evento de sistema,CARTERA_SCHEDULER,INFO,Proceso automático completado en 538ms,[object Object],2026-04-01 20:00:00,1,,
90,[INFO] Evento de sistema,CARTERA_SCHEDULER,INFO,Proceso automático completado en 542ms,[object Object],2026-04-01 21:00:00,1,,
91,[INFO] Evento de sistema,CARTERA_SCHEDULER,INFO,Proceso automático completado en 448ms,[object Object],2026-04-01 21:56:58,1,,
92,[INFO] Evento de sistema,CARTERA_SCHEDULER,INFO,Proceso automático completado en 486ms,[object Object],2026-04-01 22:00:00,1,,
93,[INFO] Evento de sistema,CARTERA_SCHEDULER,INFO,Proceso automático completado en 470ms,[object Object],2026-04-01 22:30:29,1,,
94,[INFO] Evento de sistema,CARTERA_SCHEDULER,INFO,Proceso automático completado en 556ms,[object Object],2026-04-01 23:00:00,1,,
95,[INFO] Evento de sistema,CARTERA_SCHEDULER,INFO,Proceso automático completado en 495ms,[object Object],2026-04-02 00:00:00,1,,
96,[INFO] Evento de sistema,CARTERA_SCHEDULER,INFO,Proceso automático completado en 896ms,[object Object],2026-04-02 01:00:00,1,,
97,[INFO] Evento de sistema,CARTERA_SCHEDULER,INFO,Proceso automático completado en 462ms,[object Object],2026-04-02 15:00:00,1,,
98,[INFO] Evento de sistema,CARTERA_SCHEDULER,INFO,Proceso automático completado en 705ms,[object Object],2026-04-02 16:00:00,1,,
99,[INFO] Evento de sistema,CARTERA_SCHEDULER,INFO,Proceso automático completado en 529ms,[object Object],2026-04-02 17:00:00,1,,
100,[INFO] Evento de sistema,CARTERA_SCHEDULER,INFO,Proceso automático completado en 539ms,[object Object],2026-04-02 18:00:00,1,,
101,[INFO] Evento de sistema,CARTERA_SCHEDULER,INFO,Proceso automático completado en 615ms,[object Object],2026-04-02 19:00:00,1,,
102,[INFO] Evento de sistema,CARTERA_SCHEDULER,INFO,Proceso automático completado en 521ms,[object Object],2026-04-02 20:00:00,1,,
103,[INFO] Evento de sistema,CARTERA_SCHEDULER,INFO,Proceso automático completado en 516ms,[object Object],2026-04-02 21:00:00,1,,
104,[INFO] Evento de sistema,CARTERA_SCHEDULER,INFO,Proceso automático completado en 571ms,[object Object],2026-04-02 22:00:00,1,,
105,[INFO] Evento de sistema,CARTERA_SCHEDULER,INFO,Proceso automático completado en 460ms,[object Object],2026-04-02 23:00:00,1,,
106,[INFO] Evento de sistema,CARTERA_SCHEDULER,INFO,Proceso automático completado en 569ms,[object Object],2026-04-03 00:00:00,1,,
107,[INFO] Evento de sistema,CARTERA_SCHEDULER,INFO,Proceso automático completado en 771ms,[object Object],2026-04-03 01:00:00,1,,
108,[INFO] Evento de sistema,CARTERA_SCHEDULER,INFO,Proceso automático completado en 522ms,[object Object],2026-04-03 15:00:00,1,,
109,[INFO] Evento de sistema,CARTERA_SCHEDULER,INFO,Proceso automático completado en 436ms,[object Object],2026-04-03 16:00:00,1,,
110,[INFO] Evento de sistema,CARTERA_SCHEDULER,INFO,Proceso automático completado en 470ms,[object Object],2026-04-03 17:00:00,1,,
111,[INFO] Evento de sistema,CARTERA_SCHEDULER,INFO,Proceso automático completado en 477ms,[object Object],2026-04-03 18:00:00,1,,
112,[INFO] Evento de sistema,CARTERA_SCHEDULER,INFO,Proceso automático completado en 462ms,[object Object],2026-04-03 19:00:00,1,,
113,[INFO] Evento de sistema,CARTERA_SCHEDULER,INFO,Proceso automático completado en 585ms,[object Object],2026-04-03 20:00:00,1,,
114,[INFO] Evento de sistema,CARTERA_SCHEDULER,INFO,Proceso automático completado en 551ms,[object Object],2026-04-03 21:00:00,1,,
115,[INFO] Evento de sistema,CARTERA_SCHEDULER,INFO,Proceso automático completado en 528ms,[object Object],2026-04-03 22:00:00,1,,
116,[INFO] Evento de sistema,CARTERA_SCHEDULER,INFO,Proceso automático completado en 603ms,[object Object],2026-04-03 23:00:01,1,,
117,[INFO] Evento de sistema,CARTERA_SCHEDULER,INFO,Proceso automático completado en 504ms,[object Object],2026-04-04 00:00:00,1,,
118,[INFO] Evento de sistema,CARTERA_SCHEDULER,INFO,Proceso automático completado en 572ms,[object Object],2026-04-04 01:00:00,1,,
119,[INFO] Evento de sistema,CARTERA_SCHEDULER,INFO,Proceso automático completado en 592ms,[object Object],2026-04-04 15:00:00,1,,
120,[INFO] Evento de sistema,CARTERA_SCHEDULER,INFO,Proceso automático completado en 537ms,[object Object],2026-04-04 16:00:00,1,,
121,[INFO] Evento de sistema,CARTERA_SCHEDULER,INFO,Proceso automático completado en 485ms,[object Object],2026-04-04 17:00:00,1,,
122,[INFO] Evento de sistema,CARTERA_SCHEDULER,INFO,Proceso automático completado en 580ms,[object Object],2026-04-04 18:00:00,1,,
123,[INFO] Evento de sistema,CARTERA_SCHEDULER,INFO,Proceso automático completado en 534ms,[object Object],2026-04-04 19:00:00,1,,
124,[INFO] Evento de sistema,CARTERA_SCHEDULER,INFO,Proceso automático completado en 774ms,[object Object],2026-04-04 20:00:00,1,,
125,[INFO] Evento de sistema,CARTERA_SCHEDULER,INFO,Proceso automático completado en 597ms,[object Object],2026-04-04 21:00:00,1,,
126,[INFO] Evento de sistema,CARTERA_SCHEDULER,INFO,Proceso automático completado en 643ms,[object Object],2026-04-04 22:00:00,1,,
127,[INFO] Evento de sistema,CARTERA_SCHEDULER,INFO,Proceso automático completado en 679ms,[object Object],2026-04-04 23:00:00,1,,
128,[INFO] Evento de sistema,CARTERA_SCHEDULER,INFO,Proceso automático completado en 534ms,[object Object],2026-04-05 00:00:00,1,,
129,[INFO] Evento de sistema,CARTERA_SCHEDULER,INFO,Proceso automático completado en 902ms,[object Object],2026-04-05 01:00:00,1,,
130,[INFO] Evento de sistema,CARTERA_SCHEDULER,INFO,Proceso automático completado en 706ms,[object Object],2026-04-05 15:00:01,1,,
131,[INFO] Evento de sistema,CARTERA_SCHEDULER,INFO,Proceso automático completado en 534ms,[object Object],2026-04-05 16:00:00,1,,
132,[INFO] Evento de sistema,CARTERA_SCHEDULER,INFO,Proceso automático completado en 544ms,[object Object],2026-04-05 17:00:00,1,,
133,[INFO] Evento de sistema,CARTERA_SCHEDULER,INFO,Proceso automático completado en 525ms,[object Object],2026-04-05 18:00:00,1,,
134,[INFO] Evento de sistema,CARTERA_SCHEDULER,INFO,Proceso automático completado en 798ms,[object Object],2026-04-05 19:00:01,1,,
135,[INFO] Evento de sistema,CARTERA_SCHEDULER,INFO,Proceso automático completado en 696ms,[object Object],2026-04-05 20:00:00,1,,
136,[INFO] Evento de sistema,CARTERA_SCHEDULER,INFO,Proceso automático completado en 549ms,[object Object],2026-04-05 21:00:00,1,,
137,[INFO] Evento de sistema,CARTERA_SCHEDULER,INFO,Proceso automático completado en 701ms,[object Object],2026-04-05 22:00:00,1,,
138,[INFO] Evento de sistema,CARTERA_SCHEDULER,INFO,Proceso automático completado en 477ms,[object Object],2026-04-05 23:00:00,1,,
139,[INFO] Evento de sistema,CARTERA_SCHEDULER,INFO,Proceso automático completado en 788ms,[object Object],2026-04-06 00:00:01,1,,
140,[INFO] Evento de sistema,CARTERA_SCHEDULER,INFO,Proceso automático completado en 829ms,[object Object],2026-04-06 01:00:00,1,,
141,[INFO] Evento de sistema,CARTERA_SCHEDULER,INFO,Proceso automático completado en 609ms,[object Object],2026-04-06 15:00:00,1,,
142,[INFO] Evento de sistema,CARTERA_SCHEDULER,INFO,Proceso automático completado en 515ms,[object Object],2026-04-06 16:00:01,1,,
143,[INFO] Evento de sistema,CARTERA_SCHEDULER,INFO,Proceso automático completado en 576ms,[object Object],2026-04-06 17:00:00,1,,
144,[INFO] Evento de sistema,CARTERA_SCHEDULER,INFO,Proceso automático completado en 679ms,[object Object],2026-04-06 18:00:00,1,,
145,[INFO] Evento de sistema,CARTERA_SCHEDULER,INFO,Proceso automático completado en 799ms,[object Object],2026-04-06 18:40:14,1,,
146,[INFO] Evento de sistema,CARTERA_SCHEDULER,INFO,Proceso automático completado en 668ms,[object Object],2026-04-06 19:00:00,1,,
147,[INFO] Evento de sistema,CARTERA_SCHEDULER,INFO,Proceso automático completado en 632ms,[object Object],2026-04-06 20:00:01,1,,
148,[INFO] Evento de sistema,CARTERA_SCHEDULER,INFO,Proceso automático completado en 585ms,[object Object],2026-04-06 21:00:00,1,,
149,[INFO] Evento de sistema,CARTERA_SCHEDULER,INFO,Proceso automático completado en 484ms,[object Object],2026-04-06 22:00:00,1,,
150,[INFO] Evento de sistema,CARTERA_SCHEDULER,INFO,Proceso automático completado en 565ms,[object Object],2026-04-06 23:00:00,1,,
151,[INFO] Evento de sistema,CARTERA_SCHEDULER,INFO,Proceso automático completado en 485ms,[object Object],2026-04-07 00:00:00,1,,
152,[INFO] Evento de sistema,CARTERA_SCHEDULER,INFO,Proceso automático completado en 748ms,[object Object],2026-04-07 01:00:00,1,,
153,[INFO] Evento de sistema,CARTERA_SCHEDULER,INFO,Proceso automático completado en 485ms,[object Object],2026-04-07 15:00:00,1,,
154,[INFO] Evento de sistema,CARTERA_SCHEDULER,INFO,Proceso automático completado en 487ms,[object Object],2026-04-07 16:00:00,1,,
155,[INFO] Evento de sistema,CARTERA_SCHEDULER,INFO,Proceso automático completado en 612ms,[object Object],2026-04-07 17:00:00,1,,
156,[INFO] Evento de sistema,CARTERA_SCHEDULER,INFO,Proceso automático completado en 506ms,[object Object],2026-04-07 18:00:00,1,,
157,[INFO] Evento de sistema,CARTERA_SCHEDULER,INFO,Proceso automático completado en 437ms,[object Object],2026-04-07 19:00:00,1,,
158,[INFO] Evento de sistema,CARTERA_SCHEDULER,INFO,Proceso automático completado en 634ms,[object Object],2026-04-07 20:00:00,1,,
159,[INFO] Evento de sistema,CARTERA_SCHEDULER,INFO,Proceso automático completado en 513ms,[object Object],2026-04-07 21:00:00,1,,
160,[INFO] Evento de sistema,CARTERA_SCHEDULER,INFO,Proceso automático completado en 590ms,[object Object],2026-04-07 22:00:00,1,,
161,[INFO] Evento de sistema,CARTERA_SCHEDULER,INFO,Proceso automático completado en 607ms,[object Object],2026-04-07 23:00:00,1,,
162,[INFO] Evento de sistema,CARTERA_SCHEDULER,INFO,Proceso automático completado en 619ms,[object Object],2026-04-08 00:00:00,1,,
163,[INFO] Evento de sistema,CARTERA_SCHEDULER,INFO,Proceso automático completado en 683ms,[object Object],2026-04-08 01:00:00,1,,
164,[INFO] Evento de sistema,CARTERA_SCHEDULER,INFO,Proceso automático completado en 487ms,[object Object],2026-04-08 15:00:00,1,,
165,[INFO] Evento de sistema,CARTERA_SCHEDULER,INFO,Proceso automático completado en 512ms,[object Object],2026-04-08 15:19:27,1,,
166,[INFO] Evento de sistema,CARTERA_SCHEDULER,INFO,Proceso automático completado en 482ms,[object Object],2026-04-08 16:00:01,1,,
167,[INFO] Evento de sistema,CARTERA_SCHEDULER,INFO,Proceso automático completado en 483ms,[object Object],2026-04-08 16:33:43,1,,
168,[INFO] Evento de sistema,CARTERA_SCHEDULER,INFO,Proceso automático completado en 534ms,[object Object],2026-04-08 17:00:00,1,,
169,[INFO] Evento de sistema,CARTERA_SCHEDULER,INFO,Proceso automático completado en 537ms,[object Object],2026-04-08 18:00:00,1,,
170,[INFO] Evento de sistema,CARTERA_SCHEDULER,INFO,Proceso automático completado en 499ms,[object Object],2026-04-08 19:00:00,1,,
171,[INFO] Evento de sistema,CARTERA_SCHEDULER,INFO,Proceso automático completado en 649ms,[object Object],2026-04-08 20:00:00,1,,
172,[INFO] Evento de sistema,CARTERA_SCHEDULER,INFO,Proceso automático completado en 532ms,[object Object],2026-04-08 21:00:00,1,,
173,[INFO] Evento de sistema,CARTERA_SCHEDULER,INFO,Proceso automático completado en 580ms,[object Object],2026-04-08 22:00:00,1,,
174,[INFO] Evento de sistema,CARTERA_SCHEDULER,INFO,Proceso automático completado en 536ms,[object Object],2026-04-08 23:00:00,1,,
175,[INFO] Evento de sistema,CARTERA_SCHEDULER,INFO,Proceso automático completado en 545ms,[object Object],2026-04-09 00:00:01,1,,
176,[INFO] Evento de sistema,CARTERA_SCHEDULER,INFO,Proceso automático completado en 788ms,[object Object],2026-04-09 01:00:00,1,,
177,[INFO] Evento de sistema,CARTERA_SCHEDULER,INFO,Proceso automático completado en 680ms,[object Object],2026-04-09 15:00:01,1,,
178,[INFO] Evento de sistema,CARTERA_SCHEDULER,INFO,Proceso automático completado en 619ms,[object Object],2026-04-09 16:00:01,1,,
179,[INFO] Evento de sistema,CARTERA_SCHEDULER,INFO,Proceso automático completado en 419ms,[object Object],2026-04-09 17:00:00,1,,
180,[INFO] Evento de sistema,CARTERA_SCHEDULER,INFO,Proceso automático completado en 440ms,[object Object],2026-04-09 18:00:00,1,,
181,[INFO] Evento de sistema,CARTERA_SCHEDULER,INFO,Proceso automático completado en 501ms,[object Object],2026-04-09 19:00:00,1,,
182,[INFO] Evento de sistema,CARTERA_SCHEDULER,INFO,Proceso automático completado en 769ms,[object Object],2026-04-09 20:00:01,1,,
183,[INFO] Evento de sistema,CARTERA_SCHEDULER,INFO,Proceso automático completado en 570ms,[object Object],2026-04-09 21:00:00,1,,
184,[INFO] Evento de sistema,CARTERA_SCHEDULER,INFO,Proceso automático completado en 494ms,[object Object],2026-04-09 22:00:01,1,,
185,[INFO] Evento de sistema,CARTERA_SCHEDULER,INFO,Proceso automático completado en 671ms,[object Object],2026-04-09 23:00:01,1,,
186,[INFO] Evento de sistema,CARTERA_SCHEDULER,INFO,Proceso automático completado en 469ms,[object Object],2026-04-10 00:00:00,1,,
187,[INFO] Evento de sistema,CARTERA_SCHEDULER,INFO,Proceso automático completado en 762ms,[object Object],2026-04-10 01:00:00,1,,
188,[INFO] Evento de sistema,CARTERA_SCHEDULER,INFO,Proceso automático completado en 628ms,[object Object],2026-04-10 15:00:00,1,,
189,[INFO] Evento de sistema,CARTERA_SCHEDULER,INFO,Proceso automático completado en 532ms,[object Object],2026-04-10 16:00:00,1,,
190,[INFO] Evento de sistema,CARTERA_SCHEDULER,INFO,Proceso automático completado en 562ms,[object Object],2026-04-10 17:00:00,1,,
191,[INFO] Evento de sistema,CARTERA_SCHEDULER,INFO,Proceso automático completado en 706ms,[object Object],2026-04-10 18:00:00,1,,
192,[INFO] Evento de sistema,CARTERA_SCHEDULER,INFO,Proceso automático completado en 479ms,[object Object],2026-04-10 19:00:00,1,,
193,[INFO] Evento de sistema,CARTERA_SCHEDULER,INFO,Proceso automático completado en 531ms,[object Object],2026-04-10 20:00:00,1,,
194,[INFO] Evento de sistema,CARTERA_SCHEDULER,INFO,Proceso automático completado en 640ms,[object Object],2026-04-10 21:00:00,1,,
195,[INFO] Evento de sistema,CARTERA_SCHEDULER,INFO,Proceso automático completado en 524ms,[object Object],2026-04-10 22:00:00,1,,
196,[INFO] Evento de sistema,CARTERA_SCHEDULER,INFO,Proceso automático completado en 538ms,[object Object],2026-04-10 23:00:00,1,,
197,[INFO] Evento de sistema,CARTERA_SCHEDULER,INFO,Proceso automático completado en 580ms,[object Object],2026-04-11 00:00:00,1,,
198,[INFO] Evento de sistema,CARTERA_SCHEDULER,INFO,Proceso automático completado en 724ms,[object Object],2026-04-11 01:00:00,1,,
199,[INFO] Evento de sistema,CARTERA_SCHEDULER,INFO,Proceso automático completado en 559ms,[object Object],2026-04-11 15:00:00,1,,
200,[INFO] Evento de sistema,CARTERA_SCHEDULER,INFO,Proceso automático completado en 474ms,[object Object],2026-04-11 16:00:00,1,,
201,[INFO] Evento de sistema,CARTERA_SCHEDULER,INFO,Proceso automático completado en 538ms,[object Object],2026-04-11 17:00:00,1,,
202,[INFO] Evento de sistema,CARTERA_SCHEDULER,INFO,Proceso automático completado en 602ms,[object Object],2026-04-11 18:00:00,1,,
203,[INFO] Evento de sistema,CARTERA_SCHEDULER,INFO,Proceso automático completado en 518ms,[object Object],2026-04-11 19:00:00,1,,
204,[INFO] Evento de sistema,CARTERA_SCHEDULER,INFO,Proceso automático completado en 542ms,[object Object],2026-04-11 20:00:00,1,,
205,[INFO] Evento de sistema,CARTERA_SCHEDULER,INFO,Proceso automático completado en 484ms,[object Object],2026-04-11 21:00:00,1,,
206,[INFO] Evento de sistema,CARTERA_SCHEDULER,INFO,Proceso automático completado en 476ms,[object Object],2026-04-11 22:00:00,1,,
207,[INFO] Evento de sistema,CARTERA_SCHEDULER,INFO,Proceso automático completado en 503ms,[object Object],2026-04-11 23:00:00,1,,
208,[INFO] Evento de sistema,CARTERA_SCHEDULER,INFO,Proceso automático completado en 629ms,[object Object],2026-04-12 00:00:00,1,,
209,[INFO] Evento de sistema,CARTERA_SCHEDULER,INFO,Proceso automático completado en 790ms,[object Object],2026-04-12 01:00:00,1,,
210,[INFO] Evento de sistema,CARTERA_SCHEDULER,INFO,Proceso automático completado en 925ms,[object Object],2026-04-12 15:00:01,1,,
211,[INFO] Evento de sistema,CARTERA_SCHEDULER,INFO,Proceso automático completado en 632ms,[object Object],2026-04-12 16:00:00,1,,
212,[INFO] Evento de sistema,CARTERA_SCHEDULER,INFO,Proceso automático completado en 577ms,[object Object],2026-04-12 17:00:00,1,,
213,[INFO] Evento de sistema,CARTERA_SCHEDULER,INFO,Proceso automático completado en 587ms,[object Object],2026-04-12 18:00:00,1,,
214,[INFO] Evento de sistema,CARTERA_SCHEDULER,INFO,Proceso automático completado en 588ms,[object Object],2026-04-12 19:00:00,1,,
215,[INFO] Evento de sistema,CARTERA_SCHEDULER,INFO,Proceso automático completado en 564ms,[object Object],2026-04-12 20:00:00,1,,
216,[INFO] Evento de sistema,CARTERA_SCHEDULER,INFO,Proceso automático completado en 573ms,[object Object],2026-04-12 21:00:00,1,,
217,[INFO] Evento de sistema,CARTERA_SCHEDULER,INFO,Proceso automático completado en 732ms,[object Object],2026-04-12 22:00:01,1,,
218,[INFO] Evento de sistema,CARTERA_SCHEDULER,INFO,Proceso automático completado en 579ms,[object Object],2026-04-12 23:00:01,1,,
219,[INFO] Evento de sistema,CARTERA_SCHEDULER,INFO,Proceso automático completado en 1417ms,[object Object],2026-04-13 00:00:01,1,,
220,[INFO] Evento de sistema,CARTERA_SCHEDULER,INFO,Proceso automático completado en 700ms,[object Object],2026-04-13 01:00:00,1,,
221,[INFO] Evento de sistema,CARTERA_SCHEDULER,INFO,Proceso automático completado en 476ms,[object Object],2026-04-13 15:00:00,1,,
222,[INFO] Evento de sistema,CARTERA_SCHEDULER,INFO,Proceso automático completado en 579ms,[object Object],2026-04-13 16:00:01,1,,
223,[INFO] Evento de sistema,CARTERA_SCHEDULER,INFO,Proceso automático completado en 424ms,[object Object],2026-04-13 16:43:52,1,,
224,[INFO] Evento de sistema,CARTERA_SCHEDULER,INFO,Proceso automático completado en 486ms,[object Object],2026-04-13 17:00:00,1,,
225,[INFO] Evento de sistema,CARTERA_SCHEDULER,INFO,Proceso automático completado en 625ms,[object Object],2026-04-13 18:00:00,1,,
226,[INFO] Evento de sistema,CARTERA_SCHEDULER,INFO,Proceso automático completado en 559ms,[object Object],2026-04-13 19:00:01,1,,
227,[INFO] Evento de sistema,CARTERA_SCHEDULER,INFO,Proceso automático completado en 677ms,[object Object],2026-04-13 20:00:01,1,,
228,[INFO] Evento de sistema,CARTERA_SCHEDULER,INFO,Proceso automático completado en 566ms,[object Object],2026-04-13 21:00:01,1,,
229,[INFO] Evento de sistema,CARTERA_SCHEDULER,INFO,Proceso automático completado en 528ms,[object Object],2026-04-13 22:00:00,1,,
230,[INFO] Evento de sistema,CARTERA_SCHEDULER,INFO,Proceso automático completado en 550ms,[object Object],2026-04-13 23:00:01,1,,
231,[INFO] Evento de sistema,CARTERA_SCHEDULER,INFO,Proceso automático completado en 642ms,[object Object],2026-04-14 00:00:00,1,,
232,[INFO] Evento de sistema,CARTERA_SCHEDULER,INFO,Proceso automático completado en 1161ms,[object Object],2026-04-14 01:00:01,1,,
233,[INFO] Evento de sistema,CARTERA_SCHEDULER,INFO,Proceso automático completado en 533ms,[object Object],2026-04-14 15:00:01,1,,
234,[INFO] Evento de sistema,CARTERA_SCHEDULER,INFO,Proceso automático completado en 524ms,[object Object],2026-04-14 16:00:00,1,,
235,[INFO] Evento de sistema,CARTERA_SCHEDULER,INFO,Proceso automático completado en 661ms,[object Object],2026-04-14 17:00:01,1,,
236,[INFO] Evento de sistema,CARTERA_SCHEDULER,INFO,Proceso automático completado en 595ms,[object Object],2026-04-14 18:00:00,1,,
237,[INFO] Evento de sistema,CARTERA_SCHEDULER,INFO,Proceso automático completado en 696ms,[object Object],2026-04-14 19:00:00,1,,
238,[INFO] Evento de sistema,CARTERA_SCHEDULER,INFO,Proceso automático completado en 699ms,[object Object],2026-04-14 20:00:00,1,,
239,[INFO] Evento de sistema,CARTERA_SCHEDULER,INFO,Proceso automático completado en 536ms,[object Object],2026-04-14 21:00:00,1,,
240,[INFO] Evento de sistema,CARTERA_SCHEDULER,INFO,Proceso automático completado en 527ms,[object Object],2026-04-14 22:00:00,1,,
241,[INFO] Evento de sistema,CARTERA_SCHEDULER,INFO,Proceso automático completado en 463ms,[object Object],2026-04-14 23:00:00,1,,
242,[INFO] Evento de sistema,CARTERA_SCHEDULER,INFO,Proceso automático completado en 595ms,[object Object],2026-04-15 00:00:01,1,,
243,[INFO] Evento de sistema,CARTERA_SCHEDULER,INFO,Proceso automático completado en 701ms,[object Object],2026-04-15 01:00:00,1,,
244,[INFO] Evento de sistema,CARTERA_SCHEDULER,INFO,Proceso automático completado en 639ms,[object Object],2026-04-15 15:00:01,1,,
245,[INFO] Evento de sistema,CARTERA_SCHEDULER,INFO,Proceso automático completado en 508ms,[object Object],2026-04-15 16:00:00,1,,
246,[INFO] Evento de sistema,CARTERA_SCHEDULER,INFO,Proceso automático completado en 595ms,[object Object],2026-04-15 17:00:01,1,,
247,[INFO] Evento de sistema,CARTERA_SCHEDULER,INFO,Proceso automático completado en 487ms,[object Object],2026-04-15 18:00:01,1,,
248,[INFO] Evento de sistema,CARTERA_SCHEDULER,INFO,Proceso automático completado en 633ms,[object Object],2026-04-15 19:00:00,1,,
249,[INFO] Evento de sistema,CARTERA_SCHEDULER,INFO,Proceso automático completado en 665ms,[object Object],2026-04-15 20:00:00,1,,
250,[INFO] Evento de sistema,CARTERA_SCHEDULER,INFO,Proceso automático completado en 606ms,[object Object],2026-04-15 21:00:01,1,,
251,[INFO] Evento de sistema,CARTERA_SCHEDULER,INFO,Proceso automático completado en 557ms,[object Object],2026-04-15 22:00:01,1,,
252,[INFO] Evento de sistema,CARTERA_SCHEDULER,INFO,Proceso automático completado en 545ms,[object Object],2026-04-15 23:00:01,1,,
253,[INFO] Evento de sistema,CARTERA_SCHEDULER,INFO,Proceso automático completado en 535ms,[object Object],2026-04-16 00:00:01,1,,
254,[INFO] Evento de sistema,CARTERA_SCHEDULER,INFO,Proceso automático completado en 764ms,[object Object],2026-04-16 01:00:00,1,,
255,[INFO] Evento de sistema,CARTERA_SCHEDULER,INFO,Proceso automático completado en 533ms,[object Object],2026-04-16 15:00:01,1,,
256,[INFO] Evento de sistema,CARTERA_SCHEDULER,INFO,Proceso automático completado en 621ms,[object Object],2026-04-16 16:00:00,1,,
257,[INFO] Evento de sistema,CARTERA_SCHEDULER,INFO,Proceso automático completado en 524ms,[object Object],2026-04-16 17:00:01,1,,
258,[INFO] Evento de sistema,CARTERA_SCHEDULER,INFO,Proceso automático completado en 623ms,[object Object],2026-04-16 18:00:01,1,,
259,[INFO] Evento de sistema,CARTERA_SCHEDULER,INFO,Proceso automático completado en 499ms,[object Object],2026-04-16 19:00:00,1,,
260,[INFO] Evento de sistema,CARTERA_SCHEDULER,INFO,Proceso automático completado en 485ms,[object Object],2026-04-16 20:00:01,1,,
261,[INFO] Evento de sistema,CARTERA_SCHEDULER,INFO,Proceso automático completado en 869ms,[object Object],2026-04-16 21:00:01,1,,
262,[INFO] Evento de sistema,CARTERA_SCHEDULER,INFO,Proceso automático completado en 508ms,[object Object],2026-04-16 22:00:01,1,,
263,[INFO] Evento de sistema,CARTERA_SCHEDULER,INFO,Proceso automático completado en 502ms,[object Object],2026-04-16 23:00:01,1,,
264,[INFO] Evento de sistema,CARTERA_SCHEDULER,INFO,Proceso automático completado en 819ms,[object Object],2026-04-17 00:00:01,1,,
265,[INFO] Evento de sistema,CARTERA_SCHEDULER,INFO,Proceso automático completado en 910ms,[object Object],2026-04-17 01:00:00,1,,
266,[INFO] Evento de sistema,CARTERA_SCHEDULER,INFO,Proceso automático completado en 511ms,[object Object],2026-04-17 13:58:45,1,,
267,[INFO] Evento de sistema,CARTERA_SCHEDULER,INFO,Proceso automático completado en 722ms,[object Object],2026-04-17 15:00:01,1,,
268,[INFO] Evento de sistema,CARTERA_SCHEDULER,INFO,Proceso automático completado en 905ms,[object Object],2026-04-17 16:00:01,1,,
269,[INFO] Evento de sistema,CARTERA_SCHEDULER,INFO,Proceso automático completado en 1089ms,[object Object],2026-04-17 16:56:39,1,,
270,[INFO] Evento de sistema,CARTERA_SCHEDULER,INFO,Proceso automático completado en 598ms,[object Object],2026-04-17 17:00:00,1,,
271,[INFO] Evento de sistema,CARTERA_SCHEDULER,INFO,Proceso automático completado en 621ms,[object Object],2026-04-17 17:39:30,1,,
272,[INFO] Evento de sistema,CARTERA_SCHEDULER,INFO,Proceso automático completado en 553ms,[object Object],2026-04-17 17:42:35,1,,
273,[INFO] Evento de sistema,CARTERA_SCHEDULER,INFO,Proceso automático completado en 519ms,[object Object],2026-04-17 17:44:16,1,,
274,[INFO] Evento de sistema,CARTERA_SCHEDULER,INFO,Proceso automático completado en 662ms,[object Object],2026-04-17 18:00:01,1,,
275,[INFO] Evento de sistema,CARTERA_SCHEDULER,INFO,Proceso automático completado en 543ms,[object Object],2026-04-17 18:40:12,1,,
276,[INFO] Evento de sistema,CARTERA_SCHEDULER,INFO,Proceso automático completado en 546ms,[object Object],2026-04-17 18:55:38,1,,
277,[INFO] Evento de sistema,CARTERA_SCHEDULER,INFO,Proceso automático completado en 519ms,[object Object],2026-04-17 19:00:01,1,,
278,[INFO] Evento de sistema,CARTERA_SCHEDULER,INFO,Proceso automático completado en 590ms,[object Object],2026-04-17 20:00:01,1,,
279,[INFO] Evento de sistema,CARTERA_SCHEDULER,INFO,Proceso automático completado en 606ms,[object Object],2026-04-17 21:00:01,1,,
280,[INFO] Evento de sistema,CARTERA_SCHEDULER,INFO,Proceso automático completado en 545ms,[object Object],2026-04-17 22:00:01,1,,
281,[INFO] Evento de sistema,CARTERA_SCHEDULER,INFO,Proceso automático completado en 621ms,[object Object],2026-04-17 23:00:01,1,,
282,[INFO] Evento de sistema,CARTERA_SCHEDULER,INFO,Proceso automático completado en 660ms,[object Object],2026-04-18 00:00:01,1,,
283,[INFO] Evento de sistema,CARTERA_SCHEDULER,INFO,Proceso automático completado en 1026ms,[object Object],2026-04-18 01:00:01,1,,
284,[INFO] Evento de sistema,CARTERA_SCHEDULER,INFO,Proceso automático completado en 562ms,[object Object],2026-04-18 15:00:00,1,,
285,[INFO] Evento de sistema,CARTERA_SCHEDULER,INFO,Proceso automático completado en 579ms,[object Object],2026-04-18 16:00:00,1,,
286,[INFO] Evento de sistema,CARTERA_SCHEDULER,INFO,Proceso automático completado en 545ms,[object Object],2026-04-18 17:00:01,1,,
287,[INFO] Evento de sistema,CARTERA_SCHEDULER,INFO,Proceso automático completado en 498ms,[object Object],2026-04-18 18:00:01,1,,
288,[INFO] Evento de sistema,CARTERA_SCHEDULER,INFO,Proceso automático completado en 622ms,[object Object],2026-04-18 19:00:00,1,,
289,[INFO] Evento de sistema,CARTERA_SCHEDULER,INFO,Proceso automático completado en 624ms,[object Object],2026-04-18 20:00:01,1,,
290,[INFO] Evento de sistema,CARTERA_SCHEDULER,INFO,Proceso automático completado en 544ms,[object Object],2026-04-18 21:00:01,1,,
291,[INFO] Evento de sistema,CARTERA_SCHEDULER,INFO,Proceso automático completado en 579ms,[object Object],2026-04-18 22:00:00,1,,
292,[INFO] Evento de sistema,CARTERA_SCHEDULER,INFO,Proceso automático completado en 665ms,[object Object],2026-04-18 23:00:01,1,,
293,[INFO] Evento de sistema,CARTERA_SCHEDULER,INFO,Proceso automático completado en 601ms,[object Object],2026-04-19 00:00:01,1,,
294,[INFO] Evento de sistema,CARTERA_SCHEDULER,INFO,Proceso automático completado en 1992ms,[object Object],2026-04-19 01:00:02,1,,
295,[INFO] Evento de sistema,CARTERA_SCHEDULER,INFO,Proceso automático completado en 550ms,[object Object],2026-04-19 08:03:31,1,,
296,[INFO] Evento de sistema,CARTERA_SCHEDULER,INFO,Proceso automático completado en 557ms,[object Object],2026-04-19 15:00:00,1,,
297,[INFO] Evento de sistema,CARTERA_SCHEDULER,INFO,Proceso automático completado en 526ms,[object Object],2026-04-19 16:00:00,1,,
298,[INFO] Evento de sistema,CARTERA_SCHEDULER,INFO,Proceso automático completado en 522ms,[object Object],2026-04-19 17:00:00,1,,
299,[INFO] Evento de sistema,CARTERA_SCHEDULER,INFO,Proceso automático completado en 506ms,[object Object],2026-04-19 18:00:01,1,,
300,[INFO] Evento de sistema,CARTERA_SCHEDULER,INFO,Proceso automático completado en 543ms,[object Object],2026-04-19 19:00:00,1,,
301,[INFO] Evento de sistema,CARTERA_SCHEDULER,INFO,Proceso automático completado en 563ms,[object Object],2026-04-19 20:00:00,1,,
302,[INFO] Evento de sistema,CARTERA_SCHEDULER,INFO,Proceso automático completado en 545ms,[object Object],2026-04-19 21:00:00,1,,
303,[INFO] Evento de sistema,CARTERA_SCHEDULER,INFO,Proceso automático completado en 727ms,[object Object],2026-04-19 22:00:01,1,,
304,[INFO] Evento de sistema,CARTERA_SCHEDULER,INFO,Proceso automático completado en 542ms,[object Object],2026-04-19 23:00:00,1,,
305,[INFO] Evento de sistema,CARTERA_SCHEDULER,INFO,Proceso automático completado en 586ms,[object Object],2026-04-20 00:00:01,1,,
306,[INFO] Evento de sistema,CARTERA_SCHEDULER,INFO,Proceso automático completado en 870ms,[object Object],2026-04-20 01:00:00,1,,
307,[INFO] Evento de sistema,CARTERA_SCHEDULER,INFO,Proceso automático completado en 594ms,[object Object],2026-04-20 15:00:00,1,,
308,[INFO] Evento de sistema,CARTERA_SCHEDULER,INFO,Proceso automático completado en 539ms,[object Object],2026-04-20 15:30:11,1,,
309,[INFO] Evento de sistema,CARTERA_SCHEDULER,INFO,Proceso automático completado en 583ms,[object Object],2026-04-20 16:00:00,1,,
310,[INFO] Evento de sistema,CARTERA_SCHEDULER,INFO,Proceso automático completado en 567ms,[object Object],2026-04-20 17:00:00,1,,
311,[INFO] Evento de sistema,CARTERA_SCHEDULER,INFO,Proceso automático completado en 695ms,[object Object],2026-04-20 18:00:01,1,,
312,[INFO] Evento de sistema,CARTERA_SCHEDULER,INFO,Proceso automático completado en 582ms,[object Object],2026-04-20 19:00:00,1,,
313,[INFO] Evento de sistema,CARTERA_SCHEDULER,INFO,Proceso automático completado en 612ms,[object Object],2026-04-20 20:00:00,1,,
314,[INFO] Evento de sistema,CARTERA_SCHEDULER,INFO,Proceso automático completado en 704ms,[object Object],2026-04-20 21:00:01,1,,
315,[INFO] Evento de sistema,CARTERA_SCHEDULER,INFO,Proceso automático completado en 643ms,[object Object],2026-04-20 22:00:00,1,,
316,[INFO] Evento de sistema,CARTERA_SCHEDULER,INFO,Proceso automático completado en 518ms,[object Object],2026-04-20 23:00:00,1,,
317,[INFO] Evento de sistema,CARTERA_SCHEDULER,INFO,Proceso automático completado en 699ms,[object Object],2026-04-21 00:00:00,1,,
318,[INFO] Evento de sistema,CARTERA_SCHEDULER,INFO,Proceso automático completado en 805ms,[object Object],2026-04-21 01:00:00,1,,
319,[INFO] Evento de sistema,CARTERA_SCHEDULER,INFO,Proceso automático completado en 637ms,[object Object],2026-04-21 15:00:00,1,,
320,[INFO] Evento de sistema,CARTERA_SCHEDULER,INFO,Proceso automático completado en 619ms,[object Object],2026-04-21 16:00:00,1,,
321,[INFO] Evento de sistema,CARTERA_SCHEDULER,INFO,Proceso automático completado en 623ms,[object Object],2026-04-21 17:00:00,1,,
322,[INFO] Evento de sistema,CARTERA_SCHEDULER,INFO,Proceso automático completado en 825ms,[object Object],2026-04-21 18:00:01,1,,
323,[INFO] Evento de sistema,CARTERA_SCHEDULER,INFO,Proceso automático completado en 589ms,[object Object],2026-04-21 19:00:00,1,,
324,[INFO] Evento de sistema,CARTERA_SCHEDULER,INFO,Proceso automático completado en 746ms,[object Object],2026-04-21 20:00:00,1,,
325,[INFO] Evento de sistema,CARTERA_SCHEDULER,INFO,Proceso automático completado en 626ms,[object Object],2026-04-21 21:00:00,1,,
326,[INFO] Evento de sistema,CARTERA_SCHEDULER,INFO,Proceso automático completado en 628ms,[object Object],2026-04-21 22:00:00,1,,
327,[INFO] Evento de sistema,CARTERA_SCHEDULER,INFO,Proceso automático completado en 532ms,[object Object],2026-04-21 23:00:00,1,,
328,[INFO] Evento de sistema,CARTERA_SCHEDULER,INFO,Proceso automático completado en 667ms,[object Object],2026-04-22 00:00:01,1,,
329,[INFO] Evento de sistema,CARTERA_SCHEDULER,INFO,Proceso automático completado en 789ms,[object Object],2026-04-22 01:00:00,1,,
330,[INFO] Evento de sistema,CARTERA_SCHEDULER,INFO,Proceso automático completado en 720ms,[object Object],2026-04-22 15:00:01,1,,
331,[INFO] Evento de sistema,CARTERA_SCHEDULER,INFO,Proceso automático completado en 591ms,[object Object],2026-04-22 16:00:00,1,,
332,[INFO] Evento de sistema,CARTERA_SCHEDULER,INFO,Proceso automático completado en 830ms,[object Object],2026-04-22 17:00:01,1,,
333,[INFO] Evento de sistema,CARTERA_SCHEDULER,INFO,Proceso automático completado en 563ms,[object Object],2026-04-22 18:00:00,1,,
334,[INFO] Evento de sistema,CARTERA_SCHEDULER,INFO,Proceso automático completado en 440ms,[object Object],2026-04-22 18:12:41,1,,
335,[INFO] Evento de sistema,CARTERA_SCHEDULER,INFO,Proceso automático completado en 602ms,[object Object],2026-04-22 19:00:00,1,,
336,[INFO] Evento de sistema,CARTERA_SCHEDULER,INFO,Proceso automático completado en 633ms,[object Object],2026-04-22 20:00:00,1,,
337,[INFO] Evento de sistema,CARTERA_SCHEDULER,INFO,Proceso automático completado en 562ms,[object Object],2026-04-22 21:00:00,1,,
338,[INFO] Evento de sistema,CARTERA_SCHEDULER,INFO,Proceso automático completado en 595ms,[object Object],2026-04-22 22:00:00,1,,
339,[INFO] Evento de sistema,CARTERA_SCHEDULER,INFO,Proceso automático completado en 563ms,[object Object],2026-04-22 23:00:00,1,,
340,[INFO] Evento de sistema,CARTERA_SCHEDULER,INFO,Proceso automático completado en 537ms,[object Object],2026-04-23 00:00:01,1,,
341,[INFO] Evento de sistema,CARTERA_SCHEDULER,INFO,Proceso automático completado en 599ms,[object Object],2026-04-23 01:00:00,1,,
342,[INFO] Evento de sistema,CARTERA_SCHEDULER,INFO,Proceso automático completado en 717ms,[object Object],2026-04-23 15:00:00,1,,
343,[INFO] Evento de sistema,CARTERA_SCHEDULER,INFO,Proceso automático completado en 538ms,[object Object],2026-04-23 16:00:00,1,,
344,[INFO] Evento de sistema,CARTERA_SCHEDULER,INFO,Proceso automático completado en 747ms,[object Object],2026-04-23 17:00:00,1,,
345,[INFO] Evento de sistema,CARTERA_SCHEDULER,INFO,Proceso automático completado en 844ms,[object Object],2026-04-23 18:00:01,1,,
346,[INFO] Evento de sistema,CARTERA_SCHEDULER,INFO,Proceso automático completado en 1059ms,[object Object],2026-04-23 19:00:01,1,,
347,[INFO] Evento de sistema,CARTERA_SCHEDULER,INFO,Proceso automático completado en 1088ms,[object Object],2026-04-23 20:00:01,1,,
348,[INFO] Evento de sistema,CARTERA_SCHEDULER,INFO,Proceso automático completado en 732ms,[object Object],2026-04-23 21:00:01,1,,
349,[INFO] Evento de sistema,CARTERA_SCHEDULER,INFO,Proceso automático completado en 665ms,[object Object],2026-04-23 22:00:00,1,,
350,[INFO] Evento de sistema,CARTERA_SCHEDULER,INFO,Proceso automático completado en 495ms,[object Object],2026-04-23 23:00:00,1,,
351,[INFO] Evento de sistema,CARTERA_SCHEDULER,INFO,Proceso automático completado en 586ms,[object Object],2026-04-24 00:00:00,1,,
352,[INFO] Evento de sistema,CARTERA_SCHEDULER,INFO,Proceso automático completado en 691ms,[object Object],2026-04-24 01:00:00,1,,
353,[INFO] Evento de sistema,CARTERA_SCHEDULER,INFO,Proceso automático completado en 479ms,[object Object],2026-04-24 14:24:48,1,,
354,[INFO] Evento de sistema,CARTERA_SCHEDULER,INFO,Proceso automático completado en 639ms,[object Object],2026-04-24 15:00:00,1,,
355,[INFO] Evento de sistema,CARTERA_SCHEDULER,INFO,Proceso automático completado en 596ms,[object Object],2026-04-24 16:00:00,1,,
356,[INFO] Evento de sistema,CARTERA_SCHEDULER,INFO,Proceso automático completado en 792ms,[object Object],2026-04-24 17:00:00,1,,
357,[INFO] Evento de sistema,CARTERA_SCHEDULER,INFO,Proceso automático completado en 812ms,[object Object],2026-04-24 18:00:01,1,,
358,[INFO] Evento de sistema,CARTERA_SCHEDULER,INFO,Proceso automático completado en 543ms,[object Object],2026-04-24 19:00:00,1,,
359,[INFO] Evento de sistema,CARTERA_SCHEDULER,INFO,Proceso automático completado en 742ms,[object Object],2026-04-24 20:00:00,1,,
360,[INFO] Evento de sistema,CARTERA_SCHEDULER,INFO,Proceso automático completado en 605ms,[object Object],2026-04-24 21:00:00,1,,
361,[INFO] Evento de sistema,CARTERA_SCHEDULER,INFO,Proceso automático completado en 605ms,[object Object],2026-04-24 22:00:00,1,,
362,[INFO] Evento de sistema,CARTERA_SCHEDULER,INFO,Proceso automático completado en 556ms,[object Object],2026-04-24 23:00:00,1,,
363,[INFO] Evento de sistema,CARTERA_SCHEDULER,INFO,Proceso automático completado en 598ms,[object Object],2026-04-25 00:00:00,1,,
364,[INFO] Evento de sistema,CARTERA_SCHEDULER,INFO,Proceso automático completado en 785ms,[object Object],2026-04-25 01:00:00,1,,
365,[INFO] Evento de sistema,CARTERA_SCHEDULER,INFO,Proceso automático completado en 720ms,[object Object],2026-04-25 15:00:01,1,,
366,[INFO] Evento de sistema,CARTERA_SCHEDULER,INFO,Proceso automático completado en 517ms,[object Object],2026-04-25 16:00:00,1,,
367,[INFO] Evento de sistema,CARTERA_SCHEDULER,INFO,Proceso automático completado en 661ms,[object Object],2026-04-25 17:00:00,1,,
368,[INFO] Evento de sistema,CARTERA_SCHEDULER,INFO,Proceso automático completado en 476ms,[object Object],2026-04-25 17:30:30,1,,
369,[INFO] Evento de sistema,CARTERA_SCHEDULER,INFO,Proceso automático completado en 531ms,[object Object],2026-04-25 18:00:00,1,,
370,[INFO] Evento de sistema,CARTERA_SCHEDULER,INFO,Proceso automático completado en 504ms,[object Object],2026-04-25 19:00:00,1,,
371,[INFO] Evento de sistema,CARTERA_SCHEDULER,INFO,Proceso automático completado en 630ms,[object Object],2026-04-25 20:00:00,1,,
372,[INFO] Evento de sistema,CARTERA_SCHEDULER,INFO,Proceso automático completado en 541ms,[object Object],2026-04-25 21:00:00,1,,
373,[INFO] Evento de sistema,CARTERA_SCHEDULER,INFO,Proceso automático completado en 516ms,[object Object],2026-04-25 22:00:00,1,,
374,[INFO] Evento de sistema,CARTERA_SCHEDULER,INFO,Proceso automático completado en 525ms,[object Object],2026-04-25 23:00:00,1,,
375,[INFO] Evento de sistema,CARTERA_SCHEDULER,INFO,Proceso automático completado en 603ms,[object Object],2026-04-26 00:00:01,1,,
376,[INFO] Evento de sistema,CARTERA_SCHEDULER,INFO,Proceso automático completado en 1011ms,[object Object],2026-04-26 01:00:01,1,,
377,[INFO] Evento de sistema,CARTERA_SCHEDULER,INFO,Proceso automático completado en 603ms,[object Object],2026-04-26 15:00:00,1,,
378,[INFO] Evento de sistema,CARTERA_SCHEDULER,INFO,Proceso automático completado en 566ms,[object Object],2026-04-26 16:00:00,1,,
379,[INFO] Evento de sistema,CARTERA_SCHEDULER,INFO,Proceso automático completado en 670ms,[object Object],2026-04-26 17:00:00,1,,
380,[INFO] Evento de sistema,CARTERA_SCHEDULER,INFO,Proceso automático completado en 661ms,[object Object],2026-04-26 18:00:01,1,,
381,[INFO] Evento de sistema,CARTERA_SCHEDULER,INFO,Proceso automático completado en 576ms,[object Object],2026-04-26 19:00:00,1,,
382,[INFO] Evento de sistema,CARTERA_SCHEDULER,INFO,Proceso automático completado en 643ms,[object Object],2026-04-26 20:00:00,1,,
383,[INFO] Evento de sistema,CARTERA_SCHEDULER,INFO,Proceso automático completado en 556ms,[object Object],2026-04-26 21:00:00,1,,
384,[INFO] Evento de sistema,CARTERA_SCHEDULER,INFO,Proceso automático completado en 542ms,[object Object],2026-04-26 22:00:01,1,,
385,[INFO] Evento de sistema,CARTERA_SCHEDULER,INFO,Proceso automático completado en 652ms,[object Object],2026-04-26 23:00:00,1,,
386,[INFO] Evento de sistema,CARTERA_SCHEDULER,INFO,Proceso automático completado en 642ms,[object Object],2026-04-27 00:00:00,1,,
387,[INFO] Evento de sistema,CARTERA_SCHEDULER,INFO,Proceso automático completado en 910ms,[object Object],2026-04-27 01:00:00,1,,
388,[INFO] Evento de sistema,CARTERA_SCHEDULER,INFO,Proceso automático completado en 807ms,[object Object],2026-04-27 15:00:01,1,,
389,[INFO] Evento de sistema,CARTERA_SCHEDULER,INFO,Proceso automático completado en 584ms,[object Object],2026-04-27 16:00:00,1,,
390,[INFO] Evento de sistema,CARTERA_SCHEDULER,INFO,Proceso automático completado en 624ms,[object Object],2026-04-27 16:29:51,1,,
391,[INFO] Evento de sistema,CARTERA_SCHEDULER,INFO,Proceso automático completado en 513ms,[object Object],2026-04-27 16:29:52,1,,
392,[INFO] Evento de sistema,CARTERA_SCHEDULER,INFO,Proceso automático completado en 739ms,[object Object],2026-04-27 17:00:01,1,,
393,[INFO] Evento de sistema,CARTERA_SCHEDULER,INFO,Proceso automático completado en 692ms,[object Object],2026-04-27 18:00:00,1,,
394,[INFO] Evento de sistema,CARTERA_SCHEDULER,INFO,Proceso automático completado en 610ms,[object Object],2026-04-27 19:00:00,1,,
395,[INFO] Evento de sistema,CARTERA_SCHEDULER,INFO,Proceso automático completado en 890ms,[object Object],2026-04-27 20:00:01,1,,
396,[INFO] Evento de sistema,CARTERA_SCHEDULER,INFO,Proceso automático completado en 721ms,[object Object],2026-04-27 21:00:00,1,,
397,[INFO] Evento de sistema,CARTERA_SCHEDULER,INFO,Proceso automático completado en 610ms,[object Object],2026-04-27 22:00:00,1,,
398,[INFO] Evento de sistema,CARTERA_SCHEDULER,INFO,Proceso automático completado en 639ms,[object Object],2026-04-27 23:00:00,1,,
399,[INFO] Evento de sistema,CARTERA_SCHEDULER,INFO,Proceso automático completado en 609ms,[object Object],2026-04-28 00:00:00,1,,
400,[INFO] Evento de sistema,CARTERA_SCHEDULER,INFO,Proceso automático completado en 1071ms,[object Object],2026-04-28 01:00:01,1,,
401,[INFO] Evento de sistema,CARTERA_SCHEDULER,INFO,Proceso automático completado en 648ms,[object Object],2026-04-28 15:00:01,1,,
402,[INFO] Evento de sistema,CARTERA_SCHEDULER,INFO,Proceso automático completado en 552ms,[object Object],2026-04-28 16:00:00,1,,
403,[INFO] Evento de sistema,CARTERA_SCHEDULER,INFO,Proceso automático completado en 641ms,[object Object],2026-04-28 17:00:00,1,,
404,[INFO] Evento de sistema,CARTERA_SCHEDULER,INFO,Proceso automático completado en 642ms,[object Object],2026-04-28 18:00:00,1,,
405,[INFO] Evento de sistema,CARTERA_SCHEDULER,INFO,Proceso automático completado en 709ms,[object Object],2026-04-28 19:00:01,1,,
406,[INFO] Evento de sistema,CARTERA_SCHEDULER,INFO,Proceso automático completado en 815ms,[object Object],2026-04-28 20:00:01,1,,
407,[INFO] Evento de sistema,CARTERA_SCHEDULER,INFO,Proceso automático completado en 638ms,[object Object],2026-04-28 21:00:00,1,,
408,[INFO] Evento de sistema,CARTERA_SCHEDULER,INFO,Proceso automático completado en 592ms,[object Object],2026-04-28 22:00:00,1,,
409,[INFO] Evento de sistema,CARTERA_SCHEDULER,INFO,Proceso automático completado en 577ms,[object Object],2026-04-28 23:00:00,1,,
410,[INFO] Evento de sistema,CARTERA_SCHEDULER,INFO,Proceso automático completado en 853ms,[object Object],2026-04-29 00:00:00,1,,
411,[INFO] Evento de sistema,CARTERA_SCHEDULER,INFO,Proceso automático completado en 1137ms,[object Object],2026-04-29 01:00:01,1,,
412,[INFO] Evento de sistema,CARTERA_SCHEDULER,INFO,Proceso automático completado en 718ms,[object Object],2026-04-29 15:00:00,1,,
413,[INFO] Evento de sistema,CARTERA_SCHEDULER,INFO,Proceso automático completado en 622ms,[object Object],2026-04-29 16:00:00,1,,
414,[INFO] Evento de sistema,CARTERA_SCHEDULER,INFO,Proceso automático completado en 677ms,[object Object],2026-04-29 17:00:00,1,,
415,[INFO] Evento de sistema,CARTERA_SCHEDULER,INFO,Proceso automático completado en 580ms,[object Object],2026-04-29 18:00:00,1,,
416,[INFO] Evento de sistema,CARTERA_SCHEDULER,INFO,Proceso automático completado en 676ms,[object Object],2026-04-29 19:00:00,1,,
417,[INFO] Evento de sistema,CARTERA_SCHEDULER,INFO,Proceso automático completado en 645ms,[object Object],2026-04-29 20:00:00,1,,
418,[INFO] Evento de sistema,CARTERA_SCHEDULER,INFO,Proceso automático completado en 604ms,[object Object],2026-04-29 21:00:00,1,,
419,[INFO] Evento de sistema,CARTERA_SCHEDULER,INFO,Proceso automático completado en 720ms,[object Object],2026-04-29 22:00:00,1,,
420,[INFO] Evento de sistema,CARTERA_SCHEDULER,INFO,Proceso automático completado en 630ms,[object Object],2026-04-29 23:00:00,1,,
421,[INFO] Evento de sistema,CARTERA_SCHEDULER,INFO,Proceso automático completado en 577ms,[object Object],2026-04-30 00:00:00,1,,
422,[INFO] Evento de sistema,CARTERA_SCHEDULER,INFO,Proceso automático completado en 706ms,[object Object],2026-04-30 01:00:00,1,,
423,[INFO] Evento de sistema,CARTERA_SCHEDULER,INFO,Proceso automático completado en 549ms,[object Object],2026-04-30 13:57:26,1,,
424,[INFO] Evento de sistema,CARTERA_SCHEDULER,INFO,Proceso automático completado en 886ms,[object Object],2026-04-30 15:00:01,1,,
425,[INFO] Evento de sistema,CARTERA_SCHEDULER,INFO,Proceso automático completado en 632ms,[object Object],2026-04-30 16:00:00,1,,
426,[INFO] Evento de sistema,CARTERA_SCHEDULER,INFO,Proceso automático completado en 589ms,[object Object],2026-04-30 17:00:00,1,,
427,[INFO] Evento de sistema,CARTERA_SCHEDULER,INFO,Proceso automático completado en 501ms,[object Object],2026-04-30 18:00:00,1,,
428,[INFO] Evento de sistema,CARTERA_SCHEDULER,INFO,Proceso automático completado en 689ms,[object Object],2026-04-30 19:00:00,1,,
429,[INFO] Evento de sistema,CARTERA_SCHEDULER,INFO,Proceso automático completado en 625ms,[object Object],2026-04-30 20:00:00,1,,
430,[INFO] Evento de sistema,CARTERA_SCHEDULER,INFO,Proceso automático completado en 585ms,[object Object],2026-04-30 21:00:00,1,,
431,[INFO] Evento de sistema,CARTERA_SCHEDULER,INFO,Proceso automático completado en 577ms,[object Object],2026-04-30 22:00:00,1,,
432,[INFO] Evento de sistema,CARTERA_SCHEDULER,INFO,Proceso automático completado en 571ms,[object Object],2026-04-30 23:00:00,1,,
433,[INFO] Evento de sistema,CARTERA_SCHEDULER,INFO,Proceso automático completado en 530ms,[object Object],2026-05-01 00:00:00,1,,
434,[INFO] Evento de sistema,CARTERA_SCHEDULER,INFO,Proceso automático completado en 644ms,[object Object],2026-05-01 01:00:00,1,,
435,[INFO] Evento de sistema,CARTERA_SCHEDULER,INFO,Proceso automático completado en 552ms,[object Object],2026-05-01 15:00:00,1,,
436,[INFO] Evento de sistema,CARTERA_SCHEDULER,INFO,Proceso automático completado en 520ms,[object Object],2026-05-01 16:00:00,1,,
437,[INFO] Evento de sistema,CARTERA_SCHEDULER,INFO,Proceso automático completado en 610ms,[object Object],2026-05-01 17:00:00,1,,
438,[INFO] Evento de sistema,CARTERA_SCHEDULER,INFO,Proceso automático completado en 501ms,[object Object],2026-05-01 18:00:00,1,,
439,[INFO] Evento de sistema,CARTERA_SCHEDULER,INFO,Proceso automático completado en 571ms,[object Object],2026-05-01 19:00:00,1,,
440,[INFO] Evento de sistema,CARTERA_SCHEDULER,INFO,Proceso automático completado en 635ms,[object Object],2026-05-01 20:00:00,1,,
441,[INFO] Evento de sistema,CARTERA_SCHEDULER,INFO,Proceso automático completado en 564ms,[object Object],2026-05-01 21:00:00,1,,
442,[INFO] Evento de sistema,CARTERA_SCHEDULER,INFO,Proceso automático completado en 576ms,[object Object],2026-05-01 22:00:00,1,,
443,[INFO] Evento de sistema,CARTERA_SCHEDULER,INFO,Proceso automático completado en 712ms,[object Object],2026-05-01 23:00:00,1,,
444,[INFO] Evento de sistema,CARTERA_SCHEDULER,INFO,Proceso automático completado en 689ms,[object Object],2026-05-02 00:00:00,1,,
445,[INFO] Evento de sistema,CARTERA_SCHEDULER,INFO,Proceso automático completado en 641ms,[object Object],2026-05-02 01:00:00,1,,
446,[INFO] Evento de sistema,CARTERA_SCHEDULER,INFO,Proceso automático completado en 839ms,[object Object],2026-05-02 15:00:00,1,,
447,[INFO] Evento de sistema,CARTERA_SCHEDULER,INFO,Proceso automático completado en 607ms,[object Object],2026-05-02 16:00:00,1,,
448,[INFO] Evento de sistema,CARTERA_SCHEDULER,INFO,Proceso automático completado en 499ms,[object Object],2026-05-02 17:00:00,1,,
449,[INFO] Evento de sistema,CARTERA_SCHEDULER,INFO,Proceso automático completado en 590ms,[object Object],2026-05-02 18:00:00,1,,
450,[INFO] Evento de sistema,CARTERA_SCHEDULER,INFO,Proceso automático completado en 599ms,[object Object],2026-05-02 19:00:00,1,,
451,[INFO] Evento de sistema,CARTERA_SCHEDULER,INFO,Proceso automático completado en 525ms,[object Object],2026-05-02 20:00:00,1,,
452,[INFO] Evento de sistema,CARTERA_SCHEDULER,INFO,Proceso automático completado en 546ms,[object Object],2026-05-02 21:00:00,1,,
453,[INFO] Evento de sistema,CARTERA_SCHEDULER,INFO,Proceso automático completado en 602ms,[object Object],2026-05-02 22:00:00,1,,
454,[INFO] Evento de sistema,CARTERA_SCHEDULER,INFO,Proceso automático completado en 665ms,[object Object],2026-05-02 23:00:00,1,,
455,[INFO] Evento de sistema,CARTERA_SCHEDULER,INFO,Proceso automático completado en 565ms,[object Object],2026-05-03 00:00:00,1,,
456,[INFO] Evento de sistema,CARTERA_SCHEDULER,INFO,Proceso automático completado en 651ms,[object Object],2026-05-03 01:00:00,1,,
457,[INFO] Evento de sistema,CARTERA_SCHEDULER,INFO,Proceso automático completado en 586ms,[object Object],2026-05-03 15:00:00,1,,
458,[INFO] Evento de sistema,CARTERA_SCHEDULER,INFO,Proceso automático completado en 583ms,[object Object],2026-05-03 16:00:00,1,,
459,[INFO] Evento de sistema,CARTERA_SCHEDULER,INFO,Proceso automático completado en 555ms,[object Object],2026-05-03 17:00:00,1,,
460,[INFO] Evento de sistema,CARTERA_SCHEDULER,INFO,Proceso automático completado en 513ms,[object Object],2026-05-03 18:00:00,1,,
461,[INFO] Evento de sistema,CARTERA_SCHEDULER,INFO,Proceso automático completado en 616ms,[object Object],2026-05-03 19:00:00,1,,
462,[INFO] Evento de sistema,CARTERA_SCHEDULER,INFO,Proceso automático completado en 534ms,[object Object],2026-05-03 20:00:00,1,,
463,[INFO] Evento de sistema,CARTERA_SCHEDULER,INFO,Proceso automático completado en 551ms,[object Object],2026-05-03 21:00:00,1,,
464,[INFO] Evento de sistema,CARTERA_SCHEDULER,INFO,Proceso automático completado en 533ms,[object Object],2026-05-03 22:00:00,1,,
465,[INFO] Evento de sistema,CARTERA_SCHEDULER,INFO,Proceso automático completado en 623ms,[object Object],2026-05-03 23:00:00,1,,
466,[INFO] Evento de sistema,CARTERA_SCHEDULER,INFO,Proceso automático completado en 475ms,[object Object],2026-05-04 00:00:00,1,,
467,[INFO] Evento de sistema,CARTERA_SCHEDULER,INFO,Proceso automático completado en 683ms,[object Object],2026-05-04 01:00:00,1,,
468,[INFO] Evento de sistema,CARTERA_SCHEDULER,INFO,Proceso automático completado en 483ms,[object Object],2026-05-04 15:00:00,1,,
469,[INFO] Evento de sistema,CARTERA_SCHEDULER,INFO,Proceso automático completado en 998ms,[object Object],2026-05-04 16:00:01,1,,
470,[INFO] Evento de sistema,CARTERA_SCHEDULER,INFO,Proceso automático completado en 491ms,[object Object],2026-05-04 17:00:00,1,,
471,[INFO] Evento de sistema,CARTERA_SCHEDULER,INFO,Proceso automático completado en 576ms,[object Object],2026-05-04 18:00:00,1,,
472,[INFO] Evento de sistema,CARTERA_SCHEDULER,INFO,Proceso automático completado en 507ms,[object Object],2026-05-04 19:00:00,1,,
473,[INFO] Evento de sistema,CARTERA_SCHEDULER,INFO,Proceso automático completado en 591ms,[object Object],2026-05-04 20:00:00,1,,
474,[INFO] Evento de sistema,CARTERA_SCHEDULER,INFO,Proceso automático completado en 615ms,[object Object],2026-05-04 21:00:00,1,,
475,[INFO] Evento de sistema,CARTERA_SCHEDULER,INFO,Proceso automático completado en 682ms,[object Object],2026-05-04 22:00:00,1,,
476,[INFO] Evento de sistema,CARTERA_SCHEDULER,INFO,Proceso automático completado en 456ms,[object Object],2026-05-04 23:00:00,1,,
477,[INFO] Evento de sistema,CARTERA_SCHEDULER,INFO,Proceso automático completado en 611ms,[object Object],2026-05-05 00:00:00,1,,
478,[INFO] Evento de sistema,CARTERA_SCHEDULER,INFO,Proceso automático completado en 788ms,[object Object],2026-05-05 01:00:00,1,,
479,[INFO] Evento de sistema,CARTERA_SCHEDULER,INFO,Proceso automático completado en 585ms,[object Object],2026-05-05 15:00:00,1,,
480,[INFO] Evento de sistema,CARTERA_SCHEDULER,INFO,Proceso automático completado en 554ms,[object Object],2026-05-05 16:00:00,1,,
481,[INFO] Evento de sistema,CARTERA_SCHEDULER,INFO,Proceso automático completado en 681ms,[object Object],2026-05-05 17:00:00,1,,
482,[INFO] Evento de sistema,CARTERA_SCHEDULER,INFO,Proceso automático completado en 1815ms,[object Object],2026-05-05 18:00:01,1,,
483,[INFO] Evento de sistema,CARTERA_SCHEDULER,INFO,Proceso automático completado en 635ms,[object Object],2026-05-05 19:00:00,1,,
484,[INFO] Evento de sistema,CARTERA_SCHEDULER,INFO,Proceso automático completado en 703ms,[object Object],2026-05-05 20:00:00,1,,
485,[INFO] Evento de sistema,CARTERA_SCHEDULER,INFO,Proceso automático completado en 507ms,[object Object],2026-05-05 21:00:00,1,,
486,[INFO] Evento de sistema,CARTERA_SCHEDULER,INFO,Proceso automático completado en 723ms,[object Object],2026-05-05 22:00:00,1,,
487,[INFO] Evento de sistema,CARTERA_SCHEDULER,INFO,Proceso automático completado en 647ms,[object Object],2026-05-05 23:00:00,1,,
488,[INFO] Evento de sistema,CARTERA_SCHEDULER,INFO,Proceso automático completado en 617ms,[object Object],2026-05-06 00:00:00,1,,
489,[INFO] Evento de sistema,CARTERA_SCHEDULER,INFO,Proceso automático completado en 764ms,[object Object],2026-05-06 01:00:00,1,,
490,[INFO] Evento de sistema,CARTERA_SCHEDULER,INFO,Proceso automático completado en 526ms,[object Object],2026-05-06 13:54:26,1,,
491,[INFO] Evento de sistema,CARTERA_SCHEDULER,INFO,Proceso automático completado en 643ms,[object Object],2026-05-06 15:00:00,1,,
492,[INFO] Evento de sistema,CARTERA_SCHEDULER,INFO,Proceso automático completado en 589ms,[object Object],2026-05-06 16:00:00,1,,
493,[INFO] Evento de sistema,CARTERA_SCHEDULER,INFO,Proceso automático completado en 499ms,[object Object],2026-05-06 16:54:52,1,,
494,[INFO] Evento de sistema,CARTERA_SCHEDULER,INFO,Proceso automático completado en 625ms,[object Object],2026-05-06 17:00:00,1,,
495,[INFO] Evento de sistema,CARTERA_SCHEDULER,INFO,Proceso automático completado en 574ms,[object Object],2026-05-06 18:00:00,1,,
496,[INFO] Evento de sistema,CARTERA_SCHEDULER,INFO,Proceso automático completado en 570ms,[object Object],2026-05-06 19:00:00,1,,
497,[INFO] Evento de sistema,CARTERA_SCHEDULER,INFO,Proceso automático completado en 1105ms,[object Object],2026-05-06 20:00:01,1,,
498,[INFO] Evento de sistema,CARTERA_SCHEDULER,INFO,Proceso automático completado en 708ms,[object Object],2026-05-06 21:00:00,1,,
499,[INFO] Evento de sistema,CARTERA_SCHEDULER,INFO,Proceso automático completado en 578ms,[object Object],2026-05-06 22:00:00,1,,
500,[INFO] Evento de sistema,CARTERA_SCHEDULER,INFO,Proceso automático completado en 863ms,[object Object],2026-05-06 23:00:00,1,,
501,[INFO] Evento de sistema,CARTERA_SCHEDULER,INFO,Proceso automático completado en 687ms,[object Object],2026-05-07 00:00:00,1,,
502,[INFO] Evento de sistema,CARTERA_SCHEDULER,INFO,Proceso automático completado en 889ms,[object Object],2026-05-07 01:00:00,1,,
503,[INFO] Evento de sistema,CARTERA_SCHEDULER,INFO,Proceso automático completado en 671ms,[object Object],2026-05-07 15:00:00,1,,
504,[INFO] Evento de sistema,CARTERA_SCHEDULER,INFO,Proceso automático completado en 547ms,[object Object],2026-05-07 15:14:19,1,,
505,[INFO] Evento de sistema,CARTERA_SCHEDULER,INFO,Proceso automático completado en 815ms,[object Object],2026-05-07 16:00:00,1,,
506,[INFO] Evento de sistema,CARTERA_SCHEDULER,INFO,Proceso automático completado en 568ms,[object Object],2026-05-07 17:00:00,1,,
507,[INFO] Evento de sistema,CARTERA_SCHEDULER,INFO,Proceso automático completado en 883ms,[object Object],2026-05-07 18:00:01,1,,
508,[INFO] Evento de sistema,CARTERA_SCHEDULER,INFO,Proceso automático completado en 1086ms,[object Object],2026-05-07 19:00:01,1,,
509,[INFO] Evento de sistema,CARTERA_SCHEDULER,INFO,Proceso automático completado en 849ms,[object Object],2026-05-07 20:00:00,1,,
510,[INFO] Evento de sistema,CARTERA_SCHEDULER,INFO,Proceso automático completado en 834ms,[object Object],2026-05-07 21:00:00,1,,
511,[INFO] Evento de sistema,CARTERA_SCHEDULER,INFO,Proceso automático completado en 670ms,[object Object],2026-05-07 22:00:00,1,,
512,[INFO] Evento de sistema,CARTERA_SCHEDULER,INFO,Proceso automático completado en 717ms,[object Object],2026-05-07 23:00:00,1,,
513,[INFO] Evento de sistema,CARTERA_SCHEDULER,INFO,Proceso automático completado en 1126ms,[object Object],2026-05-08 00:00:01,1,,
514,[INFO] Evento de sistema,CARTERA_SCHEDULER,INFO,Proceso automático completado en 690ms,[object Object],2026-05-08 01:00:00,1,,
515,[INFO] Evento de sistema,CARTERA_SCHEDULER,INFO,Proceso automático completado en 602ms,[object Object],2026-05-08 15:00:00,1,,
516,[INFO] Evento de sistema,CARTERA_SCHEDULER,INFO,Proceso automático completado en 597ms,[object Object],2026-05-08 16:00:00,1,,
517,[INFO] Evento de sistema,CARTERA_SCHEDULER,INFO,Proceso automático completado en 711ms,[object Object],2026-05-08 17:00:00,1,,
518,[INFO] Evento de sistema,CARTERA_SCHEDULER,INFO,Proceso automático completado en 664ms,[object Object],2026-05-08 18:00:00,1,,
519,[INFO] Evento de sistema,CARTERA_SCHEDULER,INFO,Proceso automático completado en 644ms,[object Object],2026-05-08 19:00:00,1,,
520,[INFO] Evento de sistema,CARTERA_SCHEDULER,INFO,Proceso automático completado en 641ms,[object Object],2026-05-08 20:00:00,1,,
521,[INFO] Evento de sistema,CARTERA_SCHEDULER,INFO,Proceso automático completado en 571ms,[object Object],2026-05-08 21:00:00,1,,
522,[INFO] Evento de sistema,CARTERA_SCHEDULER,INFO,Proceso automático completado en 628ms,[object Object],2026-05-08 22:00:00,1,,
523,[INFO] Evento de sistema,CARTERA_SCHEDULER,INFO,Proceso automático completado en 544ms,[object Object],2026-05-08 23:00:00,1,,
524,[INFO] Evento de sistema,CARTERA_SCHEDULER,INFO,Proceso automático completado en 537ms,[object Object],2026-05-09 00:00:00,1,,
525,[INFO] Evento de sistema,CARTERA_SCHEDULER,INFO,Proceso automático completado en 586ms,[object Object],2026-05-09 01:00:00,1,,
526,[INFO] Evento de sistema,CARTERA_SCHEDULER,INFO,Proceso automático completado en 483ms,[object Object],2026-05-09 14:37:00,1,,
527,[INFO] Evento de sistema,CARTERA_SCHEDULER,INFO,Proceso automático completado en 456ms,[object Object],2026-05-09 14:39:31,1,,
528,[INFO] Evento de sistema,CARTERA_SCHEDULER,INFO,Proceso automático completado en 603ms,[object Object],2026-05-09 14:54:52,1,,
529,[INFO] Evento de sistema,CARTERA_SCHEDULER,INFO,Proceso automático completado en 543ms,[object Object],2026-05-09 15:00:00,1,,
530,[INFO] Evento de sistema,CARTERA_SCHEDULER,INFO,Proceso automático completado en 608ms,[object Object],2026-05-09 16:00:00,1,,
531,[INFO] Evento de sistema,CARTERA_SCHEDULER,INFO,Proceso automático completado en 539ms,[object Object],2026-05-09 17:00:00,1,,
532,[INFO] Evento de sistema,CARTERA_SCHEDULER,INFO,Proceso automático completado en 518ms,[object Object],2026-05-09 17:10:16,1,,
533,[INFO] Evento de sistema,CARTERA_SCHEDULER,INFO,Proceso automático completado en 445ms,[object Object],2026-05-09 17:44:28,1,,
534,[INFO] Evento de sistema,CARTERA_SCHEDULER,INFO,Proceso automático completado en 545ms,[object Object],2026-05-09 18:00:00,1,,
535,[INFO] Evento de sistema,CARTERA_SCHEDULER,INFO,Proceso automático completado en 664ms,[object Object],2026-05-09 19:00:00,1,,
536,[INFO] Evento de sistema,CARTERA_SCHEDULER,INFO,Proceso automático completado en 581ms,[object Object],2026-05-09 20:00:00,1,,
537,[INFO] Evento de sistema,CARTERA_SCHEDULER,INFO,Proceso automático completado en 632ms,[object Object],2026-05-09 21:00:00,1,,
538,[INFO] Evento de sistema,CARTERA_SCHEDULER,INFO,Proceso automático completado en 545ms,[object Object],2026-05-09 22:00:00,1,,
539,[INFO] Evento de sistema,CARTERA_SCHEDULER,INFO,Proceso automático completado en 590ms,[object Object],2026-05-09 23:00:00,1,,
540,[INFO] Evento de sistema,CARTERA_SCHEDULER,INFO,Proceso automático completado en 543ms,[object Object],2026-05-10 00:00:00,1,,
541,[INFO] Evento de sistema,CARTERA_SCHEDULER,INFO,Proceso automático completado en 605ms,[object Object],2026-05-10 01:00:00,1,,
542,[INFO] Evento de sistema,CARTERA_SCHEDULER,INFO,Proceso automático completado en 546ms,[object Object],2026-05-10 15:00:00,1,,
543,[INFO] Evento de sistema,CARTERA_SCHEDULER,INFO,Proceso automático completado en 525ms,[object Object],2026-05-10 16:00:00,1,,
544,[INFO] Evento de sistema,CARTERA_SCHEDULER,INFO,Proceso automático completado en 533ms,[object Object],2026-05-10 17:00:00,1,,
545,[INFO] Evento de sistema,CARTERA_SCHEDULER,INFO,Proceso automático completado en 609ms,[object Object],2026-05-10 18:00:00,1,,
546,[INFO] Evento de sistema,CARTERA_SCHEDULER,INFO,Proceso automático completado en 539ms,[object Object],2026-05-10 19:00:00,1,,
547,[INFO] Evento de sistema,CARTERA_SCHEDULER,INFO,Proceso automático completado en 541ms,[object Object],2026-05-10 20:00:00,1,,
548,[INFO] Evento de sistema,CARTERA_SCHEDULER,INFO,Proceso automático completado en 719ms,[object Object],2026-05-10 21:00:00,1,,
549,[INFO] Evento de sistema,CARTERA_SCHEDULER,INFO,Proceso automático completado en 587ms,[object Object],2026-05-10 22:00:00,1,,
550,[INFO] Evento de sistema,CARTERA_SCHEDULER,INFO,Proceso automático completado en 555ms,[object Object],2026-05-10 23:00:00,1,,
551,[INFO] Evento de sistema,CARTERA_SCHEDULER,INFO,Proceso automático completado en 565ms,[object Object],2026-05-11 00:00:00,1,,
552,[INFO] Evento de sistema,CARTERA_SCHEDULER,INFO,Proceso automático completado en 649ms,[object Object],2026-05-11 01:00:00,1,,
553,[INFO] Evento de sistema,CARTERA_SCHEDULER,INFO,Proceso automático completado en 573ms,[object Object],2026-05-11 15:00:00,1,,
554,[INFO] Evento de sistema,CARTERA_SCHEDULER,INFO,Proceso automático completado en 499ms,[object Object],2026-05-11 16:00:00,1,,
555,[INFO] Evento de sistema,CARTERA_SCHEDULER,INFO,Proceso automático completado en 920ms,[object Object],2026-05-11 17:00:01,1,,
556,[INFO] Evento de sistema,CARTERA_SCHEDULER,INFO,Proceso automático completado en 544ms,[object Object],2026-05-11 18:00:00,1,,
557,[INFO] Evento de sistema,CARTERA_SCHEDULER,INFO,Proceso automático completado en 566ms,[object Object],2026-05-11 19:00:00,1,,
558,[INFO] Evento de sistema,CARTERA_SCHEDULER,INFO,Proceso automático completado en 762ms,[object Object],2026-05-11 20:00:00,1,,
559,[INFO] Evento de sistema,CARTERA_SCHEDULER,INFO,Proceso automático completado en 637ms,[object Object],2026-05-11 21:00:00,1,,
560,[INFO] Evento de sistema,CARTERA_SCHEDULER,INFO,Proceso automático completado en 611ms,[object Object],2026-05-11 22:00:00,1,,
561,[INFO] Evento de sistema,CARTERA_SCHEDULER,INFO,Proceso automático completado en 547ms,[object Object],2026-05-11 23:00:00,1,,
562,[INFO] Evento de sistema,CARTERA_SCHEDULER,INFO,Proceso automático completado en 643ms,[object Object],2026-05-12 00:00:00,1,,
563,[INFO] Evento de sistema,CARTERA_SCHEDULER,INFO,Proceso automático completado en 633ms,[object Object],2026-05-12 01:00:00,1,,
564,[INFO] Evento de sistema,CARTERA_SCHEDULER,INFO,Proceso automático completado en 685ms,[object Object],2026-05-12 15:00:00,1,,
565,[INFO] Evento de sistema,CARTERA_SCHEDULER,INFO,Proceso automático completado en 519ms,[object Object],2026-05-12 16:00:00,1,,
566,[INFO] Evento de sistema,CARTERA_SCHEDULER,INFO,Proceso automático completado en 538ms,[object Object],2026-05-12 17:00:00,1,,
567,[INFO] Evento de sistema,CARTERA_SCHEDULER,INFO,Proceso automático completado en 849ms,[object Object],2026-05-12 18:00:00,1,,
568,[INFO] Evento de sistema,CARTERA_SCHEDULER,INFO,Proceso automático completado en 703ms,[object Object],2026-05-12 19:00:00,1,,
569,[INFO] Evento de sistema,CARTERA_SCHEDULER,INFO,Proceso automático completado en 841ms,[object Object],2026-05-12 20:00:00,1,,
570,[INFO] Evento de sistema,CARTERA_SCHEDULER,INFO,Proceso automático completado en 669ms,[object Object],2026-05-12 21:00:00,1,,
571,[INFO] Evento de sistema,CARTERA_SCHEDULER,INFO,Proceso automático completado en 563ms,[object Object],2026-05-12 22:00:00,1,,
572,[INFO] Evento de sistema,CARTERA_SCHEDULER,INFO,Proceso automático completado en 739ms,[object Object],2026-05-12 23:00:00,1,,
573,[INFO] Evento de sistema,CARTERA_SCHEDULER,INFO,Proceso automático completado en 828ms,[object Object],2026-05-13 00:00:01,1,,
574,[INFO] Evento de sistema,CARTERA_SCHEDULER,INFO,Proceso automático completado en 713ms,[object Object],2026-05-13 01:00:00,1,,
575,[INFO] Evento de sistema,CARTERA_SCHEDULER,INFO,Proceso automático completado en 685ms,[object Object],2026-05-13 15:00:00,1,,
576,[INFO] Evento de sistema,CARTERA_SCHEDULER,INFO,Proceso automático completado en 511ms,[object Object],2026-05-13 16:00:00,1,,
577,[INFO] Evento de sistema,CARTERA_SCHEDULER,INFO,Proceso automático completado en 554ms,[object Object],2026-05-13 17:00:00,1,,
578,[INFO] Evento de sistema,CARTERA_SCHEDULER,INFO,Proceso automático completado en 584ms,[object Object],2026-05-13 18:00:00,1,,
579,[INFO] Evento de sistema,CARTERA_SCHEDULER,INFO,Proceso automático completado en 585ms,[object Object],2026-05-13 19:00:00,1,,
580,[INFO] Evento de sistema,CARTERA_SCHEDULER,INFO,Proceso automático completado en 1006ms,[object Object],2026-05-13 20:00:01,1,,
581,[INFO] Evento de sistema,CARTERA_SCHEDULER,INFO,Proceso automático completado en 525ms,[object Object],2026-05-13 21:00:00,1,,
582,[INFO] Evento de sistema,CARTERA_SCHEDULER,INFO,Proceso automático completado en 488ms,[object Object],2026-05-13 22:00:00,1,,
583,[INFO] Evento de sistema,CARTERA_SCHEDULER,INFO,Proceso automático completado en 569ms,[object Object],2026-05-13 23:00:00,1,,
584,[INFO] Evento de sistema,CARTERA_SCHEDULER,INFO,Proceso automático completado en 575ms,[object Object],2026-05-14 00:00:00,1,,
585,[INFO] Evento de sistema,CARTERA_SCHEDULER,INFO,Proceso automático completado en 682ms,[object Object],2026-05-14 01:00:00,1,,
586,[INFO] Evento de sistema,CARTERA_SCHEDULER,INFO,Proceso automático completado en 697ms,[object Object],2026-05-14 15:00:00,1,,
587,[INFO] Evento de sistema,CARTERA_SCHEDULER,INFO,Proceso automático completado en 701ms,[object Object],2026-05-14 16:00:00,1,,
588,[INFO] Evento de sistema,CARTERA_SCHEDULER,INFO,Proceso automático completado en 698ms,[object Object],2026-05-14 17:00:00,1,,
589,[INFO] Evento de sistema,CARTERA_SCHEDULER,INFO,Proceso automático completado en 671ms,[object Object],2026-05-14 18:00:00,1,,
590,[INFO] Evento de sistema,CARTERA_SCHEDULER,INFO,Proceso automático completado en 576ms,[object Object],2026-05-14 19:00:00,1,,
591,[INFO] Evento de sistema,CARTERA_SCHEDULER,INFO,Proceso automático completado en 691ms,[object Object],2026-05-14 20:00:01,1,,
592,[INFO] Evento de sistema,CARTERA_SCHEDULER,INFO,Proceso automático completado en 628ms,[object Object],2026-05-14 21:00:00,1,,
593,[INFO] Evento de sistema,CARTERA_SCHEDULER,INFO,Proceso automático completado en 678ms,[object Object],2026-05-14 22:00:00,1,,
594,[INFO] Evento de sistema,CARTERA_SCHEDULER,INFO,Proceso automático completado en 628ms,[object Object],2026-05-14 23:00:00,1,,
595,[INFO] Evento de sistema,CARTERA_SCHEDULER,INFO,Proceso automático completado en 594ms,[object Object],2026-05-15 00:00:00,1,,
596,[INFO] Evento de sistema,CARTERA_SCHEDULER,INFO,Proceso automático completado en 571ms,[object Object],2026-05-15 01:00:00,1,,
597,[INFO] Evento de sistema,CARTERA_SCHEDULER,INFO,Proceso automático completado en 538ms,[object Object],2026-05-15 15:00:00,1,,
598,[INFO] Evento de sistema,CARTERA_SCHEDULER,INFO,Proceso automático completado en 607ms,[object Object],2026-05-15 16:00:00,1,,
599,[INFO] Evento de sistema,CARTERA_SCHEDULER,INFO,Proceso automático completado en 549ms,[object Object],2026-05-15 17:00:00,1,,
600,[INFO] Evento de sistema,CARTERA_SCHEDULER,INFO,Proceso automático completado en 727ms,[object Object],2026-05-15 18:00:00,1,,
601,[INFO] Evento de sistema,CARTERA_SCHEDULER,INFO,Proceso automático completado en 588ms,[object Object],2026-05-15 19:00:00,1,,
602,[INFO] Evento de sistema,CARTERA_SCHEDULER,INFO,Proceso automático completado en 675ms,[object Object],2026-05-15 20:00:00,1,,
603,[INFO] Evento de sistema,CARTERA_SCHEDULER,INFO,Proceso automático completado en 810ms,[object Object],2026-05-15 21:00:00,1,,
604,[INFO] Evento de sistema,CARTERA_SCHEDULER,INFO,Proceso automático completado en 626ms,[object Object],2026-05-15 22:00:00,1,,
605,[INFO] Evento de sistema,CARTERA_SCHEDULER,INFO,Proceso automático completado en 524ms,[object Object],2026-05-15 23:00:00,1,,
606,[INFO] Evento de sistema,CARTERA_SCHEDULER,INFO,Proceso automático completado en 509ms,[object Object],2026-05-16 00:00:00,1,,
607,[INFO] Evento de sistema,CARTERA_SCHEDULER,INFO,Proceso automático completado en 631ms,[object Object],2026-05-16 01:00:00,1,,
608,[INFO] Evento de sistema,CARTERA_SCHEDULER,INFO,Proceso automático completado en 523ms,[object Object],2026-05-16 15:00:00,1,,
609,[INFO] Evento de sistema,CARTERA_SCHEDULER,INFO,Proceso automático completado en 538ms,[object Object],2026-05-16 16:00:00,1,,
610,[INFO] Evento de sistema,CARTERA_SCHEDULER,INFO,Proceso automático completado en 523ms,[object Object],2026-05-16 17:00:00,1,,
611,[INFO] Evento de sistema,CARTERA_SCHEDULER,INFO,Proceso automático completado en 525ms,[object Object],2026-05-16 18:00:00,1,,
612,[INFO] Evento de sistema,CARTERA_SCHEDULER,INFO,Proceso automático completado en 519ms,[object Object],2026-05-16 19:00:00,1,,
613,[INFO] Evento de sistema,CARTERA_SCHEDULER,INFO,Proceso automático completado en 578ms,[object Object],2026-05-16 20:00:00,1,,
614,[INFO] Evento de sistema,CARTERA_SCHEDULER,INFO,Proceso automático completado en 832ms,[object Object],2026-05-16 21:00:00,1,,
615,[INFO] Evento de sistema,CARTERA_SCHEDULER,INFO,Proceso automático completado en 592ms,[object Object],2026-05-16 22:00:00,1,,
616,[INFO] Evento de sistema,CARTERA_SCHEDULER,INFO,Proceso automático completado en 535ms,[object Object],2026-05-16 23:00:00,1,,
617,[INFO] Evento de sistema,CARTERA_SCHEDULER,INFO,Proceso automático completado en 519ms,[object Object],2026-05-17 00:00:00,1,,
618,[INFO] Evento de sistema,CARTERA_SCHEDULER,INFO,Proceso automático completado en 598ms,[object Object],2026-05-17 01:00:00,1,,
619,[INFO] Evento de sistema,CARTERA_SCHEDULER,INFO,Proceso automático completado en 541ms,[object Object],2026-05-17 15:00:00,1,,
620,[INFO] Evento de sistema,CARTERA_SCHEDULER,INFO,Proceso automático completado en 509ms,[object Object],2026-05-17 16:00:00,1,,
621,[INFO] Evento de sistema,CARTERA_SCHEDULER,INFO,Proceso automático completado en 493ms,[object Object],2026-05-17 17:00:00,1,,
622,[INFO] Evento de sistema,CARTERA_SCHEDULER,INFO,Proceso automático completado en 568ms,[object Object],2026-05-17 18:00:00,1,,
623,[INFO] Evento de sistema,CARTERA_SCHEDULER,INFO,Proceso automático completado en 533ms,[object Object],2026-05-17 19:00:00,1,,
624,[INFO] Evento de sistema,CARTERA_SCHEDULER,INFO,Proceso automático completado en 515ms,[object Object],2026-05-17 20:00:00,1,,
625,[INFO] Evento de sistema,CARTERA_SCHEDULER,INFO,Proceso automático completado en 619ms,[object Object],2026-05-17 21:00:00,1,,
626,[INFO] Evento de sistema,CARTERA_SCHEDULER,INFO,Proceso automático completado en 523ms,[object Object],2026-05-17 22:00:00,1,,
627,[INFO] Evento de sistema,CARTERA_SCHEDULER,INFO,Proceso automático completado en 571ms,[object Object],2026-05-17 23:00:00,1,,
628,[INFO] Evento de sistema,CARTERA_SCHEDULER,INFO,Proceso automático completado en 652ms,[object Object],2026-05-18 00:00:00,1,,
629,[INFO] Evento de sistema,CARTERA_SCHEDULER,INFO,Proceso automático completado en 654ms,[object Object],2026-05-18 01:00:00,1,,
630,[INFO] Evento de sistema,CARTERA_SCHEDULER,INFO,Proceso automático completado en 637ms,[object Object],2026-05-18 15:00:00,1,,
631,[INFO] Evento de sistema,CARTERA_SCHEDULER,INFO,Proceso automático completado en 684ms,[object Object],2026-05-18 16:00:00,1,,
632,[INFO] Evento de sistema,CARTERA_SCHEDULER,INFO,Proceso automático completado en 548ms,[object Object],2026-05-18 17:00:00,1,,
633,[INFO] Evento de sistema,CARTERA_SCHEDULER,INFO,Proceso automático completado en 684ms,[object Object],2026-05-18 18:00:00,1,,
634,[INFO] Evento de sistema,CARTERA_SCHEDULER,INFO,Proceso automático completado en 602ms,[object Object],2026-05-18 19:00:00,1,,
635,[INFO] Evento de sistema,CARTERA_SCHEDULER,INFO,Proceso automático completado en 796ms,[object Object],2026-05-18 20:00:01,1,,
636,[INFO] Evento de sistema,CARTERA_SCHEDULER,INFO,Proceso automático completado en 629ms,[object Object],2026-05-18 21:00:00,1,,
637,[INFO] Evento de sistema,CARTERA_SCHEDULER,INFO,Proceso automático completado en 676ms,[object Object],2026-05-18 22:00:00,1,,
638,[INFO] Evento de sistema,CARTERA_SCHEDULER,INFO,Proceso automático completado en 580ms,[object Object],2026-05-18 23:00:00,1,,
639,[INFO] Evento de sistema,CARTERA_SCHEDULER,INFO,Proceso automático completado en 622ms,[object Object],2026-05-19 00:00:00,1,,
640,[INFO] Evento de sistema,CARTERA_SCHEDULER,INFO,Proceso automático completado en 711ms,[object Object],2026-05-19 01:00:00,1,,
641,[INFO] Evento de sistema,CARTERA_SCHEDULER,INFO,Proceso automático completado en 618ms,[object Object],2026-05-19 15:00:00,1,,
642,[INFO] Evento de sistema,CARTERA_SCHEDULER,INFO,Proceso automático completado en 638ms,[object Object],2026-05-19 16:00:00,1,,
643,[INFO] Evento de sistema,CARTERA_SCHEDULER,INFO,Proceso automático completado en 474ms,[object Object],2026-05-19 16:55:52,1,,
644,[INFO] Evento de sistema,CARTERA_SCHEDULER,INFO,Proceso automático completado en 543ms,[object Object],2026-05-19 17:00:00,1,,
645,[INFO] Evento de sistema,CARTERA_SCHEDULER,INFO,Proceso automático completado en 521ms,[object Object],2026-05-19 18:00:00,1,,
646,[INFO] Evento de sistema,CARTERA_SCHEDULER,INFO,Proceso automático completado en 773ms,[object Object],2026-05-19 19:00:00,1,,
647,[INFO] Evento de sistema,CARTERA_SCHEDULER,INFO,Proceso automático completado en 600ms,[object Object],2026-05-19 20:00:00,1,,
648,[INFO] Evento de sistema,CARTERA_SCHEDULER,INFO,Proceso automático completado en 860ms,[object Object],2026-05-19 21:00:00,1,,
649,[INFO] Evento de sistema,CARTERA_SCHEDULER,INFO,Proceso automático completado en 560ms,[object Object],2026-05-19 22:00:00,1,,
650,[INFO] Evento de sistema,CARTERA_SCHEDULER,INFO,Proceso automático completado en 616ms,[object Object],2026-05-20 15:00:00,1,,
651,[INFO] Evento de sistema,CARTERA_SCHEDULER,INFO,Proceso automático completado en 565ms,[object Object],2026-05-20 16:00:00,1,,
652,[INFO] Evento de sistema,CARTERA_SCHEDULER,INFO,Proceso automático completado en 585ms,[object Object],2026-05-20 17:00:00,1,,
653,[INFO] Evento de sistema,CARTERA_SCHEDULER,INFO,Proceso automático completado en 540ms,[object Object],2026-05-20 18:00:00,1,,
654,[INFO] Evento de sistema,CARTERA_SCHEDULER,INFO,Proceso automático completado en 477ms,[object Object],2026-05-20 19:00:00,1,,
655,[INFO] Evento de sistema,CARTERA_SCHEDULER,INFO,Proceso automático completado en 543ms,[object Object],2026-05-20 20:00:00,1,,
656,[INFO] Evento de sistema,CARTERA_SCHEDULER,INFO,Proceso automático completado en 519ms,[object Object],2026-05-20 21:00:00,1,,
657,[INFO] Evento de sistema,CARTERA_SCHEDULER,INFO,Proceso automático completado en 514ms,[object Object],2026-05-20 22:00:00,1,,
658,[INFO] Evento de sistema,CARTERA_SCHEDULER,INFO,Proceso automático completado en 512ms,[object Object],2026-05-20 23:00:00,1,,
659,[INFO] Evento de sistema,CARTERA_SCHEDULER,INFO,Proceso automático completado en 559ms,[object Object],2026-05-21 00:00:00,1,,
660,[INFO] Evento de sistema,CARTERA_SCHEDULER,INFO,Proceso automático completado en 540ms,[object Object],2026-05-21 01:00:00,1,,
661,[INFO] Evento de sistema,CARTERA_SCHEDULER,INFO,Proceso automático completado en 488ms,[object Object],2026-05-21 15:00:00,1,,
662,[INFO] Evento de sistema,CARTERA_SCHEDULER,INFO,Proceso automático completado en 505ms,[object Object],2026-05-21 16:00:00,1,,
663,[INFO] Evento de sistema,CARTERA_SCHEDULER,INFO,Proceso automático completado en 539ms,[object Object],2026-05-21 17:00:00,1,,
664,[INFO] Evento de sistema,CARTERA_SCHEDULER,INFO,Proceso automático completado en 506ms,[object Object],2026-05-21 18:00:00,1,,
665,[INFO] Evento de sistema,CARTERA_SCHEDULER,INFO,Proceso automático completado en 621ms,[object Object],2026-05-21 19:00:00,1,,
666,[INFO] Evento de sistema,CARTERA_SCHEDULER,INFO,Proceso automático completado en 516ms,[object Object],2026-05-21 20:00:00,1,,
667,[INFO] Evento de sistema,CARTERA_SCHEDULER,INFO,Proceso automático completado en 495ms,[object Object],2026-05-21 21:00:00,1,,
668,[INFO] Evento de sistema,CARTERA_SCHEDULER,INFO,Proceso automático completado en 497ms,[object Object],2026-05-21 22:00:00,1,,
669,[INFO] Evento de sistema,CARTERA_SCHEDULER,INFO,Proceso automático completado en 501ms,[object Object],2026-05-21 23:00:00,1,,
670,[INFO] Evento de sistema,CARTERA_SCHEDULER,INFO,Proceso automático completado en 493ms,[object Object],2026-05-22 00:00:00,1,,
671,[INFO] Evento de sistema,CARTERA_SCHEDULER,INFO,Proceso automático completado en 824ms,[object Object],2026-05-22 01:00:00,1,,
672,[INFO] Evento de sistema,CARTERA_SCHEDULER,INFO,Proceso automático completado en 507ms,[object Object],2026-05-22 15:00:00,1,,
673,[INFO] Evento de sistema,CARTERA_SCHEDULER,INFO,Proceso automático completado en 491ms,[object Object],2026-05-22 16:00:00,1,,
674,[INFO] Evento de sistema,CARTERA_SCHEDULER,INFO,Proceso automático completado en 434ms,[object Object],2026-05-22 17:00:00,1,,
675,[INFO] Evento de sistema,CARTERA_SCHEDULER,INFO,Proceso automático completado en 512ms,[object Object],2026-05-22 18:00:00,1,,
676,[INFO] Evento de sistema,CARTERA_SCHEDULER,INFO,Proceso automático completado en 468ms,[object Object],2026-05-22 19:00:00,1,,
677,[INFO] Evento de sistema,CARTERA_SCHEDULER,INFO,Proceso automático completado en 582ms,[object Object],2026-05-22 20:00:00,1,,
678,[INFO] Evento de sistema,CARTERA_SCHEDULER,INFO,Proceso automático completado en 546ms,[object Object],2026-05-22 21:00:00,1,,
679,[INFO] Evento de sistema,CARTERA_SCHEDULER,INFO,Proceso automático completado en 489ms,[object Object],2026-05-22 22:00:00,1,,
680,[INFO] Evento de sistema,CARTERA_SCHEDULER,INFO,Proceso automático completado en 661ms,[object Object],2026-05-22 23:00:00,1,,
681,[INFO] Evento de sistema,CARTERA_SCHEDULER,INFO,Proceso automático completado en 794ms,[object Object],2026-05-23 00:00:00,1,,
682,[INFO] Evento de sistema,CARTERA_SCHEDULER,INFO,Proceso automático completado en 583ms,[object Object],2026-05-23 01:00:00,1,,
683,[INFO] Evento de sistema,CARTERA_SCHEDULER,INFO,Proceso automático completado en 562ms,[object Object],2026-05-23 15:00:00,1,,
684,[INFO] Evento de sistema,CARTERA_SCHEDULER,INFO,Proceso automático completado en 517ms,[object Object],2026-05-23 16:00:00,1,,
685,[INFO] Evento de sistema,CARTERA_SCHEDULER,INFO,Proceso automático completado en 591ms,[object Object],2026-05-23 17:00:00,1,,
686,[INFO] Evento de sistema,CARTERA_SCHEDULER,INFO,Proceso automático completado en 483ms,[object Object],2026-05-23 18:00:00,1,,
687,[INFO] Evento de sistema,CARTERA_SCHEDULER,INFO,Proceso automático completado en 508ms,[object Object],2026-05-23 19:00:00,1,,
688,[INFO] Evento de sistema,CARTERA_SCHEDULER,INFO,Proceso automático completado en 502ms,[object Object],2026-05-23 20:00:00,1,,
689,[INFO] Evento de sistema,CARTERA_SCHEDULER,INFO,Proceso automático completado en 469ms,[object Object],2026-05-23 21:00:00,1,,
690,[INFO] Evento de sistema,CARTERA_SCHEDULER,INFO,Proceso automático completado en 550ms,[object Object],2026-05-23 22:00:00,1,,
691,[INFO] Evento de sistema,CARTERA_SCHEDULER,INFO,Proceso automático completado en 523ms,[object Object],2026-05-23 23:00:00,1,,
692,[INFO] Evento de sistema,CARTERA_SCHEDULER,INFO,Proceso automático completado en 561ms,[object Object],2026-05-24 00:00:00,1,,
693,[INFO] Evento de sistema,CARTERA_SCHEDULER,INFO,Proceso automático completado en 548ms,[object Object],2026-05-24 01:00:00,1,,
694,[INFO] Evento de sistema,CARTERA_SCHEDULER,INFO,Proceso automático completado en 563ms,[object Object],2026-05-24 15:00:00,1,,
695,[INFO] Evento de sistema,CARTERA_SCHEDULER,INFO,Proceso automático completado en 517ms,[object Object],2026-05-24 16:00:00,1,,
696,[INFO] Evento de sistema,CARTERA_SCHEDULER,INFO,Proceso automático completado en 601ms,[object Object],2026-05-24 17:00:00,1,,
697,[INFO] Evento de sistema,CARTERA_SCHEDULER,INFO,Proceso automático completado en 609ms,[object Object],2026-05-24 18:00:00,1,,
698,[INFO] Evento de sistema,CARTERA_SCHEDULER,INFO,Proceso automático completado en 520ms,[object Object],2026-05-24 19:00:00,1,,
699,[INFO] Evento de sistema,CARTERA_SCHEDULER,INFO,Proceso automático completado en 640ms,[object Object],2026-05-24 20:00:00,1,,
700,[INFO] Evento de sistema,CARTERA_SCHEDULER,INFO,Proceso automático completado en 622ms,[object Object],2026-05-24 21:00:00,1,,
701,[INFO] Evento de sistema,CARTERA_SCHEDULER,INFO,Proceso automático completado en 553ms,[object Object],2026-05-24 22:00:00,1,,
702,[INFO] Evento de sistema,CARTERA_SCHEDULER,INFO,Proceso automático completado en 595ms,[object Object],2026-05-24 23:00:00,1,,
703,[INFO] Evento de sistema,CARTERA_SCHEDULER,INFO,Proceso automático completado en 596ms,[object Object],2026-05-25 00:00:00,1,,
704,[INFO] Evento de sistema,CARTERA_SCHEDULER,INFO,Proceso automático completado en 696ms,[object Object],2026-05-25 01:00:00,1,,
705,[INFO] Evento de sistema,CARTERA_SCHEDULER,INFO,Proceso automático completado en 466ms,[object Object],2026-05-25 15:00:00,1,,
706,[INFO] Evento de sistema,CARTERA_SCHEDULER,INFO,Proceso automático completado en 474ms,[object Object],2026-05-25 16:00:00,1,,
707,[INFO] Evento de sistema,CARTERA_SCHEDULER,INFO,Proceso automático completado en 517ms,[object Object],2026-05-25 17:00:00,1,,
708,[INFO] Evento de sistema,CARTERA_SCHEDULER,INFO,Proceso automático completado en 439ms,[object Object],2026-05-25 18:00:00,1,,
709,[INFO] Evento de sistema,CARTERA_SCHEDULER,INFO,Proceso automático completado en 510ms,[object Object],2026-05-25 19:00:00,1,,
710,[INFO] Evento de sistema,CARTERA_SCHEDULER,INFO,Proceso automático completado en 504ms,[object Object],2026-05-25 20:00:00,1,,
711,[INFO] Evento de sistema,CARTERA_SCHEDULER,INFO,Proceso automático completado en 474ms,[object Object],2026-05-25 21:00:00,1,,
712,[INFO] Evento de sistema,CARTERA_SCHEDULER,INFO,Proceso automático completado en 531ms,[object Object],2026-05-25 22:00:00,1,,
713,[INFO] Evento de sistema,CARTERA_SCHEDULER,INFO,Proceso automático completado en 485ms,[object Object],2026-05-25 23:00:00,1,,
714,[INFO] Evento de sistema,CARTERA_SCHEDULER,INFO,Proceso automático completado en 477ms,[object Object],2026-05-26 00:00:00,1,,
715,[INFO] Evento de sistema,CARTERA_SCHEDULER,INFO,Proceso automático completado en 576ms,[object Object],2026-05-26 01:00:00,1,,
716,[INFO] Evento de sistema,CARTERA_SCHEDULER,INFO,Proceso automático completado en 469ms,[object Object],2026-05-26 15:00:00,1,,
717,[INFO] Evento de sistema,CARTERA_SCHEDULER,INFO,Proceso automático completado en 406ms,[object Object],2026-05-26 16:00:00,1,,
718,[INFO] Evento de sistema,CARTERA_SCHEDULER,INFO,Proceso automático completado en 532ms,[object Object],2026-05-26 17:00:00,1,,
719,[INFO] Evento de sistema,CARTERA_SCHEDULER,INFO,Proceso automático completado en 559ms,[object Object],2026-05-26 18:00:00,1,,
720,[INFO] Evento de sistema,CARTERA_SCHEDULER,INFO,Proceso automático completado en 467ms,[object Object],2026-05-26 19:00:00,1,,
721,[INFO] Evento de sistema,CARTERA_SCHEDULER,INFO,Proceso automático completado en 457ms,[object Object],2026-05-26 20:00:00,1,,
722,[INFO] Evento de sistema,CARTERA_SCHEDULER,INFO,Proceso automático completado en 541ms,[object Object],2026-05-26 21:00:00,1,,
723,[INFO] Evento de sistema,CARTERA_SCHEDULER,INFO,Proceso automático completado en 611ms,[object Object],2026-05-26 22:00:00,1,,
724,[INFO] Evento de sistema,CARTERA_SCHEDULER,INFO,Proceso automático completado en 479ms,[object Object],2026-05-26 23:00:00,1,,
725,[INFO] Evento de sistema,CARTERA_SCHEDULER,INFO,Proceso automático completado en 560ms,[object Object],2026-05-27 00:00:00,1,,
726,[INFO] Evento de sistema,CARTERA_SCHEDULER,INFO,Proceso automático completado en 794ms,[object Object],2026-05-27 01:00:00,1,,
727,[INFO] Evento de sistema,CARTERA_SCHEDULER,INFO,Proceso automático completado en 388ms,[object Object],2026-05-27 14:28:28,1,,
728,[INFO] Evento de sistema,CARTERA_SCHEDULER,INFO,Proceso automático completado en 510ms,[object Object],2026-05-27 15:00:00,1,,
729,[INFO] Evento de sistema,CARTERA_SCHEDULER,INFO,Proceso automático completado en 545ms,[object Object],2026-05-27 16:00:00,1,,
730,[INFO] Evento de sistema,CARTERA_SCHEDULER,INFO,Proceso automático completado en 428ms,[object Object],2026-05-27 17:00:00,1,,
731,[INFO] Evento de sistema,CARTERA_SCHEDULER,INFO,Proceso automático completado en 468ms,[object Object],2026-05-27 18:00:00,1,,
732,[INFO] Evento de sistema,CARTERA_SCHEDULER,INFO,Proceso automático completado en 443ms,[object Object],2026-05-27 19:00:00,1,,
733,[INFO] Evento de sistema,CARTERA_SCHEDULER,INFO,Proceso automático completado en 487ms,[object Object],2026-05-27 20:00:00,1,,
734,[INFO] Evento de sistema,CARTERA_SCHEDULER,INFO,Proceso automático completado en 490ms,[object Object],2026-05-27 21:00:00,1,,
735,[INFO] Evento de sistema,CARTERA_SCHEDULER,INFO,Proceso automático completado en 456ms,[object Object],2026-05-27 22:00:00,1,,
736,[INFO] Evento de sistema,CARTERA_SCHEDULER,INFO,Proceso automático completado en 516ms,[object Object],2026-05-27 23:00:00,1,,
737,[INFO] Evento de sistema,CARTERA_SCHEDULER,INFO,Proceso automático completado en 574ms,[object Object],2026-05-28 00:00:00,1,,
738,[INFO] Evento de sistema,CARTERA_SCHEDULER,INFO,Proceso automático completado en 547ms,[object Object],2026-05-28 01:00:00,1,,
739,[INFO] Evento de sistema,CARTERA_SCHEDULER,INFO,Proceso automático completado en 513ms,[object Object],2026-05-28 15:00:00,1,,
740,[INFO] Evento de sistema,CARTERA_SCHEDULER,INFO,Proceso automático completado en 510ms,[object Object],2026-05-28 16:00:00,1,,
741,[INFO] Evento de sistema,CARTERA_SCHEDULER,INFO,Proceso automático completado en 578ms,[object Object],2026-05-28 17:00:00,1,,
742,[INFO] Evento de sistema,CARTERA_SCHEDULER,INFO,Proceso automático completado en 505ms,[object Object],2026-05-28 18:00:00,1,,
743,[INFO] Evento de sistema,CARTERA_SCHEDULER,INFO,Proceso automático completado en 500ms,[object Object],2026-05-28 19:00:00,1,,
744,[INFO] Evento de sistema,CARTERA_SCHEDULER,INFO,Proceso automático completado en 559ms,[object Object],2026-05-28 20:00:00,1,,
745,[INFO] Evento de sistema,CARTERA_SCHEDULER,INFO,Proceso automático completado en 613ms,[object Object],2026-05-28 21:00:00,1,,
746,[INFO] Evento de sistema,CARTERA_SCHEDULER,INFO,Proceso automático completado en 515ms,[object Object],2026-05-28 22:00:00,1,,
747,[INFO] Evento de sistema,CARTERA_SCHEDULER,INFO,Proceso automático completado en 552ms,[object Object],2026-05-28 23:00:00,1,,
748,[INFO] Evento de sistema,CARTERA_SCHEDULER,INFO,Proceso automático completado en 525ms,[object Object],2026-05-29 00:00:00,1,,
749,[INFO] Evento de sistema,CARTERA_SCHEDULER,INFO,Proceso automático completado en 608ms,[object Object],2026-05-29 01:00:00,1,,
750,[INFO] Evento de sistema,CARTERA_SCHEDULER,INFO,Proceso automático completado en 454ms,[object Object],2026-05-29 15:00:00,1,,
751,[INFO] Evento de sistema,CARTERA_SCHEDULER,INFO,Proceso automático completado en 446ms,[object Object],2026-05-29 15:01:06,1,,
752,[INFO] Evento de sistema,CARTERA_SCHEDULER,INFO,Proceso automático completado en 445ms,[object Object],2026-05-29 16:00:00,1,,
753,[INFO] Evento de sistema,CARTERA_SCHEDULER,INFO,Proceso automático completado en 416ms,[object Object],2026-05-29 16:15:33,1,,
754,[INFO] Evento de sistema,CARTERA_SCHEDULER,INFO,Proceso automático completado en 537ms,[object Object],2026-05-29 17:00:00,1,,
755,[INFO] Evento de sistema,CARTERA_SCHEDULER,INFO,Proceso automático completado en 563ms,[object Object],2026-05-29 18:00:00,1,,
756,[INFO] Evento de sistema,CARTERA_SCHEDULER,INFO,Proceso automático completado en 557ms,[object Object],2026-05-29 19:00:00,1,,
757,[INFO] Evento de sistema,CARTERA_SCHEDULER,INFO,Proceso automático completado en 737ms,[object Object],2026-05-29 20:00:00,1,,
758,[INFO] Evento de sistema,CARTERA_SCHEDULER,INFO,Proceso automático completado en 560ms,[object Object],2026-05-29 21:00:00,1,,
759,[INFO] Evento de sistema,CARTERA_SCHEDULER,INFO,Proceso automático completado en 519ms,[object Object],2026-05-29 22:00:00,1,,
760,[INFO] Evento de sistema,CARTERA_SCHEDULER,INFO,Proceso automático completado en 463ms,[object Object],2026-05-29 22:48:24,1,,
761,[INFO] Evento de sistema,CARTERA_SCHEDULER,INFO,Proceso automático completado en 515ms,[object Object],2026-05-29 23:00:00,1,,
762,[INFO] Evento de sistema,CARTERA_SCHEDULER,INFO,Proceso automático completado en 463ms,[object Object],2026-05-30 00:00:00,1,,
763,[INFO] Evento de sistema,CARTERA_SCHEDULER,INFO,Proceso automático completado en 569ms,[object Object],2026-05-30 01:00:00,1,,
764,[INFO] Evento de sistema,CARTERA_SCHEDULER,INFO,Proceso automático completado en 428ms,[object Object],2026-05-30 15:00:00,1,,
765,[INFO] Evento de sistema,CARTERA_SCHEDULER,INFO,Proceso automático completado en 450ms,[object Object],2026-05-30 16:00:00,1,,
766,[INFO] Evento de sistema,CARTERA_SCHEDULER,INFO,Proceso automático completado en 477ms,[object Object],2026-05-30 17:00:00,1,,
767,[INFO] Evento de sistema,CARTERA_SCHEDULER,INFO,Proceso automático completado en 481ms,[object Object],2026-05-30 18:00:00,1,,
768,[INFO] Evento de sistema,CARTERA_SCHEDULER,INFO,Proceso automático completado en 457ms,[object Object],2026-05-30 19:00:00,1,,
769,[INFO] Evento de sistema,CARTERA_SCHEDULER,INFO,Proceso automático completado en 543ms,[object Object],2026-05-30 20:00:00,1,,
770,[INFO] Evento de sistema,CARTERA_SCHEDULER,INFO,Proceso automático completado en 449ms,[object Object],2026-05-30 21:00:00,1,,
771,[INFO] Evento de sistema,CARTERA_SCHEDULER,INFO,Proceso automático completado en 467ms,[object Object],2026-05-30 22:00:00,1,,
772,[INFO] Evento de sistema,CARTERA_SCHEDULER,INFO,Proceso automático completado en 444ms,[object Object],2026-05-30 23:00:00,1,,
773,[INFO] Evento de sistema,CARTERA_SCHEDULER,INFO,Proceso automático completado en 507ms,[object Object],2026-05-31 00:00:00,1,,
774,[INFO] Evento de sistema,CARTERA_SCHEDULER,INFO,Proceso automático completado en 1091ms,[object Object],2026-05-31 01:00:01,1,,
775,[INFO] Evento de sistema,CARTERA_SCHEDULER,INFO,Proceso automático completado en 443ms,[object Object],2026-05-31 15:00:00,1,,
776,[INFO] Evento de sistema,CARTERA_SCHEDULER,INFO,Proceso automático completado en 442ms,[object Object],2026-05-31 16:00:00,1,,
777,[INFO] Evento de sistema,CARTERA_SCHEDULER,INFO,Proceso automático completado en 429ms,[object Object],2026-05-31 17:00:00,1,,
778,[INFO] Evento de sistema,CARTERA_SCHEDULER,INFO,Proceso automático completado en 437ms,[object Object],2026-05-31 18:00:00,1,,
779,[INFO] Evento de sistema,CARTERA_SCHEDULER,INFO,Proceso automático completado en 541ms,[object Object],2026-05-31 19:00:00,1,,
780,[INFO] Evento de sistema,CARTERA_SCHEDULER,INFO,Proceso automático completado en 489ms,[object Object],2026-05-31 20:00:00,1,,
781,[INFO] Evento de sistema,CARTERA_SCHEDULER,INFO,Proceso automático completado en 492ms,[object Object],2026-05-31 21:00:00,1,,
782,[INFO] Evento de sistema,CARTERA_SCHEDULER,INFO,Proceso automático completado en 449ms,[object Object],2026-05-31 22:00:00,1,,
783,[INFO] Evento de sistema,CARTERA_SCHEDULER,INFO,Proceso automático completado en 528ms,[object Object],2026-05-31 23:00:00,1,,
784,[INFO] Evento de sistema,CARTERA_SCHEDULER,INFO,Proceso automático completado en 491ms,[object Object],2026-06-01 00:00:00,1,,
785,[INFO] Evento de sistema,CARTERA_SCHEDULER,INFO,Proceso automático completado en 552ms,[object Object],2026-06-01 01:00:00,1,,
786,[INFO] Evento de sistema,CARTERA_SCHEDULER,INFO,Proceso automático completado en 497ms,[object Object],2026-06-01 15:00:00,1,,
787,[INFO] Evento de sistema,CARTERA_SCHEDULER,INFO,Proceso automático completado en 456ms,[object Object],2026-06-01 16:00:00,1,,
788,[INFO] Evento de sistema,CARTERA_SCHEDULER,INFO,Proceso automático completado en 543ms,[object Object],2026-06-01 17:00:00,1,,
789,[INFO] Evento de sistema,CARTERA_SCHEDULER,INFO,Proceso automático completado en 495ms,[object Object],2026-06-01 18:00:00,1,,
790,[INFO] Evento de sistema,CARTERA_SCHEDULER,INFO,Proceso automático completado en 458ms,[object Object],2026-06-01 19:00:00,1,,
791,[INFO] Evento de sistema,CARTERA_SCHEDULER,INFO,Proceso automático completado en 498ms,[object Object],2026-06-01 20:00:00,1,,
792,[INFO] Evento de sistema,CARTERA_SCHEDULER,INFO,Proceso automático completado en 515ms,[object Object],2026-06-01 21:00:00,1,,
793,[INFO] Evento de sistema,CARTERA_SCHEDULER,INFO,Proceso automático completado en 482ms,[object Object],2026-06-01 22:00:00,1,,
794,[INFO] Evento de sistema,CARTERA_SCHEDULER,INFO,Proceso automático completado en 460ms,[object Object],2026-06-01 23:00:00,1,,
795,[INFO] Evento de sistema,CARTERA_SCHEDULER,INFO,Proceso automático completado en 484ms,[object Object],2026-06-02 00:00:00,1,,
796,[INFO] Evento de sistema,CARTERA_SCHEDULER,INFO,Proceso automático completado en 574ms,[object Object],2026-06-02 01:00:00,1,,
797,[INFO] Evento de sistema,CARTERA_SCHEDULER,INFO,Proceso automático completado en 511ms,[object Object],2026-06-02 15:00:00,1,,
798,[INFO] Evento de sistema,CARTERA_SCHEDULER,INFO,Proceso automático completado en 507ms,[object Object],2026-06-02 16:00:00,1,,
799,[INFO] Evento de sistema,CARTERA_SCHEDULER,INFO,Proceso automático completado en 507ms,[object Object],2026-06-02 17:00:00,1,,
800,[INFO] Evento de sistema,CARTERA_SCHEDULER,INFO,Proceso automático completado en 438ms,[object Object],2026-06-02 18:00:00,1,,
801,[INFO] Evento de sistema,CARTERA_SCHEDULER,INFO,Proceso automático completado en 479ms,[object Object],2026-06-02 19:00:00,1,,
802,[INFO] Evento de sistema,CARTERA_SCHEDULER,INFO,Proceso automático completado en 480ms,[object Object],2026-06-02 20:00:00,1,,
803,[INFO] Evento de sistema,CARTERA_SCHEDULER,INFO,Proceso automático completado en 530ms,[object Object],2026-06-02 21:00:00,1,,
804,[INFO] Evento de sistema,CARTERA_SCHEDULER,INFO,Proceso automático completado en 538ms,[object Object],2026-06-02 22:00:00,1,,
805,[INFO] Evento de sistema,CARTERA_SCHEDULER,INFO,Proceso automático completado en 496ms,[object Object],2026-06-02 23:00:00,1,,
806,[INFO] Evento de sistema,CARTERA_SCHEDULER,INFO,Proceso automático completado en 506ms,[object Object],2026-06-03 00:00:00,1,,
807,[INFO] Evento de sistema,CARTERA_SCHEDULER,INFO,Proceso automático completado en 662ms,[object Object],2026-06-03 01:00:00,1,,
808,[INFO] Evento de sistema,CARTERA_SCHEDULER,INFO,Proceso automático completado en 451ms,[object Object],2026-06-03 15:00:00,1,,
809,[INFO] Evento de sistema,CARTERA_SCHEDULER,INFO,Proceso automático completado en 497ms,[object Object],2026-06-03 16:00:00,1,,
810,[INFO] Evento de sistema,CARTERA_SCHEDULER,INFO,Proceso automático completado en 516ms,[object Object],2026-06-03 17:00:00,1,,
811,[INFO] Evento de sistema,CARTERA_SCHEDULER,INFO,Proceso automático completado en 588ms,[object Object],2026-06-03 18:00:00,1,,
812,[INFO] Evento de sistema,CARTERA_SCHEDULER,INFO,Proceso automático completado en 489ms,[object Object],2026-06-03 19:00:00,1,,
813,[INFO] Evento de sistema,CARTERA_SCHEDULER,INFO,Proceso automático completado en 521ms,[object Object],2026-06-03 20:00:00,1,,
814,[INFO] Evento de sistema,CARTERA_SCHEDULER,INFO,Proceso automático completado en 608ms,[object Object],2026-06-03 21:00:00,1,,
815,[INFO] Evento de sistema,CARTERA_SCHEDULER,INFO,Proceso automático completado en 558ms,[object Object],2026-06-03 22:00:00,1,,
816,[INFO] Evento de sistema,CARTERA_SCHEDULER,INFO,Proceso automático completado en 457ms,[object Object],2026-06-03 22:28:35,1,,
817,[INFO] Evento de sistema,CARTERA_SCHEDULER,INFO,Proceso automático completado en 530ms,[object Object],2026-06-03 23:00:00,1,,
818,[INFO] Evento de sistema,CARTERA_SCHEDULER,INFO,Proceso automático completado en 526ms,[object Object],2026-06-04 00:00:00,1,,
819,[INFO] Evento de sistema,CARTERA_SCHEDULER,INFO,Proceso automático completado en 687ms,[object Object],2026-06-04 01:00:00,1,,
820,[INFO] Evento de sistema,CARTERA_SCHEDULER,INFO,Proceso automático completado en 453ms,[object Object],2026-06-04 02:35:22,1,,
821,[INFO] Evento de sistema,CARTERA_SCHEDULER,INFO,Proceso automático completado en 484ms,[object Object],2026-06-04 15:00:00,1,,
822,[INFO] Evento de sistema,CARTERA_SCHEDULER,INFO,Proceso automático completado en 591ms,[object Object],2026-06-04 16:00:00,1,,
823,[INFO] Evento de sistema,CARTERA_SCHEDULER,INFO,Proceso automático completado en 570ms,[object Object],2026-06-04 17:00:00,1,,
824,[INFO] Evento de sistema,CARTERA_SCHEDULER,INFO,Proceso automático completado en 520ms,[object Object],2026-06-04 18:00:00,1,,
825,[INFO] Evento de sistema,CARTERA_SCHEDULER,INFO,Proceso automático completado en 430ms,[object Object],2026-06-04 18:36:25,1,,
826,[INFO] Evento de sistema,CARTERA_SCHEDULER,INFO,Proceso automático completado en 553ms,[object Object],2026-06-04 19:00:00,1,,
827,[INFO] Evento de sistema,CARTERA_SCHEDULER,INFO,Proceso automático completado en 608ms,[object Object],2026-06-04 20:00:00,1,,
828,[INFO] Evento de sistema,CARTERA_SCHEDULER,INFO,Proceso automático completado en 587ms,[object Object],2026-06-04 21:00:00,1,,
829,[INFO] Evento de sistema,CARTERA_SCHEDULER,INFO,Proceso automático completado en 613ms,[object Object],2026-06-04 22:00:00,1,,
830,[INFO] Evento de sistema,CARTERA_SCHEDULER,INFO,Proceso automático completado en 565ms,[object Object],2026-06-04 23:00:00,1,,
831,[INFO] Evento de sistema,CARTERA_SCHEDULER,INFO,Proceso automático completado en 590ms,[object Object],2026-06-05 00:00:00,1,,
832,[INFO] Evento de sistema,CARTERA_SCHEDULER,INFO,Proceso automático completado en 638ms,[object Object],2026-06-05 01:00:00,1,,
833,[INFO] Evento de sistema,CARTERA_SCHEDULER,INFO,Proceso automático completado en 501ms,[object Object],2026-06-05 15:00:00,1,,
834,[INFO] Evento de sistema,CARTERA_SCHEDULER,INFO,Proceso automático completado en 513ms,[object Object],2026-06-05 16:00:00,1,,
835,[INFO] Evento de sistema,CARTERA_SCHEDULER,INFO,Proceso automático completado en 509ms,[object Object],2026-06-05 17:00:00,1,,
836,[INFO] Evento de sistema,CARTERA_SCHEDULER,INFO,Proceso automático completado en 505ms,[object Object],2026-06-05 18:00:00,1,,
837,[INFO] Evento de sistema,CARTERA_SCHEDULER,INFO,Proceso automático completado en 526ms,[object Object],2026-06-05 19:00:00,1,,
838,[INFO] Evento de sistema,CARTERA_SCHEDULER,INFO,Proceso automático completado en 615ms,[object Object],2026-06-05 20:00:00,1,,
839,[INFO] Evento de sistema,CARTERA_SCHEDULER,INFO,Proceso automático completado en 641ms,[object Object],2026-06-05 21:00:00,1,,
840,[INFO] Evento de sistema,CARTERA_SCHEDULER,INFO,Proceso automático completado en 442ms,[object Object],2026-06-05 21:40:35,1,,
841,[INFO] Evento de sistema,CARTERA_SCHEDULER,INFO,Proceso automático completado en 557ms,[object Object],2026-06-05 22:00:00,1,,
842,[INFO] Evento de sistema,CARTERA_SCHEDULER,INFO,Proceso automático completado en 487ms,[object Object],2026-06-05 23:00:00,1,,
843,[INFO] Evento de sistema,CARTERA_SCHEDULER,INFO,Proceso automático completado en 491ms,[object Object],2026-06-06 00:00:00,1,,
844,[INFO] Evento de sistema,CARTERA_SCHEDULER,INFO,Proceso automático completado en 567ms,[object Object],2026-06-06 01:00:00,1,,
845,[INFO] Evento de sistema,CARTERA_SCHEDULER,INFO,Proceso automático completado en 568ms,[object Object],2026-06-06 15:00:00,1,,
846,[INFO] Evento de sistema,CARTERA_SCHEDULER,INFO,Proceso automático completado en 553ms,[object Object],2026-06-06 16:00:00,1,,
847,[INFO] Evento de sistema,CARTERA_SCHEDULER,INFO,Proceso automático completado en 456ms,[object Object],2026-06-06 17:00:00,1,,
848,[INFO] Evento de sistema,CARTERA_SCHEDULER,INFO,Proceso automático completado en 469ms,[object Object],2026-06-06 18:00:00,1,,
849,[INFO] Evento de sistema,CARTERA_SCHEDULER,INFO,Proceso automático completado en 563ms,[object Object],2026-06-06 19:00:00,1,,
850,[INFO] Evento de sistema,CARTERA_SCHEDULER,INFO,Proceso automático completado en 491ms,[object Object],2026-06-06 20:00:00,1,,
851,[INFO] Evento de sistema,CARTERA_SCHEDULER,INFO,Proceso automático completado en 550ms,[object Object],2026-06-06 21:00:00,1,,
852,[INFO] Evento de sistema,CARTERA_SCHEDULER,INFO,Proceso automático completado en 495ms,[object Object],2026-06-06 22:00:00,1,,
853,[INFO] Evento de sistema,CARTERA_SCHEDULER,INFO,Proceso automático completado en 562ms,[object Object],2026-06-06 23:00:00,1,,
854,[INFO] Evento de sistema,CARTERA_SCHEDULER,INFO,Proceso automático completado en 553ms,[object Object],2026-06-07 00:00:00,1,,
855,[INFO] Evento de sistema,CARTERA_SCHEDULER,INFO,Proceso automático completado en 640ms,[object Object],2026-06-07 01:00:00,1,,
856,[INFO] Evento de sistema,CARTERA_SCHEDULER,INFO,Proceso automático completado en 460ms,[object Object],2026-06-07 15:00:00,1,,
857,[INFO] Evento de sistema,CARTERA_SCHEDULER,INFO,Proceso automático completado en 545ms,[object Object],2026-06-07 16:00:00,1,,
858,[INFO] Evento de sistema,CARTERA_SCHEDULER,INFO,Proceso automático completado en 496ms,[object Object],2026-06-07 17:00:00,1,,
859,[INFO] Evento de sistema,CARTERA_SCHEDULER,INFO,Proceso automático completado en 530ms,[object Object],2026-06-07 18:00:00,1,,
860,[INFO] Evento de sistema,CARTERA_SCHEDULER,INFO,Proceso automático completado en 480ms,[object Object],2026-06-07 19:00:00,1,,
861,[INFO] Evento de sistema,CARTERA_SCHEDULER,INFO,Proceso automático completado en 497ms,[object Object],2026-06-07 20:00:00,1,,
862,[INFO] Evento de sistema,CARTERA_SCHEDULER,INFO,Proceso automático completado en 613ms,[object Object],2026-06-07 21:00:00,1,,
863,[INFO] Evento de sistema,CARTERA_SCHEDULER,INFO,Proceso automático completado en 508ms,[object Object],2026-06-07 22:00:00,1,,
864,[INFO] Evento de sistema,CARTERA_SCHEDULER,INFO,Proceso automático completado en 507ms,[object Object],2026-06-07 23:00:00,1,,
865,[INFO] Evento de sistema,CARTERA_SCHEDULER,INFO,Proceso automático completado en 516ms,[object Object],2026-06-08 00:00:00,1,,
866,[INFO] Evento de sistema,CARTERA_SCHEDULER,INFO,Proceso automático completado en 606ms,[object Object],2026-06-08 01:00:00,1,,
867,[INFO] Evento de sistema,CARTERA_SCHEDULER,INFO,Proceso automático completado en 511ms,[object Object],2026-06-08 15:00:00,1,,
868,[INFO] Evento de sistema,CARTERA_SCHEDULER,INFO,Proceso automático completado en 597ms,[object Object],2026-06-08 16:00:00,1,,
869,[INFO] Evento de sistema,CARTERA_SCHEDULER,INFO,Proceso automático completado en 669ms,[object Object],2026-06-08 17:00:00,1,,
870,[INFO] Evento de sistema,CARTERA_SCHEDULER,INFO,Proceso automático completado en 605ms,[object Object],2026-06-08 18:00:00,1,,
871,[INFO] Evento de sistema,CARTERA_SCHEDULER,INFO,Proceso automático completado en 630ms,[object Object],2026-06-08 19:00:00,1,,
872,[INFO] Evento de sistema,CARTERA_SCHEDULER,INFO,Proceso automático completado en 652ms,[object Object],2026-06-08 20:00:00,1,,
873,[INFO] Evento de sistema,CARTERA_SCHEDULER,INFO,Proceso automático completado en 533ms,[object Object],2026-06-08 21:00:00,1,,
874,[INFO] Evento de sistema,CARTERA_SCHEDULER,INFO,Proceso automático completado en 533ms,[object Object],2026-06-08 22:00:00,1,,
875,[INFO] Evento de sistema,CARTERA_SCHEDULER,INFO,Proceso automático completado en 516ms,[object Object],2026-06-08 23:00:00,1,,
876,[INFO] Evento de sistema,CARTERA_SCHEDULER,INFO,Proceso automático completado en 614ms,[object Object],2026-06-09 00:00:00,1,,
877,[INFO] Evento de sistema,CARTERA_SCHEDULER,INFO,Proceso automático completado en 591ms,[object Object],2026-06-09 01:00:00,1,,
878,[INFO] Evento de sistema,CARTERA_SCHEDULER,INFO,Proceso automático completado en 481ms,[object Object],2026-06-09 15:00:00,1,,
879,[INFO] Evento de sistema,CARTERA_SCHEDULER,INFO,Proceso automático completado en 494ms,[object Object],2026-06-09 16:00:00,1,,
880,[INFO] Evento de sistema,CARTERA_SCHEDULER,INFO,Proceso automático completado en 546ms,[object Object],2026-06-09 17:00:00,1,,
881,[INFO] Evento de sistema,CARTERA_SCHEDULER,INFO,Proceso automático completado en 527ms,[object Object],2026-06-09 18:00:00,1,,
882,[INFO] Evento de sistema,CARTERA_SCHEDULER,INFO,Proceso automático completado en 581ms,[object Object],2026-06-09 19:00:00,1,,
883,[INFO] Evento de sistema,CARTERA_SCHEDULER,INFO,Proceso automático completado en 536ms,[object Object],2026-06-09 20:00:00,1,,
884,[INFO] Evento de sistema,CARTERA_SCHEDULER,INFO,Proceso automático completado en 535ms,[object Object],2026-06-09 21:00:00,1,,
885,[INFO] Evento de sistema,CARTERA_SCHEDULER,INFO,Proceso automático completado en 592ms,[object Object],2026-06-09 22:00:00,1,,
886,[INFO] Evento de sistema,CARTERA_SCHEDULER,INFO,Proceso automático completado en 529ms,[object Object],2026-06-09 23:00:00,1,,
887,[INFO] Evento de sistema,CARTERA_SCHEDULER,INFO,Proceso automático completado en 500ms,[object Object],2026-06-10 00:00:00,1,,
888,[INFO] Evento de sistema,CARTERA_SCHEDULER,INFO,Proceso automático completado en 569ms,[object Object],2026-06-10 01:00:00,1,,
889,[INFO] Evento de sistema,CARTERA_SCHEDULER,INFO,Proceso automático completado en 520ms,[object Object],2026-06-10 15:00:00,1,,
890,[INFO] Evento de sistema,CARTERA_SCHEDULER,INFO,Proceso automático completado en 501ms,[object Object],2026-06-10 16:00:00,1,,
891,[INFO] Evento de sistema,CARTERA_SCHEDULER,INFO,Proceso automático completado en 556ms,[object Object],2026-06-10 17:00:00,1,,
892,[INFO] Evento de sistema,CARTERA_SCHEDULER,INFO,Proceso automático completado en 519ms,[object Object],2026-06-10 18:00:00,1,,
893,[INFO] Evento de sistema,CARTERA_SCHEDULER,INFO,Proceso automático completado en 625ms,[object Object],2026-06-10 19:00:00,1,,
894,[INFO] Evento de sistema,CARTERA_SCHEDULER,INFO,Proceso automático completado en 626ms,[object Object],2026-06-10 20:00:00,1,,
895,[INFO] Evento de sistema,CARTERA_SCHEDULER,INFO,Proceso automático completado en 543ms,[object Object],2026-06-10 21:00:00,1,,
896,[INFO] Evento de sistema,CARTERA_SCHEDULER,INFO,Proceso automático completado en 515ms,[object Object],2026-06-10 22:00:00,1,,
897,[INFO] Evento de sistema,CARTERA_SCHEDULER,INFO,Proceso automático completado en 571ms,[object Object],2026-06-10 23:00:00,1,,
898,[INFO] Evento de sistema,CARTERA_SCHEDULER,INFO,Proceso automático completado en 594ms,[object Object],2026-06-11 00:00:00,1,,
899,[INFO] Evento de sistema,CARTERA_SCHEDULER,INFO,Proceso automático completado en 592ms,[object Object],2026-06-11 01:00:00,1,,
900,[INFO] Evento de sistema,CARTERA_SCHEDULER,INFO,Proceso automático completado en 638ms,[object Object],2026-06-11 15:00:00,1,,
901,[INFO] Evento de sistema,CARTERA_SCHEDULER,INFO,Proceso automático completado en 524ms,[object Object],2026-06-11 16:00:00,1,,
902,[INFO] Evento de sistema,CARTERA_SCHEDULER,INFO,Proceso automático completado en 608ms,[object Object],2026-06-11 17:00:00,1,,
903,[INFO] Evento de sistema,CARTERA_SCHEDULER,INFO,Proceso automático completado en 581ms,[object Object],2026-06-11 18:00:00,1,,
904,[INFO] Evento de sistema,CARTERA_SCHEDULER,INFO,Proceso automático completado en 564ms,[object Object],2026-06-11 19:00:00,1,,
905,[INFO] Evento de sistema,CARTERA_SCHEDULER,INFO,Proceso automático completado en 560ms,[object Object],2026-06-11 20:00:00,1,,
906,[INFO] Evento de sistema,CARTERA_SCHEDULER,INFO,Proceso automático completado en 526ms,[object Object],2026-06-11 21:00:00,1,,
907,[INFO] Evento de sistema,CARTERA_SCHEDULER,INFO,Proceso automático completado en 563ms,[object Object],2026-06-11 22:00:00,1,,
908,[INFO] Evento de sistema,CARTERA_SCHEDULER,INFO,Proceso automático completado en 543ms,[object Object],2026-06-11 23:00:00,1,,
909,[INFO] Evento de sistema,CARTERA_SCHEDULER,INFO,Proceso automático completado en 601ms,[object Object],2026-06-12 00:00:00,1,,
910,[INFO] Evento de sistema,CARTERA_SCHEDULER,INFO,Proceso automático completado en 561ms,[object Object],2026-06-12 01:00:00,1,,
911,[INFO] Evento de sistema,CARTERA_SCHEDULER,INFO,Proceso automático completado en 446ms,[object Object],2026-06-12 13:36:15,1,,
912,[INFO] Evento de sistema,CARTERA_SCHEDULER,INFO,Proceso automático completado en 435ms,[object Object],2026-06-12 13:41:12,1,,
913,[INFO] Evento de sistema,CARTERA_SCHEDULER,INFO,Proceso automático completado en 536ms,[object Object],2026-06-12 15:00:00,1,,
914,[INFO] Evento de sistema,CARTERA_SCHEDULER,INFO,Proceso automático completado en 510ms,[object Object],2026-06-12 16:00:00,1,,
915,[INFO] Evento de sistema,CARTERA_SCHEDULER,INFO,Proceso automático completado en 632ms,[object Object],2026-06-12 17:00:00,1,,
916,[INFO] Evento de sistema,CARTERA_SCHEDULER,INFO,Proceso automático completado en 515ms,[object Object],2026-06-12 18:00:00,1,,
917,[INFO] Evento de sistema,CARTERA_SCHEDULER,INFO,Proceso automático completado en 511ms,[object Object],2026-06-12 19:00:00,1,,
918,[INFO] Evento de sistema,CARTERA_SCHEDULER,INFO,Proceso automático completado en 558ms,[object Object],2026-06-12 20:00:00,1,,
919,[INFO] Evento de sistema,CARTERA_SCHEDULER,INFO,Proceso automático completado en 529ms,[object Object],2026-06-12 21:00:00,1,,
920,[INFO] Evento de sistema,CARTERA_SCHEDULER,INFO,Proceso automático completado en 556ms,[object Object],2026-06-12 22:00:00,1,,
921,[INFO] Evento de sistema,CARTERA_SCHEDULER,INFO,Proceso automático completado en 573ms,[object Object],2026-06-12 23:00:00,1,,
922,[INFO] Evento de sistema,CARTERA_SCHEDULER,INFO,Proceso automático completado en 658ms,[object Object],2026-06-13 00:00:00,1,,
923,[INFO] Evento de sistema,CARTERA_SCHEDULER,INFO,Proceso automático completado en 599ms,[object Object],2026-06-13 01:00:00,1,,
924,[INFO] Evento de sistema,CARTERA_SCHEDULER,INFO,Proceso automático completado en 576ms,[object Object],2026-06-13 15:00:00,1,,
925,[INFO] Evento de sistema,CARTERA_SCHEDULER,INFO,Proceso automático completado en 582ms,[object Object],2026-06-13 16:00:00,1,,
926,[INFO] Evento de sistema,CARTERA_SCHEDULER,INFO,Proceso automático completado en 572ms,[object Object],2026-06-13 17:00:00,1,,
927,[INFO] Evento de sistema,CARTERA_SCHEDULER,INFO,Proceso automático completado en 526ms,[object Object],2026-06-13 18:00:00,1,,
928,[INFO] Evento de sistema,CARTERA_SCHEDULER,INFO,Proceso automático completado en 523ms,[object Object],2026-06-13 19:00:00,1,,
929,[INFO] Evento de sistema,CARTERA_SCHEDULER,INFO,Proceso automático completado en 503ms,[object Object],2026-06-13 20:00:00,1,,
930,[INFO] Evento de sistema,CARTERA_SCHEDULER,INFO,Proceso automático completado en 609ms,[object Object],2026-06-13 21:00:00,1,,
931,[INFO] Evento de sistema,CARTERA_SCHEDULER,INFO,Proceso automático completado en 536ms,[object Object],2026-06-13 22:00:00,1,,
932,[INFO] Evento de sistema,CARTERA_SCHEDULER,INFO,Proceso automático completado en 545ms,[object Object],2026-06-13 23:00:00,1,,
933,[INFO] Evento de sistema,CARTERA_SCHEDULER,INFO,Proceso automático completado en 520ms,[object Object],2026-06-14 00:00:00,1,,
934,[INFO] Evento de sistema,CARTERA_SCHEDULER,INFO,Proceso automático completado en 809ms,[object Object],2026-06-14 01:00:00,1,,
935,[INFO] Evento de sistema,CARTERA_SCHEDULER,INFO,Proceso automático completado en 486ms,[object Object],2026-06-14 15:00:00,1,,
936,[INFO] Evento de sistema,CARTERA_SCHEDULER,INFO,Proceso automático completado en 546ms,[object Object],2026-06-14 16:00:00,1,,
937,[INFO] Evento de sistema,CARTERA_SCHEDULER,INFO,Proceso automático completado en 638ms,[object Object],2026-06-14 17:00:00,1,,
938,[INFO] Evento de sistema,CARTERA_SCHEDULER,INFO,Proceso automático completado en 532ms,[object Object],2026-06-14 18:00:00,1,,
939,[INFO] Evento de sistema,CARTERA_SCHEDULER,INFO,Proceso automático completado en 570ms,[object Object],2026-06-14 19:00:00,1,,
940,[INFO] Evento de sistema,CARTERA_SCHEDULER,INFO,Proceso automático completado en 631ms,[object Object],2026-06-14 20:00:00,1,,
941,[INFO] Evento de sistema,CARTERA_SCHEDULER,INFO,Proceso automático completado en 559ms,[object Object],2026-06-14 21:00:00,1,,
942,[INFO] Evento de sistema,CARTERA_SCHEDULER,INFO,Proceso automático completado en 568ms,[object Object],2026-06-14 22:00:00,1,,
943,[INFO] Evento de sistema,CARTERA_SCHEDULER,INFO,Proceso automático completado en 519ms,[object Object],2026-06-14 23:00:00,1,,
944,[INFO] Evento de sistema,CARTERA_SCHEDULER,INFO,Proceso automático completado en 643ms,[object Object],2026-06-15 00:00:00,1,,
945,[INFO] Evento de sistema,CARTERA_SCHEDULER,INFO,Proceso automático completado en 630ms,[object Object],2026-06-15 01:00:00,1,,
946,[INFO] Evento de sistema,CARTERA_SCHEDULER,INFO,Proceso automático completado en 567ms,[object Object],2026-06-15 15:00:00,1,,
947,[INFO] Evento de sistema,CARTERA_SCHEDULER,INFO,Proceso automático completado en 566ms,[object Object],2026-06-15 16:00:00,1,,
948,[INFO] Evento de sistema,CARTERA_SCHEDULER,INFO,Proceso automático completado en 605ms,[object Object],2026-06-15 17:00:00,1,,
949,[INFO] Evento de sistema,CARTERA_SCHEDULER,INFO,Proceso automático completado en 559ms,[object Object],2026-06-15 18:00:00,1,,
950,[INFO] Evento de sistema,CARTERA_SCHEDULER,INFO,Proceso automático completado en 481ms,[object Object],2026-06-15 19:00:00,1,,
951,[INFO] Evento de sistema,CARTERA_SCHEDULER,INFO,Proceso automático completado en 570ms,[object Object],2026-06-15 20:00:00,1,,
952,[INFO] Evento de sistema,CARTERA_SCHEDULER,INFO,Proceso automático completado en 642ms,[object Object],2026-06-15 21:00:00,1,,
953,[INFO] Evento de sistema,CARTERA_SCHEDULER,INFO,Proceso automático completado en 696ms,[object Object],2026-06-15 22:00:00,1,,
954,[INFO] Evento de sistema,CARTERA_SCHEDULER,INFO,Proceso automático completado en 562ms,[object Object],2026-06-15 23:00:00,1,,
955,[INFO] Evento de sistema,CARTERA_SCHEDULER,INFO,Proceso automático completado en 555ms,[object Object],2026-06-16 00:00:00,1,,
956,[INFO] Evento de sistema,CARTERA_SCHEDULER,INFO,Proceso automático completado en 616ms,[object Object],2026-06-16 01:00:00,1,,
957,[INFO] Evento de sistema,CARTERA_SCHEDULER,INFO,Proceso automático completado en 829ms,[object Object],2026-06-16 02:44:55,1,,
958,[INFO] Evento de sistema,CARTERA_SCHEDULER,INFO,Proceso automático completado en 520ms,[object Object],2026-06-16 06:07:07,1,,
959,[INFO] Evento de sistema,CARTERA_SCHEDULER,INFO,Proceso automático completado en 414ms,[object Object],2026-06-16 06:31:25,1,,
960,[INFO] Evento de sistema,CARTERA_SCHEDULER,INFO,Proceso automático completado en 666ms,[object Object],2026-06-16 15:00:00,1,,
961,[INFO] Evento de sistema,CARTERA_SCHEDULER,INFO,Proceso automático completado en 652ms,[object Object],2026-06-16 16:00:00,1,,
962,[INFO] Evento de sistema,CARTERA_SCHEDULER,INFO,Proceso automático completado en 718ms,[object Object],2026-06-16 17:00:00,1,,
963,[INFO] Evento de sistema,CARTERA_SCHEDULER,INFO,Proceso automático completado en 656ms,[object Object],2026-06-16 18:00:00,1,,
964,[INFO] Evento de sistema,CARTERA_SCHEDULER,INFO,Proceso automático completado en 652ms,[object Object],2026-06-16 19:00:00,1,,
965,[INFO] Evento de sistema,CARTERA_SCHEDULER,INFO,Proceso automático completado en 711ms,[object Object],2026-06-16 20:00:00,1,,
966,[INFO] Evento de sistema,CARTERA_SCHEDULER,INFO,Proceso automático completado en 638ms,[object Object],2026-06-16 21:00:00,1,,
967,[INFO] Evento de sistema,CARTERA_SCHEDULER,INFO,Proceso automático completado en 626ms,[object Object],2026-06-16 22:00:00,1,,
968,[INFO] Evento de sistema,CARTERA_SCHEDULER,INFO,Proceso automático completado en 650ms,[object Object],2026-06-16 23:00:00,1,,
969,[INFO] Evento de sistema,CARTERA_SCHEDULER,INFO,Proceso automático completado en 596ms,[object Object],2026-06-17 00:00:00,1,,
970,[INFO] Evento de sistema,CARTERA_SCHEDULER,INFO,Proceso automático completado en 724ms,[object Object],2026-06-17 01:00:00,1,,
971,[INFO] Evento de sistema,CARTERA_SCHEDULER,INFO,Proceso automático completado en 690ms,[object Object],2026-06-17 15:00:00,1,,
972,[INFO] Evento de sistema,CARTERA_SCHEDULER,INFO,Proceso automático completado en 627ms,[object Object],2026-06-17 16:00:00,1,,
973,[INFO] Evento de sistema,CARTERA_SCHEDULER,INFO,Proceso automático completado en 826ms,[object Object],2026-06-17 17:00:00,1,,
974,[INFO] Evento de sistema,CARTERA_SCHEDULER,INFO,Proceso automático completado en 656ms,[object Object],2026-06-17 18:00:00,1,,
975,[INFO] Evento de sistema,CARTERA_SCHEDULER,INFO,Proceso automático completado en 598ms,[object Object],2026-06-17 19:00:00,1,,
976,[INFO] Evento de sistema,CARTERA_SCHEDULER,INFO,Proceso automático completado en 684ms,[object Object],2026-06-17 20:00:00,1,,
977,[INFO] Evento de sistema,CARTERA_SCHEDULER,INFO,Proceso automático completado en 655ms,[object Object],2026-06-17 21:00:00,1,,
978,[INFO] Evento de sistema,CARTERA_SCHEDULER,INFO,Proceso automático completado en 657ms,[object Object],2026-06-17 22:00:00,1,,
979,[INFO] Evento de sistema,CARTERA_SCHEDULER,INFO,Proceso automático completado en 729ms,[object Object],2026-06-17 23:00:00,1,,
980,[INFO] Evento de sistema,CARTERA_SCHEDULER,INFO,Proceso automático completado en 715ms,[object Object],2026-06-18 00:00:00,1,,
981,[INFO] Evento de sistema,CARTERA_SCHEDULER,INFO,Proceso automático completado en 773ms,[object Object],2026-06-18 01:00:00,1,,
982,[INFO] Evento de sistema,CARTERA_SCHEDULER,INFO,Proceso automático completado en 653ms,[object Object],2026-06-18 15:00:00,1,,
983,[INFO] Evento de sistema,CARTERA_SCHEDULER,INFO,Proceso automático completado en 652ms,[object Object],2026-06-18 16:00:00,1,,
984,[INFO] Evento de sistema,CARTERA_SCHEDULER,INFO,Proceso automático completado en 617ms,[object Object],2026-06-18 17:00:00,1,,
985,[INFO] Evento de sistema,CARTERA_SCHEDULER,INFO,Proceso automático completado en 626ms,[object Object],2026-06-18 18:00:00,1,,
986,[INFO] Evento de sistema,CARTERA_SCHEDULER,INFO,Proceso automático completado en 567ms,[object Object],2026-06-18 19:00:00,1,,
987,[INFO] Evento de sistema,CARTERA_SCHEDULER,INFO,Proceso automático completado en 581ms,[object Object],2026-06-18 20:00:00,1,,
988,[INFO] Evento de sistema,CARTERA_SCHEDULER,INFO,Proceso automático completado en 533ms,[object Object],2026-06-18 21:00:00,1,,
989,[INFO] Evento de sistema,CARTERA_SCHEDULER,INFO,Proceso automático completado en 643ms,[object Object],2026-06-18 22:00:00,1,,
990,[INFO] Evento de sistema,CARTERA_SCHEDULER,INFO,Proceso automático completado en 527ms,[object Object],2026-06-18 23:00:00,1,,
991,[INFO] Evento de sistema,CARTERA_SCHEDULER,INFO,Proceso automático completado en 550ms,[object Object],2026-06-19 00:00:00,1,,
992,[INFO] Evento de sistema,CARTERA_SCHEDULER,INFO,Proceso automático completado en 605ms,[object Object],2026-06-19 01:00:00,1,,
993,[INFO] Evento de sistema,CARTERA_SCHEDULER,INFO,Proceso automático completado en 480ms,[object Object],2026-06-19 15:00:00,1,,
994,[INFO] Evento de sistema,CARTERA_SCHEDULER,INFO,Proceso automático completado en 703ms,[object Object],2026-06-19 16:00:00,1,,
995,[INFO] Evento de sistema,CARTERA_SCHEDULER,INFO,Proceso automático completado en 495ms,[object Object],2026-06-19 17:00:00,1,,
996,[INFO] Evento de sistema,CARTERA_SCHEDULER,INFO,Proceso automático completado en 506ms,[object Object],2026-06-19 18:00:00,1,,
997,[INFO] Evento de sistema,CARTERA_SCHEDULER,INFO,Proceso automático completado en 788ms,[object Object],2026-06-19 19:00:00,1,,
998,[INFO] Evento de sistema,CARTERA_SCHEDULER,INFO,Proceso automático completado en 623ms,[object Object],2026-06-19 20:00:00,1,,
999,[INFO] Evento de sistema,CARTERA_SCHEDULER,INFO,Proceso automático completado en 544ms,[object Object],2026-06-19 21:00:00,1,,
1000,[INFO] Evento de sistema,CARTERA_SCHEDULER,INFO,Proceso automático completado en 500ms,[object Object],2026-06-19 22:00:00,1,,
1001,[INFO] Evento de sistema,CARTERA_SCHEDULER,INFO,Proceso automático completado en 570ms,[object Object],2026-06-19 23:00:00,1,,
1002,[INFO] Evento de sistema,CARTERA_SCHEDULER,INFO,Proceso automático completado en 470ms,[object Object],2026-06-19 23:06:58,1,,
1003,[INFO] Evento de sistema,CARTERA_SCHEDULER,INFO,Proceso automático completado en 468ms,[object Object],2026-06-19 23:13:26,1,,
1004,[INFO] Evento de sistema,CARTERA_SCHEDULER,INFO,Proceso automático completado en 482ms,[object Object],2026-06-19 23:24:16,1,,
1005,[INFO] Evento de sistema,CARTERA_SCHEDULER,INFO,Proceso automático completado en 457ms,[object Object],2026-06-19 23:24:21,1,,
1006,[INFO] Evento de sistema,CARTERA_SCHEDULER,INFO,Proceso automático completado en 521ms,[object Object],2026-06-20 00:00:00,1,,
1007,[INFO] Evento de sistema,CARTERA_SCHEDULER,INFO,Proceso automático completado en 541ms,[object Object],2026-06-20 01:00:00,1,,
1008,[INFO] Evento de sistema,CARTERA_SCHEDULER,INFO,Proceso automático completado en 448ms,[object Object],2026-06-20 15:00:00,1,,
1009,[INFO] Evento de sistema,CARTERA_SCHEDULER,INFO,Proceso automático completado en 637ms,[object Object],2026-06-20 16:00:00,1,,
1010,[INFO] Evento de sistema,CARTERA_SCHEDULER,INFO,Proceso automático completado en 497ms,[object Object],2026-06-20 17:00:00,1,,
1011,[INFO] Evento de sistema,CARTERA_SCHEDULER,INFO,Proceso automático completado en 744ms,[object Object],2026-06-20 18:00:00,1,,
1012,[INFO] Evento de sistema,CARTERA_SCHEDULER,INFO,Proceso automático completado en 495ms,[object Object],2026-06-20 19:00:00,1,,
1013,[INFO] Evento de sistema,CARTERA_SCHEDULER,INFO,Proceso automático completado en 462ms,[object Object],2026-06-20 20:00:00,1,,
1014,[INFO] Evento de sistema,CARTERA_SCHEDULER,INFO,Proceso automático completado en 525ms,[object Object],2026-06-20 21:00:00,1,,
1015,[INFO] Evento de sistema,CARTERA_SCHEDULER,INFO,Proceso automático completado en 697ms,[object Object],2026-06-20 22:00:00,1,,
1016,[INFO] Evento de sistema,CARTERA_SCHEDULER,INFO,Proceso automático completado en 472ms,[object Object],2026-06-20 23:00:00,1,,
1017,[INFO] Evento de sistema,CARTERA_SCHEDULER,INFO,Proceso automático completado en 611ms,[object Object],2026-06-21 00:00:00,1,,
1018,[INFO] Evento de sistema,CARTERA_SCHEDULER,INFO,Proceso automático completado en 700ms,[object Object],2026-06-21 01:00:00,1,,
1019,[INFO] Evento de sistema,CARTERA_SCHEDULER,INFO,Proceso automático completado en 460ms,[object Object],2026-06-21 15:00:00,1,,
1020,[INFO] Evento de sistema,CARTERA_SCHEDULER,INFO,Proceso automático completado en 512ms,[object Object],2026-06-21 16:00:00,1,,
1021,[INFO] Evento de sistema,CARTERA_SCHEDULER,INFO,Proceso automático completado en 561ms,[object Object],2026-06-21 17:00:00,1,,
1022,[INFO] Evento de sistema,CARTERA_SCHEDULER,INFO,Proceso automático completado en 483ms,[object Object],2026-06-21 18:00:00,1,,
1023,[INFO] Evento de sistema,CARTERA_SCHEDULER,INFO,Proceso automático completado en 477ms,[object Object],2026-06-21 19:00:00,1,,
1024,[INFO] Evento de sistema,CARTERA_SCHEDULER,INFO,Proceso automático completado en 510ms,[object Object],2026-06-21 20:00:00,1,,
1025,[INFO] Evento de sistema,CARTERA_SCHEDULER,INFO,Proceso automático completado en 523ms,[object Object],2026-06-21 21:00:00,1,,
1026,[INFO] Evento de sistema,CARTERA_SCHEDULER,INFO,Proceso automático completado en 548ms,[object Object],2026-06-21 22:00:00,1,,
1027,[INFO] Evento de sistema,CARTERA_SCHEDULER,INFO,Proceso automático completado en 511ms,[object Object],2026-06-21 23:00:00,1,,
1028,[INFO] Evento de sistema,CARTERA_SCHEDULER,INFO,Proceso automático completado en 582ms,[object Object],2026-06-22 00:00:00,1,,
1029,[INFO] Evento de sistema,CARTERA_SCHEDULER,INFO,Proceso automático completado en 587ms,[object Object],2026-06-22 01:00:00,1,,
1030,[INFO] Evento de sistema,CARTERA_SCHEDULER,INFO,Proceso automático completado en 605ms,[object Object],2026-06-22 15:00:00,1,,
1031,[INFO] Evento de sistema,CARTERA_SCHEDULER,INFO,Proceso automático completado en 595ms,[object Object],2026-06-22 16:00:00,1,,
1032,[INFO] Evento de sistema,CARTERA_SCHEDULER,INFO,Proceso automático completado en 779ms,[object Object],2026-06-22 17:00:00,1,,
1033,[INFO] Evento de sistema,CARTERA_SCHEDULER,INFO,Proceso automático completado en 523ms,[object Object],2026-06-22 17:09:25,1,,
1034,[INFO] Evento de sistema,CARTERA_SCHEDULER,INFO,Proceso automático completado en 638ms,[object Object],2026-06-22 18:00:00,1,,
1035,[INFO] Evento de sistema,CARTERA_SCHEDULER,INFO,Proceso automático completado en 629ms,[object Object],2026-06-22 19:00:00,1,,
1036,[INFO] Evento de sistema,CARTERA_SCHEDULER,INFO,Proceso automático completado en 585ms,[object Object],2026-06-22 20:00:00,1,,
1037,[INFO] Evento de sistema,CARTERA_SCHEDULER,INFO,Proceso automático completado en 623ms,[object Object],2026-06-22 21:00:00,1,,
1038,[INFO] Evento de sistema,CARTERA_SCHEDULER,INFO,Proceso automático completado en 623ms,[object Object],2026-06-22 22:00:00,1,,
1039,[INFO] Evento de sistema,CARTERA_SCHEDULER,INFO,Proceso automático completado en 596ms,[object Object],2026-06-22 22:30:11,1,,
1040,[INFO] Evento de sistema,CARTERA_SCHEDULER,INFO,Proceso automático completado en 498ms,[object Object],2026-06-22 23:00:00,1,,
1041,[INFO] Evento de sistema,CARTERA_SCHEDULER,INFO,Proceso automático completado en 602ms,[object Object],2026-06-23 00:00:00,1,,
1042,[INFO] Evento de sistema,CARTERA_SCHEDULER,INFO,Proceso automático completado en 821ms,[object Object],2026-06-23 01:00:00,1,,
1043,[INFO] Evento de sistema,CARTERA_SCHEDULER,INFO,Proceso automático completado en 507ms,[object Object],2026-06-23 14:29:03,1,,
1044,[INFO] Evento de sistema,CARTERA_SCHEDULER,INFO,Proceso automático completado en 662ms,[object Object],2026-06-23 15:00:00,1,,
1045,[INFO] Evento de sistema,CARTERA_SCHEDULER,INFO,Proceso automático completado en 579ms,[object Object],2026-06-23 16:00:00,1,,
1046,[INFO] Evento de sistema,CARTERA_SCHEDULER,INFO,Proceso automático completado en 527ms,[object Object],2026-06-23 17:00:00,1,,
1047,[INFO] Evento de sistema,CARTERA_SCHEDULER,INFO,Proceso automático completado en 602ms,[object Object],2026-06-23 18:00:00,1,,
1048,[INFO] Evento de sistema,CARTERA_SCHEDULER,INFO,Proceso automático completado en 556ms,[object Object],2026-06-23 19:00:00,1,,
1049,[INFO] Evento de sistema,CARTERA_SCHEDULER,INFO,Proceso automático completado en 581ms,[object Object],2026-06-23 20:00:00,1,,
1050,[INFO] Evento de sistema,CARTERA_SCHEDULER,INFO,Proceso automático completado en 610ms,[object Object],2026-06-23 21:00:00,1,,
1051,[INFO] Evento de sistema,CARTERA_SCHEDULER,INFO,Proceso automático completado en 599ms,[object Object],2026-06-23 22:00:00,1,,
1052,[INFO] Evento de sistema,CARTERA_SCHEDULER,INFO,Proceso automático completado en 501ms,[object Object],2026-06-23 22:23:41,1,,
1053,[INFO] Evento de sistema,CARTERA_SCHEDULER,INFO,Proceso automático completado en 460ms,[object Object],2026-06-23 22:23:48,1,,
1054,[INFO] Evento de sistema,CARTERA_SCHEDULER,INFO,Proceso automático completado en 528ms,[object Object],2026-06-23 22:29:40,1,,
1055,[INFO] Evento de sistema,CARTERA_SCHEDULER,INFO,Proceso automático completado en 596ms,[object Object],2026-06-23 23:00:00,1,,
1056,[INFO] Evento de sistema,CARTERA_SCHEDULER,INFO,Proceso automático completado en 561ms,[object Object],2026-06-24 00:00:00,1,,
1057,[INFO] Evento de sistema,CARTERA_SCHEDULER,INFO,Proceso automático completado en 421ms,[object Object],2026-06-24 00:48:42,1,,
1058,[INFO] Evento de sistema,CARTERA_SCHEDULER,INFO,Proceso automático completado en 696ms,[object Object],2026-06-24 01:00:00,1,,
1059,[INFO] Evento de sistema,CARTERA_SCHEDULER,INFO,Proceso automático completado en 518ms,[object Object],2026-06-24 15:00:00,1,,
1060,[INFO] Evento de sistema,CARTERA_SCHEDULER,INFO,Proceso automático completado en 582ms,[object Object],2026-06-24 16:00:00,1,,
1061,[INFO] Evento de sistema,CARTERA_SCHEDULER,INFO,Proceso automático completado en 613ms,[object Object],2026-06-24 17:00:00,1,,
1062,[INFO] Evento de sistema,CARTERA_SCHEDULER,INFO,Proceso automático completado en 550ms,[object Object],2026-06-24 18:00:00,1,,
1063,[INFO] Evento de sistema,CARTERA_SCHEDULER,INFO,Proceso automático completado en 578ms,[object Object],2026-06-24 19:00:00,1,,
1064,[INFO] Evento de sistema,CARTERA_SCHEDULER,INFO,Proceso automático completado en 558ms,[object Object],2026-06-24 20:00:00,1,,
1065,[INFO] Evento de sistema,CARTERA_SCHEDULER,INFO,Proceso automático completado en 604ms,[object Object],2026-06-24 21:00:00,1,,
1066,[INFO] Evento de sistema,CARTERA_SCHEDULER,INFO,Proceso automático completado en 585ms,[object Object],2026-06-24 22:00:00,1,,
1067,[INFO] Evento de sistema,CARTERA_SCHEDULER,INFO,Proceso automático completado en 742ms,[object Object],2026-06-24 23:00:00,1,,
1068,[INFO] Evento de sistema,CARTERA_SCHEDULER,INFO,Proceso automático completado en 553ms,[object Object],2026-06-25 00:00:00,1,,
1069,[INFO] Evento de sistema,CARTERA_SCHEDULER,INFO,Proceso automático completado en 610ms,[object Object],2026-06-25 01:00:00,1,,
1070,[INFO] Evento de sistema,CARTERA_SCHEDULER,INFO,Proceso automático completado en 518ms,[object Object],2026-06-25 01:28:03,1,,
1071,[INFO] Evento de sistema,CARTERA_SCHEDULER,INFO,Proceso automático completado en 534ms,[object Object],2026-06-25 15:00:00,1,,
1072,[INFO] Evento de sistema,CARTERA_SCHEDULER,INFO,Proceso automático completado en 610ms,[object Object],2026-06-25 16:00:00,1,,
1073,[INFO] Evento de sistema,CARTERA_SCHEDULER,INFO,Proceso automático completado en 491ms,[object Object],2026-06-25 16:20:28,1,,
1074,[INFO] Evento de sistema,CARTERA_SCHEDULER,INFO,Proceso automático completado en 693ms,[object Object],2026-06-25 17:00:00,1,,
1075,[INFO] Evento de sistema,CARTERA_SCHEDULER,INFO,Proceso automático completado en 665ms,[object Object],2026-06-25 18:00:00,1,,
1076,[INFO] Evento de sistema,CARTERA_SCHEDULER,INFO,Proceso automático completado en 733ms,[object Object],2026-06-25 19:00:00,1,,
1077,[INFO] Evento de sistema,CARTERA_SCHEDULER,INFO,Proceso automático completado en 753ms,[object Object],2026-06-25 20:00:00,1,,
1078,[INFO] Evento de sistema,CARTERA_SCHEDULER,INFO,Proceso automático completado en 623ms,[object Object],2026-06-25 21:00:00,1,,
1079,[INFO] Evento de sistema,CARTERA_SCHEDULER,INFO,Proceso automático completado en 1081ms,[object Object],2026-06-25 22:00:01,1,,
1080,[INFO] Evento de sistema,CARTERA_SCHEDULER,INFO,Proceso automático completado en 660ms,[object Object],2026-06-25 23:00:00,1,,
1081,[INFO] Evento de sistema,CARTERA_SCHEDULER,INFO,Proceso automático completado en 808ms,[object Object],2026-06-26 00:00:00,1,,
1082,[INFO] Evento de sistema,CARTERA_SCHEDULER,INFO,Proceso automático completado en 660ms,[object Object],2026-06-26 01:00:00,1,,
1083,[INFO] Evento de sistema,CARTERA_SCHEDULER,INFO,Proceso automático completado en 558ms,[object Object],2026-06-26 15:00:00,1,,
1084,[INFO] Evento de sistema,CARTERA_SCHEDULER,INFO,Proceso automático completado en 659ms,[object Object],2026-06-26 16:00:00,1,,
1085,[INFO] Evento de sistema,CARTERA_SCHEDULER,INFO,Proceso automático completado en 551ms,[object Object],2026-06-26 17:00:00,1,,
1086,[INFO] Evento de sistema,CARTERA_SCHEDULER,INFO,Proceso automático completado en 548ms,[object Object],2026-06-26 18:00:00,1,,
1087,[INFO] Evento de sistema,CARTERA_SCHEDULER,INFO,Proceso automático completado en 541ms,[object Object],2026-06-26 19:00:00,1,,
1088,[INFO] Evento de sistema,CARTERA_SCHEDULER,INFO,Proceso automático completado en 673ms,[object Object],2026-06-26 20:00:00,1,,
1089,[INFO] Evento de sistema,CARTERA_SCHEDULER,INFO,Proceso automático completado en 669ms,[object Object],2026-06-26 21:00:00,1,,
1090,[INFO] Evento de sistema,CARTERA_SCHEDULER,INFO,Proceso automático completado en 655ms,[object Object],2026-06-26 22:00:00,1,,
1091,[INFO] Evento de sistema,CARTERA_SCHEDULER,INFO,Proceso automático completado en 552ms,[object Object],2026-06-26 23:00:00,1,,
1092,[INFO] Evento de sistema,CARTERA_SCHEDULER,INFO,Proceso automático completado en 602ms,[object Object],2026-06-27 00:00:00,1,,
1093,[INFO] Evento de sistema,CARTERA_SCHEDULER,INFO,Proceso automático completado en 687ms,[object Object],2026-06-27 01:00:00,1,,
1094,[INFO] Evento de sistema,CARTERA_SCHEDULER,INFO,Proceso automático completado en 661ms,[object Object],2026-06-27 15:00:00,1,,
1095,[INFO] Evento de sistema,CARTERA_SCHEDULER,INFO,Proceso automático completado en 532ms,[object Object],2026-06-27 16:00:00,1,,
1096,[INFO] Evento de sistema,CARTERA_SCHEDULER,INFO,Proceso automático completado en 610ms,[object Object],2026-06-27 17:00:00,1,,
1097,[INFO] Evento de sistema,CARTERA_SCHEDULER,INFO,Proceso automático completado en 458ms,[object Object],2026-06-27 18:00:00,1,,
1098,[INFO] Evento de sistema,CARTERA_SCHEDULER,INFO,Proceso automático completado en 524ms,[object Object],2026-06-27 19:00:00,1,,
1099,[INFO] Evento de sistema,CARTERA_SCHEDULER,INFO,Proceso automático completado en 549ms,[object Object],2026-06-27 20:00:00,1,,
1100,[INFO] Evento de sistema,CARTERA_SCHEDULER,INFO,Proceso automático completado en 576ms,[object Object],2026-06-27 21:00:00,1,,
1101,[INFO] Evento de sistema,CARTERA_SCHEDULER,INFO,Proceso automático completado en 573ms,[object Object],2026-06-27 22:00:00,1,,
1102,[INFO] Evento de sistema,CARTERA_SCHEDULER,INFO,Proceso automático completado en 511ms,[object Object],2026-06-27 23:00:00,1,,
1103,[INFO] Evento de sistema,CARTERA_SCHEDULER,INFO,Proceso automático completado en 545ms,[object Object],2026-06-28 00:00:00,1,,
1104,[INFO] Evento de sistema,CARTERA_SCHEDULER,INFO,Proceso automático completado en 569ms,[object Object],2026-06-28 01:00:00,1,,
1105,[INFO] Evento de sistema,CARTERA_SCHEDULER,INFO,Proceso automático completado en 626ms,[object Object],2026-06-28 15:00:00,1,,
1106,[INFO] Evento de sistema,CARTERA_SCHEDULER,INFO,Proceso automático completado en 550ms,[object Object],2026-06-28 16:00:00,1,,
1107,[INFO] Evento de sistema,CARTERA_SCHEDULER,INFO,Proceso automático completado en 527ms,[object Object],2026-06-28 17:00:00,1,,
1108,[INFO] Evento de sistema,CARTERA_SCHEDULER,INFO,Proceso automático completado en 702ms,[object Object],2026-06-28 18:00:00,1,,
1109,[INFO] Evento de sistema,CARTERA_SCHEDULER,INFO,Proceso automático completado en 570ms,[object Object],2026-06-28 19:00:00,1,,
1110,[INFO] Evento de sistema,CARTERA_SCHEDULER,INFO,Proceso automático completado en 561ms,[object Object],2026-06-28 20:00:00,1,,
1111,[INFO] Evento de sistema,CARTERA_SCHEDULER,INFO,Proceso automático completado en 716ms,[object Object],2026-06-28 21:00:00,1,,
1112,[INFO] Evento de sistema,CARTERA_SCHEDULER,INFO,Proceso automático completado en 692ms,[object Object],2026-06-28 22:00:00,1,,
1113,[INFO] Evento de sistema,CARTERA_SCHEDULER,INFO,Proceso automático completado en 520ms,[object Object],2026-06-28 23:00:00,1,,
1114,[INFO] Evento de sistema,CARTERA_SCHEDULER,INFO,Proceso automático completado en 585ms,[object Object],2026-06-29 00:00:00,1,,
1115,[INFO] Evento de sistema,CARTERA_SCHEDULER,INFO,Proceso automático completado en 711ms,[object Object],2026-06-29 01:00:00,1,,
1116,[INFO] Evento de sistema,CARTERA_SCHEDULER,INFO,Proceso automático completado en 615ms,[object Object],2026-06-29 15:00:00,1,,
1117,[INFO] Evento de sistema,CARTERA_SCHEDULER,INFO,Proceso automático completado en 540ms,[object Object],2026-06-29 16:00:00,1,,
1118,[INFO] Evento de sistema,CARTERA_SCHEDULER,INFO,Proceso automático completado en 463ms,[object Object],2026-06-29 16:37:36,1,,
1119,[INFO] Evento de sistema,CARTERA_SCHEDULER,INFO,Proceso automático completado en 506ms,[object Object],2026-06-29 17:00:02,1,,
1120,[INFO] Evento de sistema,CARTERA_SCHEDULER,INFO,Proceso automático completado en 495ms,[object Object],2026-06-29 18:00:02,1,,
1121,[INFO] Evento de sistema,CARTERA_SCHEDULER,INFO,Proceso automático completado en 533ms,[object Object],2026-06-29 19:00:02,1,,
1122,[INFO] Evento de sistema,CARTERA_SCHEDULER,INFO,Proceso automático completado en 475ms,[object Object],2026-06-29 20:00:02,1,,
1123,[INFO] Evento de sistema,CARTERA_SCHEDULER,INFO,Proceso automático completado en 502ms,[object Object],2026-06-29 21:00:02,1,,
1124,[INFO] Evento de sistema,CARTERA_SCHEDULER,INFO,Proceso automático completado en 499ms,[object Object],2026-06-29 22:00:02,1,,
1125,[INFO] Evento de sistema,CARTERA_SCHEDULER,INFO,Proceso automático completado en 478ms,[object Object],2026-06-29 23:00:02,1,,
1126,[INFO] Evento de sistema,CARTERA_SCHEDULER,INFO,Proceso automático completado en 510ms,[object Object],2026-06-30 00:00:02,1,,
1127,[INFO] Evento de sistema,CARTERA_SCHEDULER,INFO,Proceso automático completado en 503ms,[object Object],2026-06-30 01:00:02,1,,
1128,[INFO] Evento de sistema,CARTERA_SCHEDULER,INFO,Proceso automático completado en 523ms,[object Object],2026-06-30 06:08:37,1,,
1129,[INFO] Evento de sistema,CARTERA_SCHEDULER,INFO,Proceso automático completado en 719ms,[object Object],2026-06-30 15:00:00,1,,
1130,[INFO] Evento de sistema,CARTERA_SCHEDULER,INFO,Proceso automático completado en 712ms,[object Object],2026-06-30 16:00:00,1,,
1131,[INFO] Evento de sistema,CARTERA_SCHEDULER,INFO,Proceso automático completado en 612ms,[object Object],2026-06-30 17:00:00,1,,
1132,[INFO] Evento de sistema,CARTERA_SCHEDULER,INFO,Proceso automático completado en 1063ms,[object Object],2026-06-30 18:00:01,1,,
1133,[INFO] Evento de sistema,CARTERA_SCHEDULER,INFO,Proceso automático completado en 557ms,[object Object],2026-06-30 19:00:00,1,,
1134,[INFO] Evento de sistema,CARTERA_SCHEDULER,INFO,Proceso automático completado en 845ms,[object Object],2026-06-30 20:00:00,1,,
1135,[INFO] Evento de sistema,CARTERA_SCHEDULER,INFO,Proceso automático completado en 583ms,[object Object],2026-06-30 21:00:00,1,,
1136,[INFO] Evento de sistema,CARTERA_SCHEDULER,INFO,Proceso automático completado en 706ms,[object Object],2026-06-30 22:00:00,1,,
1137,[INFO] Evento de sistema,CARTERA_SCHEDULER,INFO,Proceso automático completado en 680ms,[object Object],2026-06-30 23:00:00,1,,
1138,[INFO] Evento de sistema,CARTERA_SCHEDULER,INFO,Proceso automático completado en 703ms,[object Object],2026-07-01 00:00:00,1,,
1139,[INFO] Evento de sistema,CARTERA_SCHEDULER,INFO,Proceso automático completado en 771ms,[object Object],2026-07-01 01:00:00,1,,
1140,[INFO] Evento de sistema,CARTERA_SCHEDULER,INFO,Proceso automático completado en 690ms,[object Object],2026-07-01 15:00:00,1,,
1141,[INFO] Evento de sistema,CARTERA_SCHEDULER,INFO,Proceso automático completado en 629ms,[object Object],2026-07-01 16:00:00,1,,
1142,[INFO] Evento de sistema,CARTERA_SCHEDULER,INFO,Proceso automático completado en 609ms,[object Object],2026-07-01 17:00:00,1,,
1143,[INFO] Evento de sistema,CARTERA_SCHEDULER,INFO,Proceso automático completado en 689ms,[object Object],2026-07-01 18:00:00,1,,
1144,[INFO] Evento de sistema,CARTERA_SCHEDULER,INFO,Proceso automático completado en 684ms,[object Object],2026-07-01 19:00:00,1,,
1145,[INFO] Evento de sistema,CARTERA_SCHEDULER,INFO,Proceso automático completado en 734ms,[object Object],2026-07-01 20:00:00,1,,
1146,[INFO] Evento de sistema,CARTERA_SCHEDULER,INFO,Proceso automático completado en 741ms,[object Object],2026-07-01 21:00:00,1,,
1147,[INFO] Evento de sistema,CARTERA_SCHEDULER,INFO,Proceso automático completado en 750ms,[object Object],2026-07-01 22:00:00,1,,
1148,[INFO] Evento de sistema,CARTERA_SCHEDULER,INFO,Proceso automático completado en 924ms,[object Object],2026-07-01 23:00:01,1,,
1149,[INFO] Evento de sistema,CARTERA_SCHEDULER,INFO,Proceso automático completado en 660ms,[object Object],2026-07-02 00:00:00,1,,
1150,[INFO] Evento de sistema,CARTERA_SCHEDULER,INFO,Proceso automático completado en 766ms,[object Object],2026-07-02 01:00:00,1,,
1151,[INFO] Evento de sistema,CARTERA_SCHEDULER,INFO,Proceso automático completado en 597ms,[object Object],2026-07-02 15:00:00,1,,
1152,[INFO] Evento de sistema,CARTERA_SCHEDULER,INFO,Proceso automático completado en 531ms,[object Object],2026-07-02 15:48:10,1,,
1153,[INFO] Evento de sistema,CARTERA_SCHEDULER,INFO,Proceso automático completado en 640ms,[object Object],2026-07-02 16:00:00,1,,
1154,[INFO] Evento de sistema,CARTERA_SCHEDULER,INFO,Proceso automático completado en 596ms,[object Object],2026-07-02 16:23:15,1,,
1155,[INFO] Evento de sistema,CARTERA_SCHEDULER,INFO,Proceso automático completado en 618ms,[object Object],2026-07-02 17:00:00,1,,
1156,[INFO] Evento de sistema,CARTERA_SCHEDULER,INFO,Proceso automático completado en 602ms,[object Object],2026-07-02 18:00:00,1,,
1157,[INFO] Evento de sistema,CARTERA_SCHEDULER,INFO,Proceso automático completado en 553ms,[object Object],2026-07-02 19:00:00,1,,
1158,[INFO] Evento de sistema,CARTERA_SCHEDULER,INFO,Proceso automático completado en 618ms,[object Object],2026-07-02 20:00:00,1,,
1159,[INFO] Evento de sistema,CARTERA_SCHEDULER,INFO,Proceso automático completado en 684ms,[object Object],2026-07-02 21:00:00,1,,
1160,[INFO] Evento de sistema,CARTERA_SCHEDULER,INFO,Proceso automático completado en 631ms,[object Object],2026-07-02 22:00:00,1,,
1161,[INFO] Evento de sistema,CARTERA_SCHEDULER,INFO,Proceso automático completado en 692ms,[object Object],2026-07-02 23:00:00,1,,
1162,[INFO] Evento de sistema,CARTERA_SCHEDULER,INFO,Proceso automático completado en 562ms,[object Object],2026-07-03 00:00:00,1,,
1163,[INFO] Evento de sistema,CARTERA_SCHEDULER,INFO,Proceso automático completado en 639ms,[object Object],2026-07-03 01:00:00,1,,
1164,[INFO] Evento de sistema,CARTERA_SCHEDULER,INFO,Proceso automático completado en 581ms,[object Object],2026-07-03 14:29:18,1,,
1165,[INFO] Evento de sistema,CARTERA_SCHEDULER,INFO,Proceso automático completado en 631ms,[object Object],2026-07-03 15:00:00,1,,
1166,[INFO] Evento de sistema,CARTERA_SCHEDULER,INFO,Proceso automático completado en 620ms,[object Object],2026-07-03 16:00:00,1,,
1167,[INFO] Evento de sistema,CARTERA_SCHEDULER,INFO,Proceso automático completado en 637ms,[object Object],2026-07-03 17:00:00,1,,
1168,[INFO] Evento de sistema,CARTERA_SCHEDULER,INFO,Proceso automático completado en 602ms,[object Object],2026-07-03 18:00:00,1,,
1169,[INFO] Evento de sistema,CARTERA_SCHEDULER,INFO,Proceso automático completado en 639ms,[object Object],2026-07-03 19:00:00,1,,
1170,[INFO] Evento de sistema,CARTERA_SCHEDULER,INFO,Proceso automático completado en 671ms,[object Object],2026-07-03 20:00:00,1,,
1171,[INFO] Evento de sistema,CARTERA_SCHEDULER,INFO,Proceso automático completado en 810ms,[object Object],2026-07-03 21:00:00,1,,
1172,[INFO] Evento de sistema,CARTERA_SCHEDULER,INFO,Proceso automático completado en 605ms,[object Object],2026-07-03 22:00:00,1,,
1173,[INFO] Evento de sistema,CARTERA_SCHEDULER,INFO,Proceso automático completado en 580ms,[object Object],2026-07-03 23:00:00,1,,
1174,[INFO] Evento de sistema,CARTERA_SCHEDULER,INFO,Proceso automático completado en 688ms,[object Object],2026-07-04 00:00:00,1,,
1175,[INFO] Evento de sistema,CARTERA_SCHEDULER,INFO,Proceso automático completado en 750ms,[object Object],2026-07-04 01:00:00,1,,
1176,[INFO] Evento de sistema,CARTERA_SCHEDULER,INFO,Proceso automático completado en 608ms,[object Object],2026-07-04 15:00:00,1,,
1177,[INFO] Evento de sistema,CARTERA_SCHEDULER,INFO,Proceso automático completado en 650ms,[object Object],2026-07-04 16:00:00,1,,
1178,[INFO] Evento de sistema,CARTERA_SCHEDULER,INFO,Proceso automático completado en 571ms,[object Object],2026-07-04 17:00:00,1,,
1179,[INFO] Evento de sistema,CARTERA_SCHEDULER,INFO,Proceso automático completado en 551ms,[object Object],2026-07-04 18:00:00,1,,
1180,[INFO] Evento de sistema,CARTERA_SCHEDULER,INFO,Proceso automático completado en 618ms,[object Object],2026-07-04 19:00:00,1,,
1181,[INFO] Evento de sistema,CARTERA_SCHEDULER,INFO,Proceso automático completado en 575ms,[object Object],2026-07-04 20:00:00,1,,
1182,[INFO] Evento de sistema,CARTERA_SCHEDULER,INFO,Proceso automático completado en 716ms,[object Object],2026-07-04 21:00:00,1,,
1183,[INFO] Evento de sistema,CARTERA_SCHEDULER,INFO,Proceso automático completado en 639ms,[object Object],2026-07-04 22:00:00,1,,
1184,[INFO] Evento de sistema,CARTERA_SCHEDULER,INFO,Proceso automático completado en 659ms,[object Object],2026-07-04 23:00:00,1,,
1185,[INFO] Evento de sistema,CARTERA_SCHEDULER,INFO,Proceso automático completado en 658ms,[object Object],2026-07-05 00:00:00,1,,
1186,[INFO] Evento de sistema,CARTERA_SCHEDULER,INFO,Proceso automático completado en 678ms,[object Object],2026-07-05 01:00:00,1,,
1187,[INFO] Evento de sistema,CARTERA_SCHEDULER,INFO,Proceso automático completado en 578ms,[object Object],2026-07-05 15:00:00,1,,
1188,[INFO] Evento de sistema,CARTERA_SCHEDULER,INFO,Proceso automático completado en 615ms,[object Object],2026-07-05 16:00:00,1,,
1189,[INFO] Evento de sistema,CARTERA_SCHEDULER,INFO,Proceso automático completado en 618ms,[object Object],2026-07-05 17:00:00,1,,
1190,[INFO] Evento de sistema,CARTERA_SCHEDULER,INFO,Proceso automático completado en 625ms,[object Object],2026-07-05 18:00:00,1,,
1191,[INFO] Evento de sistema,CARTERA_SCHEDULER,INFO,Proceso automático completado en 631ms,[object Object],2026-07-05 19:00:00,1,,
1192,[INFO] Evento de sistema,CARTERA_SCHEDULER,INFO,Proceso automático completado en 594ms,[object Object],2026-07-05 20:00:00,1,,
1193,[INFO] Evento de sistema,CARTERA_SCHEDULER,INFO,Proceso automático completado en 616ms,[object Object],2026-07-05 21:00:00,1,,
1194,[INFO] Evento de sistema,CARTERA_SCHEDULER,INFO,Proceso automático completado en 602ms,[object Object],2026-07-05 22:00:00,1,,
1195,[INFO] Evento de sistema,CARTERA_SCHEDULER,INFO,Proceso automático completado en 560ms,[object Object],2026-07-05 23:00:00,1,,
1196,[INFO] Evento de sistema,CARTERA_SCHEDULER,INFO,Proceso automático completado en 772ms,[object Object],2026-07-06 00:00:00,1,,
1197,[INFO] Evento de sistema,CARTERA_SCHEDULER,INFO,Proceso automático completado en 814ms,[object Object],2026-07-06 01:00:00,1,,
1198,[INFO] Evento de sistema,CARTERA_SCHEDULER,INFO,Proceso automático completado en 673ms,[object Object],2026-07-06 15:00:00,1,,
1199,[INFO] Evento de sistema,CARTERA_SCHEDULER,INFO,Proceso automático completado en 555ms,[object Object],2026-07-06 16:00:00,1,,
1200,[INFO] Evento de sistema,CARTERA_SCHEDULER,INFO,Proceso automático completado en 782ms,[object Object],2026-07-06 17:00:00,1,,
1201,[INFO] Evento de sistema,CARTERA_SCHEDULER,INFO,Proceso automático completado en 641ms,[object Object],2026-07-06 18:00:00,1,,
1202,[INFO] Evento de sistema,CARTERA_SCHEDULER,INFO,Proceso automático completado en 630ms,[object Object],2026-07-06 19:00:00,1,,
1203,[INFO] Evento de sistema,CARTERA_SCHEDULER,INFO,Proceso automático completado en 707ms,[object Object],2026-07-06 20:00:00,1,,
1204,[INFO] Evento de sistema,CARTERA_SCHEDULER,INFO,Proceso automático completado en 685ms,[object Object],2026-07-06 21:00:00,1,,
1205,[INFO] Evento de sistema,CARTERA_SCHEDULER,INFO,Proceso automático completado en 621ms,[object Object],2026-07-06 22:00:00,1,,
1206,[INFO] Evento de sistema,CARTERA_SCHEDULER,INFO,Proceso automático completado en 663ms,[object Object],2026-07-06 23:00:00,1,,
1207,[INFO] Evento de sistema,CARTERA_SCHEDULER,INFO,Proceso automático completado en 707ms,[object Object],2026-07-07 00:00:00,1,,
1208,[INFO] Evento de sistema,CARTERA_SCHEDULER,INFO,Proceso automático completado en 808ms,[object Object],2026-07-07 01:00:00,1,,
1209,[INFO] Evento de sistema,CARTERA_SCHEDULER,INFO,Proceso automático completado en 644ms,[object Object],2026-07-07 15:00:00,1,,
1210,[INFO] Evento de sistema,CARTERA_SCHEDULER,INFO,Proceso automático completado en 630ms,[object Object],2026-07-07 16:00:00,1,,
1211,[INFO] Evento de sistema,CARTERA_SCHEDULER,INFO,Proceso automático completado en 938ms,[object Object],2026-07-07 17:00:01,1,,
1212,[INFO] Evento de sistema,CARTERA_SCHEDULER,INFO,Proceso automático completado en 642ms,[object Object],2026-07-07 18:00:00,1,,
1213,[INFO] Evento de sistema,CARTERA_SCHEDULER,INFO,Proceso automático completado en 584ms,[object Object],2026-07-07 19:00:00,1,,
1214,[INFO] Evento de sistema,CARTERA_SCHEDULER,INFO,Proceso automático completado en 664ms,[object Object],2026-07-07 20:00:00,1,,
1215,[INFO] Evento de sistema,CARTERA_SCHEDULER,INFO,Proceso automático completado en 760ms,[object Object],2026-07-07 21:00:00,1,,
1216,[INFO] Evento de sistema,CARTERA_SCHEDULER,INFO,Proceso automático completado en 740ms,[object Object],2026-07-07 22:00:00,1,,
1217,[INFO] Evento de sistema,CARTERA_SCHEDULER,INFO,Proceso automático completado en 644ms,[object Object],2026-07-07 23:00:00,1,,
1218,[INFO] Evento de sistema,CARTERA_SCHEDULER,INFO,Proceso automático completado en 699ms,[object Object],2026-07-08 00:00:00,1,,
1219,[INFO] Evento de sistema,CARTERA_SCHEDULER,INFO,Proceso automático completado en 730ms,[object Object],2026-07-08 01:00:00,1,,
1220,[INFO] Evento de sistema,CARTERA_SCHEDULER,INFO,Proceso automático completado en 714ms,[object Object],2026-07-08 15:00:00,1,,
1221,[INFO] Evento de sistema,CARTERA_SCHEDULER,INFO,Proceso automático completado en 606ms,[object Object],2026-07-08 16:00:00,1,,
1222,[INFO] Evento de sistema,CARTERA_SCHEDULER,INFO,Proceso automático completado en 667ms,[object Object],2026-07-08 17:00:00,1,,
1223,[INFO] Evento de sistema,CARTERA_SCHEDULER,INFO,Proceso automático completado en 493ms,[object Object],2026-07-08 18:32:01,1,,
1224,[INFO] Evento de sistema,CARTERA_SCHEDULER,INFO,Proceso automático completado en 381ms,[object Object],2026-07-08 18:42:07,1,,
1225,[INFO] Evento de sistema,CARTERA_SCHEDULER,INFO,Proceso automático completado en 433ms,[object Object],2026-07-08 19:00:00,1,,
1226,[INFO] Evento de sistema,CARTERA_SCHEDULER,INFO,Proceso automático completado en 510ms,[object Object],2026-07-08 20:00:00,1,,
1227,[INFO] Evento de sistema,CARTERA_SCHEDULER,INFO,Proceso automático completado en 404ms,[object Object],2026-07-08 20:24:40,1,,
1228,[INFO] Evento de sistema,CARTERA_SCHEDULER,INFO,Proceso automático completado en 459ms,[object Object],2026-07-08 20:25:32,1,,
1229,[INFO] Evento de sistema,CARTERA_SCHEDULER,INFO,Proceso automático completado en 402ms,[object Object],2026-07-08 20:25:37,1,,
1230,[INFO] Evento de sistema,CARTERA_SCHEDULER,INFO,Proceso automático completado en 397ms,[object Object],2026-07-08 20:25:46,1,,
1231,[INFO] Evento de sistema,CARTERA_SCHEDULER,INFO,Proceso automático completado en 410ms,[object Object],2026-07-08 20:26:02,1,,
1232,[INFO] Evento de sistema,CARTERA_SCHEDULER,INFO,Proceso automático completado en 514ms,[object Object],2026-07-08 21:00:00,1,,
1233,[INFO] Evento de sistema,CARTERA_SCHEDULER,INFO,Proceso automático completado en 618ms,[object Object],2026-07-08 22:00:00,1,,
1234,[INFO] Evento de sistema,CARTERA_SCHEDULER,INFO,Proceso automático completado en 495ms,[object Object],2026-07-08 23:00:00,1,,
1235,[INFO] Evento de sistema,CARTERA_SCHEDULER,INFO,Proceso automático completado en 439ms,[object Object],2026-07-09 00:00:00,1,,
1236,[INFO] Evento de sistema,CARTERA_SCHEDULER,INFO,Proceso automático completado en 746ms,[object Object],2026-07-09 01:00:00,1,,
1237,[INFO] Evento de sistema,CARTERA_SCHEDULER,INFO,Proceso automático completado en 501ms,[object Object],2026-07-09 15:00:00,1,,
1238,[INFO] Evento de sistema,CARTERA_SCHEDULER,INFO,Proceso automático completado en 408ms,[object Object],2026-07-09 16:00:00,1,,
1239,[INFO] Evento de sistema,CARTERA_SCHEDULER,INFO,Proceso automático completado en 461ms,[object Object],2026-07-09 17:00:00,1,,
1240,[INFO] Evento de sistema,CARTERA_SCHEDULER,INFO,Proceso automático completado en 450ms,[object Object],2026-07-09 18:00:00,1,,
1241,[INFO] Evento de sistema,CARTERA_SCHEDULER,INFO,Proceso automático completado en 440ms,[object Object],2026-07-09 19:00:00,1,,
1242,[INFO] Evento de sistema,CARTERA_SCHEDULER,INFO,Proceso automático completado en 480ms,[object Object],2026-07-09 20:00:00,1,,
1243,[INFO] Evento de sistema,CARTERA_SCHEDULER,INFO,Proceso automático completado en 484ms,[object Object],2026-07-09 21:00:00,1,,
1244,[INFO] Evento de sistema,CARTERA_SCHEDULER,INFO,Proceso automático completado en 519ms,[object Object],2026-07-09 22:00:00,1,,
1245,[INFO] Evento de sistema,CARTERA_SCHEDULER,INFO,Proceso automático completado en 505ms,[object Object],2026-07-09 23:00:00,1,,
1246,[INFO] Evento de sistema,CARTERA_SCHEDULER,INFO,Proceso automático completado en 434ms,[object Object],2026-07-10 00:00:00,1,,
1247,[INFO] Evento de sistema,CARTERA_SCHEDULER,INFO,Proceso automático completado en 640ms,[object Object],2026-07-10 01:00:00,1,,
1248,[INFO] Evento de sistema,CARTERA_SCHEDULER,INFO,Proceso automático completado en 410ms,[object Object],2026-07-10 15:00:00,1,,
1249,[INFO] Evento de sistema,CARTERA_SCHEDULER,INFO,Proceso automático completado en 441ms,[object Object],2026-07-10 16:00:00,1,,
1250,[INFO] Evento de sistema,CARTERA_SCHEDULER,INFO,Proceso automático completado en 432ms,[object Object],2026-07-10 17:00:00,1,,
1251,[INFO] Evento de sistema,CARTERA_SCHEDULER,INFO,Proceso automático completado en 444ms,[object Object],2026-07-10 18:00:00,1,,
1252,[INFO] Evento de sistema,CARTERA_SCHEDULER,INFO,Proceso automático completado en 446ms,[object Object],2026-07-10 19:00:00,1,,
1253,[INFO] Evento de sistema,CARTERA_SCHEDULER,INFO,Proceso automático completado en 539ms,[object Object],2026-07-10 20:00:00,1,,
1254,[INFO] Evento de sistema,CARTERA_SCHEDULER,INFO,Proceso automático completado en 506ms,[object Object],2026-07-10 21:00:00,1,,
1255,[INFO] Evento de sistema,CARTERA_SCHEDULER,INFO,Proceso automático completado en 435ms,[object Object],2026-07-10 22:00:00,1,,
1256,[INFO] Evento de sistema,CARTERA_SCHEDULER,INFO,Proceso automático completado en 416ms,[object Object],2026-07-10 23:00:00,1,,
1257,[INFO] Evento de sistema,CARTERA_SCHEDULER,INFO,Proceso automático completado en 478ms,[object Object],2026-07-11 00:00:00,1,,
1258,[INFO] Evento de sistema,CARTERA_SCHEDULER,INFO,Proceso automático completado en 639ms,[object Object],2026-07-11 01:00:00,1,,
1259,[INFO] Evento de sistema,CARTERA_SCHEDULER,INFO,Proceso automático completado en 443ms,[object Object],2026-07-11 15:00:00,1,,
1260,[INFO] Evento de sistema,CARTERA_SCHEDULER,INFO,Proceso automático completado en 415ms,[object Object],2026-07-11 16:00:00,1,,
1261,[INFO] Evento de sistema,CARTERA_SCHEDULER,INFO,Proceso automático completado en 475ms,[object Object],2026-07-11 17:00:00,1,,
1262,[INFO] Evento de sistema,CARTERA_SCHEDULER,INFO,Proceso automático completado en 480ms,[object Object],2026-07-11 18:00:00,1,,
1263,[INFO] Evento de sistema,CARTERA_SCHEDULER,INFO,Proceso automático completado en 526ms,[object Object],2026-07-11 19:00:00,1,,
1264,[INFO] Evento de sistema,CARTERA_SCHEDULER,INFO,Proceso automático completado en 475ms,[object Object],2026-07-11 20:00:00,1,,
1265,[INFO] Evento de sistema,CARTERA_SCHEDULER,INFO,Proceso automático completado en 460ms,[object Object],2026-07-11 21:00:00,1,,
1266,[INFO] Evento de sistema,CARTERA_SCHEDULER,INFO,Proceso automático completado en 453ms,[object Object],2026-07-11 22:00:00,1,,
1267,[INFO] Evento de sistema,CARTERA_SCHEDULER,INFO,Proceso automático completado en 468ms,[object Object],2026-07-11 23:00:00,1,,
1268,[INFO] Evento de sistema,CARTERA_SCHEDULER,INFO,Proceso automático completado en 521ms,[object Object],2026-07-12 00:00:00,1,,
1269,[INFO] Evento de sistema,CARTERA_SCHEDULER,INFO,Proceso automático completado en 710ms,[object Object],2026-07-12 01:00:00,1,,
1270,[INFO] Evento de sistema,CARTERA_SCHEDULER,INFO,Proceso automático completado en 480ms,[object Object],2026-07-12 15:00:00,1,,
1271,[INFO] Evento de sistema,CARTERA_SCHEDULER,INFO,Proceso automático completado en 415ms,[object Object],2026-07-12 16:00:00,1,,
1272,[INFO] Evento de sistema,CARTERA_SCHEDULER,INFO,Proceso automático completado en 446ms,[object Object],2026-07-12 17:00:00,1,,
1273,[INFO] Evento de sistema,CARTERA_SCHEDULER,INFO,Proceso automático completado en 459ms,[object Object],2026-07-12 18:00:00,1,,
1274,[INFO] Evento de sistema,CARTERA_SCHEDULER,INFO,Proceso automático completado en 411ms,[object Object],2026-07-12 19:00:00,1,,
1275,[INFO] Evento de sistema,CARTERA_SCHEDULER,INFO,Proceso automático completado en 484ms,[object Object],2026-07-12 20:00:00,1,,
1276,[INFO] Evento de sistema,CARTERA_SCHEDULER,INFO,Proceso automático completado en 493ms,[object Object],2026-07-12 21:00:00,1,,
1277,[INFO] Evento de sistema,CARTERA_SCHEDULER,INFO,Proceso automático completado en 517ms,[object Object],2026-07-12 22:00:00,1,,
1278,[INFO] Evento de sistema,CARTERA_SCHEDULER,INFO,Proceso automático completado en 514ms,[object Object],2026-07-12 23:00:00,1,,
1279,[INFO] Evento de sistema,CARTERA_SCHEDULER,INFO,Proceso automático completado en 446ms,[object Object],2026-07-13 00:00:00,1,,
1280,[INFO] Evento de sistema,CARTERA_SCHEDULER,INFO,Proceso automático completado en 722ms,[object Object],2026-07-13 01:00:00,1,,
1281,[INFO] Evento de sistema,CARTERA_SCHEDULER,INFO,Proceso automático completado en 543ms,[object Object],2026-07-13 15:00:00,1,,
1282,[INFO] Evento de sistema,CARTERA_SCHEDULER,INFO,Proceso automático completado en 465ms,[object Object],2026-07-13 16:00:00,1,,
1283,[INFO] Evento de sistema,CARTERA_SCHEDULER,INFO,Proceso automático completado en 500ms,[object Object],2026-07-13 17:00:00,1,,
1284,[INFO] Evento de sistema,CARTERA_SCHEDULER,INFO,Proceso automático completado en 496ms,[object Object],2026-07-13 18:00:00,1,,
1285,[INFO] Evento de sistema,CARTERA_SCHEDULER,INFO,Proceso automático completado en 412ms,[object Object],2026-07-13 19:00:00,1,,
1286,[INFO] Evento de sistema,CARTERA_SCHEDULER,INFO,Proceso automático completado en 522ms,[object Object],2026-07-13 20:00:00,1,,
1287,[INFO] Evento de sistema,CARTERA_SCHEDULER,INFO,Proceso automático completado en 561ms,[object Object],2026-07-13 21:00:00,1,,
1288,[INFO] Evento de sistema,CARTERA_SCHEDULER,INFO,Proceso automático completado en 524ms,[object Object],2026-07-13 22:00:00,1,,
1289,[INFO] Evento de sistema,CARTERA_SCHEDULER,INFO,Proceso automático completado en 542ms,[object Object],2026-07-13 23:00:00,1,,
1290,[INFO] Evento de sistema,CARTERA_SCHEDULER,INFO,Proceso automático completado en 478ms,[object Object],2026-07-14 00:00:00,1,,
1291,[INFO] Evento de sistema,CARTERA_SCHEDULER,INFO,Proceso automático completado en 601ms,[object Object],2026-07-14 01:00:00,1,,
1292,[INFO] Evento de sistema,CARTERA_SCHEDULER,INFO,Proceso automático completado en 485ms,[object Object],2026-07-14 15:00:00,1,,
1293,[INFO] Evento de sistema,CARTERA_SCHEDULER,INFO,Proceso automático completado en 448ms,[object Object],2026-07-14 16:00:00,1,,
1294,[INFO] Evento de sistema,CARTERA_SCHEDULER,INFO,Proceso automático completado en 414ms,[object Object],2026-07-14 17:00:00,1,,
1295,[INFO] Evento de sistema,CARTERA_SCHEDULER,INFO,Proceso automático completado en 549ms,[object Object],2026-07-14 18:00:00,1,,
1296,[INFO] Evento de sistema,CARTERA_SCHEDULER,INFO,Proceso automático completado en 444ms,[object Object],2026-07-14 19:00:00,1,,
1297,[INFO] Evento de sistema,CARTERA_SCHEDULER,INFO,Proceso automático completado en 570ms,[object Object],2026-07-14 20:00:00,1,,
1298,[INFO] Evento de sistema,CARTERA_SCHEDULER,INFO,Proceso automático completado en 457ms,[object Object],2026-07-14 21:00:00,1,,
1299,[INFO] Evento de sistema,CARTERA_SCHEDULER,INFO,Proceso automático completado en 473ms,[object Object],2026-07-14 22:00:00,1,,
1300,[INFO] Evento de sistema,CARTERA_SCHEDULER,INFO,Proceso automático completado en 465ms,[object Object],2026-07-14 23:00:00,1,,
1301,[INFO] Evento de sistema,CARTERA_SCHEDULER,INFO,Proceso automático completado en 449ms,[object Object],2026-07-15 00:00:00,1,,
1302,[INFO] Evento de sistema,CARTERA_SCHEDULER,INFO,Proceso automático completado en 635ms,[object Object],2026-07-15 01:00:00,1,,
1303,[INFO] Evento de sistema,CARTERA_SCHEDULER,INFO,Proceso automático completado en 418ms,[object Object],2026-07-15 15:00:00,1,,
1304,[INFO] Evento de sistema,CARTERA_SCHEDULER,INFO,Proceso automático completado en 465ms,[object Object],2026-07-15 16:00:00,1,,
1305,[INFO] Evento de sistema,CARTERA_SCHEDULER,INFO,Proceso automático completado en 469ms,[object Object],2026-07-15 17:00:00,1,,
1306,[INFO] Evento de sistema,CARTERA_SCHEDULER,INFO,Proceso automático completado en 483ms,[object Object],2026-07-15 18:00:00,1,,
1307,[INFO] Evento de sistema,CARTERA_SCHEDULER,INFO,Proceso automático completado en 493ms,[object Object],2026-07-15 19:00:00,1,,
1308,[INFO] Evento de sistema,CARTERA_SCHEDULER,INFO,Proceso automático completado en 594ms,[object Object],2026-07-15 20:00:00,1,,
1309,[INFO] Evento de sistema,CARTERA_SCHEDULER,INFO,Proceso automático completado en 432ms,[object Object],2026-07-15 21:00:00,1,,
1310,[INFO] Evento de sistema,CARTERA_SCHEDULER,INFO,Proceso automático completado en 480ms,[object Object],2026-07-15 22:00:00,1,,
1311,[INFO] Evento de sistema,CARTERA_SCHEDULER,INFO,Proceso automático completado en 458ms,[object Object],2026-07-15 23:00:00,1,,
1312,[INFO] Evento de sistema,CARTERA_SCHEDULER,INFO,Proceso automático completado en 526ms,[object Object],2026-07-16 00:00:00,1,,
1313,[INFO] Evento de sistema,CARTERA_SCHEDULER,INFO,Proceso automático completado en 598ms,[object Object],2026-07-16 01:00:00,1,,
1314,[INFO] Evento de sistema,CARTERA_SCHEDULER,INFO,Proceso automático completado en 477ms,[object Object],2026-07-16 15:00:00,1,,
1315,[INFO] Evento de sistema,CARTERA_SCHEDULER,INFO,Proceso automático completado en 397ms,[object Object],2026-07-16 16:00:00,1,,
1316,[INFO] Evento de sistema,CARTERA_SCHEDULER,INFO,Proceso automático completado en 409ms,[object Object],2026-07-16 17:00:00,1,,
1317,[INFO] Evento de sistema,CARTERA_SCHEDULER,INFO,Proceso automático completado en 433ms,[object Object],2026-07-16 18:00:00,1,,
1318,[INFO] Evento de sistema,CARTERA_SCHEDULER,INFO,Proceso automático completado en 456ms,[object Object],2026-07-16 19:00:00,1,,
1319,[INFO] Evento de sistema,CARTERA_SCHEDULER,INFO,Proceso automático completado en 494ms,[object Object],2026-07-16 20:00:00,1,,
1320,[INFO] Evento de sistema,CARTERA_SCHEDULER,INFO,Proceso automático completado en 503ms,[object Object],2026-07-16 21:00:00,1,,
1321,[INFO] Evento de sistema,CARTERA_SCHEDULER,INFO,Proceso automático completado en 476ms,[object Object],2026-07-16 22:00:00,1,,
1322,[INFO] Evento de sistema,CARTERA_SCHEDULER,INFO,Proceso automático completado en 430ms,[object Object],2026-07-16 23:00:00,1,,
1323,[INFO] Evento de sistema,CARTERA_SCHEDULER,INFO,Proceso automático completado en 486ms,[object Object],2026-07-17 00:00:00,1,,
1324,[INFO] Evento de sistema,CARTERA_SCHEDULER,INFO,Proceso automático completado en 620ms,[object Object],2026-07-17 01:00:00,1,,
1325,[INFO] Evento de sistema,CARTERA_SCHEDULER,INFO,Proceso automático completado en 433ms,[object Object],2026-07-17 15:00:00,1,,
1326,[INFO] Evento de sistema,CARTERA_SCHEDULER,INFO,Proceso automático completado en 441ms,[object Object],2026-07-17 16:00:00,1,,
1327,[INFO] Evento de sistema,CARTERA_SCHEDULER,INFO,Proceso automático completado en 456ms,[object Object],2026-07-17 17:00:00,1,,
1328,[INFO] Evento de sistema,CARTERA_SCHEDULER,INFO,Proceso automático completado en 471ms,[object Object],2026-07-17 18:00:00,1,,
1329,[INFO] Evento de sistema,CARTERA_SCHEDULER,INFO,Proceso automático completado en 408ms,[object Object],2026-07-17 19:00:00,1,,
1330,[INFO] Evento de sistema,CARTERA_SCHEDULER,INFO,Proceso automático completado en 518ms,[object Object],2026-07-17 20:00:00,1,,
1331,[INFO] Evento de sistema,CARTERA_SCHEDULER,INFO,Proceso automático completado en 424ms,[object Object],2026-07-17 21:00:00,1,,
1332,[INFO] Evento de sistema,CARTERA_SCHEDULER,INFO,Proceso automático completado en 449ms,[object Object],2026-07-17 22:00:00,1,,
1333,[INFO] Evento de sistema,CARTERA_SCHEDULER,INFO,Proceso automático completado en 456ms,[object Object],2026-07-17 23:00:00,1,,
1334,[INFO] Evento de sistema,CARTERA_SCHEDULER,INFO,Proceso automático completado en 426ms,[object Object],2026-07-18 00:00:00,1,,
1335,[INFO] Evento de sistema,CARTERA_SCHEDULER,INFO,Proceso automático completado en 652ms,[object Object],2026-07-18 01:00:00,1,,
1336,[INFO] Evento de sistema,CARTERA_SCHEDULER,INFO,Proceso automático completado en 424ms,[object Object],2026-07-18 15:00:00,1,,
1337,[INFO] Evento de sistema,CARTERA_SCHEDULER,INFO,Proceso automático completado en 461ms,[object Object],2026-07-18 16:00:00,1,,
1338,[INFO] Evento de sistema,CARTERA_SCHEDULER,INFO,Proceso automático completado en 445ms,[object Object],2026-07-18 17:00:00,1,,
1339,[INFO] Evento de sistema,CARTERA_SCHEDULER,INFO,Proceso automático completado en 431ms,[object Object],2026-07-18 18:00:00,1,,
1340,[INFO] Evento de sistema,CARTERA_SCHEDULER,INFO,Proceso automático completado en 439ms,[object Object],2026-07-18 19:00:00,1,,
1341,[INFO] Evento de sistema,CARTERA_SCHEDULER,INFO,Proceso automático completado en 500ms,[object Object],2026-07-18 20:00:00,1,,
1342,[INFO] Evento de sistema,CARTERA_SCHEDULER,INFO,Proceso automático completado en 419ms,[object Object],2026-07-18 21:00:00,1,,
1343,[INFO] Evento de sistema,CARTERA_SCHEDULER,INFO,Proceso automático completado en 510ms,[object Object],2026-07-18 22:00:00,1,,
1344,[INFO] Evento de sistema,CARTERA_SCHEDULER,INFO,Proceso automático completado en 458ms,[object Object],2026-07-18 23:00:00,1,,
1345,[INFO] Evento de sistema,CARTERA_SCHEDULER,INFO,Proceso automático completado en 436ms,[object Object],2026-07-19 00:00:00,1,,
1346,[INFO] Evento de sistema,CARTERA_SCHEDULER,INFO,Proceso automático completado en 624ms,[object Object],2026-07-19 01:00:00,1,,
1347,[INFO] Evento de sistema,CARTERA_SCHEDULER,INFO,Proceso automático completado en 464ms,[object Object],2026-07-19 15:00:00,1,,
1348,[INFO] Evento de sistema,CARTERA_SCHEDULER,INFO,Proceso automático completado en 440ms,[object Object],2026-07-19 16:00:00,1,,
1349,[INFO] Evento de sistema,CARTERA_SCHEDULER,INFO,Proceso automático completado en 672ms,[object Object],2026-07-19 17:00:00,1,,
1350,[INFO] Evento de sistema,CARTERA_SCHEDULER,INFO,Proceso automático completado en 446ms,[object Object],2026-07-19 18:00:00,1,,
1351,[INFO] Evento de sistema,CARTERA_SCHEDULER,INFO,Proceso automático completado en 428ms,[object Object],2026-07-19 19:00:00,1,,
1352,[INFO] Evento de sistema,CARTERA_SCHEDULER,INFO,Proceso automático completado en 479ms,[object Object],2026-07-19 20:00:00,1,,
1353,[INFO] Evento de sistema,CARTERA_SCHEDULER,INFO,Proceso automático completado en 423ms,[object Object],2026-07-19 21:00:00,1,,
1354,[INFO] Evento de sistema,CARTERA_SCHEDULER,INFO,Proceso automático completado en 445ms,[object Object],2026-07-19 22:00:00,1,,
1355,[INFO] Evento de sistema,CARTERA_SCHEDULER,INFO,Proceso automático completado en 429ms,[object Object],2026-07-19 23:00:00,1,,
1356,[INFO] Evento de sistema,CARTERA_SCHEDULER,INFO,Proceso automático completado en 456ms,[object Object],2026-07-20 00:00:00,1,,
1357,[INFO] Evento de sistema,CARTERA_SCHEDULER,INFO,Proceso automático completado en 672ms,[object Object],2026-07-20 01:00:00,1,,
1358,[INFO] Evento de sistema,CARTERA_SCHEDULER,INFO,Proceso automático completado en 473ms,[object Object],2026-07-20 15:00:00,1,,
1359,[INFO] Evento de sistema,CARTERA_SCHEDULER,INFO,Proceso automático completado en 482ms,[object Object],2026-07-20 16:00:00,1,,
1360,[INFO] Evento de sistema,CARTERA_SCHEDULER,INFO,Proceso automático completado en 448ms,[object Object],2026-07-20 17:00:00,1,,
1361,[INFO] Evento de sistema,CARTERA_SCHEDULER,INFO,Proceso automático completado en 469ms,[object Object],2026-07-20 18:00:00,1,,
1362,[INFO] Evento de sistema,CARTERA_SCHEDULER,INFO,Proceso automático completado en 418ms,[object Object],2026-07-20 19:00:00,1,,
1363,[INFO] Evento de sistema,CARTERA_SCHEDULER,INFO,Proceso automático completado en 450ms,[object Object],2026-07-20 20:00:00,1,,
1364,[INFO] Evento de sistema,CARTERA_SCHEDULER,INFO,Proceso automático completado en 443ms,[object Object],2026-07-20 21:00:00,1,,
1365,[INFO] Evento de sistema,CARTERA_SCHEDULER,INFO,Proceso automático completado en 447ms,[object Object],2026-07-20 22:00:00,1,,
1366,[INFO] Evento de sistema,CARTERA_SCHEDULER,INFO,Proceso automático completado en 446ms,[object Object],2026-07-20 23:00:00,1,,
1367,[INFO] Evento de sistema,CARTERA_SCHEDULER,INFO,Proceso automático completado en 417ms,[object Object],2026-07-21 00:00:00,1,,
1368,[INFO] Evento de sistema,CARTERA_SCHEDULER,INFO,Proceso automático completado en 674ms,[object Object],2026-07-21 01:00:00,1,,
1369,[INFO] Evento de sistema,CARTERA_SCHEDULER,INFO,Proceso automático completado en 455ms,[object Object],2026-07-21 15:00:00,1,,
1370,[INFO] Evento de sistema,CARTERA_SCHEDULER,INFO,Proceso automático completado en 420ms,[object Object],2026-07-21 16:00:00,1,,
1371,[INFO] Evento de sistema,CARTERA_SCHEDULER,INFO,Proceso automático completado en 444ms,[object Object],2026-07-21 17:00:00,1,,
1372,[INFO] Evento de sistema,CARTERA_SCHEDULER,INFO,Proceso automático completado en 556ms,[object Object],2026-07-21 18:00:00,1,,
1373,[INFO] Evento de sistema,CARTERA_SCHEDULER,INFO,Proceso automático completado en 459ms,[object Object],2026-07-21 19:00:00,1,,
1374,[INFO] Evento de sistema,CARTERA_SCHEDULER,INFO,Proceso automático completado en 476ms,[object Object],2026-07-21 20:00:00,1,,
1375,[INFO] Evento de sistema,CARTERA_SCHEDULER,INFO,Proceso automático completado en 435ms,[object Object],2026-07-21 21:00:00,1,,
1376,[INFO] Evento de sistema,CARTERA_SCHEDULER,INFO,Proceso automático completado en 445ms,[object Object],2026-07-21 22:00:00,1,,
1377,[INFO] Evento de sistema,CARTERA_SCHEDULER,INFO,Proceso automático completado en 505ms,[object Object],2026-07-21 23:00:00,1,,
1378,[INFO] Evento de sistema,CARTERA_SCHEDULER,INFO,Proceso automático completado en 490ms,[object Object],2026-07-22 00:00:00,1,,
1379,[INFO] Evento de sistema,CARTERA_SCHEDULER,INFO,Proceso automático completado en 589ms,[object Object],2026-07-22 01:00:00,1,,
1380,[INFO] Evento de sistema,CARTERA_SCHEDULER,INFO,Proceso automático completado en 449ms,[object Object],2026-07-22 15:00:00,1,,
1381,[INFO] Evento de sistema,CARTERA_SCHEDULER,INFO,Proceso automático completado en 433ms,[object Object],2026-07-22 16:00:00,1,,
1382,[INFO] Evento de sistema,CARTERA_SCHEDULER,INFO,Proceso automático completado en 444ms,[object Object],2026-07-22 17:00:00,1,,
1383,[INFO] Evento de sistema,CARTERA_SCHEDULER,INFO,Proceso automático completado en 442ms,[object Object],2026-07-22 18:00:00,1,,
1384,[INFO] Evento de sistema,CARTERA_SCHEDULER,INFO,Proceso automático completado en 430ms,[object Object],2026-07-22 19:00:00,1,,
1385,[INFO] Evento de sistema,CARTERA_SCHEDULER,INFO,Proceso automático completado en 475ms,[object Object],2026-07-22 20:00:00,1,,
1386,[INFO] Evento de sistema,CARTERA_SCHEDULER,INFO,Proceso automático completado en 507ms,[object Object],2026-07-22 21:00:00,1,,
1387,[INFO] Evento de sistema,CARTERA_SCHEDULER,INFO,Proceso automático completado en 474ms,[object Object],2026-07-22 22:00:00,1,,
1388,[INFO] Evento de sistema,CARTERA_SCHEDULER,INFO,Proceso automático completado en 446ms,[object Object],2026-07-22 23:00:00,1,,
1389,[INFO] Evento de sistema,CARTERA_SCHEDULER,INFO,Proceso automático completado en 454ms,[object Object],2026-07-23 00:00:00,1,,
1390,[INFO] Evento de sistema,CARTERA_SCHEDULER,INFO,Proceso automático completado en 632ms,[object Object],2026-07-23 01:00:00,1,,
1391,[INFO] Evento de sistema,CARTERA_SCHEDULER,INFO,Proceso automático completado en 420ms,[object Object],2026-07-23 15:00:00,1,,
1392,[INFO] Evento de sistema,CARTERA_SCHEDULER,INFO,Proceso automático completado en 492ms,[object Object],2026-07-23 16:00:00,1,,
1393,[INFO] Evento de sistema,CARTERA_SCHEDULER,INFO,Proceso automático completado en 433ms,[object Object],2026-07-23 17:00:00,1,,
1394,[INFO] Evento de sistema,CARTERA_SCHEDULER,INFO,Proceso automático completado en 487ms,[object Object],2026-07-23 18:00:00,1,,
1395,[INFO] Evento de sistema,CARTERA_SCHEDULER,INFO,Proceso automático completado en 450ms,[object Object],2026-07-23 19:00:00,1,,
1396,[INFO] Evento de sistema,CARTERA_SCHEDULER,INFO,Proceso automático completado en 471ms,[object Object],2026-07-23 20:00:00,1,,
1397,[INFO] Evento de sistema,CARTERA_SCHEDULER,INFO,Proceso automático completado en 443ms,[object Object],2026-07-23 21:00:00,1,,
1398,[INFO] Evento de sistema,CARTERA_SCHEDULER,INFO,Proceso automático completado en 464ms,[object Object],2026-07-23 22:00:00,1,,
1399,[INFO] Evento de sistema,CARTERA_SCHEDULER,INFO,Proceso automático completado en 445ms,[object Object],2026-07-23 23:00:00,1,,
1400,[INFO] Evento de sistema,CARTERA_SCHEDULER,INFO,Proceso automático completado en 506ms,[object Object],2026-07-24 00:00:00,1,,
1401,[INFO] Evento de sistema,CARTERA_SCHEDULER,INFO,Proceso automático completado en 831ms,[object Object],2026-07-24 01:00:00,1,,
1402,[INFO] Evento de sistema,CARTERA_SCHEDULER,INFO,Proceso automático completado en 499ms,[object Object],2026-07-24 15:00:00,1,,
1403,[INFO] Evento de sistema,CARTERA_SCHEDULER,INFO,Proceso automático completado en 470ms,[object Object],2026-07-24 16:00:00,1,,
1404,[INFO] Evento de sistema,CARTERA_SCHEDULER,INFO,Proceso automático completado en 451ms,[object Object],2026-07-24 17:00:00,1,,
1405,[INFO] Evento de sistema,CARTERA_SCHEDULER,INFO,Proceso automático completado en 537ms,[object Object],2026-07-24 18:00:00,1,,
1406,[INFO] Evento de sistema,CARTERA_SCHEDULER,INFO,Proceso automático completado en 524ms,[object Object],2026-07-24 19:00:00,1,,
1407,[INFO] Evento de sistema,CARTERA_SCHEDULER,INFO,Proceso automático completado en 682ms,[object Object],2026-07-24 20:00:00,1,,
1408,[INFO] Evento de sistema,CARTERA_SCHEDULER,INFO,Proceso automático completado en 630ms,[object Object],2026-07-24 21:00:00,1,,
1409,[INFO] Evento de sistema,CARTERA_SCHEDULER,INFO,Proceso automático completado en 643ms,[object Object],2026-07-24 22:00:00,1,,
1410,[INFO] Evento de sistema,CARTERA_SCHEDULER,INFO,Proceso automático completado en 505ms,[object Object],2026-07-24 23:00:00,1,,
1411,[INFO] Evento de sistema,CARTERA_SCHEDULER,INFO,Proceso automático completado en 410ms,[object Object],2026-07-25 00:00:00,1,,
1412,[INFO] Evento de sistema,CARTERA_SCHEDULER,INFO,Proceso automático completado en 645ms,[object Object],2026-07-25 01:00:00,1,,
