id,tipo,titulo,mensaje,datos,canales_enviados,prestamo_id,cliente_id,is_read,created_at,updated_at
1,INFO,📊 Resumen Diario de Cartera,Vigente: 0 préstamos | Vencida: 0 préstamos,[object Object],database,,,0,2026-02-25 01:00:00,
2,INFO,📊 Resumen Diario de Cartera,Vigente: 0 préstamos | Vencida: 0 préstamos,[object Object],"console,websocket,database",,,0,2026-02-25 01:00:00,
3,INFO,✅ Proceso de Mora Completado,Proceso automático de mora ejecutado exitosamente en 180ms,[object Object],database,,,0,2026-02-25 02:00:00,
4,INFO,✅ Proceso de Mora Completado,Proceso automático de mora ejecutado exitosamente en 180ms,[object Object],"console,websocket,database",,,0,2026-02-25 02:00:00,
5,INFO,📊 Resumen Diario de Cartera,Vigente: 0 préstamos | Vencida: 0 préstamos,[object Object],database,,,0,2026-02-26 01:00:00,
6,INFO,📊 Resumen Diario de Cartera,Vigente: 0 préstamos | Vencida: 0 préstamos,[object Object],"console,websocket,database",,,0,2026-02-26 01:00:00,
7,INFO,✅ Proceso de Mora Completado,Proceso automático de mora ejecutado exitosamente en 93ms,[object Object],database,,,0,2026-02-26 02:00:00,
8,INFO,✅ Proceso de Mora Completado,Proceso automático de mora ejecutado exitosamente en 93ms,[object Object],"console,websocket,database",,,0,2026-02-26 02:00:00,
9,INFO,📊 Resumen Diario de Cartera,Vigente: 0 préstamos | Vencida: 0 préstamos,[object Object],database,,,0,2026-02-27 01:00:00,
10,INFO,📊 Resumen Diario de Cartera,Vigente: 0 préstamos | Vencida: 0 préstamos,[object Object],"console,websocket,database",,,0,2026-02-27 01:00:00,
11,INFO,✅ Proceso de Mora Completado,Proceso automático de mora ejecutado exitosamente en 213ms,[object Object],database,,,0,2026-02-27 02:00:00,
12,INFO,✅ Proceso de Mora Completado,Proceso automático de mora ejecutado exitosamente en 213ms,[object Object],"console,websocket,database",,,0,2026-02-27 02:00:00,
13,INFO,📊 Resumen Diario de Cartera,Vigente: 0 préstamos | Vencida: 0 préstamos,[object Object],database,,,0,2026-02-27 19:16:05,
14,INFO,📊 Resumen Diario de Cartera,Vigente: 0 préstamos | Vencida: 0 préstamos,[object Object],"console,websocket,database",,,0,2026-02-27 19:16:05,
15,INFO,✅ Proceso de Mora Completado,Proceso automático de mora ejecutado exitosamente en 26ms,[object Object],database,,,0,2026-02-27 19:16:05,
16,INFO,✅ Proceso de Mora Completado,Proceso automático de mora ejecutado exitosamente en 26ms,[object Object],"console,websocket,database",,,0,2026-02-27 19:16:05,
17,INFO,📊 Resumen Diario de Cartera,Vigente: 0 préstamos | Vencida: 0 préstamos,[object Object],database,,,0,2026-02-28 01:00:00,
18,INFO,📊 Resumen Diario de Cartera,Vigente: 0 préstamos | Vencida: 0 préstamos,[object Object],"console,websocket,database",,,0,2026-02-28 01:00:00,
19,INFO,✅ Proceso de Mora Completado,Proceso automático de mora ejecutado exitosamente en 103ms,[object Object],database,,,0,2026-02-28 02:00:00,
20,INFO,✅ Proceso de Mora Completado,Proceso automático de mora ejecutado exitosamente en 103ms,[object Object],"console,websocket,database",,,0,2026-02-28 02:00:00,
21,INFO,📊 Resumen Diario de Cartera,Vigente: 0 préstamos | Vencida: 0 préstamos,[object Object],database,,,0,2026-03-01 01:00:00,
22,INFO,📊 Resumen Diario de Cartera,Vigente: 0 préstamos | Vencida: 0 préstamos,[object Object],"console,websocket,database",,,0,2026-03-01 01:00:00,
23,INFO,✅ Proceso de Mora Completado,Proceso automático de mora ejecutado exitosamente en 124ms,[object Object],database,,,0,2026-03-01 02:00:00,
24,INFO,✅ Proceso de Mora Completado,Proceso automático de mora ejecutado exitosamente en 124ms,[object Object],"console,websocket,database",,,0,2026-03-01 02:00:00,
25,INFO,📊 Resumen Diario de Cartera,Vigente: 0 préstamos | Vencida: 0 préstamos,[object Object],database,,,0,2026-03-02 01:00:00,
26,INFO,📊 Resumen Diario de Cartera,Vigente: 0 préstamos | Vencida: 0 préstamos,[object Object],"console,websocket,database",,,0,2026-03-02 01:00:00,
27,INFO,✅ Proceso de Mora Completado,Proceso automático de mora ejecutado exitosamente en 97ms,[object Object],database,,,0,2026-03-02 02:00:00,
28,INFO,✅ Proceso de Mora Completado,Proceso automático de mora ejecutado exitosamente en 97ms,[object Object],"console,websocket,database",,,0,2026-03-02 02:00:00,
29,INFO,📊 Resumen Diario de Cartera,Vigente: 0 préstamos | Vencida: 0 préstamos,[object Object],database,,,0,2026-03-02 06:06:23,
30,INFO,📊 Resumen Diario de Cartera,Vigente: 0 préstamos | Vencida: 0 préstamos,[object Object],"console,websocket,database",,,0,2026-03-02 06:06:23,
31,INFO,✅ Proceso de Mora Completado,Proceso automático de mora ejecutado exitosamente en 46ms,[object Object],database,,,0,2026-03-02 06:06:24,
32,INFO,✅ Proceso de Mora Completado,Proceso automático de mora ejecutado exitosamente en 46ms,[object Object],"console,websocket,database",,,0,2026-03-02 06:06:24,
33,INFO,📊 Resumen Diario de Cartera,Vigente: 0 préstamos | Vencida: 0 préstamos,[object Object],database,,,0,2026-03-03 01:00:00,
34,INFO,📊 Resumen Diario de Cartera,Vigente: 0 préstamos | Vencida: 0 préstamos,[object Object],"console,websocket,database",,,0,2026-03-03 01:00:00,
35,INFO,✅ Proceso de Mora Completado,Proceso automático de mora ejecutado exitosamente en 277ms,[object Object],database,,,0,2026-03-03 02:00:00,
36,INFO,✅ Proceso de Mora Completado,Proceso automático de mora ejecutado exitosamente en 277ms,[object Object],"console,websocket,database",,,0,2026-03-03 02:00:00,
37,INFO,📊 Resumen Diario de Cartera,Vigente: 0 préstamos | Vencida: 0 préstamos,[object Object],database,,,0,2026-03-04 01:00:00,
38,INFO,📊 Resumen Diario de Cartera,Vigente: 0 préstamos | Vencida: 0 préstamos,[object Object],"console,websocket,database",,,0,2026-03-04 01:00:00,
39,INFO,✅ Proceso de Mora Completado,Proceso automático de mora ejecutado exitosamente en 117ms,[object Object],database,,,0,2026-03-04 02:00:00,
40,INFO,✅ Proceso de Mora Completado,Proceso automático de mora ejecutado exitosamente en 117ms,[object Object],"console,websocket,database",,,0,2026-03-04 02:00:00,
41,INFO,📊 Resumen Diario de Cartera,Vigente: 0 préstamos | Vencida: 0 préstamos,[object Object],database,,,0,2026-03-05 01:00:00,
42,INFO,📊 Resumen Diario de Cartera,Vigente: 0 préstamos | Vencida: 0 préstamos,[object Object],"console,websocket,database",,,0,2026-03-05 01:00:00,
43,INFO,✅ Proceso de Mora Completado,Proceso automático de mora ejecutado exitosamente en 133ms,[object Object],database,,,0,2026-03-05 02:00:00,
44,INFO,✅ Proceso de Mora Completado,Proceso automático de mora ejecutado exitosamente en 133ms,[object Object],"console,websocket,database",,,0,2026-03-05 02:00:00,
45,INFO,📊 Resumen Diario de Cartera,Vigente: 0 préstamos | Vencida: 0 préstamos,[object Object],database,,,0,2026-03-06 01:00:00,
46,INFO,📊 Resumen Diario de Cartera,Vigente: 0 préstamos | Vencida: 0 préstamos,[object Object],"console,websocket,database",,,0,2026-03-06 01:00:00,
47,INFO,✅ Proceso de Mora Completado,Proceso automático de mora ejecutado exitosamente en 324ms,[object Object],database,,,0,2026-03-06 02:00:00,
48,INFO,✅ Proceso de Mora Completado,Proceso automático de mora ejecutado exitosamente en 324ms,[object Object],"console,websocket,database",,,0,2026-03-06 02:00:00,
49,INFO,📊 Resumen Diario de Cartera,Vigente: 0 préstamos | Vencida: 0 préstamos,[object Object],database,,,0,2026-03-06 07:18:30,
50,INFO,📊 Resumen Diario de Cartera,Vigente: 0 préstamos | Vencida: 0 préstamos,[object Object],"console,websocket,database",,,0,2026-03-06 07:18:30,
51,INFO,✅ Proceso de Mora Completado,Proceso automático de mora ejecutado exitosamente en 37ms,[object Object],database,,,0,2026-03-06 07:18:30,
52,INFO,✅ Proceso de Mora Completado,Proceso automático de mora ejecutado exitosamente en 37ms,[object Object],"console,websocket,database",,,0,2026-03-06 07:18:30,
53,INFO,📊 Resumen Diario de Cartera,Vigente: 0 préstamos | Vencida: 0 préstamos,[object Object],database,,,0,2026-03-07 01:00:00,
54,INFO,📊 Resumen Diario de Cartera,Vigente: 0 préstamos | Vencida: 0 préstamos,[object Object],"console,websocket,database",,,0,2026-03-07 01:00:00,
55,INFO,✅ Proceso de Mora Completado,Proceso automático de mora ejecutado exitosamente en 209ms,[object Object],database,,,0,2026-03-07 02:00:00,
56,INFO,✅ Proceso de Mora Completado,Proceso automático de mora ejecutado exitosamente en 209ms,[object Object],"console,websocket,database",,,0,2026-03-07 02:00:00,
57,INFO,📊 Resumen Diario de Cartera,Vigente: 0 préstamos | Vencida: 0 préstamos,[object Object],database,,,0,2026-03-08 01:00:00,
58,INFO,📊 Resumen Diario de Cartera,Vigente: 0 préstamos | Vencida: 0 préstamos,[object Object],"console,websocket,database",,,0,2026-03-08 01:00:00,
59,INFO,✅ Proceso de Mora Completado,Proceso automático de mora ejecutado exitosamente en 228ms,[object Object],database,,,0,2026-03-08 02:00:00,
60,INFO,✅ Proceso de Mora Completado,Proceso automático de mora ejecutado exitosamente en 228ms,[object Object],"console,websocket,database",,,0,2026-03-08 02:00:00,
61,INFO,📊 Resumen Diario de Cartera,Vigente: 0 préstamos | Vencida: 0 préstamos,[object Object],database,,,0,2026-03-09 01:00:00,
62,INFO,📊 Resumen Diario de Cartera,Vigente: 0 préstamos | Vencida: 0 préstamos,[object Object],"console,websocket,database",,,0,2026-03-09 01:00:00,
63,INFO,✅ Proceso de Mora Completado,Proceso automático de mora ejecutado exitosamente en 136ms,[object Object],database,,,0,2026-03-09 02:00:00,
64,INFO,✅ Proceso de Mora Completado,Proceso automático de mora ejecutado exitosamente en 136ms,[object Object],"console,websocket,database",,,0,2026-03-09 02:00:00,
65,INFO,📊 Resumen Diario de Cartera,Vigente: 0 préstamos | Vencida: 0 préstamos,[object Object],database,,,0,2026-03-10 01:00:00,
66,INFO,📊 Resumen Diario de Cartera,Vigente: 0 préstamos | Vencida: 0 préstamos,[object Object],"console,websocket,database",,,0,2026-03-10 01:00:00,
67,INFO,✅ Proceso de Mora Completado,Proceso automático de mora ejecutado exitosamente en 431ms,[object Object],database,,,0,2026-03-10 02:00:00,
68,INFO,✅ Proceso de Mora Completado,Proceso automático de mora ejecutado exitosamente en 431ms,[object Object],"console,websocket,database",,,0,2026-03-10 02:00:00,
69,INFO,📊 Resumen Diario de Cartera,Vigente: 0 préstamos | Vencida: 0 préstamos,[object Object],database,,,0,2026-03-11 01:00:00,
70,INFO,📊 Resumen Diario de Cartera,Vigente: 0 préstamos | Vencida: 0 préstamos,[object Object],"console,websocket,database",,,0,2026-03-11 01:00:00,
71,INFO,✅ Proceso de Mora Completado,Proceso automático de mora ejecutado exitosamente en 197ms,[object Object],database,,,0,2026-03-11 02:00:00,
72,INFO,✅ Proceso de Mora Completado,Proceso automático de mora ejecutado exitosamente en 197ms,[object Object],"console,websocket,database",,,0,2026-03-11 02:00:00,
73,INFO,📊 Resumen Diario de Cartera,Vigente: 0 préstamos | Vencida: 0 préstamos,[object Object],database,,,0,2026-03-12 01:00:00,
74,INFO,📊 Resumen Diario de Cartera,Vigente: 0 préstamos | Vencida: 0 préstamos,[object Object],"console,websocket,database",,,0,2026-03-12 01:00:00,
75,INFO,✅ Proceso de Mora Completado,Proceso automático de mora ejecutado exitosamente en 367ms,[object Object],database,,,0,2026-03-12 02:00:00,
76,INFO,✅ Proceso de Mora Completado,Proceso automático de mora ejecutado exitosamente en 367ms,[object Object],"console,websocket,database",,,0,2026-03-12 02:00:00,
77,INFO,📊 Resumen Diario de Cartera,Vigente: 0 préstamos | Vencida: 0 préstamos,[object Object],database,,,0,2026-03-13 01:00:00,
78,INFO,📊 Resumen Diario de Cartera,Vigente: 0 préstamos | Vencida: 0 préstamos,[object Object],"console,websocket,database",,,0,2026-03-13 01:00:00,
79,INFO,✅ Proceso de Mora Completado,Proceso automático de mora ejecutado exitosamente en 273ms,[object Object],database,,,0,2026-03-13 02:00:00,
80,INFO,✅ Proceso de Mora Completado,Proceso automático de mora ejecutado exitosamente en 273ms,[object Object],"console,websocket,database",,,0,2026-03-13 02:00:00,
81,INFO,📊 Resumen Diario de Cartera,Vigente: 0 préstamos | Vencida: 0 préstamos,[object Object],database,,,0,2026-03-14 01:00:00,
82,INFO,📊 Resumen Diario de Cartera,Vigente: 0 préstamos | Vencida: 0 préstamos,[object Object],"console,websocket,database",,,0,2026-03-14 01:00:00,
83,INFO,✅ Proceso de Mora Completado,Proceso automático de mora ejecutado exitosamente en 161ms,[object Object],database,,,0,2026-03-14 02:00:00,
84,INFO,✅ Proceso de Mora Completado,Proceso automático de mora ejecutado exitosamente en 161ms,[object Object],"console,websocket,database",,,0,2026-03-14 02:00:00,
85,INFO,📊 Resumen Diario de Cartera,Vigente: 0 préstamos | Vencida: 0 préstamos,[object Object],database,,,0,2026-03-15 01:00:00,
86,INFO,📊 Resumen Diario de Cartera,Vigente: 0 préstamos | Vencida: 0 préstamos,[object Object],"console,websocket,database",,,0,2026-03-15 01:00:00,
87,INFO,✅ Proceso de Mora Completado,Proceso automático de mora ejecutado exitosamente en 412ms,[object Object],database,,,0,2026-03-15 02:00:00,
88,INFO,✅ Proceso de Mora Completado,Proceso automático de mora ejecutado exitosamente en 412ms,[object Object],"console,websocket,database",,,0,2026-03-15 02:00:00,
89,INFO,📊 Resumen Diario de Cartera,Vigente: 0 préstamos | Vencida: 0 préstamos,[object Object],database,,,0,2026-03-16 01:00:00,
90,INFO,📊 Resumen Diario de Cartera,Vigente: 0 préstamos | Vencida: 0 préstamos,[object Object],"console,websocket,database",,,0,2026-03-16 01:00:00,
91,INFO,✅ Proceso de Mora Completado,Proceso automático de mora ejecutado exitosamente en 267ms,[object Object],database,,,0,2026-03-16 02:00:00,
92,INFO,✅ Proceso de Mora Completado,Proceso automático de mora ejecutado exitosamente en 267ms,[object Object],"console,websocket,database",,,0,2026-03-16 02:00:00,
93,INFO,📊 Resumen Diario de Cartera,Vigente: 0 préstamos | Vencida: 0 préstamos,[object Object],database,,,0,2026-03-17 01:00:00,
94,INFO,📊 Resumen Diario de Cartera,Vigente: 0 préstamos | Vencida: 0 préstamos,[object Object],"console,websocket,database",,,0,2026-03-17 01:00:00,
95,INFO,✅ Proceso de Mora Completado,Proceso automático de mora ejecutado exitosamente en 252ms,[object Object],database,,,0,2026-03-17 02:00:00,
96,INFO,✅ Proceso de Mora Completado,Proceso automático de mora ejecutado exitosamente en 252ms,[object Object],"console,websocket,database",,,0,2026-03-17 02:00:00,
97,INFO,📊 Resumen Diario de Cartera,Vigente: 0 préstamos | Vencida: 0 préstamos,[object Object],database,,,0,2026-03-18 01:00:00,
98,INFO,📊 Resumen Diario de Cartera,Vigente: 0 préstamos | Vencida: 0 préstamos,[object Object],"console,websocket,database",,,0,2026-03-18 01:00:00,
99,INFO,✅ Proceso de Mora Completado,Proceso automático de mora ejecutado exitosamente en 228ms,[object Object],database,,,0,2026-03-18 02:00:00,
100,INFO,✅ Proceso de Mora Completado,Proceso automático de mora ejecutado exitosamente en 228ms,[object Object],"console,websocket,database",,,0,2026-03-18 02:00:00,
101,INFO,📊 Resumen Diario de Cartera,Vigente: 0 préstamos | Vencida: 0 préstamos,[object Object],database,,,0,2026-03-19 01:00:00,
102,INFO,📊 Resumen Diario de Cartera,Vigente: 0 préstamos | Vencida: 0 préstamos,[object Object],"console,websocket,database",,,0,2026-03-19 01:00:00,
103,INFO,✅ Proceso de Mora Completado,Proceso automático de mora ejecutado exitosamente en 270ms,[object Object],database,,,0,2026-03-19 02:00:00,
104,INFO,✅ Proceso de Mora Completado,Proceso automático de mora ejecutado exitosamente en 270ms,[object Object],"console,websocket,database",,,0,2026-03-19 02:00:00,
105,INFO,📊 Resumen Diario de Cartera,Vigente: 0 préstamos | Vencida: 0 préstamos,[object Object],database,,,0,2026-03-20 01:00:00,
106,INFO,📊 Resumen Diario de Cartera,Vigente: 0 préstamos | Vencida: 0 préstamos,[object Object],"console,websocket,database",,,0,2026-03-20 01:00:00,
107,INFO,✅ Proceso de Mora Completado,Proceso automático de mora ejecutado exitosamente en 343ms,[object Object],database,,,0,2026-03-20 02:00:00,
108,INFO,✅ Proceso de Mora Completado,Proceso automático de mora ejecutado exitosamente en 343ms,[object Object],"console,websocket,database",,,0,2026-03-20 02:00:00,
109,INFO,📊 Resumen Diario de Cartera,Vigente: 0 préstamos | Vencida: 0 préstamos,[object Object],database,,,0,2026-03-21 01:00:00,
110,INFO,📊 Resumen Diario de Cartera,Vigente: 0 préstamos | Vencida: 0 préstamos,[object Object],"console,websocket,database",,,0,2026-03-21 01:00:00,
111,INFO,✅ Proceso de Mora Completado,Proceso automático de mora ejecutado exitosamente en 245ms,[object Object],database,,,0,2026-03-21 02:00:00,
112,INFO,✅ Proceso de Mora Completado,Proceso automático de mora ejecutado exitosamente en 245ms,[object Object],"console,websocket,database",,,0,2026-03-21 02:00:00,
113,INFO,📊 Resumen Diario de Cartera,Vigente: 0 préstamos | Vencida: 0 préstamos,[object Object],database,,,0,2026-03-22 01:00:00,
114,INFO,📊 Resumen Diario de Cartera,Vigente: 0 préstamos | Vencida: 0 préstamos,[object Object],"console,websocket,database",,,0,2026-03-22 01:00:00,
115,INFO,✅ Proceso de Mora Completado,Proceso automático de mora ejecutado exitosamente en 402ms,[object Object],database,,,0,2026-03-22 02:00:00,
116,INFO,✅ Proceso de Mora Completado,Proceso automático de mora ejecutado exitosamente en 402ms,[object Object],"console,websocket,database",,,0,2026-03-22 02:00:00,
117,INFO,📊 Resumen Diario de Cartera,Vigente: 0 préstamos | Vencida: 0 préstamos,[object Object],database,,,0,2026-03-23 01:00:00,
118,INFO,📊 Resumen Diario de Cartera,Vigente: 0 préstamos | Vencida: 0 préstamos,[object Object],"console,websocket,database",,,0,2026-03-23 01:00:00,
119,INFO,✅ Proceso de Mora Completado,Proceso automático de mora ejecutado exitosamente en 304ms,[object Object],database,,,0,2026-03-23 02:00:00,
120,INFO,✅ Proceso de Mora Completado,Proceso automático de mora ejecutado exitosamente en 304ms,[object Object],"console,websocket,database",,,0,2026-03-23 02:00:00,
121,INFO,📊 Resumen Diario de Cartera,Vigente: 0 préstamos | Vencida: 0 préstamos,[object Object],database,,,0,2026-03-24 01:00:00,
122,INFO,📊 Resumen Diario de Cartera,Vigente: 0 préstamos | Vencida: 0 préstamos,[object Object],"console,websocket,database",,,0,2026-03-24 01:00:00,
123,INFO,✅ Proceso de Mora Completado,Proceso automático de mora ejecutado exitosamente en 347ms,[object Object],database,,,0,2026-03-24 02:00:00,
124,INFO,✅ Proceso de Mora Completado,Proceso automático de mora ejecutado exitosamente en 347ms,[object Object],"console,websocket,database",,,0,2026-03-24 02:00:00,
125,INFO,📊 Resumen Diario de Cartera,Vigente: 0 préstamos | Vencida: 0 préstamos,[object Object],database,,,0,2026-03-25 01:00:00,
126,INFO,📊 Resumen Diario de Cartera,Vigente: 0 préstamos | Vencida: 0 préstamos,[object Object],"console,websocket,database",,,0,2026-03-25 01:00:00,
127,INFO,✅ Proceso de Mora Completado,Proceso automático de mora ejecutado exitosamente en 370ms,[object Object],database,,,0,2026-03-25 02:00:00,
128,INFO,✅ Proceso de Mora Completado,Proceso automático de mora ejecutado exitosamente en 370ms,[object Object],"console,websocket,database",,,0,2026-03-25 02:00:00,
129,INFO,📊 Resumen Diario de Cartera,Vigente: 0 préstamos | Vencida: 0 préstamos,[object Object],database,,,0,2026-03-26 01:00:00,
130,INFO,📊 Resumen Diario de Cartera,Vigente: 0 préstamos | Vencida: 0 préstamos,[object Object],"console,websocket,database",,,0,2026-03-26 01:00:00,
131,INFO,✅ Proceso de Mora Completado,Proceso automático de mora ejecutado exitosamente en 729ms,[object Object],database,,,0,2026-03-26 02:00:00,
132,INFO,✅ Proceso de Mora Completado,Proceso automático de mora ejecutado exitosamente en 729ms,[object Object],"console,websocket,database",,,0,2026-03-26 02:00:00,
133,INFO,📊 Resumen Diario de Cartera,Vigente: 0 préstamos | Vencida: 0 préstamos,[object Object],database,,,0,2026-03-26 16:01:03,
134,INFO,📊 Resumen Diario de Cartera,Vigente: 0 préstamos | Vencida: 0 préstamos,[object Object],"console,websocket,database",,,0,2026-03-26 16:01:03,
135,INFO,✅ Proceso de Mora Completado,Proceso automático de mora ejecutado exitosamente en 53ms,[object Object],database,,,0,2026-03-26 16:01:03,
136,INFO,✅ Proceso de Mora Completado,Proceso automático de mora ejecutado exitosamente en 53ms,[object Object],"console,websocket,database",,,0,2026-03-26 16:01:03,
137,INFO,📊 Resumen Diario de Cartera,Vigente: 0 préstamos | Vencida: 0 préstamos,[object Object],database,,,0,2026-03-27 01:00:00,
138,INFO,📊 Resumen Diario de Cartera,Vigente: 0 préstamos | Vencida: 0 préstamos,[object Object],"console,websocket,database",,,0,2026-03-27 01:00:00,
139,INFO,✅ Proceso de Mora Completado,Proceso automático de mora ejecutado exitosamente en 219ms,[object Object],database,,,0,2026-03-27 02:00:00,
140,INFO,✅ Proceso de Mora Completado,Proceso automático de mora ejecutado exitosamente en 219ms,[object Object],"console,websocket,database",,,0,2026-03-27 02:00:00,
141,INFO,📊 Resumen Diario de Cartera,Vigente: 0 préstamos | Vencida: 0 préstamos,[object Object],database,,,0,2026-03-28 01:00:00,
142,INFO,📊 Resumen Diario de Cartera,Vigente: 0 préstamos | Vencida: 0 préstamos,[object Object],"console,websocket,database",,,0,2026-03-28 01:00:00,
143,INFO,✅ Proceso de Mora Completado,Proceso automático de mora ejecutado exitosamente en 217ms,[object Object],database,,,0,2026-03-28 02:00:00,
144,INFO,✅ Proceso de Mora Completado,Proceso automático de mora ejecutado exitosamente en 217ms,[object Object],"console,websocket,database",,,0,2026-03-28 02:00:00,
145,INFO,📊 Resumen Diario de Cartera,Vigente: 381 préstamos | Vencida: 193 préstamos,[object Object],database,,,0,2026-03-28 15:00:00,
146,INFO,📊 Resumen Diario de Cartera,Vigente: 381 préstamos | Vencida: 193 préstamos,[object Object],"console,websocket,database",,,0,2026-03-28 15:00:00,
147,INFO,📊 Resumen Diario de Cartera,Vigente: 381 préstamos | Vencida: 193 préstamos,[object Object],database,,,0,2026-03-28 16:00:00,
148,INFO,📊 Resumen Diario de Cartera,Vigente: 381 préstamos | Vencida: 193 préstamos,[object Object],"console,websocket,database",,,0,2026-03-28 16:00:00,
149,INFO,📊 Resumen Diario de Cartera,Vigente: 381 préstamos | Vencida: 193 préstamos,[object Object],database,,,0,2026-03-28 17:00:00,
150,INFO,📊 Resumen Diario de Cartera,Vigente: 381 préstamos | Vencida: 193 préstamos,[object Object],"console,websocket,database",,,0,2026-03-28 17:00:00,
151,INFO,📊 Resumen Diario de Cartera,Vigente: 381 préstamos | Vencida: 193 préstamos,[object Object],database,,,0,2026-03-28 18:00:00,
152,INFO,📊 Resumen Diario de Cartera,Vigente: 381 préstamos | Vencida: 193 préstamos,[object Object],"console,websocket,database",,,0,2026-03-28 18:00:00,
153,INFO,📊 Resumen Diario de Cartera,Vigente: 381 préstamos | Vencida: 193 préstamos,[object Object],database,,,0,2026-03-28 19:00:00,
154,INFO,📊 Resumen Diario de Cartera,Vigente: 381 préstamos | Vencida: 193 préstamos,[object Object],"console,websocket,database",,,0,2026-03-28 19:00:00,
155,INFO,📊 Resumen Diario de Cartera,Vigente: 381 préstamos | Vencida: 193 préstamos,[object Object],database,,,0,2026-03-28 20:00:00,
156,INFO,📊 Resumen Diario de Cartera,Vigente: 381 préstamos | Vencida: 193 préstamos,[object Object],"console,websocket,database",,,0,2026-03-28 20:00:00,
157,INFO,📊 Resumen Diario de Cartera,Vigente: 381 préstamos | Vencida: 193 préstamos,[object Object],database,,,0,2026-03-28 21:00:00,
158,INFO,📊 Resumen Diario de Cartera,Vigente: 381 préstamos | Vencida: 193 préstamos,[object Object],"console,websocket,database",,,0,2026-03-28 21:00:00,
159,INFO,📊 Resumen Diario de Cartera,Vigente: 381 préstamos | Vencida: 193 préstamos,[object Object],database,,,0,2026-03-28 22:00:00,
160,INFO,📊 Resumen Diario de Cartera,Vigente: 381 préstamos | Vencida: 193 préstamos,[object Object],"console,websocket,database",,,0,2026-03-28 22:00:00,
161,INFO,📊 Resumen Diario de Cartera,Vigente: 381 préstamos | Vencida: 193 préstamos,[object Object],database,,,0,2026-03-28 23:00:00,
162,INFO,📊 Resumen Diario de Cartera,Vigente: 381 préstamos | Vencida: 193 préstamos,[object Object],"console,websocket,database",,,0,2026-03-28 23:00:00,
163,INFO,📊 Resumen Diario de Cartera,Vigente: 359 préstamos | Vencida: 215 préstamos,[object Object],database,,,0,2026-03-29 00:00:00,
164,INFO,📊 Resumen Diario de Cartera,Vigente: 359 préstamos | Vencida: 215 préstamos,[object Object],"console,websocket,database",,,0,2026-03-29 00:00:00,
165,INFO,📊 Resumen Diario de Cartera,Vigente: 359 préstamos | Vencida: 215 préstamos,[object Object],database,,,0,2026-03-29 01:00:00,
166,INFO,📊 Resumen Diario de Cartera,Vigente: 359 préstamos | Vencida: 215 préstamos,[object Object],"console,websocket,database",,,0,2026-03-29 01:00:00,
167,INFO,✅ Proceso de Mora Completado,Proceso automático de mora ejecutado exitosamente en 325ms,[object Object],database,,,0,2026-03-29 02:00:00,
168,INFO,✅ Proceso de Mora Completado,Proceso automático de mora ejecutado exitosamente en 325ms,[object Object],"console,websocket,database",,,0,2026-03-29 02:00:00,
169,INFO,📊 Resumen Diario de Cartera,Vigente: 359 préstamos | Vencida: 215 préstamos,[object Object],database,,,0,2026-03-29 15:00:00,
170,INFO,📊 Resumen Diario de Cartera,Vigente: 359 préstamos | Vencida: 215 préstamos,[object Object],"console,websocket,database",,,0,2026-03-29 15:00:00,
171,INFO,📊 Resumen Diario de Cartera,Vigente: 359 préstamos | Vencida: 215 préstamos,[object Object],database,,,0,2026-03-29 16:00:00,
172,INFO,📊 Resumen Diario de Cartera,Vigente: 359 préstamos | Vencida: 215 préstamos,[object Object],"console,websocket,database",,,0,2026-03-29 16:00:00,
173,INFO,📊 Resumen Diario de Cartera,Vigente: 359 préstamos | Vencida: 215 préstamos,[object Object],database,,,0,2026-03-29 17:00:00,
174,INFO,📊 Resumen Diario de Cartera,Vigente: 359 préstamos | Vencida: 215 préstamos,[object Object],"console,websocket,database",,,0,2026-03-29 17:00:00,
175,INFO,📊 Resumen Diario de Cartera,Vigente: 359 préstamos | Vencida: 215 préstamos,[object Object],database,,,0,2026-03-29 18:00:01,
176,INFO,📊 Resumen Diario de Cartera,Vigente: 359 préstamos | Vencida: 215 préstamos,[object Object],"console,websocket,database",,,0,2026-03-29 18:00:01,
177,INFO,📊 Resumen Diario de Cartera,Vigente: 359 préstamos | Vencida: 215 préstamos,[object Object],database,,,0,2026-03-29 19:00:00,
178,INFO,📊 Resumen Diario de Cartera,Vigente: 359 préstamos | Vencida: 215 préstamos,[object Object],"console,websocket,database",,,0,2026-03-29 19:00:00,
179,INFO,📊 Resumen Diario de Cartera,Vigente: 359 préstamos | Vencida: 215 préstamos,[object Object],database,,,0,2026-03-29 20:00:00,
180,INFO,📊 Resumen Diario de Cartera,Vigente: 359 préstamos | Vencida: 215 préstamos,[object Object],"console,websocket,database",,,0,2026-03-29 20:00:00,
181,INFO,📊 Resumen Diario de Cartera,Vigente: 359 préstamos | Vencida: 215 préstamos,[object Object],database,,,0,2026-03-29 21:00:00,
182,INFO,📊 Resumen Diario de Cartera,Vigente: 359 préstamos | Vencida: 215 préstamos,[object Object],"console,websocket,database",,,0,2026-03-29 21:00:00,
183,INFO,📊 Resumen Diario de Cartera,Vigente: 359 préstamos | Vencida: 215 préstamos,[object Object],database,,,0,2026-03-29 22:00:00,
184,INFO,📊 Resumen Diario de Cartera,Vigente: 359 préstamos | Vencida: 215 préstamos,[object Object],"console,websocket,database",,,0,2026-03-29 22:00:00,
185,INFO,📊 Resumen Diario de Cartera,Vigente: 359 préstamos | Vencida: 215 préstamos,[object Object],database,,,0,2026-03-29 23:00:00,
186,INFO,📊 Resumen Diario de Cartera,Vigente: 359 préstamos | Vencida: 215 préstamos,[object Object],"console,websocket,database",,,0,2026-03-29 23:00:00,
187,INFO,📊 Resumen Diario de Cartera,Vigente: 359 préstamos | Vencida: 215 préstamos,[object Object],database,,,0,2026-03-30 00:00:00,
188,INFO,📊 Resumen Diario de Cartera,Vigente: 359 préstamos | Vencida: 215 préstamos,[object Object],"console,websocket,database",,,0,2026-03-30 00:00:00,
189,INFO,📊 Resumen Diario de Cartera,Vigente: 359 préstamos | Vencida: 215 préstamos,[object Object],database,,,0,2026-03-30 01:00:00,
190,INFO,📊 Resumen Diario de Cartera,Vigente: 359 préstamos | Vencida: 215 préstamos,[object Object],"console,websocket,database",,,0,2026-03-30 01:00:00,
191,INFO,✅ Proceso de Mora Completado,Proceso automático de mora ejecutado exitosamente en 218ms,[object Object],database,,,0,2026-03-30 02:00:00,
192,INFO,✅ Proceso de Mora Completado,Proceso automático de mora ejecutado exitosamente en 218ms,[object Object],"console,websocket,database",,,0,2026-03-30 02:00:00,
193,INFO,📊 Resumen Diario de Cartera,Vigente: 359 préstamos | Vencida: 215 préstamos,[object Object],database,,,0,2026-03-30 15:00:00,
194,INFO,📊 Resumen Diario de Cartera,Vigente: 359 préstamos | Vencida: 215 préstamos,[object Object],"console,websocket,database",,,0,2026-03-30 15:00:01,
195,INFO,📊 Resumen Diario de Cartera,Vigente: 359 préstamos | Vencida: 215 préstamos,[object Object],database,,,0,2026-03-30 16:00:01,
196,INFO,📊 Resumen Diario de Cartera,Vigente: 359 préstamos | Vencida: 215 préstamos,[object Object],"console,websocket,database",,,0,2026-03-30 16:00:01,
197,INFO,📊 Resumen Diario de Cartera,Vigente: 359 préstamos | Vencida: 215 préstamos,[object Object],database,,,0,2026-03-30 17:00:00,
198,INFO,📊 Resumen Diario de Cartera,Vigente: 359 préstamos | Vencida: 215 préstamos,[object Object],"console,websocket,database",,,0,2026-03-30 17:00:00,
199,INFO,📊 Resumen Diario de Cartera,Vigente: 359 préstamos | Vencida: 215 préstamos,[object Object],database,,,0,2026-03-30 18:00:00,
200,INFO,📊 Resumen Diario de Cartera,Vigente: 359 préstamos | Vencida: 215 préstamos,[object Object],"console,websocket,database",,,0,2026-03-30 18:00:00,
201,INFO,📊 Resumen Diario de Cartera,Vigente: 359 préstamos | Vencida: 215 préstamos,[object Object],database,,,0,2026-03-30 19:00:00,
202,INFO,📊 Resumen Diario de Cartera,Vigente: 359 préstamos | Vencida: 215 préstamos,[object Object],"console,websocket,database",,,0,2026-03-30 19:00:00,
203,INFO,📊 Resumen Diario de Cartera,Vigente: 359 préstamos | Vencida: 215 préstamos,[object Object],database,,,0,2026-03-30 20:00:00,
204,INFO,📊 Resumen Diario de Cartera,Vigente: 359 préstamos | Vencida: 215 préstamos,[object Object],"console,websocket,database",,,0,2026-03-30 20:00:00,
205,INFO,📊 Resumen Diario de Cartera,Vigente: 359 préstamos | Vencida: 215 préstamos,[object Object],database,,,0,2026-03-30 21:00:00,
206,INFO,📊 Resumen Diario de Cartera,Vigente: 359 préstamos | Vencida: 215 préstamos,[object Object],"console,websocket,database",,,0,2026-03-30 21:00:00,
207,INFO,📊 Resumen Diario de Cartera,Vigente: 359 préstamos | Vencida: 215 préstamos,[object Object],database,,,0,2026-03-30 22:00:00,
208,INFO,📊 Resumen Diario de Cartera,Vigente: 359 préstamos | Vencida: 215 préstamos,[object Object],"console,websocket,database",,,0,2026-03-30 22:00:00,
209,INFO,📊 Resumen Diario de Cartera,Vigente: 359 préstamos | Vencida: 215 préstamos,[object Object],database,,,0,2026-03-30 23:00:00,
210,INFO,📊 Resumen Diario de Cartera,Vigente: 359 préstamos | Vencida: 215 préstamos,[object Object],"console,websocket,database",,,0,2026-03-30 23:00:00,
211,INFO,📊 Resumen Diario de Cartera,Vigente: 359 préstamos | Vencida: 215 préstamos,[object Object],database,,,0,2026-03-31 00:00:00,
212,INFO,📊 Resumen Diario de Cartera,Vigente: 359 préstamos | Vencida: 215 préstamos,[object Object],"console,websocket,database",,,0,2026-03-31 00:00:00,
213,INFO,📊 Resumen Diario de Cartera,Vigente: 359 préstamos | Vencida: 215 préstamos,[object Object],database,,,0,2026-03-31 01:00:00,
214,INFO,📊 Resumen Diario de Cartera,Vigente: 359 préstamos | Vencida: 215 préstamos,[object Object],"console,websocket,database",,,0,2026-03-31 01:00:00,
215,INFO,✅ Proceso de Mora Completado,Proceso automático de mora ejecutado exitosamente en 334ms,[object Object],database,,,0,2026-03-31 02:00:00,
216,INFO,✅ Proceso de Mora Completado,Proceso automático de mora ejecutado exitosamente en 334ms,[object Object],"console,websocket,database",,,0,2026-03-31 02:00:00,
217,INFO,📊 Resumen Diario de Cartera,Vigente: 359 préstamos | Vencida: 215 préstamos,[object Object],database,,,0,2026-03-31 15:00:00,
218,INFO,📊 Resumen Diario de Cartera,Vigente: 359 préstamos | Vencida: 215 préstamos,[object Object],"console,websocket,database",,,0,2026-03-31 15:00:00,
219,INFO,📊 Resumen Diario de Cartera,Vigente: 359 préstamos | Vencida: 215 préstamos,[object Object],database,,,0,2026-03-31 16:00:00,
220,INFO,📊 Resumen Diario de Cartera,Vigente: 359 préstamos | Vencida: 215 préstamos,[object Object],"console,websocket,database",,,0,2026-03-31 16:00:00,
221,INFO,📊 Resumen Diario de Cartera,Vigente: 359 préstamos | Vencida: 215 préstamos,[object Object],database,,,0,2026-03-31 17:00:00,
222,INFO,📊 Resumen Diario de Cartera,Vigente: 359 préstamos | Vencida: 215 préstamos,[object Object],"console,websocket,database",,,0,2026-03-31 17:00:00,
223,INFO,📊 Resumen Diario de Cartera,Vigente: 359 préstamos | Vencida: 215 préstamos,[object Object],database,,,0,2026-03-31 18:00:01,
224,INFO,📊 Resumen Diario de Cartera,Vigente: 359 préstamos | Vencida: 215 préstamos,[object Object],"console,websocket,database",,,0,2026-03-31 18:00:01,
225,INFO,📊 Resumen Diario de Cartera,Vigente: 359 préstamos | Vencida: 215 préstamos,[object Object],database,,,0,2026-03-31 19:00:00,
226,INFO,📊 Resumen Diario de Cartera,Vigente: 359 préstamos | Vencida: 215 préstamos,[object Object],"console,websocket,database",,,0,2026-03-31 19:00:00,
227,INFO,📊 Resumen Diario de Cartera,Vigente: 359 préstamos | Vencida: 215 préstamos,[object Object],database,,,0,2026-03-31 20:00:00,
228,INFO,📊 Resumen Diario de Cartera,Vigente: 359 préstamos | Vencida: 215 préstamos,[object Object],"console,websocket,database",,,0,2026-03-31 20:00:00,
229,INFO,📊 Resumen Diario de Cartera,Vigente: 359 préstamos | Vencida: 215 préstamos,[object Object],database,,,0,2026-03-31 20:10:42,
230,INFO,📊 Resumen Diario de Cartera,Vigente: 359 préstamos | Vencida: 215 préstamos,[object Object],"console,websocket,database",,,0,2026-03-31 20:10:42,
231,INFO,✅ Proceso de Mora Completado,Proceso automático de mora ejecutado exitosamente en 114ms,[object Object],database,,,0,2026-03-31 20:10:42,
232,INFO,✅ Proceso de Mora Completado,Proceso automático de mora ejecutado exitosamente en 114ms,[object Object],"console,websocket,database",,,0,2026-03-31 20:10:42,
233,INFO,📊 Resumen Diario de Cartera,Vigente: 360 préstamos | Vencida: 214 préstamos,[object Object],database,,,0,2026-03-31 21:00:00,
234,INFO,📊 Resumen Diario de Cartera,Vigente: 360 préstamos | Vencida: 214 préstamos,[object Object],"console,websocket,database",,,0,2026-03-31 21:00:00,
235,INFO,📊 Resumen Diario de Cartera,Vigente: 360 préstamos | Vencida: 214 préstamos,[object Object],database,,,0,2026-03-31 22:00:01,
236,INFO,📊 Resumen Diario de Cartera,Vigente: 360 préstamos | Vencida: 214 préstamos,[object Object],"console,websocket,database",,,0,2026-03-31 22:00:01,
237,INFO,📊 Resumen Diario de Cartera,Vigente: 360 préstamos | Vencida: 214 préstamos,[object Object],database,,,0,2026-03-31 23:00:00,
238,INFO,📊 Resumen Diario de Cartera,Vigente: 360 préstamos | Vencida: 214 préstamos,[object Object],"console,websocket,database",,,0,2026-03-31 23:00:00,
239,INFO,📊 Resumen Diario de Cartera,Vigente: 354 préstamos | Vencida: 220 préstamos,[object Object],database,,,0,2026-04-01 00:00:01,
240,INFO,📊 Resumen Diario de Cartera,Vigente: 354 préstamos | Vencida: 220 préstamos,[object Object],"console,websocket,database",,,0,2026-04-01 00:00:01,
241,INFO,📊 Resumen Diario de Cartera,Vigente: 354 préstamos | Vencida: 220 préstamos,[object Object],database,,,0,2026-04-01 01:00:00,
242,INFO,📊 Resumen Diario de Cartera,Vigente: 354 préstamos | Vencida: 220 préstamos,[object Object],"console,websocket,database",,,0,2026-04-01 01:00:00,
243,INFO,✅ Proceso de Mora Completado,Proceso automático de mora ejecutado exitosamente en 436ms,[object Object],database,,,0,2026-04-01 02:00:00,
244,INFO,✅ Proceso de Mora Completado,Proceso automático de mora ejecutado exitosamente en 436ms,[object Object],"console,websocket,database",,,0,2026-04-01 02:00:00,
245,INFO,📊 Resumen Diario de Cartera,Vigente: 354 préstamos | Vencida: 219 préstamos,[object Object],database,,,0,2026-04-01 13:42:30,
246,INFO,📊 Resumen Diario de Cartera,Vigente: 354 préstamos | Vencida: 219 préstamos,[object Object],"console,websocket,database",,,0,2026-04-01 13:42:30,
247,INFO,✅ Proceso de Mora Completado,Proceso automático de mora ejecutado exitosamente en 113ms,[object Object],database,,,0,2026-04-01 13:42:31,
248,INFO,✅ Proceso de Mora Completado,Proceso automático de mora ejecutado exitosamente en 113ms,[object Object],"console,websocket,database",,,0,2026-04-01 13:42:31,
249,INFO,📊 Resumen Diario de Cartera,Vigente: 354 préstamos | Vencida: 219 préstamos,[object Object],database,,,0,2026-04-01 13:54:49,
250,INFO,📊 Resumen Diario de Cartera,Vigente: 354 préstamos | Vencida: 219 préstamos,[object Object],"console,websocket,database",,,0,2026-04-01 13:54:49,
251,INFO,✅ Proceso de Mora Completado,Proceso automático de mora ejecutado exitosamente en 66ms,[object Object],database,,,0,2026-04-01 13:54:49,
252,INFO,✅ Proceso de Mora Completado,Proceso automático de mora ejecutado exitosamente en 66ms,[object Object],"console,websocket,database",,,0,2026-04-01 13:54:49,
253,INFO,📊 Resumen Diario de Cartera,Vigente: 354 préstamos | Vencida: 219 préstamos,[object Object],database,,,0,2026-04-01 15:00:00,
254,INFO,📊 Resumen Diario de Cartera,Vigente: 354 préstamos | Vencida: 219 préstamos,[object Object],"console,websocket,database",,,0,2026-04-01 15:00:00,
255,INFO,📊 Resumen Diario de Cartera,Vigente: 354 préstamos | Vencida: 219 préstamos,[object Object],database,,,0,2026-04-01 16:00:00,
256,INFO,📊 Resumen Diario de Cartera,Vigente: 354 préstamos | Vencida: 219 préstamos,[object Object],"console,websocket,database",,,0,2026-04-01 16:00:00,
257,INFO,📊 Resumen Diario de Cartera,Vigente: 354 préstamos | Vencida: 219 préstamos,[object Object],database,,,0,2026-04-01 17:00:00,
258,INFO,📊 Resumen Diario de Cartera,Vigente: 354 préstamos | Vencida: 219 préstamos,[object Object],"console,websocket,database",,,0,2026-04-01 17:00:00,
259,INFO,📊 Resumen Diario de Cartera,Vigente: 354 préstamos | Vencida: 219 préstamos,[object Object],database,,,0,2026-04-01 18:00:00,
260,INFO,📊 Resumen Diario de Cartera,Vigente: 354 préstamos | Vencida: 219 préstamos,[object Object],"console,websocket,database",,,0,2026-04-01 18:00:00,
261,INFO,📊 Resumen Diario de Cartera,Vigente: 354 préstamos | Vencida: 219 préstamos,[object Object],database,,,0,2026-04-01 19:00:00,
262,INFO,📊 Resumen Diario de Cartera,Vigente: 354 préstamos | Vencida: 219 préstamos,[object Object],"console,websocket,database",,,0,2026-04-01 19:00:00,
263,INFO,📊 Resumen Diario de Cartera,Vigente: 356 préstamos | Vencida: 219 préstamos,[object Object],database,,,0,2026-04-01 20:00:00,
264,INFO,📊 Resumen Diario de Cartera,Vigente: 356 préstamos | Vencida: 219 préstamos,[object Object],"console,websocket,database",,,0,2026-04-01 20:00:00,
265,INFO,📊 Resumen Diario de Cartera,Vigente: 357 préstamos | Vencida: 219 préstamos,[object Object],database,,,0,2026-04-01 21:00:00,
266,INFO,📊 Resumen Diario de Cartera,Vigente: 357 préstamos | Vencida: 219 préstamos,[object Object],"console,websocket,database",,,0,2026-04-01 21:00:00,
267,INFO,📊 Resumen Diario de Cartera,Vigente: 359 préstamos | Vencida: 217 préstamos,[object Object],database,,,0,2026-04-01 21:56:58,
268,INFO,📊 Resumen Diario de Cartera,Vigente: 359 préstamos | Vencida: 217 préstamos,[object Object],"console,websocket,database",,,0,2026-04-01 21:56:58,
269,INFO,✅ Proceso de Mora Completado,Proceso automático de mora ejecutado exitosamente en 67ms,[object Object],database,,,0,2026-04-01 21:56:58,
270,INFO,✅ Proceso de Mora Completado,Proceso automático de mora ejecutado exitosamente en 67ms,[object Object],"console,websocket,database",,,0,2026-04-01 21:56:58,
271,INFO,📊 Resumen Diario de Cartera,Vigente: 359 préstamos | Vencida: 217 préstamos,[object Object],database,,,0,2026-04-01 22:00:00,
272,INFO,📊 Resumen Diario de Cartera,Vigente: 359 préstamos | Vencida: 217 préstamos,[object Object],"console,websocket,database",,,0,2026-04-01 22:00:00,
273,INFO,📊 Resumen Diario de Cartera,Vigente: 361 préstamos | Vencida: 215 préstamos,[object Object],database,,,0,2026-04-01 22:30:29,
274,INFO,📊 Resumen Diario de Cartera,Vigente: 361 préstamos | Vencida: 215 préstamos,[object Object],"console,websocket,database",,,0,2026-04-01 22:30:29,
275,INFO,✅ Proceso de Mora Completado,Proceso automático de mora ejecutado exitosamente en 75ms,[object Object],database,,,0,2026-04-01 22:30:29,
276,INFO,✅ Proceso de Mora Completado,Proceso automático de mora ejecutado exitosamente en 75ms,[object Object],"console,websocket,database",,,0,2026-04-01 22:30:29,
277,INFO,📊 Resumen Diario de Cartera,Vigente: 362 préstamos | Vencida: 214 préstamos,[object Object],database,,,0,2026-04-01 23:00:00,
278,INFO,📊 Resumen Diario de Cartera,Vigente: 362 préstamos | Vencida: 214 préstamos,[object Object],"console,websocket,database",,,0,2026-04-01 23:00:00,
279,INFO,📊 Resumen Diario de Cartera,Vigente: 346 préstamos | Vencida: 230 préstamos,[object Object],database,,,0,2026-04-02 00:00:00,
280,INFO,📊 Resumen Diario de Cartera,Vigente: 346 préstamos | Vencida: 230 préstamos,[object Object],"console,websocket,database",,,0,2026-04-02 00:00:00,
281,INFO,📊 Resumen Diario de Cartera,Vigente: 346 préstamos | Vencida: 230 préstamos,[object Object],database,,,0,2026-04-02 01:00:00,
282,INFO,📊 Resumen Diario de Cartera,Vigente: 346 préstamos | Vencida: 230 préstamos,[object Object],"console,websocket,database",,,0,2026-04-02 01:00:00,
283,INFO,✅ Proceso de Mora Completado,Proceso automático de mora ejecutado exitosamente en 412ms,[object Object],database,,,0,2026-04-02 02:00:00,
284,INFO,✅ Proceso de Mora Completado,Proceso automático de mora ejecutado exitosamente en 412ms,[object Object],"console,websocket,database",,,0,2026-04-02 02:00:00,
285,INFO,📊 Resumen Diario de Cartera,Vigente: 347 préstamos | Vencida: 230 préstamos,[object Object],database,,,0,2026-04-02 15:00:00,
286,INFO,📊 Resumen Diario de Cartera,Vigente: 347 préstamos | Vencida: 230 préstamos,[object Object],"console,websocket,database",,,0,2026-04-02 15:00:00,
287,INFO,📊 Resumen Diario de Cartera,Vigente: 348 préstamos | Vencida: 229 préstamos,[object Object],database,,,0,2026-04-02 16:00:00,
288,INFO,📊 Resumen Diario de Cartera,Vigente: 348 préstamos | Vencida: 229 préstamos,[object Object],"console,websocket,database",,,0,2026-04-02 16:00:00,
289,INFO,📊 Resumen Diario de Cartera,Vigente: 351 préstamos | Vencida: 220 préstamos,[object Object],database,,,0,2026-04-02 17:00:00,
290,INFO,📊 Resumen Diario de Cartera,Vigente: 351 préstamos | Vencida: 220 préstamos,[object Object],"console,websocket,database",,,0,2026-04-02 17:00:00,
291,INFO,📊 Resumen Diario de Cartera,Vigente: 356 préstamos | Vencida: 220 préstamos,[object Object],database,,,0,2026-04-02 18:00:00,
292,INFO,📊 Resumen Diario de Cartera,Vigente: 356 préstamos | Vencida: 220 préstamos,[object Object],"console,websocket,database",,,0,2026-04-02 18:00:00,
293,INFO,📊 Resumen Diario de Cartera,Vigente: 359 préstamos | Vencida: 220 préstamos,[object Object],database,,,0,2026-04-02 19:00:00,
294,INFO,📊 Resumen Diario de Cartera,Vigente: 359 préstamos | Vencida: 220 préstamos,[object Object],"console,websocket,database",,,0,2026-04-02 19:00:00,
295,INFO,📊 Resumen Diario de Cartera,Vigente: 359 préstamos | Vencida: 220 préstamos,[object Object],database,,,0,2026-04-02 20:00:00,
296,INFO,📊 Resumen Diario de Cartera,Vigente: 359 préstamos | Vencida: 220 préstamos,[object Object],"console,websocket,database",,,0,2026-04-02 20:00:00,
297,INFO,📊 Resumen Diario de Cartera,Vigente: 359 préstamos | Vencida: 220 préstamos,[object Object],database,,,0,2026-04-02 21:00:00,
298,INFO,📊 Resumen Diario de Cartera,Vigente: 359 préstamos | Vencida: 220 préstamos,[object Object],"console,websocket,database",,,0,2026-04-02 21:00:00,
299,INFO,📊 Resumen Diario de Cartera,Vigente: 359 préstamos | Vencida: 220 préstamos,[object Object],database,,,0,2026-04-02 22:00:00,
300,INFO,📊 Resumen Diario de Cartera,Vigente: 359 préstamos | Vencida: 220 préstamos,[object Object],"console,websocket,database",,,0,2026-04-02 22:00:00,
301,INFO,📊 Resumen Diario de Cartera,Vigente: 359 préstamos | Vencida: 220 préstamos,[object Object],database,,,0,2026-04-02 23:00:00,
302,INFO,📊 Resumen Diario de Cartera,Vigente: 359 préstamos | Vencida: 220 préstamos,[object Object],"console,websocket,database",,,0,2026-04-02 23:00:00,
303,INFO,📊 Resumen Diario de Cartera,Vigente: 341 préstamos | Vencida: 238 préstamos,[object Object],database,,,0,2026-04-03 00:00:00,
304,INFO,📊 Resumen Diario de Cartera,Vigente: 341 préstamos | Vencida: 238 préstamos,[object Object],"console,websocket,database",,,0,2026-04-03 00:00:00,
305,INFO,📊 Resumen Diario de Cartera,Vigente: 341 préstamos | Vencida: 238 préstamos,[object Object],database,,,0,2026-04-03 01:00:00,
306,INFO,📊 Resumen Diario de Cartera,Vigente: 341 préstamos | Vencida: 238 préstamos,[object Object],"console,websocket,database",,,0,2026-04-03 01:00:00,
307,INFO,✅ Proceso de Mora Completado,Proceso automático de mora ejecutado exitosamente en 422ms,[object Object],database,,,0,2026-04-03 02:00:00,
308,INFO,✅ Proceso de Mora Completado,Proceso automático de mora ejecutado exitosamente en 422ms,[object Object],"console,websocket,database",,,0,2026-04-03 02:00:00,
309,INFO,📊 Resumen Diario de Cartera,Vigente: 341 préstamos | Vencida: 238 préstamos,[object Object],database,,,0,2026-04-03 15:00:00,
310,INFO,📊 Resumen Diario de Cartera,Vigente: 341 préstamos | Vencida: 238 préstamos,[object Object],"console,websocket,database",,,0,2026-04-03 15:00:00,
311,INFO,📊 Resumen Diario de Cartera,Vigente: 341 préstamos | Vencida: 238 préstamos,[object Object],database,,,0,2026-04-03 16:00:00,
312,INFO,📊 Resumen Diario de Cartera,Vigente: 341 préstamos | Vencida: 238 préstamos,[object Object],"console,websocket,database",,,0,2026-04-03 16:00:00,
313,INFO,📊 Resumen Diario de Cartera,Vigente: 341 préstamos | Vencida: 238 préstamos,[object Object],database,,,0,2026-04-03 17:00:00,
314,INFO,📊 Resumen Diario de Cartera,Vigente: 341 préstamos | Vencida: 238 préstamos,[object Object],"console,websocket,database",,,0,2026-04-03 17:00:00,
315,INFO,📊 Resumen Diario de Cartera,Vigente: 341 préstamos | Vencida: 238 préstamos,[object Object],database,,,0,2026-04-03 18:00:00,
316,INFO,📊 Resumen Diario de Cartera,Vigente: 341 préstamos | Vencida: 238 préstamos,[object Object],"console,websocket,database",,,0,2026-04-03 18:00:00,
317,INFO,📊 Resumen Diario de Cartera,Vigente: 341 préstamos | Vencida: 238 préstamos,[object Object],database,,,0,2026-04-03 19:00:00,
318,INFO,📊 Resumen Diario de Cartera,Vigente: 341 préstamos | Vencida: 238 préstamos,[object Object],"console,websocket,database",,,0,2026-04-03 19:00:00,
319,INFO,📊 Resumen Diario de Cartera,Vigente: 341 préstamos | Vencida: 238 préstamos,[object Object],database,,,0,2026-04-03 20:00:00,
320,INFO,📊 Resumen Diario de Cartera,Vigente: 341 préstamos | Vencida: 238 préstamos,[object Object],"console,websocket,database",,,0,2026-04-03 20:00:00,
321,INFO,📊 Resumen Diario de Cartera,Vigente: 341 préstamos | Vencida: 238 préstamos,[object Object],database,,,0,2026-04-03 21:00:00,
322,INFO,📊 Resumen Diario de Cartera,Vigente: 341 préstamos | Vencida: 238 préstamos,[object Object],"console,websocket,database",,,0,2026-04-03 21:00:00,
323,INFO,📊 Resumen Diario de Cartera,Vigente: 341 préstamos | Vencida: 238 préstamos,[object Object],database,,,0,2026-04-03 22:00:00,
324,INFO,📊 Resumen Diario de Cartera,Vigente: 341 préstamos | Vencida: 238 préstamos,[object Object],"console,websocket,database",,,0,2026-04-03 22:00:00,
325,INFO,📊 Resumen Diario de Cartera,Vigente: 341 préstamos | Vencida: 238 préstamos,[object Object],database,,,0,2026-04-03 23:00:01,
326,INFO,📊 Resumen Diario de Cartera,Vigente: 341 préstamos | Vencida: 238 préstamos,[object Object],"console,websocket,database",,,0,2026-04-03 23:00:01,
327,INFO,📊 Resumen Diario de Cartera,Vigente: 258 préstamos | Vencida: 321 préstamos,[object Object],database,,,0,2026-04-04 00:00:00,
328,INFO,📊 Resumen Diario de Cartera,Vigente: 258 préstamos | Vencida: 321 préstamos,[object Object],"console,websocket,database",,,0,2026-04-04 00:00:00,
329,INFO,📊 Resumen Diario de Cartera,Vigente: 258 préstamos | Vencida: 321 préstamos,[object Object],database,,,0,2026-04-04 01:00:00,
330,INFO,📊 Resumen Diario de Cartera,Vigente: 258 préstamos | Vencida: 321 préstamos,[object Object],"console,websocket,database",,,0,2026-04-04 01:00:00,
331,INFO,✅ Proceso de Mora Completado,Proceso automático de mora ejecutado exitosamente en 466ms,[object Object],database,,,0,2026-04-04 02:00:00,
332,INFO,✅ Proceso de Mora Completado,Proceso automático de mora ejecutado exitosamente en 466ms,[object Object],"console,websocket,database",,,0,2026-04-04 02:00:00,
333,INFO,📊 Resumen Diario de Cartera,Vigente: 258 préstamos | Vencida: 321 préstamos,[object Object],database,,,0,2026-04-04 15:00:00,
334,INFO,📊 Resumen Diario de Cartera,Vigente: 258 préstamos | Vencida: 321 préstamos,[object Object],"console,websocket,database",,,0,2026-04-04 15:00:00,
335,INFO,📊 Resumen Diario de Cartera,Vigente: 258 préstamos | Vencida: 321 préstamos,[object Object],database,,,0,2026-04-04 16:00:00,
336,INFO,📊 Resumen Diario de Cartera,Vigente: 258 préstamos | Vencida: 321 préstamos,[object Object],"console,websocket,database",,,0,2026-04-04 16:00:00,
337,INFO,📊 Resumen Diario de Cartera,Vigente: 258 préstamos | Vencida: 321 préstamos,[object Object],database,,,0,2026-04-04 17:00:00,
338,INFO,📊 Resumen Diario de Cartera,Vigente: 258 préstamos | Vencida: 321 préstamos,[object Object],"console,websocket,database",,,0,2026-04-04 17:00:00,
339,INFO,📊 Resumen Diario de Cartera,Vigente: 258 préstamos | Vencida: 321 préstamos,[object Object],database,,,0,2026-04-04 18:00:00,
340,INFO,📊 Resumen Diario de Cartera,Vigente: 258 préstamos | Vencida: 321 préstamos,[object Object],"console,websocket,database",,,0,2026-04-04 18:00:00,
341,INFO,📊 Resumen Diario de Cartera,Vigente: 258 préstamos | Vencida: 321 préstamos,[object Object],database,,,0,2026-04-04 19:00:00,
342,INFO,📊 Resumen Diario de Cartera,Vigente: 258 préstamos | Vencida: 321 préstamos,[object Object],"console,websocket,database",,,0,2026-04-04 19:00:00,
343,INFO,📊 Resumen Diario de Cartera,Vigente: 258 préstamos | Vencida: 321 préstamos,[object Object],database,,,0,2026-04-04 20:00:00,
344,INFO,📊 Resumen Diario de Cartera,Vigente: 258 préstamos | Vencida: 321 préstamos,[object Object],"console,websocket,database",,,0,2026-04-04 20:00:00,
345,INFO,📊 Resumen Diario de Cartera,Vigente: 258 préstamos | Vencida: 321 préstamos,[object Object],database,,,0,2026-04-04 21:00:00,
346,INFO,📊 Resumen Diario de Cartera,Vigente: 258 préstamos | Vencida: 321 préstamos,[object Object],"console,websocket,database",,,0,2026-04-04 21:00:00,
347,INFO,📊 Resumen Diario de Cartera,Vigente: 258 préstamos | Vencida: 321 préstamos,[object Object],database,,,0,2026-04-04 22:00:00,
348,INFO,📊 Resumen Diario de Cartera,Vigente: 258 préstamos | Vencida: 321 préstamos,[object Object],"console,websocket,database",,,0,2026-04-04 22:00:00,
349,INFO,📊 Resumen Diario de Cartera,Vigente: 258 préstamos | Vencida: 321 préstamos,[object Object],database,,,0,2026-04-04 23:00:00,
350,INFO,📊 Resumen Diario de Cartera,Vigente: 258 préstamos | Vencida: 321 préstamos,[object Object],"console,websocket,database",,,0,2026-04-04 23:00:00,
351,INFO,📊 Resumen Diario de Cartera,Vigente: 218 préstamos | Vencida: 361 préstamos,[object Object],database,,,0,2026-04-05 00:00:00,
352,INFO,📊 Resumen Diario de Cartera,Vigente: 218 préstamos | Vencida: 361 préstamos,[object Object],"console,websocket,database",,,0,2026-04-05 00:00:00,
353,INFO,📊 Resumen Diario de Cartera,Vigente: 218 préstamos | Vencida: 361 préstamos,[object Object],database,,,0,2026-04-05 01:00:00,
354,INFO,📊 Resumen Diario de Cartera,Vigente: 218 préstamos | Vencida: 361 préstamos,[object Object],"console,websocket,database",,,0,2026-04-05 01:00:00,
355,INFO,✅ Proceso de Mora Completado,Proceso automático de mora ejecutado exitosamente en 213ms,[object Object],database,,,0,2026-04-05 02:00:00,
356,INFO,✅ Proceso de Mora Completado,Proceso automático de mora ejecutado exitosamente en 213ms,[object Object],"console,websocket,database",,,0,2026-04-05 02:00:00,
357,INFO,📊 Resumen Diario de Cartera,Vigente: 218 préstamos | Vencida: 361 préstamos,[object Object],database,,,0,2026-04-05 15:00:01,
358,INFO,📊 Resumen Diario de Cartera,Vigente: 218 préstamos | Vencida: 361 préstamos,[object Object],"console,websocket,database",,,0,2026-04-05 15:00:01,
359,INFO,📊 Resumen Diario de Cartera,Vigente: 218 préstamos | Vencida: 361 préstamos,[object Object],database,,,0,2026-04-05 16:00:00,
360,INFO,📊 Resumen Diario de Cartera,Vigente: 218 préstamos | Vencida: 361 préstamos,[object Object],"console,websocket,database",,,0,2026-04-05 16:00:00,
361,INFO,📊 Resumen Diario de Cartera,Vigente: 218 préstamos | Vencida: 361 préstamos,[object Object],database,,,0,2026-04-05 17:00:00,
362,INFO,📊 Resumen Diario de Cartera,Vigente: 218 préstamos | Vencida: 361 préstamos,[object Object],"console,websocket,database",,,0,2026-04-05 17:00:00,
363,INFO,📊 Resumen Diario de Cartera,Vigente: 218 préstamos | Vencida: 361 préstamos,[object Object],database,,,0,2026-04-05 18:00:00,
364,INFO,📊 Resumen Diario de Cartera,Vigente: 218 préstamos | Vencida: 361 préstamos,[object Object],"console,websocket,database",,,0,2026-04-05 18:00:00,
365,INFO,📊 Resumen Diario de Cartera,Vigente: 218 préstamos | Vencida: 361 préstamos,[object Object],database,,,0,2026-04-05 19:00:01,
366,INFO,📊 Resumen Diario de Cartera,Vigente: 218 préstamos | Vencida: 361 préstamos,[object Object],"console,websocket,database",,,0,2026-04-05 19:00:01,
367,INFO,📊 Resumen Diario de Cartera,Vigente: 218 préstamos | Vencida: 361 préstamos,[object Object],database,,,0,2026-04-05 20:00:00,
368,INFO,📊 Resumen Diario de Cartera,Vigente: 218 préstamos | Vencida: 361 préstamos,[object Object],"console,websocket,database",,,0,2026-04-05 20:00:00,
369,INFO,📊 Resumen Diario de Cartera,Vigente: 218 préstamos | Vencida: 361 préstamos,[object Object],database,,,0,2026-04-05 21:00:00,
370,INFO,📊 Resumen Diario de Cartera,Vigente: 218 préstamos | Vencida: 361 préstamos,[object Object],"console,websocket,database",,,0,2026-04-05 21:00:00,
371,INFO,📊 Resumen Diario de Cartera,Vigente: 218 préstamos | Vencida: 361 préstamos,[object Object],database,,,0,2026-04-05 22:00:00,
372,INFO,📊 Resumen Diario de Cartera,Vigente: 218 préstamos | Vencida: 361 préstamos,[object Object],"console,websocket,database",,,0,2026-04-05 22:00:00,
373,INFO,📊 Resumen Diario de Cartera,Vigente: 218 préstamos | Vencida: 361 préstamos,[object Object],database,,,0,2026-04-05 23:00:00,
374,INFO,📊 Resumen Diario de Cartera,Vigente: 218 préstamos | Vencida: 361 préstamos,[object Object],"console,websocket,database",,,0,2026-04-05 23:00:00,
375,INFO,📊 Resumen Diario de Cartera,Vigente: 218 préstamos | Vencida: 361 préstamos,[object Object],database,,,0,2026-04-06 00:00:01,
376,INFO,📊 Resumen Diario de Cartera,Vigente: 218 préstamos | Vencida: 361 préstamos,[object Object],"console,websocket,database",,,0,2026-04-06 00:00:01,
377,INFO,📊 Resumen Diario de Cartera,Vigente: 218 préstamos | Vencida: 361 préstamos,[object Object],database,,,0,2026-04-06 01:00:00,
378,INFO,📊 Resumen Diario de Cartera,Vigente: 218 préstamos | Vencida: 361 préstamos,[object Object],"console,websocket,database",,,0,2026-04-06 01:00:00,
379,INFO,✅ Proceso de Mora Completado,Proceso automático de mora ejecutado exitosamente en 383ms,[object Object],database,,,0,2026-04-06 02:00:00,
380,INFO,✅ Proceso de Mora Completado,Proceso automático de mora ejecutado exitosamente en 383ms,[object Object],"console,websocket,database",,,0,2026-04-06 02:00:00,
381,INFO,📊 Resumen Diario de Cartera,Vigente: 218 préstamos | Vencida: 361 préstamos,[object Object],database,,,0,2026-04-06 15:00:00,
382,INFO,📊 Resumen Diario de Cartera,Vigente: 218 préstamos | Vencida: 361 préstamos,[object Object],"console,websocket,database",,,0,2026-04-06 15:00:00,
383,INFO,📊 Resumen Diario de Cartera,Vigente: 218 préstamos | Vencida: 361 préstamos,[object Object],database,,,0,2026-04-06 16:00:01,
384,INFO,📊 Resumen Diario de Cartera,Vigente: 218 préstamos | Vencida: 361 préstamos,[object Object],"console,websocket,database",,,0,2026-04-06 16:00:01,
385,INFO,📊 Resumen Diario de Cartera,Vigente: 221 préstamos | Vencida: 357 préstamos,[object Object],database,,,0,2026-04-06 17:00:00,
386,INFO,📊 Resumen Diario de Cartera,Vigente: 221 préstamos | Vencida: 357 préstamos,[object Object],"console,websocket,database",,,0,2026-04-06 17:00:00,
387,INFO,📊 Resumen Diario de Cartera,Vigente: 231 préstamos | Vencida: 349 préstamos,[object Object],database,,,0,2026-04-06 18:00:00,
388,INFO,📊 Resumen Diario de Cartera,Vigente: 231 préstamos | Vencida: 349 préstamos,[object Object],"console,websocket,database",,,0,2026-04-06 18:00:00,
389,INFO,📊 Resumen Diario de Cartera,Vigente: 244 préstamos | Vencida: 336 préstamos,[object Object],database,,,0,2026-04-06 18:40:14,
390,INFO,📊 Resumen Diario de Cartera,Vigente: 244 préstamos | Vencida: 336 préstamos,[object Object],"console,websocket,database",,,0,2026-04-06 18:40:14,
391,INFO,✅ Proceso de Mora Completado,Proceso automático de mora ejecutado exitosamente en 99ms,[object Object],database,,,0,2026-04-06 18:40:14,
392,INFO,✅ Proceso de Mora Completado,Proceso automático de mora ejecutado exitosamente en 99ms,[object Object],"console,websocket,database",,,0,2026-04-06 18:40:14,
393,INFO,📊 Resumen Diario de Cartera,Vigente: 250 préstamos | Vencida: 330 préstamos,[object Object],database,,,0,2026-04-06 19:00:00,
394,INFO,📊 Resumen Diario de Cartera,Vigente: 250 préstamos | Vencida: 330 préstamos,[object Object],"console,websocket,database",,,0,2026-04-06 19:00:00,
395,INFO,📊 Resumen Diario de Cartera,Vigente: 250 préstamos | Vencida: 330 préstamos,[object Object],database,,,0,2026-04-06 20:00:01,
396,INFO,📊 Resumen Diario de Cartera,Vigente: 250 préstamos | Vencida: 330 préstamos,[object Object],"console,websocket,database",,,0,2026-04-06 20:00:01,
397,INFO,📊 Resumen Diario de Cartera,Vigente: 250 préstamos | Vencida: 330 préstamos,[object Object],database,,,0,2026-04-06 21:00:00,
398,INFO,📊 Resumen Diario de Cartera,Vigente: 250 préstamos | Vencida: 330 préstamos,[object Object],"console,websocket,database",,,0,2026-04-06 21:00:00,
399,INFO,📊 Resumen Diario de Cartera,Vigente: 250 préstamos | Vencida: 330 préstamos,[object Object],database,,,0,2026-04-06 22:00:00,
400,INFO,📊 Resumen Diario de Cartera,Vigente: 250 préstamos | Vencida: 330 préstamos,[object Object],"console,websocket,database",,,0,2026-04-06 22:00:00,
401,INFO,📊 Resumen Diario de Cartera,Vigente: 251 préstamos | Vencida: 329 préstamos,[object Object],database,,,0,2026-04-06 23:00:00,
402,INFO,📊 Resumen Diario de Cartera,Vigente: 251 préstamos | Vencida: 329 préstamos,[object Object],"console,websocket,database",,,0,2026-04-06 23:00:00,
403,INFO,📊 Resumen Diario de Cartera,Vigente: 241 préstamos | Vencida: 337 préstamos,[object Object],database,,,0,2026-04-07 00:00:00,
404,INFO,📊 Resumen Diario de Cartera,Vigente: 241 préstamos | Vencida: 337 préstamos,[object Object],"console,websocket,database",,,0,2026-04-07 00:00:00,
405,INFO,📊 Resumen Diario de Cartera,Vigente: 241 préstamos | Vencida: 337 préstamos,[object Object],database,,,0,2026-04-07 01:00:00,
406,INFO,📊 Resumen Diario de Cartera,Vigente: 241 préstamos | Vencida: 337 préstamos,[object Object],"console,websocket,database",,,0,2026-04-07 01:00:00,
407,INFO,✅ Proceso de Mora Completado,Proceso automático de mora ejecutado exitosamente en 343ms,[object Object],database,,,0,2026-04-07 02:00:00,
408,INFO,✅ Proceso de Mora Completado,Proceso automático de mora ejecutado exitosamente en 343ms,[object Object],"console,websocket,database",,,0,2026-04-07 02:00:00,
409,INFO,📊 Resumen Diario de Cartera,Vigente: 241 préstamos | Vencida: 337 préstamos,[object Object],database,,,0,2026-04-07 15:00:00,
410,INFO,📊 Resumen Diario de Cartera,Vigente: 241 préstamos | Vencida: 337 préstamos,[object Object],"console,websocket,database",,,0,2026-04-07 15:00:00,
411,INFO,📊 Resumen Diario de Cartera,Vigente: 242 préstamos | Vencida: 335 préstamos,[object Object],database,,,0,2026-04-07 16:00:00,
412,INFO,📊 Resumen Diario de Cartera,Vigente: 242 préstamos | Vencida: 335 préstamos,[object Object],"console,websocket,database",,,0,2026-04-07 16:00:00,
413,INFO,📊 Resumen Diario de Cartera,Vigente: 256 préstamos | Vencida: 322 préstamos,[object Object],database,,,0,2026-04-07 17:00:00,
414,INFO,📊 Resumen Diario de Cartera,Vigente: 256 préstamos | Vencida: 322 préstamos,[object Object],"console,websocket,database",,,0,2026-04-07 17:00:00,
415,INFO,📊 Resumen Diario de Cartera,Vigente: 280 préstamos | Vencida: 297 préstamos,[object Object],database,,,0,2026-04-07 18:00:00,
416,INFO,📊 Resumen Diario de Cartera,Vigente: 280 préstamos | Vencida: 297 préstamos,[object Object],"console,websocket,database",,,0,2026-04-07 18:00:00,
417,INFO,📊 Resumen Diario de Cartera,Vigente: 299 préstamos | Vencida: 279 préstamos,[object Object],database,,,0,2026-04-07 19:00:00,
418,INFO,📊 Resumen Diario de Cartera,Vigente: 299 préstamos | Vencida: 279 préstamos,[object Object],"console,websocket,database",,,0,2026-04-07 19:00:00,
419,INFO,📊 Resumen Diario de Cartera,Vigente: 301 préstamos | Vencida: 278 préstamos,[object Object],database,,,0,2026-04-07 20:00:00,
420,INFO,📊 Resumen Diario de Cartera,Vigente: 301 préstamos | Vencida: 278 préstamos,[object Object],"console,websocket,database",,,0,2026-04-07 20:00:00,
421,INFO,📊 Resumen Diario de Cartera,Vigente: 312 préstamos | Vencida: 264 préstamos,[object Object],database,,,0,2026-04-07 21:00:00,
422,INFO,📊 Resumen Diario de Cartera,Vigente: 312 préstamos | Vencida: 264 préstamos,[object Object],"console,websocket,database",,,0,2026-04-07 21:00:00,
423,INFO,📊 Resumen Diario de Cartera,Vigente: 314 préstamos | Vencida: 261 préstamos,[object Object],database,,,0,2026-04-07 22:00:00,
424,INFO,📊 Resumen Diario de Cartera,Vigente: 314 préstamos | Vencida: 261 préstamos,[object Object],"console,websocket,database",,,0,2026-04-07 22:00:00,
425,INFO,📊 Resumen Diario de Cartera,Vigente: 314 préstamos | Vencida: 261 préstamos,[object Object],database,,,0,2026-04-07 23:00:00,
426,INFO,📊 Resumen Diario de Cartera,Vigente: 314 préstamos | Vencida: 261 préstamos,[object Object],"console,websocket,database",,,0,2026-04-07 23:00:00,
427,INFO,📊 Resumen Diario de Cartera,Vigente: 311 préstamos | Vencida: 264 préstamos,[object Object],database,,,0,2026-04-08 00:00:00,
428,INFO,📊 Resumen Diario de Cartera,Vigente: 311 préstamos | Vencida: 264 préstamos,[object Object],"console,websocket,database",,,0,2026-04-08 00:00:00,
429,INFO,📊 Resumen Diario de Cartera,Vigente: 311 préstamos | Vencida: 264 préstamos,[object Object],database,,,0,2026-04-08 01:00:00,
430,INFO,📊 Resumen Diario de Cartera,Vigente: 311 préstamos | Vencida: 264 préstamos,[object Object],"console,websocket,database",,,0,2026-04-08 01:00:00,
431,INFO,✅ Proceso de Mora Completado,Proceso automático de mora ejecutado exitosamente en 319ms,[object Object],database,,,0,2026-04-08 02:00:00,
432,INFO,✅ Proceso de Mora Completado,Proceso automático de mora ejecutado exitosamente en 319ms,[object Object],"console,websocket,database",,,0,2026-04-08 02:00:00,
433,INFO,📊 Resumen Diario de Cartera,Vigente: 311 préstamos | Vencida: 265 préstamos,[object Object],database,,,0,2026-04-08 15:00:00,
434,INFO,📊 Resumen Diario de Cartera,Vigente: 311 préstamos | Vencida: 265 préstamos,[object Object],"console,websocket,database",,,0,2026-04-08 15:00:00,
435,INFO,📊 Resumen Diario de Cartera,Vigente: 314 préstamos | Vencida: 262 préstamos,[object Object],database,,,0,2026-04-08 15:19:27,
436,INFO,📊 Resumen Diario de Cartera,Vigente: 314 préstamos | Vencida: 262 préstamos,[object Object],"console,websocket,database",,,0,2026-04-08 15:19:27,
437,INFO,✅ Proceso de Mora Completado,Proceso automático de mora ejecutado exitosamente en 127ms,[object Object],database,,,0,2026-04-08 15:19:27,
438,INFO,✅ Proceso de Mora Completado,Proceso automático de mora ejecutado exitosamente en 127ms,[object Object],"console,websocket,database",,,0,2026-04-08 15:19:27,
439,INFO,📊 Resumen Diario de Cartera,Vigente: 320 préstamos | Vencida: 258 préstamos,[object Object],database,,,0,2026-04-08 16:00:01,
440,INFO,📊 Resumen Diario de Cartera,Vigente: 320 préstamos | Vencida: 258 préstamos,[object Object],"console,websocket,database",,,0,2026-04-08 16:00:01,
441,INFO,📊 Resumen Diario de Cartera,Vigente: 319 préstamos | Vencida: 258 préstamos,[object Object],database,,,0,2026-04-08 16:33:43,
442,INFO,📊 Resumen Diario de Cartera,Vigente: 319 préstamos | Vencida: 258 préstamos,[object Object],"console,websocket,database",,,0,2026-04-08 16:33:43,
443,INFO,✅ Proceso de Mora Completado,Proceso automático de mora ejecutado exitosamente en 101ms,[object Object],database,,,0,2026-04-08 16:33:44,
444,INFO,✅ Proceso de Mora Completado,Proceso automático de mora ejecutado exitosamente en 101ms,[object Object],"console,websocket,database",,,0,2026-04-08 16:33:44,
445,INFO,📊 Resumen Diario de Cartera,Vigente: 321 préstamos | Vencida: 258 préstamos,[object Object],database,,,0,2026-04-08 17:00:00,
446,INFO,📊 Resumen Diario de Cartera,Vigente: 321 préstamos | Vencida: 258 préstamos,[object Object],"console,websocket,database",,,0,2026-04-08 17:00:00,
447,INFO,📊 Resumen Diario de Cartera,Vigente: 337 préstamos | Vencida: 240 préstamos,[object Object],database,,,0,2026-04-08 18:00:00,
448,INFO,📊 Resumen Diario de Cartera,Vigente: 337 préstamos | Vencida: 240 préstamos,[object Object],"console,websocket,database",,,0,2026-04-08 18:00:00,
449,INFO,📊 Resumen Diario de Cartera,Vigente: 362 préstamos | Vencida: 214 préstamos,[object Object],database,,,0,2026-04-08 19:00:00,
450,INFO,📊 Resumen Diario de Cartera,Vigente: 362 préstamos | Vencida: 214 préstamos,[object Object],"console,websocket,database",,,0,2026-04-08 19:00:00,
451,INFO,📊 Resumen Diario de Cartera,Vigente: 373 préstamos | Vencida: 200 préstamos,[object Object],database,,,0,2026-04-08 20:00:00,
452,INFO,📊 Resumen Diario de Cartera,Vigente: 373 préstamos | Vencida: 200 préstamos,[object Object],"console,websocket,database",,,0,2026-04-08 20:00:00,
453,INFO,📊 Resumen Diario de Cartera,Vigente: 377 préstamos | Vencida: 200 préstamos,[object Object],database,,,0,2026-04-08 21:00:00,
454,INFO,📊 Resumen Diario de Cartera,Vigente: 377 préstamos | Vencida: 200 préstamos,[object Object],"console,websocket,database",,,0,2026-04-08 21:00:00,
455,INFO,📊 Resumen Diario de Cartera,Vigente: 377 préstamos | Vencida: 200 préstamos,[object Object],database,,,0,2026-04-08 22:00:00,
456,INFO,📊 Resumen Diario de Cartera,Vigente: 377 préstamos | Vencida: 200 préstamos,[object Object],"console,websocket,database",,,0,2026-04-08 22:00:00,
457,INFO,📊 Resumen Diario de Cartera,Vigente: 377 préstamos | Vencida: 200 préstamos,[object Object],database,,,0,2026-04-08 23:00:00,
458,INFO,📊 Resumen Diario de Cartera,Vigente: 377 préstamos | Vencida: 200 préstamos,[object Object],"console,websocket,database",,,0,2026-04-08 23:00:00,
459,INFO,📊 Resumen Diario de Cartera,Vigente: 374 préstamos | Vencida: 203 préstamos,[object Object],database,,,0,2026-04-09 00:00:01,
460,INFO,📊 Resumen Diario de Cartera,Vigente: 374 préstamos | Vencida: 203 préstamos,[object Object],"console,websocket,database",,,0,2026-04-09 00:00:01,
461,INFO,📊 Resumen Diario de Cartera,Vigente: 374 préstamos | Vencida: 203 préstamos,[object Object],database,,,0,2026-04-09 01:00:00,
462,INFO,📊 Resumen Diario de Cartera,Vigente: 374 préstamos | Vencida: 203 préstamos,[object Object],"console,websocket,database",,,0,2026-04-09 01:00:00,
463,INFO,✅ Proceso de Mora Completado,Proceso automático de mora ejecutado exitosamente en 471ms,[object Object],database,,,0,2026-04-09 02:00:00,
464,INFO,✅ Proceso de Mora Completado,Proceso automático de mora ejecutado exitosamente en 471ms,[object Object],"console,websocket,database",,,0,2026-04-09 02:00:00,
465,INFO,📊 Resumen Diario de Cartera,Vigente: 371 préstamos | Vencida: 206 préstamos,[object Object],database,,,0,2026-04-09 15:00:01,
466,INFO,📊 Resumen Diario de Cartera,Vigente: 371 préstamos | Vencida: 206 préstamos,[object Object],"console,websocket,database",,,0,2026-04-09 15:00:01,
467,INFO,📊 Resumen Diario de Cartera,Vigente: 370 préstamos | Vencida: 206 préstamos,[object Object],database,,,0,2026-04-09 16:00:01,
468,INFO,📊 Resumen Diario de Cartera,Vigente: 370 préstamos | Vencida: 206 préstamos,[object Object],"console,websocket,database",,,0,2026-04-09 16:00:01,
469,INFO,📊 Resumen Diario de Cartera,Vigente: 397 préstamos | Vencida: 176 préstamos,[object Object],database,,,0,2026-04-09 17:00:00,
470,INFO,📊 Resumen Diario de Cartera,Vigente: 397 préstamos | Vencida: 176 préstamos,[object Object],"console,websocket,database",,,0,2026-04-09 17:00:00,
471,INFO,📊 Resumen Diario de Cartera,Vigente: 430 préstamos | Vencida: 143 préstamos,[object Object],database,,,0,2026-04-09 18:00:00,
472,INFO,📊 Resumen Diario de Cartera,Vigente: 430 préstamos | Vencida: 143 préstamos,[object Object],"console,websocket,database",,,0,2026-04-09 18:00:00,
473,INFO,📊 Resumen Diario de Cartera,Vigente: 428 préstamos | Vencida: 143 préstamos,[object Object],database,,,0,2026-04-09 19:00:00,
474,INFO,📊 Resumen Diario de Cartera,Vigente: 428 préstamos | Vencida: 143 préstamos,[object Object],"console,websocket,database",,,0,2026-04-09 19:00:00,
475,INFO,📊 Resumen Diario de Cartera,Vigente: 424 préstamos | Vencida: 143 préstamos,[object Object],database,,,0,2026-04-09 20:00:01,
476,INFO,📊 Resumen Diario de Cartera,Vigente: 424 préstamos | Vencida: 143 préstamos,[object Object],"console,websocket,database",,,0,2026-04-09 20:00:01,
477,INFO,📊 Resumen Diario de Cartera,Vigente: 427 préstamos | Vencida: 143 préstamos,[object Object],database,,,0,2026-04-09 21:00:00,
478,INFO,📊 Resumen Diario de Cartera,Vigente: 427 préstamos | Vencida: 143 préstamos,[object Object],"console,websocket,database",,,0,2026-04-09 21:00:00,
479,INFO,📊 Resumen Diario de Cartera,Vigente: 427 préstamos | Vencida: 142 préstamos,[object Object],database,,,0,2026-04-09 22:00:01,
480,INFO,📊 Resumen Diario de Cartera,Vigente: 427 préstamos | Vencida: 142 préstamos,[object Object],"console,websocket,database",,,0,2026-04-09 22:00:01,
481,INFO,📊 Resumen Diario de Cartera,Vigente: 427 préstamos | Vencida: 142 préstamos,[object Object],database,,,0,2026-04-09 23:00:01,
482,INFO,📊 Resumen Diario de Cartera,Vigente: 427 préstamos | Vencida: 142 préstamos,[object Object],"console,websocket,database",,,0,2026-04-09 23:00:01,
483,INFO,📊 Resumen Diario de Cartera,Vigente: 418 préstamos | Vencida: 151 préstamos,[object Object],database,,,0,2026-04-10 00:00:00,
484,INFO,📊 Resumen Diario de Cartera,Vigente: 418 préstamos | Vencida: 151 préstamos,[object Object],"console,websocket,database",,,0,2026-04-10 00:00:00,
485,INFO,📊 Resumen Diario de Cartera,Vigente: 418 préstamos | Vencida: 151 préstamos,[object Object],database,,,0,2026-04-10 01:00:00,
486,INFO,📊 Resumen Diario de Cartera,Vigente: 418 préstamos | Vencida: 151 préstamos,[object Object],"console,websocket,database",,,0,2026-04-10 01:00:00,
487,INFO,✅ Proceso de Mora Completado,Proceso automático de mora ejecutado exitosamente en 1226ms,[object Object],database,,,0,2026-04-10 02:00:01,
488,INFO,✅ Proceso de Mora Completado,Proceso automático de mora ejecutado exitosamente en 1226ms,[object Object],"console,websocket,database",,,0,2026-04-10 02:00:01,
489,INFO,📊 Resumen Diario de Cartera,Vigente: 418 préstamos | Vencida: 151 préstamos,[object Object],database,,,0,2026-04-10 15:00:00,
490,INFO,📊 Resumen Diario de Cartera,Vigente: 418 préstamos | Vencida: 151 préstamos,[object Object],"console,websocket,database",,,0,2026-04-10 15:00:00,
491,INFO,📊 Resumen Diario de Cartera,Vigente: 417 préstamos | Vencida: 152 préstamos,[object Object],database,,,0,2026-04-10 16:00:00,
492,INFO,📊 Resumen Diario de Cartera,Vigente: 417 préstamos | Vencida: 152 préstamos,[object Object],"console,websocket,database",,,0,2026-04-10 16:00:00,
493,INFO,📊 Resumen Diario de Cartera,Vigente: 417 préstamos | Vencida: 152 préstamos,[object Object],database,,,0,2026-04-10 17:00:00,
494,INFO,📊 Resumen Diario de Cartera,Vigente: 417 préstamos | Vencida: 152 préstamos,[object Object],"console,websocket,database",,,0,2026-04-10 17:00:00,
495,INFO,📊 Resumen Diario de Cartera,Vigente: 417 préstamos | Vencida: 152 préstamos,[object Object],database,,,0,2026-04-10 18:00:00,
496,INFO,📊 Resumen Diario de Cartera,Vigente: 417 préstamos | Vencida: 152 préstamos,[object Object],"console,websocket,database",,,0,2026-04-10 18:00:00,
497,INFO,📊 Resumen Diario de Cartera,Vigente: 418 préstamos | Vencida: 152 préstamos,[object Object],database,,,0,2026-04-10 19:00:00,
498,INFO,📊 Resumen Diario de Cartera,Vigente: 418 préstamos | Vencida: 152 préstamos,[object Object],"console,websocket,database",,,0,2026-04-10 19:00:00,
499,INFO,📊 Resumen Diario de Cartera,Vigente: 418 préstamos | Vencida: 152 préstamos,[object Object],database,,,0,2026-04-10 20:00:00,
500,INFO,📊 Resumen Diario de Cartera,Vigente: 418 préstamos | Vencida: 152 préstamos,[object Object],"console,websocket,database",,,0,2026-04-10 20:00:00,
501,INFO,📊 Resumen Diario de Cartera,Vigente: 422 préstamos | Vencida: 151 préstamos,[object Object],database,,,0,2026-04-10 21:00:00,
502,INFO,📊 Resumen Diario de Cartera,Vigente: 422 préstamos | Vencida: 151 préstamos,[object Object],"console,websocket,database",,,0,2026-04-10 21:00:00,
503,INFO,📊 Resumen Diario de Cartera,Vigente: 422 préstamos | Vencida: 151 préstamos,[object Object],database,,,0,2026-04-10 22:00:00,
504,INFO,📊 Resumen Diario de Cartera,Vigente: 422 préstamos | Vencida: 151 préstamos,[object Object],"console,websocket,database",,,0,2026-04-10 22:00:00,
505,INFO,📊 Resumen Diario de Cartera,Vigente: 425 préstamos | Vencida: 150 préstamos,[object Object],database,,,0,2026-04-10 23:00:00,
506,INFO,📊 Resumen Diario de Cartera,Vigente: 425 préstamos | Vencida: 150 préstamos,[object Object],"console,websocket,database",,,0,2026-04-10 23:00:00,
507,INFO,📊 Resumen Diario de Cartera,Vigente: 422 préstamos | Vencida: 155 préstamos,[object Object],database,,,0,2026-04-11 00:00:00,
508,INFO,📊 Resumen Diario de Cartera,Vigente: 422 préstamos | Vencida: 155 préstamos,[object Object],"console,websocket,database",,,0,2026-04-11 00:00:00,
509,INFO,📊 Resumen Diario de Cartera,Vigente: 422 préstamos | Vencida: 155 préstamos,[object Object],database,,,0,2026-04-11 01:00:00,
510,INFO,📊 Resumen Diario de Cartera,Vigente: 422 préstamos | Vencida: 155 préstamos,[object Object],"console,websocket,database",,,0,2026-04-11 01:00:00,
511,INFO,✅ Proceso de Mora Completado,Proceso automático de mora ejecutado exitosamente en 304ms,[object Object],database,,,0,2026-04-11 02:00:00,
512,INFO,✅ Proceso de Mora Completado,Proceso automático de mora ejecutado exitosamente en 304ms,[object Object],"console,websocket,database",,,0,2026-04-11 02:00:00,
513,INFO,📊 Resumen Diario de Cartera,Vigente: 422 préstamos | Vencida: 155 préstamos,[object Object],database,,,0,2026-04-11 15:00:00,
514,INFO,📊 Resumen Diario de Cartera,Vigente: 422 préstamos | Vencida: 155 préstamos,[object Object],"console,websocket,database",,,0,2026-04-11 15:00:00,
515,INFO,📊 Resumen Diario de Cartera,Vigente: 422 préstamos | Vencida: 155 préstamos,[object Object],database,,,0,2026-04-11 16:00:00,
516,INFO,📊 Resumen Diario de Cartera,Vigente: 422 préstamos | Vencida: 155 préstamos,[object Object],"console,websocket,database",,,0,2026-04-11 16:00:00,
517,INFO,📊 Resumen Diario de Cartera,Vigente: 423 préstamos | Vencida: 155 préstamos,[object Object],database,,,0,2026-04-11 17:00:00,
518,INFO,📊 Resumen Diario de Cartera,Vigente: 423 préstamos | Vencida: 155 préstamos,[object Object],"console,websocket,database",,,0,2026-04-11 17:00:00,
519,INFO,📊 Resumen Diario de Cartera,Vigente: 423 préstamos | Vencida: 155 préstamos,[object Object],database,,,0,2026-04-11 18:00:00,
520,INFO,📊 Resumen Diario de Cartera,Vigente: 423 préstamos | Vencida: 155 préstamos,[object Object],"console,websocket,database",,,0,2026-04-11 18:00:00,
521,INFO,📊 Resumen Diario de Cartera,Vigente: 425 préstamos | Vencida: 155 préstamos,[object Object],database,,,0,2026-04-11 19:00:00,
522,INFO,📊 Resumen Diario de Cartera,Vigente: 425 préstamos | Vencida: 155 préstamos,[object Object],"console,websocket,database",,,0,2026-04-11 19:00:00,
523,INFO,📊 Resumen Diario de Cartera,Vigente: 425 préstamos | Vencida: 155 préstamos,[object Object],database,,,0,2026-04-11 20:00:00,
524,INFO,📊 Resumen Diario de Cartera,Vigente: 425 préstamos | Vencida: 155 préstamos,[object Object],"console,websocket,database",,,0,2026-04-11 20:00:00,
525,INFO,📊 Resumen Diario de Cartera,Vigente: 425 préstamos | Vencida: 155 préstamos,[object Object],database,,,0,2026-04-11 21:00:00,
526,INFO,📊 Resumen Diario de Cartera,Vigente: 425 préstamos | Vencida: 155 préstamos,[object Object],"console,websocket,database",,,0,2026-04-11 21:00:00,
527,INFO,📊 Resumen Diario de Cartera,Vigente: 425 préstamos | Vencida: 155 préstamos,[object Object],database,,,0,2026-04-11 22:00:00,
528,INFO,📊 Resumen Diario de Cartera,Vigente: 425 préstamos | Vencida: 155 préstamos,[object Object],"console,websocket,database",,,0,2026-04-11 22:00:00,
529,INFO,📊 Resumen Diario de Cartera,Vigente: 425 préstamos | Vencida: 155 préstamos,[object Object],database,,,0,2026-04-11 23:00:00,
530,INFO,📊 Resumen Diario de Cartera,Vigente: 425 préstamos | Vencida: 155 préstamos,[object Object],"console,websocket,database",,,0,2026-04-11 23:00:00,
531,INFO,📊 Resumen Diario de Cartera,Vigente: 423 préstamos | Vencida: 157 préstamos,[object Object],database,,,0,2026-04-12 00:00:00,
532,INFO,📊 Resumen Diario de Cartera,Vigente: 423 préstamos | Vencida: 157 préstamos,[object Object],"console,websocket,database",,,0,2026-04-12 00:00:00,
533,INFO,📊 Resumen Diario de Cartera,Vigente: 423 préstamos | Vencida: 157 préstamos,[object Object],database,,,0,2026-04-12 01:00:00,
534,INFO,📊 Resumen Diario de Cartera,Vigente: 423 préstamos | Vencida: 157 préstamos,[object Object],"console,websocket,database",,,0,2026-04-12 01:00:00,
535,INFO,✅ Proceso de Mora Completado,Proceso automático de mora ejecutado exitosamente en 383ms,[object Object],database,,,0,2026-04-12 02:00:00,
536,INFO,✅ Proceso de Mora Completado,Proceso automático de mora ejecutado exitosamente en 383ms,[object Object],"console,websocket,database",,,0,2026-04-12 02:00:00,
537,INFO,📊 Resumen Diario de Cartera,Vigente: 423 préstamos | Vencida: 157 préstamos,[object Object],database,,,0,2026-04-12 15:00:01,
538,INFO,📊 Resumen Diario de Cartera,Vigente: 423 préstamos | Vencida: 157 préstamos,[object Object],"console,websocket,database",,,0,2026-04-12 15:00:01,
539,INFO,📊 Resumen Diario de Cartera,Vigente: 423 préstamos | Vencida: 157 préstamos,[object Object],database,,,0,2026-04-12 16:00:00,
540,INFO,📊 Resumen Diario de Cartera,Vigente: 423 préstamos | Vencida: 157 préstamos,[object Object],"console,websocket,database",,,0,2026-04-12 16:00:00,
541,INFO,📊 Resumen Diario de Cartera,Vigente: 423 préstamos | Vencida: 157 préstamos,[object Object],database,,,0,2026-04-12 17:00:00,
542,INFO,📊 Resumen Diario de Cartera,Vigente: 423 préstamos | Vencida: 157 préstamos,[object Object],"console,websocket,database",,,0,2026-04-12 17:00:00,
543,INFO,📊 Resumen Diario de Cartera,Vigente: 423 préstamos | Vencida: 157 préstamos,[object Object],database,,,0,2026-04-12 18:00:00,
544,INFO,📊 Resumen Diario de Cartera,Vigente: 423 préstamos | Vencida: 157 préstamos,[object Object],"console,websocket,database",,,0,2026-04-12 18:00:00,
545,INFO,📊 Resumen Diario de Cartera,Vigente: 423 préstamos | Vencida: 157 préstamos,[object Object],database,,,0,2026-04-12 19:00:00,
546,INFO,📊 Resumen Diario de Cartera,Vigente: 423 préstamos | Vencida: 157 préstamos,[object Object],"console,websocket,database",,,0,2026-04-12 19:00:00,
547,INFO,📊 Resumen Diario de Cartera,Vigente: 423 préstamos | Vencida: 157 préstamos,[object Object],database,,,0,2026-04-12 20:00:00,
548,INFO,📊 Resumen Diario de Cartera,Vigente: 423 préstamos | Vencida: 157 préstamos,[object Object],"console,websocket,database",,,0,2026-04-12 20:00:00,
549,INFO,📊 Resumen Diario de Cartera,Vigente: 423 préstamos | Vencida: 157 préstamos,[object Object],database,,,0,2026-04-12 21:00:00,
550,INFO,📊 Resumen Diario de Cartera,Vigente: 423 préstamos | Vencida: 157 préstamos,[object Object],"console,websocket,database",,,0,2026-04-12 21:00:00,
551,INFO,📊 Resumen Diario de Cartera,Vigente: 423 préstamos | Vencida: 157 préstamos,[object Object],database,,,0,2026-04-12 22:00:01,
552,INFO,📊 Resumen Diario de Cartera,Vigente: 423 préstamos | Vencida: 157 préstamos,[object Object],"console,websocket,database",,,0,2026-04-12 22:00:01,
553,INFO,📊 Resumen Diario de Cartera,Vigente: 423 préstamos | Vencida: 157 préstamos,[object Object],database,,,0,2026-04-12 23:00:00,
554,INFO,📊 Resumen Diario de Cartera,Vigente: 423 préstamos | Vencida: 157 préstamos,[object Object],"console,websocket,database",,,0,2026-04-12 23:00:01,
555,INFO,📊 Resumen Diario de Cartera,Vigente: 423 préstamos | Vencida: 157 préstamos,[object Object],database,,,0,2026-04-13 00:00:01,
556,INFO,📊 Resumen Diario de Cartera,Vigente: 423 préstamos | Vencida: 157 préstamos,[object Object],"console,websocket,database",,,0,2026-04-13 00:00:01,
557,INFO,📊 Resumen Diario de Cartera,Vigente: 423 préstamos | Vencida: 157 préstamos,[object Object],database,,,0,2026-04-13 01:00:00,
558,INFO,📊 Resumen Diario de Cartera,Vigente: 423 préstamos | Vencida: 157 préstamos,[object Object],"console,websocket,database",,,0,2026-04-13 01:00:00,
559,INFO,✅ Proceso de Mora Completado,Proceso automático de mora ejecutado exitosamente en 508ms,[object Object],database,,,0,2026-04-13 02:00:00,
560,INFO,✅ Proceso de Mora Completado,Proceso automático de mora ejecutado exitosamente en 508ms,[object Object],"console,websocket,database",,,0,2026-04-13 02:00:00,
561,INFO,📊 Resumen Diario de Cartera,Vigente: 423 préstamos | Vencida: 157 préstamos,[object Object],database,,,0,2026-04-13 15:00:00,
562,INFO,📊 Resumen Diario de Cartera,Vigente: 423 préstamos | Vencida: 157 préstamos,[object Object],"console,websocket,database",,,0,2026-04-13 15:00:00,
563,INFO,📊 Resumen Diario de Cartera,Vigente: 423 préstamos | Vencida: 157 préstamos,[object Object],database,,,0,2026-04-13 16:00:01,
564,INFO,📊 Resumen Diario de Cartera,Vigente: 423 préstamos | Vencida: 157 préstamos,[object Object],"console,websocket,database",,,0,2026-04-13 16:00:01,
565,INFO,📊 Resumen Diario de Cartera,Vigente: 423 préstamos | Vencida: 157 préstamos,[object Object],database,,,0,2026-04-13 16:43:52,
566,INFO,📊 Resumen Diario de Cartera,Vigente: 423 préstamos | Vencida: 157 préstamos,[object Object],"console,websocket,database",,,0,2026-04-13 16:43:52,
567,INFO,✅ Proceso de Mora Completado,Proceso automático de mora ejecutado exitosamente en 71ms,[object Object],database,,,0,2026-04-13 16:43:52,
568,INFO,✅ Proceso de Mora Completado,Proceso automático de mora ejecutado exitosamente en 71ms,[object Object],"console,websocket,database",,,0,2026-04-13 16:43:52,
569,INFO,📊 Resumen Diario de Cartera,Vigente: 423 préstamos | Vencida: 157 préstamos,[object Object],database,,,0,2026-04-13 17:00:00,
570,INFO,📊 Resumen Diario de Cartera,Vigente: 423 préstamos | Vencida: 157 préstamos,[object Object],"console,websocket,database",,,0,2026-04-13 17:00:00,
571,INFO,📊 Resumen Diario de Cartera,Vigente: 423 préstamos | Vencida: 157 préstamos,[object Object],database,,,0,2026-04-13 18:00:00,
572,INFO,📊 Resumen Diario de Cartera,Vigente: 423 préstamos | Vencida: 157 préstamos,[object Object],"console,websocket,database",,,0,2026-04-13 18:00:00,
573,INFO,📊 Resumen Diario de Cartera,Vigente: 423 préstamos | Vencida: 157 préstamos,[object Object],database,,,0,2026-04-13 19:00:01,
574,INFO,📊 Resumen Diario de Cartera,Vigente: 423 préstamos | Vencida: 157 préstamos,[object Object],"console,websocket,database",,,0,2026-04-13 19:00:01,
575,INFO,📊 Resumen Diario de Cartera,Vigente: 423 préstamos | Vencida: 157 préstamos,[object Object],database,,,0,2026-04-13 20:00:01,
576,INFO,📊 Resumen Diario de Cartera,Vigente: 423 préstamos | Vencida: 157 préstamos,[object Object],"console,websocket,database",,,0,2026-04-13 20:00:01,
577,INFO,📊 Resumen Diario de Cartera,Vigente: 423 préstamos | Vencida: 157 préstamos,[object Object],database,,,0,2026-04-13 21:00:01,
578,INFO,📊 Resumen Diario de Cartera,Vigente: 423 préstamos | Vencida: 157 préstamos,[object Object],"console,websocket,database",,,0,2026-04-13 21:00:01,
579,INFO,📊 Resumen Diario de Cartera,Vigente: 425 préstamos | Vencida: 155 préstamos,[object Object],database,,,0,2026-04-13 22:00:00,
580,INFO,📊 Resumen Diario de Cartera,Vigente: 425 préstamos | Vencida: 155 préstamos,[object Object],"console,websocket,database",,,0,2026-04-13 22:00:00,
581,INFO,📊 Resumen Diario de Cartera,Vigente: 425 préstamos | Vencida: 152 préstamos,[object Object],database,,,0,2026-04-13 23:00:01,
582,INFO,📊 Resumen Diario de Cartera,Vigente: 425 préstamos | Vencida: 152 préstamos,[object Object],"console,websocket,database",,,0,2026-04-13 23:00:01,
583,INFO,📊 Resumen Diario de Cartera,Vigente: 430 préstamos | Vencida: 147 préstamos,[object Object],database,,,0,2026-04-14 00:00:00,
584,INFO,📊 Resumen Diario de Cartera,Vigente: 430 préstamos | Vencida: 147 préstamos,[object Object],"console,websocket,database",,,0,2026-04-14 00:00:00,
585,INFO,📊 Resumen Diario de Cartera,Vigente: 430 préstamos | Vencida: 147 préstamos,[object Object],database,,,0,2026-04-14 01:00:01,
586,INFO,📊 Resumen Diario de Cartera,Vigente: 430 préstamos | Vencida: 147 préstamos,[object Object],"console,websocket,database",,,0,2026-04-14 01:00:01,
587,INFO,✅ Proceso de Mora Completado,Proceso automático de mora ejecutado exitosamente en 472ms,[object Object],database,,,0,2026-04-14 02:00:00,
588,INFO,✅ Proceso de Mora Completado,Proceso automático de mora ejecutado exitosamente en 472ms,[object Object],"console,websocket,database",,,0,2026-04-14 02:00:00,
589,INFO,📊 Resumen Diario de Cartera,Vigente: 430 préstamos | Vencida: 147 préstamos,[object Object],database,,,0,2026-04-14 15:00:01,
590,INFO,📊 Resumen Diario de Cartera,Vigente: 430 préstamos | Vencida: 147 préstamos,[object Object],"console,websocket,database",,,0,2026-04-14 15:00:01,
591,INFO,📊 Resumen Diario de Cartera,Vigente: 430 préstamos | Vencida: 147 préstamos,[object Object],database,,,0,2026-04-14 16:00:00,
592,INFO,📊 Resumen Diario de Cartera,Vigente: 430 préstamos | Vencida: 147 préstamos,[object Object],"console,websocket,database",,,0,2026-04-14 16:00:00,
593,INFO,📊 Resumen Diario de Cartera,Vigente: 442 préstamos | Vencida: 135 préstamos,[object Object],database,,,0,2026-04-14 17:00:01,
594,INFO,📊 Resumen Diario de Cartera,Vigente: 442 préstamos | Vencida: 135 préstamos,[object Object],"console,websocket,database",,,0,2026-04-14 17:00:01,
595,INFO,📊 Resumen Diario de Cartera,Vigente: 472 préstamos | Vencida: 101 préstamos,[object Object],database,,,0,2026-04-14 18:00:00,
596,INFO,📊 Resumen Diario de Cartera,Vigente: 472 préstamos | Vencida: 101 préstamos,[object Object],"console,websocket,database",,,0,2026-04-14 18:00:00,
597,INFO,📊 Resumen Diario de Cartera,Vigente: 502 préstamos | Vencida: 71 préstamos,[object Object],database,,,0,2026-04-14 19:00:00,
598,INFO,📊 Resumen Diario de Cartera,Vigente: 502 préstamos | Vencida: 71 préstamos,[object Object],"console,websocket,database",,,0,2026-04-14 19:00:00,
599,INFO,📊 Resumen Diario de Cartera,Vigente: 534 préstamos | Vencida: 37 préstamos,[object Object],database,,,0,2026-04-14 20:00:00,
600,INFO,📊 Resumen Diario de Cartera,Vigente: 534 préstamos | Vencida: 37 préstamos,[object Object],"console,websocket,database",,,0,2026-04-14 20:00:00,
601,INFO,📊 Resumen Diario de Cartera,Vigente: 534 préstamos | Vencida: 37 préstamos,[object Object],database,,,0,2026-04-14 21:00:00,
602,INFO,📊 Resumen Diario de Cartera,Vigente: 534 préstamos | Vencida: 37 préstamos,[object Object],"console,websocket,database",,,0,2026-04-14 21:00:00,
603,INFO,📊 Resumen Diario de Cartera,Vigente: 535 préstamos | Vencida: 37 préstamos,[object Object],database,,,0,2026-04-14 22:00:00,
604,INFO,📊 Resumen Diario de Cartera,Vigente: 535 préstamos | Vencida: 37 préstamos,[object Object],"console,websocket,database",,,0,2026-04-14 22:00:00,
605,INFO,📊 Resumen Diario de Cartera,Vigente: 535 préstamos | Vencida: 37 préstamos,[object Object],database,,,0,2026-04-14 23:00:00,
606,INFO,📊 Resumen Diario de Cartera,Vigente: 535 préstamos | Vencida: 37 préstamos,[object Object],"console,websocket,database",,,0,2026-04-14 23:00:00,
607,INFO,📊 Resumen Diario de Cartera,Vigente: 535 préstamos | Vencida: 37 préstamos,[object Object],database,,,0,2026-04-15 00:00:01,
608,INFO,📊 Resumen Diario de Cartera,Vigente: 535 préstamos | Vencida: 37 préstamos,[object Object],"console,websocket,database",,,0,2026-04-15 00:00:01,
609,INFO,📊 Resumen Diario de Cartera,Vigente: 535 préstamos | Vencida: 37 préstamos,[object Object],database,,,0,2026-04-15 01:00:00,
610,INFO,📊 Resumen Diario de Cartera,Vigente: 535 préstamos | Vencida: 37 préstamos,[object Object],"console,websocket,database",,,0,2026-04-15 01:00:00,
611,INFO,✅ Proceso de Mora Completado,Proceso automático de mora ejecutado exitosamente en 864ms,[object Object],database,,,0,2026-04-15 02:00:00,
612,INFO,✅ Proceso de Mora Completado,Proceso automático de mora ejecutado exitosamente en 864ms,[object Object],"console,websocket,database",,,0,2026-04-15 02:00:00,
613,INFO,📊 Resumen Diario de Cartera,Vigente: 534 préstamos | Vencida: 38 préstamos,[object Object],database,,,0,2026-04-15 15:00:01,
614,INFO,📊 Resumen Diario de Cartera,Vigente: 534 préstamos | Vencida: 38 préstamos,[object Object],"console,websocket,database",,,0,2026-04-15 15:00:01,
615,INFO,📊 Resumen Diario de Cartera,Vigente: 534 préstamos | Vencida: 38 préstamos,[object Object],database,,,0,2026-04-15 16:00:00,
616,INFO,📊 Resumen Diario de Cartera,Vigente: 534 préstamos | Vencida: 38 préstamos,[object Object],"console,websocket,database",,,0,2026-04-15 16:00:00,
617,INFO,📊 Resumen Diario de Cartera,Vigente: 535 préstamos | Vencida: 37 préstamos,[object Object],database,,,0,2026-04-15 17:00:01,
618,INFO,📊 Resumen Diario de Cartera,Vigente: 535 préstamos | Vencida: 37 préstamos,[object Object],"console,websocket,database",,,0,2026-04-15 17:00:01,
619,INFO,📊 Resumen Diario de Cartera,Vigente: 535 préstamos | Vencida: 37 préstamos,[object Object],database,,,0,2026-04-15 18:00:01,
620,INFO,📊 Resumen Diario de Cartera,Vigente: 535 préstamos | Vencida: 37 préstamos,[object Object],"console,websocket,database",,,0,2026-04-15 18:00:01,
621,INFO,📊 Resumen Diario de Cartera,Vigente: 542 préstamos | Vencida: 30 préstamos,[object Object],database,,,0,2026-04-15 19:00:00,
622,INFO,📊 Resumen Diario de Cartera,Vigente: 542 préstamos | Vencida: 30 préstamos,[object Object],"console,websocket,database",,,0,2026-04-15 19:00:00,
623,INFO,📊 Resumen Diario de Cartera,Vigente: 547 préstamos | Vencida: 25 préstamos,[object Object],database,,,0,2026-04-15 20:00:00,
624,INFO,📊 Resumen Diario de Cartera,Vigente: 547 préstamos | Vencida: 25 préstamos,[object Object],"console,websocket,database",,,0,2026-04-15 20:00:00,
625,INFO,📊 Resumen Diario de Cartera,Vigente: 550 préstamos | Vencida: 24 préstamos,[object Object],database,,,0,2026-04-15 21:00:01,
626,INFO,📊 Resumen Diario de Cartera,Vigente: 550 préstamos | Vencida: 24 préstamos,[object Object],"console,websocket,database",,,0,2026-04-15 21:00:01,
627,INFO,📊 Resumen Diario de Cartera,Vigente: 552 préstamos | Vencida: 24 préstamos,[object Object],database,,,0,2026-04-15 22:00:00,
628,INFO,📊 Resumen Diario de Cartera,Vigente: 552 préstamos | Vencida: 24 préstamos,[object Object],"console,websocket,database",,,0,2026-04-15 22:00:00,
629,INFO,📊 Resumen Diario de Cartera,Vigente: 552 préstamos | Vencida: 24 préstamos,[object Object],database,,,0,2026-04-15 23:00:01,
630,INFO,📊 Resumen Diario de Cartera,Vigente: 552 préstamos | Vencida: 24 préstamos,[object Object],"console,websocket,database",,,0,2026-04-15 23:00:01,
631,INFO,📊 Resumen Diario de Cartera,Vigente: 552 préstamos | Vencida: 24 préstamos,[object Object],database,,,0,2026-04-16 00:00:01,
632,INFO,📊 Resumen Diario de Cartera,Vigente: 552 préstamos | Vencida: 24 préstamos,[object Object],"console,websocket,database",,,0,2026-04-16 00:00:01,
633,INFO,📊 Resumen Diario de Cartera,Vigente: 552 préstamos | Vencida: 24 préstamos,[object Object],database,,,0,2026-04-16 01:00:00,
634,INFO,📊 Resumen Diario de Cartera,Vigente: 552 préstamos | Vencida: 24 préstamos,[object Object],"console,websocket,database",,,0,2026-04-16 01:00:00,
635,INFO,✅ Proceso de Mora Completado,Proceso automático de mora ejecutado exitosamente en 531ms,[object Object],database,,,0,2026-04-16 02:00:00,
636,INFO,✅ Proceso de Mora Completado,Proceso automático de mora ejecutado exitosamente en 531ms,[object Object],"console,websocket,database",,,0,2026-04-16 02:00:00,
637,INFO,📊 Resumen Diario de Cartera,Vigente: 552 préstamos | Vencida: 23 préstamos,[object Object],database,,,0,2026-04-16 15:00:01,
638,INFO,📊 Resumen Diario de Cartera,Vigente: 552 préstamos | Vencida: 23 préstamos,[object Object],"console,websocket,database",,,0,2026-04-16 15:00:01,
639,INFO,📊 Resumen Diario de Cartera,Vigente: 552 préstamos | Vencida: 23 préstamos,[object Object],database,,,0,2026-04-16 16:00:00,
640,INFO,📊 Resumen Diario de Cartera,Vigente: 552 préstamos | Vencida: 23 préstamos,[object Object],"console,websocket,database",,,0,2026-04-16 16:00:00,
641,INFO,📊 Resumen Diario de Cartera,Vigente: 552 préstamos | Vencida: 23 préstamos,[object Object],database,,,0,2026-04-16 17:00:01,
642,INFO,📊 Resumen Diario de Cartera,Vigente: 552 préstamos | Vencida: 23 préstamos,[object Object],"console,websocket,database",,,0,2026-04-16 17:00:01,
643,INFO,📊 Resumen Diario de Cartera,Vigente: 552 préstamos | Vencida: 23 préstamos,[object Object],database,,,0,2026-04-16 18:00:01,
644,INFO,📊 Resumen Diario de Cartera,Vigente: 552 préstamos | Vencida: 23 préstamos,[object Object],"console,websocket,database",,,0,2026-04-16 18:00:01,
645,INFO,📊 Resumen Diario de Cartera,Vigente: 555 préstamos | Vencida: 22 préstamos,[object Object],database,,,0,2026-04-16 19:00:00,
646,INFO,📊 Resumen Diario de Cartera,Vigente: 555 préstamos | Vencida: 22 préstamos,[object Object],"console,websocket,database",,,0,2026-04-16 19:00:00,
647,INFO,📊 Resumen Diario de Cartera,Vigente: 555 préstamos | Vencida: 22 préstamos,[object Object],database,,,0,2026-04-16 20:00:01,
648,INFO,📊 Resumen Diario de Cartera,Vigente: 555 préstamos | Vencida: 22 préstamos,[object Object],"console,websocket,database",,,0,2026-04-16 20:00:01,
649,INFO,📊 Resumen Diario de Cartera,Vigente: 555 préstamos | Vencida: 22 préstamos,[object Object],database,,,0,2026-04-16 21:00:01,
650,INFO,📊 Resumen Diario de Cartera,Vigente: 555 préstamos | Vencida: 22 préstamos,[object Object],"console,websocket,database",,,0,2026-04-16 21:00:01,
651,INFO,📊 Resumen Diario de Cartera,Vigente: 555 préstamos | Vencida: 22 préstamos,[object Object],database,,,0,2026-04-16 22:00:01,
652,INFO,📊 Resumen Diario de Cartera,Vigente: 555 préstamos | Vencida: 22 préstamos,[object Object],"console,websocket,database",,,0,2026-04-16 22:00:01,
653,INFO,📊 Resumen Diario de Cartera,Vigente: 555 préstamos | Vencida: 22 préstamos,[object Object],database,,,0,2026-04-16 23:00:01,
654,INFO,📊 Resumen Diario de Cartera,Vigente: 555 préstamos | Vencida: 22 préstamos,[object Object],"console,websocket,database",,,0,2026-04-16 23:00:01,
655,INFO,📊 Resumen Diario de Cartera,Vigente: 555 préstamos | Vencida: 22 préstamos,[object Object],database,,,0,2026-04-17 00:00:01,
656,INFO,📊 Resumen Diario de Cartera,Vigente: 555 préstamos | Vencida: 22 préstamos,[object Object],"console,websocket,database",,,0,2026-04-17 00:00:01,
657,INFO,📊 Resumen Diario de Cartera,Vigente: 555 préstamos | Vencida: 22 préstamos,[object Object],database,,,0,2026-04-17 01:00:00,
658,INFO,📊 Resumen Diario de Cartera,Vigente: 555 préstamos | Vencida: 22 préstamos,[object Object],"console,websocket,database",,,0,2026-04-17 01:00:00,
659,INFO,✅ Proceso de Mora Completado,Proceso automático de mora ejecutado exitosamente en 914ms,[object Object],database,,,0,2026-04-17 02:00:00,
660,INFO,✅ Proceso de Mora Completado,Proceso automático de mora ejecutado exitosamente en 914ms,[object Object],"console,websocket,database",,,0,2026-04-17 02:00:00,
661,INFO,📊 Resumen Diario de Cartera,Vigente: 555 préstamos | Vencida: 22 préstamos,[object Object],database,,,0,2026-04-17 13:58:45,
662,INFO,📊 Resumen Diario de Cartera,Vigente: 555 préstamos | Vencida: 22 préstamos,[object Object],"console,websocket,database",,,0,2026-04-17 13:58:45,
663,INFO,✅ Proceso de Mora Completado,Proceso automático de mora ejecutado exitosamente en 81ms,[object Object],database,,,0,2026-04-17 13:58:46,
664,INFO,✅ Proceso de Mora Completado,Proceso automático de mora ejecutado exitosamente en 81ms,[object Object],"console,websocket,database",,,0,2026-04-17 13:58:46,
665,INFO,📊 Resumen Diario de Cartera,Vigente: 555 préstamos | Vencida: 22 préstamos,[object Object],database,,,0,2026-04-17 15:00:01,
666,INFO,📊 Resumen Diario de Cartera,Vigente: 555 préstamos | Vencida: 22 préstamos,[object Object],"console,websocket,database",,,0,2026-04-17 15:00:01,
667,INFO,📊 Resumen Diario de Cartera,Vigente: 555 préstamos | Vencida: 22 préstamos,[object Object],database,,,0,2026-04-17 16:00:01,
668,INFO,📊 Resumen Diario de Cartera,Vigente: 555 préstamos | Vencida: 22 préstamos,[object Object],"console,websocket,database",,,0,2026-04-17 16:00:01,
669,INFO,📊 Resumen Diario de Cartera,Vigente: 555 préstamos | Vencida: 22 préstamos,[object Object],database,,,0,2026-04-17 16:56:39,
670,INFO,📊 Resumen Diario de Cartera,Vigente: 555 préstamos | Vencida: 22 préstamos,[object Object],"console,websocket,database",,,0,2026-04-17 16:56:39,
671,INFO,✅ Proceso de Mora Completado,Proceso automático de mora ejecutado exitosamente en 144ms,[object Object],database,,,0,2026-04-17 16:56:39,
672,INFO,✅ Proceso de Mora Completado,Proceso automático de mora ejecutado exitosamente en 144ms,[object Object],"console,websocket,database",,,0,2026-04-17 16:56:39,
673,INFO,📊 Resumen Diario de Cartera,Vigente: 555 préstamos | Vencida: 22 préstamos,[object Object],database,,,0,2026-04-17 17:00:00,
674,INFO,📊 Resumen Diario de Cartera,Vigente: 555 préstamos | Vencida: 22 préstamos,[object Object],"console,websocket,database",,,0,2026-04-17 17:00:00,
675,INFO,📊 Resumen Diario de Cartera,Vigente: 554 préstamos | Vencida: 21 préstamos,[object Object],database,,,0,2026-04-17 17:39:30,
676,INFO,📊 Resumen Diario de Cartera,Vigente: 554 préstamos | Vencida: 21 préstamos,[object Object],"console,websocket,database",,,0,2026-04-17 17:39:30,
677,INFO,✅ Proceso de Mora Completado,Proceso automático de mora ejecutado exitosamente en 77ms,[object Object],database,,,0,2026-04-17 17:39:30,
678,INFO,✅ Proceso de Mora Completado,Proceso automático de mora ejecutado exitosamente en 77ms,[object Object],"console,websocket,database",,,0,2026-04-17 17:39:30,
679,INFO,📊 Resumen Diario de Cartera,Vigente: 554 préstamos | Vencida: 21 préstamos,[object Object],database,,,0,2026-04-17 17:42:35,
680,INFO,📊 Resumen Diario de Cartera,Vigente: 554 préstamos | Vencida: 21 préstamos,[object Object],"console,websocket,database",,,0,2026-04-17 17:42:35,
681,INFO,✅ Proceso de Mora Completado,Proceso automático de mora ejecutado exitosamente en 70ms,[object Object],database,,,0,2026-04-17 17:42:35,
682,INFO,✅ Proceso de Mora Completado,Proceso automático de mora ejecutado exitosamente en 70ms,[object Object],"console,websocket,database",,,0,2026-04-17 17:42:35,
683,INFO,📊 Resumen Diario de Cartera,Vigente: 555 préstamos | Vencida: 21 préstamos,[object Object],database,,,0,2026-04-17 17:44:16,
684,INFO,📊 Resumen Diario de Cartera,Vigente: 555 préstamos | Vencida: 21 préstamos,[object Object],"console,websocket,database",,,0,2026-04-17 17:44:16,
685,INFO,✅ Proceso de Mora Completado,Proceso automático de mora ejecutado exitosamente en 67ms,[object Object],database,,,0,2026-04-17 17:44:16,
686,INFO,✅ Proceso de Mora Completado,Proceso automático de mora ejecutado exitosamente en 67ms,[object Object],"console,websocket,database",,,0,2026-04-17 17:44:16,
687,INFO,📊 Resumen Diario de Cartera,Vigente: 555 préstamos | Vencida: 21 préstamos,[object Object],database,,,0,2026-04-17 18:00:01,
688,INFO,📊 Resumen Diario de Cartera,Vigente: 555 préstamos | Vencida: 21 préstamos,[object Object],"console,websocket,database",,,0,2026-04-17 18:00:01,
689,INFO,📊 Resumen Diario de Cartera,Vigente: 555 préstamos | Vencida: 21 préstamos,[object Object],database,,,0,2026-04-17 18:40:12,
690,INFO,📊 Resumen Diario de Cartera,Vigente: 555 préstamos | Vencida: 21 préstamos,[object Object],"console,websocket,database",,,0,2026-04-17 18:40:12,
691,INFO,✅ Proceso de Mora Completado,Proceso automático de mora ejecutado exitosamente en 98ms,[object Object],database,,,0,2026-04-17 18:40:13,
692,INFO,✅ Proceso de Mora Completado,Proceso automático de mora ejecutado exitosamente en 98ms,[object Object],"console,websocket,database",,,0,2026-04-17 18:40:13,
693,INFO,📊 Resumen Diario de Cartera,Vigente: 556 préstamos | Vencida: 21 préstamos,[object Object],database,,,0,2026-04-17 18:55:38,
694,INFO,📊 Resumen Diario de Cartera,Vigente: 556 préstamos | Vencida: 21 préstamos,[object Object],"console,websocket,database",,,0,2026-04-17 18:55:38,
695,INFO,✅ Proceso de Mora Completado,Proceso automático de mora ejecutado exitosamente en 89ms,[object Object],database,,,0,2026-04-17 18:55:38,
696,INFO,✅ Proceso de Mora Completado,Proceso automático de mora ejecutado exitosamente en 89ms,[object Object],"console,websocket,database",,,0,2026-04-17 18:55:38,
697,INFO,📊 Resumen Diario de Cartera,Vigente: 556 préstamos | Vencida: 21 préstamos,[object Object],database,,,0,2026-04-17 19:00:01,
698,INFO,📊 Resumen Diario de Cartera,Vigente: 556 préstamos | Vencida: 21 préstamos,[object Object],"console,websocket,database",,,0,2026-04-17 19:00:01,
699,INFO,📊 Resumen Diario de Cartera,Vigente: 558 préstamos | Vencida: 21 préstamos,[object Object],database,,,0,2026-04-17 20:00:01,
700,INFO,📊 Resumen Diario de Cartera,Vigente: 558 préstamos | Vencida: 21 préstamos,[object Object],"console,websocket,database",,,0,2026-04-17 20:00:01,
701,INFO,📊 Resumen Diario de Cartera,Vigente: 558 préstamos | Vencida: 21 préstamos,[object Object],database,,,0,2026-04-17 21:00:01,
702,INFO,📊 Resumen Diario de Cartera,Vigente: 558 préstamos | Vencida: 21 préstamos,[object Object],"console,websocket,database",,,0,2026-04-17 21:00:01,
703,INFO,📊 Resumen Diario de Cartera,Vigente: 558 préstamos | Vencida: 21 préstamos,[object Object],database,,,0,2026-04-17 22:00:01,
704,INFO,📊 Resumen Diario de Cartera,Vigente: 558 préstamos | Vencida: 21 préstamos,[object Object],"console,websocket,database",,,0,2026-04-17 22:00:01,
705,INFO,📊 Resumen Diario de Cartera,Vigente: 563 préstamos | Vencida: 21 préstamos,[object Object],database,,,0,2026-04-17 23:00:00,
706,INFO,📊 Resumen Diario de Cartera,Vigente: 563 préstamos | Vencida: 21 préstamos,[object Object],"console,websocket,database",,,0,2026-04-17 23:00:00,
707,INFO,📊 Resumen Diario de Cartera,Vigente: 557 préstamos | Vencida: 26 préstamos,[object Object],database,,,0,2026-04-18 00:00:01,
708,INFO,📊 Resumen Diario de Cartera,Vigente: 557 préstamos | Vencida: 26 préstamos,[object Object],"console,websocket,database",,,0,2026-04-18 00:00:01,
709,INFO,📊 Resumen Diario de Cartera,Vigente: 557 préstamos | Vencida: 26 préstamos,[object Object],database,,,0,2026-04-18 01:00:01,
710,INFO,📊 Resumen Diario de Cartera,Vigente: 557 préstamos | Vencida: 26 préstamos,[object Object],"console,websocket,database",,,0,2026-04-18 01:00:01,
711,INFO,✅ Proceso de Mora Completado,Proceso automático de mora ejecutado exitosamente en 682ms,[object Object],database,,,0,2026-04-18 02:00:00,
712,INFO,✅ Proceso de Mora Completado,Proceso automático de mora ejecutado exitosamente en 682ms,[object Object],"console,websocket,database",,,0,2026-04-18 02:00:00,
713,INFO,📊 Resumen Diario de Cartera,Vigente: 557 préstamos | Vencida: 26 préstamos,[object Object],database,,,0,2026-04-18 15:00:00,
714,INFO,📊 Resumen Diario de Cartera,Vigente: 557 préstamos | Vencida: 26 préstamos,[object Object],"console,websocket,database",,,0,2026-04-18 15:00:00,
715,INFO,📊 Resumen Diario de Cartera,Vigente: 557 préstamos | Vencida: 26 préstamos,[object Object],database,,,0,2026-04-18 16:00:00,
716,INFO,📊 Resumen Diario de Cartera,Vigente: 557 préstamos | Vencida: 26 préstamos,[object Object],"console,websocket,database",,,0,2026-04-18 16:00:00,
717,INFO,📊 Resumen Diario de Cartera,Vigente: 557 préstamos | Vencida: 26 préstamos,[object Object],database,,,0,2026-04-18 17:00:01,
718,INFO,📊 Resumen Diario de Cartera,Vigente: 557 préstamos | Vencida: 26 préstamos,[object Object],"console,websocket,database",,,0,2026-04-18 17:00:01,
719,INFO,📊 Resumen Diario de Cartera,Vigente: 557 préstamos | Vencida: 26 préstamos,[object Object],database,,,0,2026-04-18 18:00:01,
720,INFO,📊 Resumen Diario de Cartera,Vigente: 557 préstamos | Vencida: 26 préstamos,[object Object],"console,websocket,database",,,0,2026-04-18 18:00:01,
721,INFO,📊 Resumen Diario de Cartera,Vigente: 557 préstamos | Vencida: 26 préstamos,[object Object],database,,,0,2026-04-18 19:00:00,
722,INFO,📊 Resumen Diario de Cartera,Vigente: 557 préstamos | Vencida: 26 préstamos,[object Object],"console,websocket,database",,,0,2026-04-18 19:00:00,
723,INFO,📊 Resumen Diario de Cartera,Vigente: 557 préstamos | Vencida: 26 préstamos,[object Object],database,,,0,2026-04-18 20:00:01,
724,INFO,📊 Resumen Diario de Cartera,Vigente: 557 préstamos | Vencida: 26 préstamos,[object Object],"console,websocket,database",,,0,2026-04-18 20:00:01,
725,INFO,📊 Resumen Diario de Cartera,Vigente: 557 préstamos | Vencida: 26 préstamos,[object Object],database,,,0,2026-04-18 21:00:01,
726,INFO,📊 Resumen Diario de Cartera,Vigente: 557 préstamos | Vencida: 26 préstamos,[object Object],"console,websocket,database",,,0,2026-04-18 21:00:01,
727,INFO,📊 Resumen Diario de Cartera,Vigente: 557 préstamos | Vencida: 26 préstamos,[object Object],database,,,0,2026-04-18 22:00:00,
728,INFO,📊 Resumen Diario de Cartera,Vigente: 557 préstamos | Vencida: 26 préstamos,[object Object],"console,websocket,database",,,0,2026-04-18 22:00:00,
729,INFO,📊 Resumen Diario de Cartera,Vigente: 557 préstamos | Vencida: 26 préstamos,[object Object],database,,,0,2026-04-18 23:00:01,
730,INFO,📊 Resumen Diario de Cartera,Vigente: 557 préstamos | Vencida: 26 préstamos,[object Object],"console,websocket,database",,,0,2026-04-18 23:00:01,
731,INFO,📊 Resumen Diario de Cartera,Vigente: 557 préstamos | Vencida: 26 préstamos,[object Object],database,,,0,2026-04-19 00:00:01,
732,INFO,📊 Resumen Diario de Cartera,Vigente: 557 préstamos | Vencida: 26 préstamos,[object Object],"console,websocket,database",,,0,2026-04-19 00:00:01,
733,INFO,📊 Resumen Diario de Cartera,Vigente: 557 préstamos | Vencida: 26 préstamos,[object Object],database,,,0,2026-04-19 01:00:02,
734,INFO,📊 Resumen Diario de Cartera,Vigente: 557 préstamos | Vencida: 26 préstamos,[object Object],"console,websocket,database",,,0,2026-04-19 01:00:02,
735,INFO,✅ Proceso de Mora Completado,Proceso automático de mora ejecutado exitosamente en 663ms,[object Object],database,,,0,2026-04-19 02:00:00,
736,INFO,✅ Proceso de Mora Completado,Proceso automático de mora ejecutado exitosamente en 663ms,[object Object],"console,websocket,database",,,0,2026-04-19 02:00:00,
737,INFO,📊 Resumen Diario de Cartera,Vigente: 557 préstamos | Vencida: 26 préstamos,[object Object],database,,,0,2026-04-19 08:03:31,
738,INFO,📊 Resumen Diario de Cartera,Vigente: 557 préstamos | Vencida: 26 préstamos,[object Object],"console,websocket,database",,,0,2026-04-19 08:03:31,
739,INFO,✅ Proceso de Mora Completado,Proceso automático de mora ejecutado exitosamente en 93ms,[object Object],database,,,0,2026-04-19 08:03:31,
740,INFO,✅ Proceso de Mora Completado,Proceso automático de mora ejecutado exitosamente en 93ms,[object Object],"console,websocket,database",,,0,2026-04-19 08:03:31,
741,INFO,📊 Resumen Diario de Cartera,Vigente: 557 préstamos | Vencida: 26 préstamos,[object Object],database,,,0,2026-04-19 15:00:00,
742,INFO,📊 Resumen Diario de Cartera,Vigente: 557 préstamos | Vencida: 26 préstamos,[object Object],"console,websocket,database",,,0,2026-04-19 15:00:00,
743,INFO,📊 Resumen Diario de Cartera,Vigente: 557 préstamos | Vencida: 26 préstamos,[object Object],database,,,0,2026-04-19 16:00:00,
744,INFO,📊 Resumen Diario de Cartera,Vigente: 557 préstamos | Vencida: 26 préstamos,[object Object],"console,websocket,database",,,0,2026-04-19 16:00:00,
745,INFO,📊 Resumen Diario de Cartera,Vigente: 557 préstamos | Vencida: 26 préstamos,[object Object],database,,,0,2026-04-19 17:00:00,
746,INFO,📊 Resumen Diario de Cartera,Vigente: 557 préstamos | Vencida: 26 préstamos,[object Object],"console,websocket,database",,,0,2026-04-19 17:00:00,
747,INFO,📊 Resumen Diario de Cartera,Vigente: 557 préstamos | Vencida: 26 préstamos,[object Object],database,,,0,2026-04-19 18:00:01,
748,INFO,📊 Resumen Diario de Cartera,Vigente: 557 préstamos | Vencida: 26 préstamos,[object Object],"console,websocket,database",,,0,2026-04-19 18:00:01,
749,INFO,📊 Resumen Diario de Cartera,Vigente: 557 préstamos | Vencida: 26 préstamos,[object Object],database,,,0,2026-04-19 19:00:00,
750,INFO,📊 Resumen Diario de Cartera,Vigente: 557 préstamos | Vencida: 26 préstamos,[object Object],"console,websocket,database",,,0,2026-04-19 19:00:00,
751,INFO,📊 Resumen Diario de Cartera,Vigente: 557 préstamos | Vencida: 26 préstamos,[object Object],database,,,0,2026-04-19 20:00:00,
752,INFO,📊 Resumen Diario de Cartera,Vigente: 557 préstamos | Vencida: 26 préstamos,[object Object],"console,websocket,database",,,0,2026-04-19 20:00:00,
753,INFO,📊 Resumen Diario de Cartera,Vigente: 557 préstamos | Vencida: 26 préstamos,[object Object],database,,,0,2026-04-19 21:00:00,
754,INFO,📊 Resumen Diario de Cartera,Vigente: 557 préstamos | Vencida: 26 préstamos,[object Object],"console,websocket,database",,,0,2026-04-19 21:00:00,
755,INFO,📊 Resumen Diario de Cartera,Vigente: 557 préstamos | Vencida: 26 préstamos,[object Object],database,,,0,2026-04-19 22:00:01,
756,INFO,📊 Resumen Diario de Cartera,Vigente: 557 préstamos | Vencida: 26 préstamos,[object Object],"console,websocket,database",,,0,2026-04-19 22:00:01,
757,INFO,📊 Resumen Diario de Cartera,Vigente: 557 préstamos | Vencida: 26 préstamos,[object Object],database,,,0,2026-04-19 23:00:00,
758,INFO,📊 Resumen Diario de Cartera,Vigente: 557 préstamos | Vencida: 26 préstamos,[object Object],"console,websocket,database",,,0,2026-04-19 23:00:00,
759,INFO,📊 Resumen Diario de Cartera,Vigente: 557 préstamos | Vencida: 26 préstamos,[object Object],database,,,0,2026-04-20 00:00:01,
760,INFO,📊 Resumen Diario de Cartera,Vigente: 557 préstamos | Vencida: 26 préstamos,[object Object],"console,websocket,database",,,0,2026-04-20 00:00:01,
761,INFO,📊 Resumen Diario de Cartera,Vigente: 557 préstamos | Vencida: 26 préstamos,[object Object],database,,,0,2026-04-20 01:00:00,
762,INFO,📊 Resumen Diario de Cartera,Vigente: 557 préstamos | Vencida: 26 préstamos,[object Object],"console,websocket,database",,,0,2026-04-20 01:00:00,
763,INFO,✅ Proceso de Mora Completado,Proceso automático de mora ejecutado exitosamente en 510ms,[object Object],database,,,0,2026-04-20 02:00:00,
764,INFO,✅ Proceso de Mora Completado,Proceso automático de mora ejecutado exitosamente en 510ms,[object Object],"console,websocket,database",,,0,2026-04-20 02:00:00,
765,INFO,📊 Resumen Diario de Cartera,Vigente: 557 préstamos | Vencida: 26 préstamos,[object Object],database,,,0,2026-04-20 15:00:00,
766,INFO,📊 Resumen Diario de Cartera,Vigente: 557 préstamos | Vencida: 26 préstamos,[object Object],"console,websocket,database",,,0,2026-04-20 15:00:00,
767,INFO,📊 Resumen Diario de Cartera,Vigente: 557 préstamos | Vencida: 26 préstamos,[object Object],database,,,0,2026-04-20 15:30:11,
768,INFO,📊 Resumen Diario de Cartera,Vigente: 557 préstamos | Vencida: 26 préstamos,[object Object],"console,websocket,database",,,0,2026-04-20 15:30:11,
769,INFO,✅ Proceso de Mora Completado,Proceso automático de mora ejecutado exitosamente en 98ms,[object Object],database,,,0,2026-04-20 15:30:11,
770,INFO,✅ Proceso de Mora Completado,Proceso automático de mora ejecutado exitosamente en 98ms,[object Object],"console,websocket,database",,,0,2026-04-20 15:30:11,
771,INFO,📊 Resumen Diario de Cartera,Vigente: 557 préstamos | Vencida: 26 préstamos,[object Object],database,,,0,2026-04-20 16:00:00,
772,INFO,📊 Resumen Diario de Cartera,Vigente: 557 préstamos | Vencida: 26 préstamos,[object Object],"console,websocket,database",,,0,2026-04-20 16:00:00,
773,INFO,📊 Resumen Diario de Cartera,Vigente: 557 préstamos | Vencida: 26 préstamos,[object Object],database,,,0,2026-04-20 17:00:00,
774,INFO,📊 Resumen Diario de Cartera,Vigente: 557 préstamos | Vencida: 26 préstamos,[object Object],"console,websocket,database",,,0,2026-04-20 17:00:00,
775,INFO,📊 Resumen Diario de Cartera,Vigente: 557 préstamos | Vencida: 26 préstamos,[object Object],database,,,0,2026-04-20 18:00:01,
776,INFO,📊 Resumen Diario de Cartera,Vigente: 557 préstamos | Vencida: 26 préstamos,[object Object],"console,websocket,database",,,0,2026-04-20 18:00:01,
777,INFO,📊 Resumen Diario de Cartera,Vigente: 557 préstamos | Vencida: 26 préstamos,[object Object],database,,,0,2026-04-20 19:00:00,
778,INFO,📊 Resumen Diario de Cartera,Vigente: 557 préstamos | Vencida: 26 préstamos,[object Object],"console,websocket,database",,,0,2026-04-20 19:00:00,
779,INFO,📊 Resumen Diario de Cartera,Vigente: 557 préstamos | Vencida: 26 préstamos,[object Object],database,,,0,2026-04-20 20:00:00,
780,INFO,📊 Resumen Diario de Cartera,Vigente: 557 préstamos | Vencida: 26 préstamos,[object Object],"console,websocket,database",,,0,2026-04-20 20:00:00,
781,INFO,📊 Resumen Diario de Cartera,Vigente: 557 préstamos | Vencida: 26 préstamos,[object Object],database,,,0,2026-04-20 21:00:01,
782,INFO,📊 Resumen Diario de Cartera,Vigente: 557 préstamos | Vencida: 26 préstamos,[object Object],"console,websocket,database",,,0,2026-04-20 21:00:01,
783,INFO,📊 Resumen Diario de Cartera,Vigente: 557 préstamos | Vencida: 26 préstamos,[object Object],database,,,0,2026-04-20 22:00:00,
784,INFO,📊 Resumen Diario de Cartera,Vigente: 557 préstamos | Vencida: 26 préstamos,[object Object],"console,websocket,database",,,0,2026-04-20 22:00:00,
785,INFO,📊 Resumen Diario de Cartera,Vigente: 556 préstamos | Vencida: 26 préstamos,[object Object],database,,,0,2026-04-20 23:00:00,
786,INFO,📊 Resumen Diario de Cartera,Vigente: 556 préstamos | Vencida: 26 préstamos,[object Object],"console,websocket,database",,,0,2026-04-20 23:00:00,
787,INFO,📊 Resumen Diario de Cartera,Vigente: 556 préstamos | Vencida: 26 préstamos,[object Object],database,,,0,2026-04-21 00:00:00,
788,INFO,📊 Resumen Diario de Cartera,Vigente: 556 préstamos | Vencida: 26 préstamos,[object Object],"console,websocket,database",,,0,2026-04-21 00:00:00,
789,INFO,📊 Resumen Diario de Cartera,Vigente: 556 préstamos | Vencida: 26 préstamos,[object Object],database,,,0,2026-04-21 01:00:00,
790,INFO,📊 Resumen Diario de Cartera,Vigente: 556 préstamos | Vencida: 26 préstamos,[object Object],"console,websocket,database",,,0,2026-04-21 01:00:00,
791,INFO,✅ Proceso de Mora Completado,Proceso automático de mora ejecutado exitosamente en 265ms,[object Object],database,,,0,2026-04-21 02:00:00,
792,INFO,✅ Proceso de Mora Completado,Proceso automático de mora ejecutado exitosamente en 265ms,[object Object],"console,websocket,database",,,0,2026-04-21 02:00:00,
793,INFO,📊 Resumen Diario de Cartera,Vigente: 556 préstamos | Vencida: 26 préstamos,[object Object],database,,,0,2026-04-21 15:00:00,
794,INFO,📊 Resumen Diario de Cartera,Vigente: 556 préstamos | Vencida: 26 préstamos,[object Object],"console,websocket,database",,,0,2026-04-21 15:00:00,
795,INFO,📊 Resumen Diario de Cartera,Vigente: 555 préstamos | Vencida: 26 préstamos,[object Object],database,,,0,2026-04-21 16:00:00,
796,INFO,📊 Resumen Diario de Cartera,Vigente: 555 préstamos | Vencida: 26 préstamos,[object Object],"console,websocket,database",,,0,2026-04-21 16:00:00,
797,INFO,📊 Resumen Diario de Cartera,Vigente: 553 préstamos | Vencida: 26 préstamos,[object Object],database,,,0,2026-04-21 17:00:00,
798,INFO,📊 Resumen Diario de Cartera,Vigente: 553 préstamos | Vencida: 26 préstamos,[object Object],"console,websocket,database",,,0,2026-04-21 17:00:00,
799,INFO,📊 Resumen Diario de Cartera,Vigente: 553 préstamos | Vencida: 26 préstamos,[object Object],database,,,0,2026-04-21 18:00:01,
800,INFO,📊 Resumen Diario de Cartera,Vigente: 553 préstamos | Vencida: 26 préstamos,[object Object],"console,websocket,database",,,0,2026-04-21 18:00:01,
801,INFO,📊 Resumen Diario de Cartera,Vigente: 553 préstamos | Vencida: 26 préstamos,[object Object],database,,,0,2026-04-21 19:00:00,
802,INFO,📊 Resumen Diario de Cartera,Vigente: 553 préstamos | Vencida: 26 préstamos,[object Object],"console,websocket,database",,,0,2026-04-21 19:00:00,
803,INFO,📊 Resumen Diario de Cartera,Vigente: 553 préstamos | Vencida: 26 préstamos,[object Object],database,,,0,2026-04-21 20:00:00,
804,INFO,📊 Resumen Diario de Cartera,Vigente: 553 préstamos | Vencida: 26 préstamos,[object Object],"console,websocket,database",,,0,2026-04-21 20:00:00,
805,INFO,📊 Resumen Diario de Cartera,Vigente: 553 préstamos | Vencida: 26 préstamos,[object Object],database,,,0,2026-04-21 21:00:00,
806,INFO,📊 Resumen Diario de Cartera,Vigente: 553 préstamos | Vencida: 26 préstamos,[object Object],"console,websocket,database",,,0,2026-04-21 21:00:00,
807,INFO,📊 Resumen Diario de Cartera,Vigente: 553 préstamos | Vencida: 26 préstamos,[object Object],database,,,0,2026-04-21 22:00:00,
808,INFO,📊 Resumen Diario de Cartera,Vigente: 553 préstamos | Vencida: 26 préstamos,[object Object],"console,websocket,database",,,0,2026-04-21 22:00:00,
809,INFO,📊 Resumen Diario de Cartera,Vigente: 553 préstamos | Vencida: 26 préstamos,[object Object],database,,,0,2026-04-21 23:00:00,
810,INFO,📊 Resumen Diario de Cartera,Vigente: 553 préstamos | Vencida: 26 préstamos,[object Object],"console,websocket,database",,,0,2026-04-21 23:00:00,
811,INFO,📊 Resumen Diario de Cartera,Vigente: 553 préstamos | Vencida: 26 préstamos,[object Object],database,,,0,2026-04-22 00:00:00,
812,INFO,📊 Resumen Diario de Cartera,Vigente: 553 préstamos | Vencida: 26 préstamos,[object Object],"console,websocket,database",,,0,2026-04-22 00:00:00,
813,INFO,📊 Resumen Diario de Cartera,Vigente: 553 préstamos | Vencida: 26 préstamos,[object Object],database,,,0,2026-04-22 01:00:00,
814,INFO,📊 Resumen Diario de Cartera,Vigente: 553 préstamos | Vencida: 26 préstamos,[object Object],"console,websocket,database",,,0,2026-04-22 01:00:00,
815,INFO,✅ Proceso de Mora Completado,Proceso automático de mora ejecutado exitosamente en 361ms,[object Object],database,,,0,2026-04-22 02:00:00,
816,INFO,✅ Proceso de Mora Completado,Proceso automático de mora ejecutado exitosamente en 361ms,[object Object],"console,websocket,database",,,0,2026-04-22 02:00:00,
817,INFO,📊 Resumen Diario de Cartera,Vigente: 553 préstamos | Vencida: 26 préstamos,[object Object],database,,,0,2026-04-22 15:00:01,
818,INFO,📊 Resumen Diario de Cartera,Vigente: 553 préstamos | Vencida: 26 préstamos,[object Object],"console,websocket,database",,,0,2026-04-22 15:00:01,
819,INFO,📊 Resumen Diario de Cartera,Vigente: 553 préstamos | Vencida: 26 préstamos,[object Object],database,,,0,2026-04-22 16:00:00,
820,INFO,📊 Resumen Diario de Cartera,Vigente: 553 préstamos | Vencida: 26 préstamos,[object Object],"console,websocket,database",,,0,2026-04-22 16:00:00,
821,INFO,📊 Resumen Diario de Cartera,Vigente: 553 préstamos | Vencida: 26 préstamos,[object Object],database,,,0,2026-04-22 17:00:01,
822,INFO,📊 Resumen Diario de Cartera,Vigente: 553 préstamos | Vencida: 26 préstamos,[object Object],"console,websocket,database",,,0,2026-04-22 17:00:01,
823,INFO,📊 Resumen Diario de Cartera,Vigente: 553 préstamos | Vencida: 26 préstamos,[object Object],database,,,0,2026-04-22 18:00:00,
824,INFO,📊 Resumen Diario de Cartera,Vigente: 553 préstamos | Vencida: 26 préstamos,[object Object],"console,websocket,database",,,0,2026-04-22 18:00:00,
825,INFO,📊 Resumen Diario de Cartera,Vigente: 553 préstamos | Vencida: 26 préstamos,[object Object],database,,,0,2026-04-22 18:12:41,
826,INFO,📊 Resumen Diario de Cartera,Vigente: 553 préstamos | Vencida: 26 préstamos,[object Object],"console,websocket,database",,,0,2026-04-22 18:12:41,
827,INFO,✅ Proceso de Mora Completado,Proceso automático de mora ejecutado exitosamente en 50ms,[object Object],database,,,0,2026-04-22 18:12:41,
828,INFO,✅ Proceso de Mora Completado,Proceso automático de mora ejecutado exitosamente en 50ms,[object Object],"console,websocket,database",,,0,2026-04-22 18:12:41,
829,INFO,📊 Resumen Diario de Cartera,Vigente: 554 préstamos | Vencida: 26 préstamos,[object Object],database,,,0,2026-04-22 19:00:00,
830,INFO,📊 Resumen Diario de Cartera,Vigente: 554 préstamos | Vencida: 26 préstamos,[object Object],"console,websocket,database",,,0,2026-04-22 19:00:00,
831,INFO,📊 Resumen Diario de Cartera,Vigente: 556 préstamos | Vencida: 26 préstamos,[object Object],database,,,0,2026-04-22 20:00:00,
832,INFO,📊 Resumen Diario de Cartera,Vigente: 556 préstamos | Vencida: 26 préstamos,[object Object],"console,websocket,database",,,0,2026-04-22 20:00:00,
833,INFO,📊 Resumen Diario de Cartera,Vigente: 557 préstamos | Vencida: 26 préstamos,[object Object],database,,,0,2026-04-22 21:00:00,
834,INFO,📊 Resumen Diario de Cartera,Vigente: 557 préstamos | Vencida: 26 préstamos,[object Object],"console,websocket,database",,,0,2026-04-22 21:00:00,
835,INFO,📊 Resumen Diario de Cartera,Vigente: 557 préstamos | Vencida: 26 préstamos,[object Object],database,,,0,2026-04-22 22:00:00,
836,INFO,📊 Resumen Diario de Cartera,Vigente: 557 préstamos | Vencida: 26 préstamos,[object Object],"console,websocket,database",,,0,2026-04-22 22:00:00,
837,INFO,📊 Resumen Diario de Cartera,Vigente: 557 préstamos | Vencida: 26 préstamos,[object Object],database,,,0,2026-04-22 23:00:00,
838,INFO,📊 Resumen Diario de Cartera,Vigente: 557 préstamos | Vencida: 26 préstamos,[object Object],"console,websocket,database",,,0,2026-04-22 23:00:00,
839,INFO,📊 Resumen Diario de Cartera,Vigente: 553 préstamos | Vencida: 30 préstamos,[object Object],database,,,0,2026-04-23 00:00:01,
840,INFO,📊 Resumen Diario de Cartera,Vigente: 553 préstamos | Vencida: 30 préstamos,[object Object],"console,websocket,database",,,0,2026-04-23 00:00:01,
841,INFO,📊 Resumen Diario de Cartera,Vigente: 553 préstamos | Vencida: 30 préstamos,[object Object],database,,,0,2026-04-23 01:00:00,
842,INFO,📊 Resumen Diario de Cartera,Vigente: 553 préstamos | Vencida: 30 préstamos,[object Object],"console,websocket,database",,,0,2026-04-23 01:00:00,
843,INFO,✅ Proceso de Mora Completado,Proceso automático de mora ejecutado exitosamente en 174ms,[object Object],database,,,0,2026-04-23 02:00:00,
844,INFO,✅ Proceso de Mora Completado,Proceso automático de mora ejecutado exitosamente en 174ms,[object Object],"console,websocket,database",,,0,2026-04-23 02:00:00,
845,INFO,📊 Resumen Diario de Cartera,Vigente: 553 préstamos | Vencida: 30 préstamos,[object Object],database,,,0,2026-04-23 15:00:00,
846,INFO,📊 Resumen Diario de Cartera,Vigente: 553 préstamos | Vencida: 30 préstamos,[object Object],"console,websocket,database",,,0,2026-04-23 15:00:00,
847,INFO,📊 Resumen Diario de Cartera,Vigente: 553 préstamos | Vencida: 30 préstamos,[object Object],database,,,0,2026-04-23 16:00:00,
848,INFO,📊 Resumen Diario de Cartera,Vigente: 553 préstamos | Vencida: 30 préstamos,[object Object],"console,websocket,database",,,0,2026-04-23 16:00:00,
849,INFO,📊 Resumen Diario de Cartera,Vigente: 553 préstamos | Vencida: 30 préstamos,[object Object],database,,,0,2026-04-23 17:00:00,
850,INFO,📊 Resumen Diario de Cartera,Vigente: 553 préstamos | Vencida: 30 préstamos,[object Object],"console,websocket,database",,,0,2026-04-23 17:00:00,
851,INFO,📊 Resumen Diario de Cartera,Vigente: 548 préstamos | Vencida: 30 préstamos,[object Object],database,,,0,2026-04-23 18:00:01,
852,INFO,📊 Resumen Diario de Cartera,Vigente: 548 préstamos | Vencida: 30 préstamos,[object Object],"console,websocket,database",,,0,2026-04-23 18:00:01,
853,INFO,📊 Resumen Diario de Cartera,Vigente: 551 préstamos | Vencida: 30 préstamos,[object Object],database,,,0,2026-04-23 19:00:01,
854,INFO,📊 Resumen Diario de Cartera,Vigente: 551 préstamos | Vencida: 30 préstamos,[object Object],"console,websocket,database",,,0,2026-04-23 19:00:01,
855,INFO,📊 Resumen Diario de Cartera,Vigente: 551 préstamos | Vencida: 30 préstamos,[object Object],database,,,0,2026-04-23 20:00:01,
856,INFO,📊 Resumen Diario de Cartera,Vigente: 551 préstamos | Vencida: 30 préstamos,[object Object],"console,websocket,database",,,0,2026-04-23 20:00:01,
857,INFO,📊 Resumen Diario de Cartera,Vigente: 551 préstamos | Vencida: 30 préstamos,[object Object],database,,,0,2026-04-23 21:00:01,
858,INFO,📊 Resumen Diario de Cartera,Vigente: 551 préstamos | Vencida: 30 préstamos,[object Object],"console,websocket,database",,,0,2026-04-23 21:00:01,
859,INFO,📊 Resumen Diario de Cartera,Vigente: 551 préstamos | Vencida: 30 préstamos,[object Object],database,,,0,2026-04-23 22:00:00,
860,INFO,📊 Resumen Diario de Cartera,Vigente: 551 préstamos | Vencida: 30 préstamos,[object Object],"console,websocket,database",,,0,2026-04-23 22:00:00,
861,INFO,📊 Resumen Diario de Cartera,Vigente: 551 préstamos | Vencida: 30 préstamos,[object Object],database,,,0,2026-04-23 23:00:00,
862,INFO,📊 Resumen Diario de Cartera,Vigente: 551 préstamos | Vencida: 30 préstamos,[object Object],"console,websocket,database",,,0,2026-04-23 23:00:00,
863,INFO,📊 Resumen Diario de Cartera,Vigente: 503 préstamos | Vencida: 78 préstamos,[object Object],database,,,0,2026-04-24 00:00:00,
864,INFO,📊 Resumen Diario de Cartera,Vigente: 503 préstamos | Vencida: 78 préstamos,[object Object],"console,websocket,database",,,0,2026-04-24 00:00:00,
865,INFO,📊 Resumen Diario de Cartera,Vigente: 503 préstamos | Vencida: 78 préstamos,[object Object],database,,,0,2026-04-24 01:00:00,
866,INFO,📊 Resumen Diario de Cartera,Vigente: 503 préstamos | Vencida: 78 préstamos,[object Object],"console,websocket,database",,,0,2026-04-24 01:00:00,
867,INFO,✅ Proceso de Mora Completado,Proceso automático de mora ejecutado exitosamente en 769ms,[object Object],database,,,0,2026-04-24 02:00:00,
868,INFO,✅ Proceso de Mora Completado,Proceso automático de mora ejecutado exitosamente en 769ms,[object Object],"console,websocket,database",,,0,2026-04-24 02:00:00,
869,INFO,📊 Resumen Diario de Cartera,Vigente: 503 préstamos | Vencida: 78 préstamos,[object Object],database,,,0,2026-04-24 14:24:48,
870,INFO,📊 Resumen Diario de Cartera,Vigente: 503 préstamos | Vencida: 78 préstamos,[object Object],"console,websocket,database",,,0,2026-04-24 14:24:48,
871,INFO,✅ Proceso de Mora Completado,Proceso automático de mora ejecutado exitosamente en 132ms,[object Object],database,,,0,2026-04-24 14:24:48,
872,INFO,✅ Proceso de Mora Completado,Proceso automático de mora ejecutado exitosamente en 132ms,[object Object],"console,websocket,database",,,0,2026-04-24 14:24:48,
873,INFO,📊 Resumen Diario de Cartera,Vigente: 503 préstamos | Vencida: 78 préstamos,[object Object],database,,,0,2026-04-24 15:00:00,
874,INFO,📊 Resumen Diario de Cartera,Vigente: 503 préstamos | Vencida: 78 préstamos,[object Object],"console,websocket,database",,,0,2026-04-24 15:00:00,
875,INFO,📊 Resumen Diario de Cartera,Vigente: 503 préstamos | Vencida: 78 préstamos,[object Object],database,,,0,2026-04-24 16:00:00,
876,INFO,📊 Resumen Diario de Cartera,Vigente: 503 préstamos | Vencida: 78 préstamos,[object Object],"console,websocket,database",,,0,2026-04-24 16:00:00,
877,INFO,📊 Resumen Diario de Cartera,Vigente: 503 préstamos | Vencida: 78 préstamos,[object Object],database,,,0,2026-04-24 17:00:00,
878,INFO,📊 Resumen Diario de Cartera,Vigente: 503 préstamos | Vencida: 78 préstamos,[object Object],"console,websocket,database",,,0,2026-04-24 17:00:00,
879,INFO,📊 Resumen Diario de Cartera,Vigente: 503 préstamos | Vencida: 78 préstamos,[object Object],database,,,0,2026-04-24 18:00:01,
880,INFO,📊 Resumen Diario de Cartera,Vigente: 503 préstamos | Vencida: 78 préstamos,[object Object],"console,websocket,database",,,0,2026-04-24 18:00:01,
881,INFO,📊 Resumen Diario de Cartera,Vigente: 503 préstamos | Vencida: 78 préstamos,[object Object],database,,,0,2026-04-24 19:00:00,
882,INFO,📊 Resumen Diario de Cartera,Vigente: 503 préstamos | Vencida: 78 préstamos,[object Object],"console,websocket,database",,,0,2026-04-24 19:00:00,
883,INFO,📊 Resumen Diario de Cartera,Vigente: 503 préstamos | Vencida: 78 préstamos,[object Object],database,,,0,2026-04-24 20:00:00,
884,INFO,📊 Resumen Diario de Cartera,Vigente: 503 préstamos | Vencida: 78 préstamos,[object Object],"console,websocket,database",,,0,2026-04-24 20:00:00,
885,INFO,📊 Resumen Diario de Cartera,Vigente: 504 préstamos | Vencida: 78 préstamos,[object Object],database,,,0,2026-04-24 21:00:00,
886,INFO,📊 Resumen Diario de Cartera,Vigente: 504 préstamos | Vencida: 78 préstamos,[object Object],"console,websocket,database",,,0,2026-04-24 21:00:00,
887,INFO,📊 Resumen Diario de Cartera,Vigente: 506 préstamos | Vencida: 76 préstamos,[object Object],database,,,0,2026-04-24 22:00:00,
888,INFO,📊 Resumen Diario de Cartera,Vigente: 506 préstamos | Vencida: 76 préstamos,[object Object],"console,websocket,database",,,0,2026-04-24 22:00:00,
889,INFO,📊 Resumen Diario de Cartera,Vigente: 508 préstamos | Vencida: 75 préstamos,[object Object],database,,,0,2026-04-24 23:00:00,
890,INFO,📊 Resumen Diario de Cartera,Vigente: 508 préstamos | Vencida: 75 préstamos,[object Object],"console,websocket,database",,,0,2026-04-24 23:00:00,
891,INFO,📊 Resumen Diario de Cartera,Vigente: 506 préstamos | Vencida: 77 préstamos,[object Object],database,,,0,2026-04-25 00:00:00,
892,INFO,📊 Resumen Diario de Cartera,Vigente: 506 préstamos | Vencida: 77 préstamos,[object Object],"console,websocket,database",,,0,2026-04-25 00:00:00,
893,INFO,📊 Resumen Diario de Cartera,Vigente: 506 préstamos | Vencida: 77 préstamos,[object Object],database,,,0,2026-04-25 01:00:00,
894,INFO,📊 Resumen Diario de Cartera,Vigente: 506 préstamos | Vencida: 77 préstamos,[object Object],"console,websocket,database",,,0,2026-04-25 01:00:00,
895,INFO,✅ Proceso de Mora Completado,Proceso automático de mora ejecutado exitosamente en 616ms,[object Object],database,,,0,2026-04-25 02:00:00,
896,INFO,✅ Proceso de Mora Completado,Proceso automático de mora ejecutado exitosamente en 616ms,[object Object],"console,websocket,database",,,0,2026-04-25 02:00:00,
897,INFO,📊 Resumen Diario de Cartera,Vigente: 506 préstamos | Vencida: 77 préstamos,[object Object],database,,,0,2026-04-25 15:00:01,
898,INFO,📊 Resumen Diario de Cartera,Vigente: 506 préstamos | Vencida: 77 préstamos,[object Object],"console,websocket,database",,,0,2026-04-25 15:00:01,
899,INFO,📊 Resumen Diario de Cartera,Vigente: 506 préstamos | Vencida: 77 préstamos,[object Object],database,,,0,2026-04-25 16:00:00,
900,INFO,📊 Resumen Diario de Cartera,Vigente: 506 préstamos | Vencida: 77 préstamos,[object Object],"console,websocket,database",,,0,2026-04-25 16:00:00,
901,INFO,📊 Resumen Diario de Cartera,Vigente: 507 préstamos | Vencida: 77 préstamos,[object Object],database,,,0,2026-04-25 17:00:00,
902,INFO,📊 Resumen Diario de Cartera,Vigente: 507 préstamos | Vencida: 77 préstamos,[object Object],"console,websocket,database",,,0,2026-04-25 17:00:00,
903,INFO,📊 Resumen Diario de Cartera,Vigente: 508 préstamos | Vencida: 77 préstamos,[object Object],database,,,0,2026-04-25 17:30:30,
904,INFO,📊 Resumen Diario de Cartera,Vigente: 508 préstamos | Vencida: 77 préstamos,[object Object],"console,websocket,database",,,0,2026-04-25 17:30:30,
905,INFO,✅ Proceso de Mora Completado,Proceso automático de mora ejecutado exitosamente en 107ms,[object Object],database,,,0,2026-04-25 17:30:30,
906,INFO,✅ Proceso de Mora Completado,Proceso automático de mora ejecutado exitosamente en 107ms,[object Object],"console,websocket,database",,,0,2026-04-25 17:30:30,
907,INFO,📊 Resumen Diario de Cartera,Vigente: 508 préstamos | Vencida: 77 préstamos,[object Object],database,,,0,2026-04-25 18:00:00,
908,INFO,📊 Resumen Diario de Cartera,Vigente: 508 préstamos | Vencida: 77 préstamos,[object Object],"console,websocket,database",,,0,2026-04-25 18:00:00,
909,INFO,📊 Resumen Diario de Cartera,Vigente: 508 préstamos | Vencida: 77 préstamos,[object Object],database,,,0,2026-04-25 19:00:00,
910,INFO,📊 Resumen Diario de Cartera,Vigente: 508 préstamos | Vencida: 77 préstamos,[object Object],"console,websocket,database",,,0,2026-04-25 19:00:00,
911,INFO,📊 Resumen Diario de Cartera,Vigente: 508 préstamos | Vencida: 77 préstamos,[object Object],database,,,0,2026-04-25 20:00:00,
912,INFO,📊 Resumen Diario de Cartera,Vigente: 508 préstamos | Vencida: 77 préstamos,[object Object],"console,websocket,database",,,0,2026-04-25 20:00:00,
913,INFO,📊 Resumen Diario de Cartera,Vigente: 508 préstamos | Vencida: 77 préstamos,[object Object],database,,,0,2026-04-25 21:00:00,
914,INFO,📊 Resumen Diario de Cartera,Vigente: 508 préstamos | Vencida: 77 préstamos,[object Object],"console,websocket,database",,,0,2026-04-25 21:00:00,
915,INFO,📊 Resumen Diario de Cartera,Vigente: 508 préstamos | Vencida: 77 préstamos,[object Object],database,,,0,2026-04-25 22:00:00,
916,INFO,📊 Resumen Diario de Cartera,Vigente: 508 préstamos | Vencida: 77 préstamos,[object Object],"console,websocket,database",,,0,2026-04-25 22:00:00,
917,INFO,📊 Resumen Diario de Cartera,Vigente: 508 préstamos | Vencida: 77 préstamos,[object Object],database,,,0,2026-04-25 23:00:00,
918,INFO,📊 Resumen Diario de Cartera,Vigente: 508 préstamos | Vencida: 77 préstamos,[object Object],"console,websocket,database",,,0,2026-04-25 23:00:00,
919,INFO,📊 Resumen Diario de Cartera,Vigente: 508 préstamos | Vencida: 77 préstamos,[object Object],database,,,0,2026-04-26 00:00:01,
920,INFO,📊 Resumen Diario de Cartera,Vigente: 508 préstamos | Vencida: 77 préstamos,[object Object],"console,websocket,database",,,0,2026-04-26 00:00:01,
921,INFO,📊 Resumen Diario de Cartera,Vigente: 508 préstamos | Vencida: 77 préstamos,[object Object],database,,,0,2026-04-26 01:00:01,
922,INFO,📊 Resumen Diario de Cartera,Vigente: 508 préstamos | Vencida: 77 préstamos,[object Object],"console,websocket,database",,,0,2026-04-26 01:00:01,
923,INFO,✅ Proceso de Mora Completado,Proceso automático de mora ejecutado exitosamente en 326ms,[object Object],database,,,0,2026-04-26 02:00:00,
924,INFO,✅ Proceso de Mora Completado,Proceso automático de mora ejecutado exitosamente en 326ms,[object Object],"console,websocket,database",,,0,2026-04-26 02:00:00,
925,INFO,📊 Resumen Diario de Cartera,Vigente: 508 préstamos | Vencida: 77 préstamos,[object Object],database,,,0,2026-04-26 15:00:00,
926,INFO,📊 Resumen Diario de Cartera,Vigente: 508 préstamos | Vencida: 77 préstamos,[object Object],"console,websocket,database",,,0,2026-04-26 15:00:00,
927,INFO,📊 Resumen Diario de Cartera,Vigente: 508 préstamos | Vencida: 77 préstamos,[object Object],database,,,0,2026-04-26 16:00:00,
928,INFO,📊 Resumen Diario de Cartera,Vigente: 508 préstamos | Vencida: 77 préstamos,[object Object],"console,websocket,database",,,0,2026-04-26 16:00:00,
929,INFO,📊 Resumen Diario de Cartera,Vigente: 508 préstamos | Vencida: 77 préstamos,[object Object],database,,,0,2026-04-26 17:00:00,
930,INFO,📊 Resumen Diario de Cartera,Vigente: 508 préstamos | Vencida: 77 préstamos,[object Object],"console,websocket,database",,,0,2026-04-26 17:00:00,
931,INFO,📊 Resumen Diario de Cartera,Vigente: 508 préstamos | Vencida: 77 préstamos,[object Object],database,,,0,2026-04-26 18:00:01,
932,INFO,📊 Resumen Diario de Cartera,Vigente: 508 préstamos | Vencida: 77 préstamos,[object Object],"console,websocket,database",,,0,2026-04-26 18:00:01,
933,INFO,📊 Resumen Diario de Cartera,Vigente: 508 préstamos | Vencida: 77 préstamos,[object Object],database,,,0,2026-04-26 19:00:00,
934,INFO,📊 Resumen Diario de Cartera,Vigente: 508 préstamos | Vencida: 77 préstamos,[object Object],"console,websocket,database",,,0,2026-04-26 19:00:00,
935,INFO,📊 Resumen Diario de Cartera,Vigente: 508 préstamos | Vencida: 77 préstamos,[object Object],database,,,0,2026-04-26 20:00:00,
936,INFO,📊 Resumen Diario de Cartera,Vigente: 508 préstamos | Vencida: 77 préstamos,[object Object],"console,websocket,database",,,0,2026-04-26 20:00:00,
937,INFO,📊 Resumen Diario de Cartera,Vigente: 508 préstamos | Vencida: 77 préstamos,[object Object],database,,,0,2026-04-26 21:00:00,
938,INFO,📊 Resumen Diario de Cartera,Vigente: 508 préstamos | Vencida: 77 préstamos,[object Object],"console,websocket,database",,,0,2026-04-26 21:00:00,
939,INFO,📊 Resumen Diario de Cartera,Vigente: 508 préstamos | Vencida: 77 préstamos,[object Object],database,,,0,2026-04-26 22:00:01,
940,INFO,📊 Resumen Diario de Cartera,Vigente: 508 préstamos | Vencida: 77 préstamos,[object Object],"console,websocket,database",,,0,2026-04-26 22:00:01,
941,INFO,📊 Resumen Diario de Cartera,Vigente: 508 préstamos | Vencida: 77 préstamos,[object Object],database,,,0,2026-04-26 23:00:00,
942,INFO,📊 Resumen Diario de Cartera,Vigente: 508 préstamos | Vencida: 77 préstamos,[object Object],"console,websocket,database",,,0,2026-04-26 23:00:00,
943,INFO,📊 Resumen Diario de Cartera,Vigente: 508 préstamos | Vencida: 77 préstamos,[object Object],database,,,0,2026-04-27 00:00:00,
944,INFO,📊 Resumen Diario de Cartera,Vigente: 508 préstamos | Vencida: 77 préstamos,[object Object],"console,websocket,database",,,0,2026-04-27 00:00:00,
945,INFO,📊 Resumen Diario de Cartera,Vigente: 508 préstamos | Vencida: 77 préstamos,[object Object],database,,,0,2026-04-27 01:00:00,
946,INFO,📊 Resumen Diario de Cartera,Vigente: 508 préstamos | Vencida: 77 préstamos,[object Object],"console,websocket,database",,,0,2026-04-27 01:00:00,
947,INFO,✅ Proceso de Mora Completado,Proceso automático de mora ejecutado exitosamente en 523ms,[object Object],database,,,0,2026-04-27 02:00:00,
948,INFO,✅ Proceso de Mora Completado,Proceso automático de mora ejecutado exitosamente en 523ms,[object Object],"console,websocket,database",,,0,2026-04-27 02:00:00,
949,INFO,📊 Resumen Diario de Cartera,Vigente: 508 préstamos | Vencida: 77 préstamos,[object Object],database,,,0,2026-04-27 15:00:00,
950,INFO,📊 Resumen Diario de Cartera,Vigente: 508 préstamos | Vencida: 77 préstamos,[object Object],"console,websocket,database",,,0,2026-04-27 15:00:00,
951,INFO,📊 Resumen Diario de Cartera,Vigente: 508 préstamos | Vencida: 77 préstamos,[object Object],database,,,0,2026-04-27 16:00:00,
952,INFO,📊 Resumen Diario de Cartera,Vigente: 508 préstamos | Vencida: 77 préstamos,[object Object],"console,websocket,database",,,0,2026-04-27 16:00:00,
953,INFO,📊 Resumen Diario de Cartera,Vigente: 508 préstamos | Vencida: 77 préstamos,[object Object],database,,,0,2026-04-27 16:29:51,
954,INFO,📊 Resumen Diario de Cartera,Vigente: 508 préstamos | Vencida: 77 préstamos,[object Object],"console,websocket,database",,,0,2026-04-27 16:29:51,
955,INFO,✅ Proceso de Mora Completado,Proceso automático de mora ejecutado exitosamente en 562ms,[object Object],database,,,0,2026-04-27 16:29:51,
956,INFO,✅ Proceso de Mora Completado,Proceso automático de mora ejecutado exitosamente en 562ms,[object Object],"console,websocket,database",,,0,2026-04-27 16:29:51,
957,INFO,📊 Resumen Diario de Cartera,Vigente: 508 préstamos | Vencida: 77 préstamos,[object Object],database,,,0,2026-04-27 16:29:52,
958,INFO,📊 Resumen Diario de Cartera,Vigente: 508 préstamos | Vencida: 77 préstamos,[object Object],"console,websocket,database",,,0,2026-04-27 16:29:52,
959,INFO,✅ Proceso de Mora Completado,Proceso automático de mora ejecutado exitosamente en 123ms,[object Object],database,,,0,2026-04-27 16:29:52,
960,INFO,✅ Proceso de Mora Completado,Proceso automático de mora ejecutado exitosamente en 123ms,[object Object],"console,websocket,database",,,0,2026-04-27 16:29:52,
961,INFO,📊 Resumen Diario de Cartera,Vigente: 508 préstamos | Vencida: 77 préstamos,[object Object],database,,,0,2026-04-27 17:00:01,
962,INFO,📊 Resumen Diario de Cartera,Vigente: 508 préstamos | Vencida: 77 préstamos,[object Object],"console,websocket,database",,,0,2026-04-27 17:00:01,
963,INFO,📊 Resumen Diario de Cartera,Vigente: 508 préstamos | Vencida: 77 préstamos,[object Object],database,,,0,2026-04-27 18:00:00,
964,INFO,📊 Resumen Diario de Cartera,Vigente: 508 préstamos | Vencida: 77 préstamos,[object Object],"console,websocket,database",,,0,2026-04-27 18:00:00,
965,INFO,📊 Resumen Diario de Cartera,Vigente: 508 préstamos | Vencida: 77 préstamos,[object Object],database,,,0,2026-04-27 19:00:00,
966,INFO,📊 Resumen Diario de Cartera,Vigente: 508 préstamos | Vencida: 77 préstamos,[object Object],"console,websocket,database",,,0,2026-04-27 19:00:00,
967,INFO,📊 Resumen Diario de Cartera,Vigente: 508 préstamos | Vencida: 77 préstamos,[object Object],database,,,0,2026-04-27 20:00:01,
968,INFO,📊 Resumen Diario de Cartera,Vigente: 508 préstamos | Vencida: 77 préstamos,[object Object],"console,websocket,database",,,0,2026-04-27 20:00:01,
969,INFO,📊 Resumen Diario de Cartera,Vigente: 508 préstamos | Vencida: 77 préstamos,[object Object],database,,,0,2026-04-27 21:00:00,
970,INFO,📊 Resumen Diario de Cartera,Vigente: 508 préstamos | Vencida: 77 préstamos,[object Object],"console,websocket,database",,,0,2026-04-27 21:00:00,
971,INFO,📊 Resumen Diario de Cartera,Vigente: 508 préstamos | Vencida: 77 préstamos,[object Object],database,,,0,2026-04-27 22:00:00,
972,INFO,📊 Resumen Diario de Cartera,Vigente: 508 préstamos | Vencida: 77 préstamos,[object Object],"console,websocket,database",,,0,2026-04-27 22:00:00,
973,INFO,📊 Resumen Diario de Cartera,Vigente: 508 préstamos | Vencida: 77 préstamos,[object Object],database,,,0,2026-04-27 23:00:00,
974,INFO,📊 Resumen Diario de Cartera,Vigente: 508 préstamos | Vencida: 77 préstamos,[object Object],"console,websocket,database",,,0,2026-04-27 23:00:00,
975,INFO,📊 Resumen Diario de Cartera,Vigente: 507 préstamos | Vencida: 78 préstamos,[object Object],database,,,0,2026-04-28 00:00:00,
976,INFO,📊 Resumen Diario de Cartera,Vigente: 507 préstamos | Vencida: 78 préstamos,[object Object],"console,websocket,database",,,0,2026-04-28 00:00:00,
977,INFO,📊 Resumen Diario de Cartera,Vigente: 507 préstamos | Vencida: 78 préstamos,[object Object],database,,,0,2026-04-28 01:00:01,
978,INFO,📊 Resumen Diario de Cartera,Vigente: 507 préstamos | Vencida: 78 préstamos,[object Object],"console,websocket,database",,,0,2026-04-28 01:00:01,
979,INFO,✅ Proceso de Mora Completado,Proceso automático de mora ejecutado exitosamente en 416ms,[object Object],database,,,0,2026-04-28 02:00:00,
980,INFO,✅ Proceso de Mora Completado,Proceso automático de mora ejecutado exitosamente en 416ms,[object Object],"console,websocket,database",,,0,2026-04-28 02:00:00,
981,INFO,📊 Resumen Diario de Cartera,Vigente: 507 préstamos | Vencida: 78 préstamos,[object Object],database,,,0,2026-04-28 15:00:00,
982,INFO,📊 Resumen Diario de Cartera,Vigente: 507 préstamos | Vencida: 78 préstamos,[object Object],"console,websocket,database",,,0,2026-04-28 15:00:01,
983,INFO,📊 Resumen Diario de Cartera,Vigente: 507 préstamos | Vencida: 78 préstamos,[object Object],database,,,0,2026-04-28 16:00:00,
984,INFO,📊 Resumen Diario de Cartera,Vigente: 507 préstamos | Vencida: 78 préstamos,[object Object],"console,websocket,database",,,0,2026-04-28 16:00:00,
985,INFO,📊 Resumen Diario de Cartera,Vigente: 505 préstamos | Vencida: 78 préstamos,[object Object],database,,,0,2026-04-28 17:00:00,
986,INFO,📊 Resumen Diario de Cartera,Vigente: 505 préstamos | Vencida: 78 préstamos,[object Object],"console,websocket,database",,,0,2026-04-28 17:00:00,
987,INFO,📊 Resumen Diario de Cartera,Vigente: 508 préstamos | Vencida: 74 préstamos,[object Object],database,,,0,2026-04-28 18:00:00,
988,INFO,📊 Resumen Diario de Cartera,Vigente: 508 préstamos | Vencida: 74 préstamos,[object Object],"console,websocket,database",,,0,2026-04-28 18:00:00,
989,INFO,📊 Resumen Diario de Cartera,Vigente: 505 préstamos | Vencida: 72 préstamos,[object Object],database,,,0,2026-04-28 19:00:01,
990,INFO,📊 Resumen Diario de Cartera,Vigente: 505 préstamos | Vencida: 72 préstamos,[object Object],"console,websocket,database",,,0,2026-04-28 19:00:01,
991,INFO,📊 Resumen Diario de Cartera,Vigente: 505 préstamos | Vencida: 72 préstamos,[object Object],database,,,0,2026-04-28 20:00:01,
992,INFO,📊 Resumen Diario de Cartera,Vigente: 505 préstamos | Vencida: 72 préstamos,[object Object],"console,websocket,database",,,0,2026-04-28 20:00:01,
993,INFO,📊 Resumen Diario de Cartera,Vigente: 505 préstamos | Vencida: 72 préstamos,[object Object],database,,,0,2026-04-28 21:00:00,
994,INFO,📊 Resumen Diario de Cartera,Vigente: 505 préstamos | Vencida: 72 préstamos,[object Object],"console,websocket,database",,,0,2026-04-28 21:00:00,
995,INFO,📊 Resumen Diario de Cartera,Vigente: 505 préstamos | Vencida: 72 préstamos,[object Object],database,,,0,2026-04-28 22:00:00,
996,INFO,📊 Resumen Diario de Cartera,Vigente: 505 préstamos | Vencida: 72 préstamos,[object Object],"console,websocket,database",,,0,2026-04-28 22:00:00,
997,INFO,📊 Resumen Diario de Cartera,Vigente: 505 préstamos | Vencida: 72 préstamos,[object Object],database,,,0,2026-04-28 23:00:00,
998,INFO,📊 Resumen Diario de Cartera,Vigente: 505 préstamos | Vencida: 72 préstamos,[object Object],"console,websocket,database",,,0,2026-04-28 23:00:00,
999,INFO,📊 Resumen Diario de Cartera,Vigente: 501 préstamos | Vencida: 76 préstamos,[object Object],database,,,0,2026-04-29 00:00:00,
1000,INFO,📊 Resumen Diario de Cartera,Vigente: 501 préstamos | Vencida: 76 préstamos,[object Object],"console,websocket,database",,,0,2026-04-29 00:00:00,
1001,INFO,📊 Resumen Diario de Cartera,Vigente: 501 préstamos | Vencida: 76 préstamos,[object Object],database,,,0,2026-04-29 01:00:01,
1002,INFO,📊 Resumen Diario de Cartera,Vigente: 501 préstamos | Vencida: 76 préstamos,[object Object],"console,websocket,database",,,0,2026-04-29 01:00:01,
1003,INFO,✅ Proceso de Mora Completado,Proceso automático de mora ejecutado exitosamente en 592ms,[object Object],database,,,0,2026-04-29 02:00:00,
1004,INFO,✅ Proceso de Mora Completado,Proceso automático de mora ejecutado exitosamente en 592ms,[object Object],"console,websocket,database",,,0,2026-04-29 02:00:00,
1005,INFO,📊 Resumen Diario de Cartera,Vigente: 501 préstamos | Vencida: 76 préstamos,[object Object],database,,,0,2026-04-29 15:00:00,
1006,INFO,📊 Resumen Diario de Cartera,Vigente: 501 préstamos | Vencida: 76 préstamos,[object Object],"console,websocket,database",,,0,2026-04-29 15:00:00,
1007,INFO,📊 Resumen Diario de Cartera,Vigente: 503 préstamos | Vencida: 76 préstamos,[object Object],database,,,0,2026-04-29 16:00:00,
1008,INFO,📊 Resumen Diario de Cartera,Vigente: 503 préstamos | Vencida: 76 préstamos,[object Object],"console,websocket,database",,,0,2026-04-29 16:00:00,
1009,INFO,📊 Resumen Diario de Cartera,Vigente: 503 préstamos | Vencida: 76 préstamos,[object Object],database,,,0,2026-04-29 17:00:00,
1010,INFO,📊 Resumen Diario de Cartera,Vigente: 503 préstamos | Vencida: 76 préstamos,[object Object],"console,websocket,database",,,0,2026-04-29 17:00:00,
1011,INFO,📊 Resumen Diario de Cartera,Vigente: 503 préstamos | Vencida: 76 préstamos,[object Object],database,,,0,2026-04-29 18:00:00,
1012,INFO,📊 Resumen Diario de Cartera,Vigente: 503 préstamos | Vencida: 76 préstamos,[object Object],"console,websocket,database",,,0,2026-04-29 18:00:00,
1013,INFO,📊 Resumen Diario de Cartera,Vigente: 504 préstamos | Vencida: 76 préstamos,[object Object],database,,,0,2026-04-29 19:00:00,
1014,INFO,📊 Resumen Diario de Cartera,Vigente: 504 préstamos | Vencida: 76 préstamos,[object Object],"console,websocket,database",,,0,2026-04-29 19:00:00,
1015,INFO,📊 Resumen Diario de Cartera,Vigente: 504 préstamos | Vencida: 76 préstamos,[object Object],database,,,0,2026-04-29 20:00:00,
1016,INFO,📊 Resumen Diario de Cartera,Vigente: 504 préstamos | Vencida: 76 préstamos,[object Object],"console,websocket,database",,,0,2026-04-29 20:00:00,
1017,INFO,📊 Resumen Diario de Cartera,Vigente: 504 préstamos | Vencida: 76 préstamos,[object Object],database,,,0,2026-04-29 21:00:00,
1018,INFO,📊 Resumen Diario de Cartera,Vigente: 504 préstamos | Vencida: 76 préstamos,[object Object],"console,websocket,database",,,0,2026-04-29 21:00:00,
1019,INFO,📊 Resumen Diario de Cartera,Vigente: 505 préstamos | Vencida: 76 préstamos,[object Object],database,,,0,2026-04-29 22:00:00,
1020,INFO,📊 Resumen Diario de Cartera,Vigente: 505 préstamos | Vencida: 76 préstamos,[object Object],"console,websocket,database",,,0,2026-04-29 22:00:00,
1021,INFO,📊 Resumen Diario de Cartera,Vigente: 505 préstamos | Vencida: 76 préstamos,[object Object],database,,,0,2026-04-29 23:00:00,
1022,INFO,📊 Resumen Diario de Cartera,Vigente: 505 préstamos | Vencida: 76 préstamos,[object Object],"console,websocket,database",,,0,2026-04-29 23:00:00,
1023,INFO,📊 Resumen Diario de Cartera,Vigente: 504 préstamos | Vencida: 77 préstamos,[object Object],database,,,0,2026-04-30 00:00:00,
1024,INFO,📊 Resumen Diario de Cartera,Vigente: 504 préstamos | Vencida: 77 préstamos,[object Object],"console,websocket,database",,,0,2026-04-30 00:00:00,
1025,INFO,📊 Resumen Diario de Cartera,Vigente: 504 préstamos | Vencida: 77 préstamos,[object Object],database,,,0,2026-04-30 01:00:00,
1026,INFO,📊 Resumen Diario de Cartera,Vigente: 504 préstamos | Vencida: 77 préstamos,[object Object],"console,websocket,database",,,0,2026-04-30 01:00:00,
1027,INFO,✅ Proceso de Mora Completado,Proceso automático de mora ejecutado exitosamente en 246ms,[object Object],database,,,0,2026-04-30 02:00:00,
1028,INFO,✅ Proceso de Mora Completado,Proceso automático de mora ejecutado exitosamente en 246ms,[object Object],"console,websocket,database",,,0,2026-04-30 02:00:00,
1029,INFO,📊 Resumen Diario de Cartera,Vigente: 504 préstamos | Vencida: 77 préstamos,[object Object],database,,,0,2026-04-30 13:57:26,
1030,INFO,📊 Resumen Diario de Cartera,Vigente: 504 préstamos | Vencida: 77 préstamos,[object Object],"console,websocket,database",,,0,2026-04-30 13:57:26,
1031,INFO,✅ Proceso de Mora Completado,Proceso automático de mora ejecutado exitosamente en 89ms,[object Object],database,,,0,2026-04-30 13:57:26,
1032,INFO,✅ Proceso de Mora Completado,Proceso automático de mora ejecutado exitosamente en 89ms,[object Object],"console,websocket,database",,,0,2026-04-30 13:57:26,
1033,INFO,📊 Resumen Diario de Cartera,Vigente: 504 préstamos | Vencida: 77 préstamos,[object Object],database,,,0,2026-04-30 15:00:00,
1034,INFO,📊 Resumen Diario de Cartera,Vigente: 504 préstamos | Vencida: 77 préstamos,[object Object],"console,websocket,database",,,0,2026-04-30 15:00:00,
1035,INFO,📊 Resumen Diario de Cartera,Vigente: 504 préstamos | Vencida: 77 préstamos,[object Object],database,,,0,2026-04-30 16:00:00,
1036,INFO,📊 Resumen Diario de Cartera,Vigente: 504 préstamos | Vencida: 77 préstamos,[object Object],"console,websocket,database",,,0,2026-04-30 16:00:00,
1037,INFO,📊 Resumen Diario de Cartera,Vigente: 504 préstamos | Vencida: 77 préstamos,[object Object],database,,,0,2026-04-30 17:00:00,
1038,INFO,📊 Resumen Diario de Cartera,Vigente: 504 préstamos | Vencida: 77 préstamos,[object Object],"console,websocket,database",,,0,2026-04-30 17:00:00,
1039,INFO,📊 Resumen Diario de Cartera,Vigente: 504 préstamos | Vencida: 77 préstamos,[object Object],database,,,0,2026-04-30 18:00:00,
1040,INFO,📊 Resumen Diario de Cartera,Vigente: 504 préstamos | Vencida: 77 préstamos,[object Object],"console,websocket,database",,,0,2026-04-30 18:00:00,
1041,INFO,📊 Resumen Diario de Cartera,Vigente: 505 préstamos | Vencida: 77 préstamos,[object Object],database,,,0,2026-04-30 19:00:00,
1042,INFO,📊 Resumen Diario de Cartera,Vigente: 505 préstamos | Vencida: 77 préstamos,[object Object],"console,websocket,database",,,0,2026-04-30 19:00:00,
1043,INFO,📊 Resumen Diario de Cartera,Vigente: 507 préstamos | Vencida: 77 préstamos,[object Object],database,,,0,2026-04-30 20:00:00,
1044,INFO,📊 Resumen Diario de Cartera,Vigente: 507 préstamos | Vencida: 77 préstamos,[object Object],"console,websocket,database",,,0,2026-04-30 20:00:00,
1045,INFO,📊 Resumen Diario de Cartera,Vigente: 507 préstamos | Vencida: 77 préstamos,[object Object],database,,,0,2026-04-30 21:00:00,
1046,INFO,📊 Resumen Diario de Cartera,Vigente: 507 préstamos | Vencida: 77 préstamos,[object Object],"console,websocket,database",,,0,2026-04-30 21:00:00,
1047,INFO,📊 Resumen Diario de Cartera,Vigente: 508 préstamos | Vencida: 77 préstamos,[object Object],database,,,0,2026-04-30 22:00:00,
1048,INFO,📊 Resumen Diario de Cartera,Vigente: 508 préstamos | Vencida: 77 préstamos,[object Object],"console,websocket,database",,,0,2026-04-30 22:00:00,
1049,INFO,📊 Resumen Diario de Cartera,Vigente: 508 préstamos | Vencida: 77 préstamos,[object Object],database,,,0,2026-04-30 23:00:00,
1050,INFO,📊 Resumen Diario de Cartera,Vigente: 508 préstamos | Vencida: 77 préstamos,[object Object],"console,websocket,database",,,0,2026-04-30 23:00:00,
1051,INFO,📊 Resumen Diario de Cartera,Vigente: 435 préstamos | Vencida: 150 préstamos,[object Object],database,,,0,2026-05-01 00:00:00,
1052,INFO,📊 Resumen Diario de Cartera,Vigente: 435 préstamos | Vencida: 150 préstamos,[object Object],"console,websocket,database",,,0,2026-05-01 00:00:00,
1053,INFO,📊 Resumen Diario de Cartera,Vigente: 435 préstamos | Vencida: 150 préstamos,[object Object],database,,,0,2026-05-01 01:00:00,
1054,INFO,📊 Resumen Diario de Cartera,Vigente: 435 préstamos | Vencida: 150 préstamos,[object Object],"console,websocket,database",,,0,2026-05-01 01:00:00,
1055,INFO,✅ Proceso de Mora Completado,Proceso automático de mora ejecutado exitosamente en 248ms,[object Object],database,,,0,2026-05-01 02:00:00,
1056,INFO,✅ Proceso de Mora Completado,Proceso automático de mora ejecutado exitosamente en 248ms,[object Object],"console,websocket,database",,,0,2026-05-01 02:00:00,
1057,INFO,📊 Resumen Diario de Cartera,Vigente: 435 préstamos | Vencida: 150 préstamos,[object Object],database,,,0,2026-05-01 15:00:00,
1058,INFO,📊 Resumen Diario de Cartera,Vigente: 435 préstamos | Vencida: 150 préstamos,[object Object],"console,websocket,database",,,0,2026-05-01 15:00:00,
1059,INFO,📊 Resumen Diario de Cartera,Vigente: 435 préstamos | Vencida: 150 préstamos,[object Object],database,,,0,2026-05-01 16:00:00,
1060,INFO,📊 Resumen Diario de Cartera,Vigente: 435 préstamos | Vencida: 150 préstamos,[object Object],"console,websocket,database",,,0,2026-05-01 16:00:00,
1061,INFO,📊 Resumen Diario de Cartera,Vigente: 435 préstamos | Vencida: 150 préstamos,[object Object],database,,,0,2026-05-01 17:00:00,
1062,INFO,📊 Resumen Diario de Cartera,Vigente: 435 préstamos | Vencida: 150 préstamos,[object Object],"console,websocket,database",,,0,2026-05-01 17:00:00,
1063,INFO,📊 Resumen Diario de Cartera,Vigente: 435 préstamos | Vencida: 150 préstamos,[object Object],database,,,0,2026-05-01 18:00:00,
1064,INFO,📊 Resumen Diario de Cartera,Vigente: 435 préstamos | Vencida: 150 préstamos,[object Object],"console,websocket,database",,,0,2026-05-01 18:00:00,
1065,INFO,📊 Resumen Diario de Cartera,Vigente: 435 préstamos | Vencida: 150 préstamos,[object Object],database,,,0,2026-05-01 19:00:00,
1066,INFO,📊 Resumen Diario de Cartera,Vigente: 435 préstamos | Vencida: 150 préstamos,[object Object],"console,websocket,database",,,0,2026-05-01 19:00:00,
1067,INFO,📊 Resumen Diario de Cartera,Vigente: 435 préstamos | Vencida: 150 préstamos,[object Object],database,,,0,2026-05-01 20:00:00,
1068,INFO,📊 Resumen Diario de Cartera,Vigente: 435 préstamos | Vencida: 150 préstamos,[object Object],"console,websocket,database",,,0,2026-05-01 20:00:00,
1069,INFO,📊 Resumen Diario de Cartera,Vigente: 435 préstamos | Vencida: 150 préstamos,[object Object],database,,,0,2026-05-01 21:00:00,
1070,INFO,📊 Resumen Diario de Cartera,Vigente: 435 préstamos | Vencida: 150 préstamos,[object Object],"console,websocket,database",,,0,2026-05-01 21:00:00,
1071,INFO,📊 Resumen Diario de Cartera,Vigente: 435 préstamos | Vencida: 150 préstamos,[object Object],database,,,0,2026-05-01 22:00:00,
1072,INFO,📊 Resumen Diario de Cartera,Vigente: 435 préstamos | Vencida: 150 préstamos,[object Object],"console,websocket,database",,,0,2026-05-01 22:00:00,
1073,INFO,📊 Resumen Diario de Cartera,Vigente: 435 préstamos | Vencida: 150 préstamos,[object Object],database,,,0,2026-05-01 23:00:00,
1074,INFO,📊 Resumen Diario de Cartera,Vigente: 435 préstamos | Vencida: 150 préstamos,[object Object],"console,websocket,database",,,0,2026-05-01 23:00:00,
1075,INFO,📊 Resumen Diario de Cartera,Vigente: 329 préstamos | Vencida: 256 préstamos,[object Object],database,,,0,2026-05-02 00:00:00,
1076,INFO,📊 Resumen Diario de Cartera,Vigente: 329 préstamos | Vencida: 256 préstamos,[object Object],"console,websocket,database",,,0,2026-05-02 00:00:00,
1077,INFO,📊 Resumen Diario de Cartera,Vigente: 329 préstamos | Vencida: 256 préstamos,[object Object],database,,,0,2026-05-02 01:00:00,
1078,INFO,📊 Resumen Diario de Cartera,Vigente: 329 préstamos | Vencida: 256 préstamos,[object Object],"console,websocket,database",,,0,2026-05-02 01:00:00,
1079,INFO,✅ Proceso de Mora Completado,Proceso automático de mora ejecutado exitosamente en 136ms,[object Object],database,,,0,2026-05-02 02:00:00,
1080,INFO,✅ Proceso de Mora Completado,Proceso automático de mora ejecutado exitosamente en 136ms,[object Object],"console,websocket,database",,,0,2026-05-02 02:00:00,
1081,INFO,📊 Resumen Diario de Cartera,Vigente: 329 préstamos | Vencida: 256 préstamos,[object Object],database,,,0,2026-05-02 15:00:00,
1082,INFO,📊 Resumen Diario de Cartera,Vigente: 329 préstamos | Vencida: 256 préstamos,[object Object],"console,websocket,database",,,0,2026-05-02 15:00:00,
1083,INFO,📊 Resumen Diario de Cartera,Vigente: 329 préstamos | Vencida: 256 préstamos,[object Object],database,,,0,2026-05-02 16:00:00,
1084,INFO,📊 Resumen Diario de Cartera,Vigente: 329 préstamos | Vencida: 256 préstamos,[object Object],"console,websocket,database",,,0,2026-05-02 16:00:00,
1085,INFO,📊 Resumen Diario de Cartera,Vigente: 329 préstamos | Vencida: 256 préstamos,[object Object],database,,,0,2026-05-02 17:00:00,
1086,INFO,📊 Resumen Diario de Cartera,Vigente: 329 préstamos | Vencida: 256 préstamos,[object Object],"console,websocket,database",,,0,2026-05-02 17:00:00,
1087,INFO,📊 Resumen Diario de Cartera,Vigente: 329 préstamos | Vencida: 256 préstamos,[object Object],database,,,0,2026-05-02 18:00:00,
1088,INFO,📊 Resumen Diario de Cartera,Vigente: 329 préstamos | Vencida: 256 préstamos,[object Object],"console,websocket,database",,,0,2026-05-02 18:00:00,
1089,INFO,📊 Resumen Diario de Cartera,Vigente: 329 préstamos | Vencida: 256 préstamos,[object Object],database,,,0,2026-05-02 19:00:00,
1090,INFO,📊 Resumen Diario de Cartera,Vigente: 329 préstamos | Vencida: 256 préstamos,[object Object],"console,websocket,database",,,0,2026-05-02 19:00:00,
1091,INFO,📊 Resumen Diario de Cartera,Vigente: 329 préstamos | Vencida: 256 préstamos,[object Object],database,,,0,2026-05-02 20:00:00,
1092,INFO,📊 Resumen Diario de Cartera,Vigente: 329 préstamos | Vencida: 256 préstamos,[object Object],"console,websocket,database",,,0,2026-05-02 20:00:00,
1093,INFO,📊 Resumen Diario de Cartera,Vigente: 329 préstamos | Vencida: 256 préstamos,[object Object],database,,,0,2026-05-02 21:00:00,
1094,INFO,📊 Resumen Diario de Cartera,Vigente: 329 préstamos | Vencida: 256 préstamos,[object Object],"console,websocket,database",,,0,2026-05-02 21:00:00,
1095,INFO,📊 Resumen Diario de Cartera,Vigente: 329 préstamos | Vencida: 256 préstamos,[object Object],database,,,0,2026-05-02 22:00:00,
1096,INFO,📊 Resumen Diario de Cartera,Vigente: 329 préstamos | Vencida: 256 préstamos,[object Object],"console,websocket,database",,,0,2026-05-02 22:00:00,
1097,INFO,📊 Resumen Diario de Cartera,Vigente: 329 préstamos | Vencida: 256 préstamos,[object Object],database,,,0,2026-05-02 23:00:00,
1098,INFO,📊 Resumen Diario de Cartera,Vigente: 329 préstamos | Vencida: 256 préstamos,[object Object],"console,websocket,database",,,0,2026-05-02 23:00:00,
1099,INFO,📊 Resumen Diario de Cartera,Vigente: 329 préstamos | Vencida: 256 préstamos,[object Object],database,,,0,2026-05-03 00:00:00,
1100,INFO,📊 Resumen Diario de Cartera,Vigente: 329 préstamos | Vencida: 256 préstamos,[object Object],"console,websocket,database",,,0,2026-05-03 00:00:00,
1101,INFO,📊 Resumen Diario de Cartera,Vigente: 329 préstamos | Vencida: 256 préstamos,[object Object],database,,,0,2026-05-03 01:00:00,
1102,INFO,📊 Resumen Diario de Cartera,Vigente: 329 préstamos | Vencida: 256 préstamos,[object Object],"console,websocket,database",,,0,2026-05-03 01:00:00,
1103,INFO,✅ Proceso de Mora Completado,Proceso automático de mora ejecutado exitosamente en 299ms,[object Object],database,,,0,2026-05-03 02:00:00,
1104,INFO,✅ Proceso de Mora Completado,Proceso automático de mora ejecutado exitosamente en 299ms,[object Object],"console,websocket,database",,,0,2026-05-03 02:00:00,
1105,INFO,📊 Resumen Diario de Cartera,Vigente: 329 préstamos | Vencida: 256 préstamos,[object Object],database,,,0,2026-05-03 15:00:00,
1106,INFO,📊 Resumen Diario de Cartera,Vigente: 329 préstamos | Vencida: 256 préstamos,[object Object],"console,websocket,database",,,0,2026-05-03 15:00:00,
1107,INFO,📊 Resumen Diario de Cartera,Vigente: 329 préstamos | Vencida: 256 préstamos,[object Object],database,,,0,2026-05-03 16:00:00,
1108,INFO,📊 Resumen Diario de Cartera,Vigente: 329 préstamos | Vencida: 256 préstamos,[object Object],"console,websocket,database",,,0,2026-05-03 16:00:00,
1109,INFO,📊 Resumen Diario de Cartera,Vigente: 329 préstamos | Vencida: 256 préstamos,[object Object],database,,,0,2026-05-03 17:00:00,
1110,INFO,📊 Resumen Diario de Cartera,Vigente: 329 préstamos | Vencida: 256 préstamos,[object Object],"console,websocket,database",,,0,2026-05-03 17:00:00,
1111,INFO,📊 Resumen Diario de Cartera,Vigente: 329 préstamos | Vencida: 256 préstamos,[object Object],database,,,0,2026-05-03 18:00:00,
1112,INFO,📊 Resumen Diario de Cartera,Vigente: 329 préstamos | Vencida: 256 préstamos,[object Object],"console,websocket,database",,,0,2026-05-03 18:00:00,
1113,INFO,📊 Resumen Diario de Cartera,Vigente: 329 préstamos | Vencida: 256 préstamos,[object Object],database,,,0,2026-05-03 19:00:00,
1114,INFO,📊 Resumen Diario de Cartera,Vigente: 329 préstamos | Vencida: 256 préstamos,[object Object],"console,websocket,database",,,0,2026-05-03 19:00:00,
1115,INFO,📊 Resumen Diario de Cartera,Vigente: 329 préstamos | Vencida: 256 préstamos,[object Object],database,,,0,2026-05-03 20:00:00,
1116,INFO,📊 Resumen Diario de Cartera,Vigente: 329 préstamos | Vencida: 256 préstamos,[object Object],"console,websocket,database",,,0,2026-05-03 20:00:00,
1117,INFO,📊 Resumen Diario de Cartera,Vigente: 329 préstamos | Vencida: 256 préstamos,[object Object],database,,,0,2026-05-03 21:00:00,
1118,INFO,📊 Resumen Diario de Cartera,Vigente: 329 préstamos | Vencida: 256 préstamos,[object Object],"console,websocket,database",,,0,2026-05-03 21:00:00,
1119,INFO,📊 Resumen Diario de Cartera,Vigente: 329 préstamos | Vencida: 256 préstamos,[object Object],database,,,0,2026-05-03 22:00:00,
1120,INFO,📊 Resumen Diario de Cartera,Vigente: 329 préstamos | Vencida: 256 préstamos,[object Object],"console,websocket,database",,,0,2026-05-03 22:00:00,
1121,INFO,📊 Resumen Diario de Cartera,Vigente: 329 préstamos | Vencida: 256 préstamos,[object Object],database,,,0,2026-05-03 23:00:00,
1122,INFO,📊 Resumen Diario de Cartera,Vigente: 329 préstamos | Vencida: 256 préstamos,[object Object],"console,websocket,database",,,0,2026-05-03 23:00:00,
1123,INFO,📊 Resumen Diario de Cartera,Vigente: 329 préstamos | Vencida: 256 préstamos,[object Object],database,,,0,2026-05-04 00:00:00,
1124,INFO,📊 Resumen Diario de Cartera,Vigente: 329 préstamos | Vencida: 256 préstamos,[object Object],"console,websocket,database",,,0,2026-05-04 00:00:00,
1125,INFO,📊 Resumen Diario de Cartera,Vigente: 329 préstamos | Vencida: 256 préstamos,[object Object],database,,,0,2026-05-04 01:00:00,
1126,INFO,📊 Resumen Diario de Cartera,Vigente: 329 préstamos | Vencida: 256 préstamos,[object Object],"console,websocket,database",,,0,2026-05-04 01:00:00,
1127,INFO,✅ Proceso de Mora Completado,Proceso automático de mora ejecutado exitosamente en 328ms,[object Object],database,,,0,2026-05-04 02:00:00,
1128,INFO,✅ Proceso de Mora Completado,Proceso automático de mora ejecutado exitosamente en 328ms,[object Object],"console,websocket,database",,,0,2026-05-04 02:00:00,
1129,INFO,📊 Resumen Diario de Cartera,Vigente: 329 préstamos | Vencida: 256 préstamos,[object Object],database,,,0,2026-05-04 15:00:00,
1130,INFO,📊 Resumen Diario de Cartera,Vigente: 329 préstamos | Vencida: 256 préstamos,[object Object],"console,websocket,database",,,0,2026-05-04 15:00:00,
1131,INFO,📊 Resumen Diario de Cartera,Vigente: 329 préstamos | Vencida: 256 préstamos,[object Object],database,,,0,2026-05-04 16:00:01,
1132,INFO,📊 Resumen Diario de Cartera,Vigente: 329 préstamos | Vencida: 256 préstamos,[object Object],"console,websocket,database",,,0,2026-05-04 16:00:01,
1133,INFO,📊 Resumen Diario de Cartera,Vigente: 329 préstamos | Vencida: 256 préstamos,[object Object],database,,,0,2026-05-04 17:00:00,
1134,INFO,📊 Resumen Diario de Cartera,Vigente: 329 préstamos | Vencida: 256 préstamos,[object Object],"console,websocket,database",,,0,2026-05-04 17:00:00,
1135,INFO,📊 Resumen Diario de Cartera,Vigente: 329 préstamos | Vencida: 256 préstamos,[object Object],database,,,0,2026-05-04 18:00:00,
1136,INFO,📊 Resumen Diario de Cartera,Vigente: 329 préstamos | Vencida: 256 préstamos,[object Object],"console,websocket,database",,,0,2026-05-04 18:00:00,
1137,INFO,📊 Resumen Diario de Cartera,Vigente: 329 préstamos | Vencida: 256 préstamos,[object Object],database,,,0,2026-05-04 19:00:00,
1138,INFO,📊 Resumen Diario de Cartera,Vigente: 329 préstamos | Vencida: 256 préstamos,[object Object],"console,websocket,database",,,0,2026-05-04 19:00:00,
1139,INFO,📊 Resumen Diario de Cartera,Vigente: 329 préstamos | Vencida: 256 préstamos,[object Object],database,,,0,2026-05-04 20:00:00,
1140,INFO,📊 Resumen Diario de Cartera,Vigente: 329 préstamos | Vencida: 256 préstamos,[object Object],"console,websocket,database",,,0,2026-05-04 20:00:00,
1141,INFO,📊 Resumen Diario de Cartera,Vigente: 329 préstamos | Vencida: 256 préstamos,[object Object],database,,,0,2026-05-04 21:00:00,
1142,INFO,📊 Resumen Diario de Cartera,Vigente: 329 préstamos | Vencida: 256 préstamos,[object Object],"console,websocket,database",,,0,2026-05-04 21:00:00,
1143,INFO,📊 Resumen Diario de Cartera,Vigente: 329 préstamos | Vencida: 256 préstamos,[object Object],database,,,0,2026-05-04 22:00:00,
1144,INFO,📊 Resumen Diario de Cartera,Vigente: 329 préstamos | Vencida: 256 préstamos,[object Object],"console,websocket,database",,,0,2026-05-04 22:00:00,
1145,INFO,📊 Resumen Diario de Cartera,Vigente: 329 préstamos | Vencida: 256 préstamos,[object Object],database,,,0,2026-05-04 23:00:00,
1146,INFO,📊 Resumen Diario de Cartera,Vigente: 329 préstamos | Vencida: 256 préstamos,[object Object],"console,websocket,database",,,0,2026-05-04 23:00:00,
1147,INFO,📊 Resumen Diario de Cartera,Vigente: 326 préstamos | Vencida: 259 préstamos,[object Object],database,,,0,2026-05-05 00:00:00,
1148,INFO,📊 Resumen Diario de Cartera,Vigente: 326 préstamos | Vencida: 259 préstamos,[object Object],"console,websocket,database",,,0,2026-05-05 00:00:00,
1149,INFO,📊 Resumen Diario de Cartera,Vigente: 326 préstamos | Vencida: 259 préstamos,[object Object],database,,,0,2026-05-05 01:00:00,
1150,INFO,📊 Resumen Diario de Cartera,Vigente: 326 préstamos | Vencida: 259 préstamos,[object Object],"console,websocket,database",,,0,2026-05-05 01:00:00,
1151,INFO,✅ Proceso de Mora Completado,Proceso automático de mora ejecutado exitosamente en 160ms,[object Object],database,,,0,2026-05-05 02:00:00,
1152,INFO,✅ Proceso de Mora Completado,Proceso automático de mora ejecutado exitosamente en 160ms,[object Object],"console,websocket,database",,,0,2026-05-05 02:00:00,
1153,INFO,📊 Resumen Diario de Cartera,Vigente: 326 préstamos | Vencida: 259 préstamos,[object Object],database,,,0,2026-05-05 15:00:00,
1154,INFO,📊 Resumen Diario de Cartera,Vigente: 326 préstamos | Vencida: 259 préstamos,[object Object],"console,websocket,database",,,0,2026-05-05 15:00:00,
1155,INFO,📊 Resumen Diario de Cartera,Vigente: 326 préstamos | Vencida: 259 préstamos,[object Object],database,,,0,2026-05-05 16:00:00,
1156,INFO,📊 Resumen Diario de Cartera,Vigente: 326 préstamos | Vencida: 259 préstamos,[object Object],"console,websocket,database",,,0,2026-05-05 16:00:00,
1157,INFO,📊 Resumen Diario de Cartera,Vigente: 326 préstamos | Vencida: 259 préstamos,[object Object],database,,,0,2026-05-05 17:00:00,
1158,INFO,📊 Resumen Diario de Cartera,Vigente: 326 préstamos | Vencida: 259 préstamos,[object Object],"console,websocket,database",,,0,2026-05-05 17:00:00,
1159,INFO,📊 Resumen Diario de Cartera,Vigente: 326 préstamos | Vencida: 259 préstamos,[object Object],database,,,0,2026-05-05 18:00:00,
1160,INFO,📊 Resumen Diario de Cartera,Vigente: 326 préstamos | Vencida: 259 préstamos,[object Object],"console,websocket,database",,,0,2026-05-05 18:00:01,
1161,INFO,📊 Resumen Diario de Cartera,Vigente: 326 préstamos | Vencida: 259 préstamos,[object Object],database,,,0,2026-05-05 19:00:00,
1162,INFO,📊 Resumen Diario de Cartera,Vigente: 326 préstamos | Vencida: 259 préstamos,[object Object],"console,websocket,database",,,0,2026-05-05 19:00:00,
1163,INFO,📊 Resumen Diario de Cartera,Vigente: 350 préstamos | Vencida: 232 préstamos,[object Object],database,,,0,2026-05-05 20:00:00,
1164,INFO,📊 Resumen Diario de Cartera,Vigente: 350 préstamos | Vencida: 232 préstamos,[object Object],"console,websocket,database",,,0,2026-05-05 20:00:00,
1165,INFO,📊 Resumen Diario de Cartera,Vigente: 357 préstamos | Vencida: 225 préstamos,[object Object],database,,,0,2026-05-05 21:00:00,
1166,INFO,📊 Resumen Diario de Cartera,Vigente: 357 préstamos | Vencida: 225 préstamos,[object Object],"console,websocket,database",,,0,2026-05-05 21:00:00,
1167,INFO,📊 Resumen Diario de Cartera,Vigente: 372 préstamos | Vencida: 210 préstamos,[object Object],database,,,0,2026-05-05 22:00:00,
1168,INFO,📊 Resumen Diario de Cartera,Vigente: 372 préstamos | Vencida: 210 préstamos,[object Object],"console,websocket,database",,,0,2026-05-05 22:00:00,
1169,INFO,📊 Resumen Diario de Cartera,Vigente: 379 préstamos | Vencida: 203 préstamos,[object Object],database,,,0,2026-05-05 23:00:00,
1170,INFO,📊 Resumen Diario de Cartera,Vigente: 379 préstamos | Vencida: 203 préstamos,[object Object],"console,websocket,database",,,0,2026-05-05 23:00:00,
1171,INFO,📊 Resumen Diario de Cartera,Vigente: 368 préstamos | Vencida: 214 préstamos,[object Object],database,,,0,2026-05-06 00:00:00,
1172,INFO,📊 Resumen Diario de Cartera,Vigente: 368 préstamos | Vencida: 214 préstamos,[object Object],"console,websocket,database",,,0,2026-05-06 00:00:00,
1173,INFO,📊 Resumen Diario de Cartera,Vigente: 368 préstamos | Vencida: 214 préstamos,[object Object],database,,,0,2026-05-06 01:00:00,
1174,INFO,📊 Resumen Diario de Cartera,Vigente: 368 préstamos | Vencida: 214 préstamos,[object Object],"console,websocket,database",,,0,2026-05-06 01:00:00,
1175,INFO,✅ Proceso de Mora Completado,Proceso automático de mora ejecutado exitosamente en 336ms,[object Object],database,,,0,2026-05-06 02:00:00,
1176,INFO,✅ Proceso de Mora Completado,Proceso automático de mora ejecutado exitosamente en 336ms,[object Object],"console,websocket,database",,,0,2026-05-06 02:00:00,
1177,INFO,📊 Resumen Diario de Cartera,Vigente: 368 préstamos | Vencida: 214 préstamos,[object Object],database,,,0,2026-05-06 13:54:26,
1178,INFO,📊 Resumen Diario de Cartera,Vigente: 368 préstamos | Vencida: 214 préstamos,[object Object],"console,websocket,database",,,0,2026-05-06 13:54:26,
1179,INFO,✅ Proceso de Mora Completado,Proceso automático de mora ejecutado exitosamente en 65ms,[object Object],database,,,0,2026-05-06 13:54:26,
1180,INFO,✅ Proceso de Mora Completado,Proceso automático de mora ejecutado exitosamente en 65ms,[object Object],"console,websocket,database",,,0,2026-05-06 13:54:26,
1181,INFO,📊 Resumen Diario de Cartera,Vigente: 368 préstamos | Vencida: 214 préstamos,[object Object],database,,,0,2026-05-06 15:00:00,
1182,INFO,📊 Resumen Diario de Cartera,Vigente: 368 préstamos | Vencida: 214 préstamos,[object Object],"console,websocket,database",,,0,2026-05-06 15:00:00,
1183,INFO,📊 Resumen Diario de Cartera,Vigente: 369 préstamos | Vencida: 214 préstamos,[object Object],database,,,0,2026-05-06 16:00:00,
1184,INFO,📊 Resumen Diario de Cartera,Vigente: 369 préstamos | Vencida: 214 préstamos,[object Object],"console,websocket,database",,,0,2026-05-06 16:00:00,
1185,INFO,📊 Resumen Diario de Cartera,Vigente: 371 préstamos | Vencida: 213 préstamos,[object Object],database,,,0,2026-05-06 16:54:52,
1186,INFO,📊 Resumen Diario de Cartera,Vigente: 371 préstamos | Vencida: 213 préstamos,[object Object],"console,websocket,database",,,0,2026-05-06 16:54:52,
1187,INFO,✅ Proceso de Mora Completado,Proceso automático de mora ejecutado exitosamente en 89ms,[object Object],database,,,0,2026-05-06 16:54:52,
1188,INFO,✅ Proceso de Mora Completado,Proceso automático de mora ejecutado exitosamente en 89ms,[object Object],"console,websocket,database",,,0,2026-05-06 16:54:52,
1189,INFO,📊 Resumen Diario de Cartera,Vigente: 371 préstamos | Vencida: 213 préstamos,[object Object],database,,,0,2026-05-06 17:00:00,
1190,INFO,📊 Resumen Diario de Cartera,Vigente: 371 préstamos | Vencida: 213 préstamos,[object Object],"console,websocket,database",,,0,2026-05-06 17:00:00,
1191,INFO,📊 Resumen Diario de Cartera,Vigente: 371 préstamos | Vencida: 213 préstamos,[object Object],database,,,0,2026-05-06 18:00:00,
1192,INFO,📊 Resumen Diario de Cartera,Vigente: 371 préstamos | Vencida: 213 préstamos,[object Object],"console,websocket,database",,,0,2026-05-06 18:00:00,
1193,INFO,📊 Resumen Diario de Cartera,Vigente: 407 préstamos | Vencida: 176 préstamos,[object Object],database,,,0,2026-05-06 19:00:00,
1194,INFO,📊 Resumen Diario de Cartera,Vigente: 407 préstamos | Vencida: 176 préstamos,[object Object],"console,websocket,database",,,0,2026-05-06 19:00:00,
1195,INFO,📊 Resumen Diario de Cartera,Vigente: 421 préstamos | Vencida: 158 préstamos,[object Object],database,,,0,2026-05-06 20:00:01,
1196,INFO,📊 Resumen Diario de Cartera,Vigente: 421 préstamos | Vencida: 158 préstamos,[object Object],"console,websocket,database",,,0,2026-05-06 20:00:01,
1197,INFO,📊 Resumen Diario de Cartera,Vigente: 422 préstamos | Vencida: 158 préstamos,[object Object],database,,,0,2026-05-06 21:00:00,
1198,INFO,📊 Resumen Diario de Cartera,Vigente: 422 préstamos | Vencida: 158 préstamos,[object Object],"console,websocket,database",,,0,2026-05-06 21:00:00,
1199,INFO,📊 Resumen Diario de Cartera,Vigente: 421 préstamos | Vencida: 158 préstamos,[object Object],database,,,0,2026-05-06 22:00:00,
1200,INFO,📊 Resumen Diario de Cartera,Vigente: 421 préstamos | Vencida: 158 préstamos,[object Object],"console,websocket,database",,,0,2026-05-06 22:00:00,
1201,INFO,📊 Resumen Diario de Cartera,Vigente: 422 préstamos | Vencida: 158 préstamos,[object Object],database,,,0,2026-05-06 23:00:00,
1202,INFO,📊 Resumen Diario de Cartera,Vigente: 422 préstamos | Vencida: 158 préstamos,[object Object],"console,websocket,database",,,0,2026-05-06 23:00:00,
1203,INFO,📊 Resumen Diario de Cartera,Vigente: 421 préstamos | Vencida: 159 préstamos,[object Object],database,,,0,2026-05-07 00:00:00,
1204,INFO,📊 Resumen Diario de Cartera,Vigente: 421 préstamos | Vencida: 159 préstamos,[object Object],"console,websocket,database",,,0,2026-05-07 00:00:00,
1205,INFO,📊 Resumen Diario de Cartera,Vigente: 421 préstamos | Vencida: 159 préstamos,[object Object],database,,,0,2026-05-07 01:00:00,
1206,INFO,📊 Resumen Diario de Cartera,Vigente: 421 préstamos | Vencida: 159 préstamos,[object Object],"console,websocket,database",,,0,2026-05-07 01:00:00,
1207,INFO,✅ Proceso de Mora Completado,Proceso automático de mora ejecutado exitosamente en 234ms,[object Object],database,,,0,2026-05-07 02:00:00,
1208,INFO,✅ Proceso de Mora Completado,Proceso automático de mora ejecutado exitosamente en 234ms,[object Object],"console,websocket,database",,,0,2026-05-07 02:00:00,
1209,INFO,📊 Resumen Diario de Cartera,Vigente: 421 préstamos | Vencida: 159 préstamos,[object Object],database,,,0,2026-05-07 15:00:00,
1210,INFO,📊 Resumen Diario de Cartera,Vigente: 421 préstamos | Vencida: 159 préstamos,[object Object],"console,websocket,database",,,0,2026-05-07 15:00:00,
1211,INFO,📊 Resumen Diario de Cartera,Vigente: 421 préstamos | Vencida: 159 préstamos,[object Object],database,,,0,2026-05-07 15:14:19,
1212,INFO,📊 Resumen Diario de Cartera,Vigente: 421 préstamos | Vencida: 159 préstamos,[object Object],"console,websocket,database",,,0,2026-05-07 15:14:19,
1213,INFO,✅ Proceso de Mora Completado,Proceso automático de mora ejecutado exitosamente en 98ms,[object Object],database,,,0,2026-05-07 15:14:19,
1214,INFO,✅ Proceso de Mora Completado,Proceso automático de mora ejecutado exitosamente en 98ms,[object Object],"console,websocket,database",,,0,2026-05-07 15:14:19,
1215,INFO,📊 Resumen Diario de Cartera,Vigente: 421 préstamos | Vencida: 159 préstamos,[object Object],database,,,0,2026-05-07 16:00:00,
1216,INFO,📊 Resumen Diario de Cartera,Vigente: 421 préstamos | Vencida: 159 préstamos,[object Object],"console,websocket,database",,,0,2026-05-07 16:00:00,
1217,INFO,📊 Resumen Diario de Cartera,Vigente: 423 préstamos | Vencida: 158 préstamos,[object Object],database,,,0,2026-05-07 17:00:00,
1218,INFO,📊 Resumen Diario de Cartera,Vigente: 423 préstamos | Vencida: 158 préstamos,[object Object],"console,websocket,database",,,0,2026-05-07 17:00:00,
1219,INFO,📊 Resumen Diario de Cartera,Vigente: 427 préstamos | Vencida: 156 préstamos,[object Object],database,,,0,2026-05-07 18:00:00,
1220,INFO,📊 Resumen Diario de Cartera,Vigente: 427 préstamos | Vencida: 156 préstamos,[object Object],"console,websocket,database",,,0,2026-05-07 18:00:00,
1221,INFO,📊 Resumen Diario de Cartera,Vigente: 428 préstamos | Vencida: 156 préstamos,[object Object],database,,,0,2026-05-07 19:00:00,
1222,INFO,📊 Resumen Diario de Cartera,Vigente: 428 préstamos | Vencida: 156 préstamos,[object Object],"console,websocket,database",,,0,2026-05-07 19:00:01,
1223,INFO,📊 Resumen Diario de Cartera,Vigente: 430 préstamos | Vencida: 154 préstamos,[object Object],database,,,0,2026-05-07 20:00:00,
1224,INFO,📊 Resumen Diario de Cartera,Vigente: 430 préstamos | Vencida: 154 préstamos,[object Object],"console,websocket,database",,,0,2026-05-07 20:00:00,
1225,INFO,📊 Resumen Diario de Cartera,Vigente: 430 préstamos | Vencida: 154 préstamos,[object Object],database,,,0,2026-05-07 21:00:00,
1226,INFO,📊 Resumen Diario de Cartera,Vigente: 430 préstamos | Vencida: 154 préstamos,[object Object],"console,websocket,database",,,0,2026-05-07 21:00:00,
1227,INFO,📊 Resumen Diario de Cartera,Vigente: 430 préstamos | Vencida: 154 préstamos,[object Object],database,,,0,2026-05-07 22:00:00,
1228,INFO,📊 Resumen Diario de Cartera,Vigente: 430 préstamos | Vencida: 154 préstamos,[object Object],"console,websocket,database",,,0,2026-05-07 22:00:00,
1229,INFO,📊 Resumen Diario de Cartera,Vigente: 430 préstamos | Vencida: 154 préstamos,[object Object],database,,,0,2026-05-07 23:00:00,
1230,INFO,📊 Resumen Diario de Cartera,Vigente: 430 préstamos | Vencida: 154 préstamos,[object Object],"console,websocket,database",,,0,2026-05-07 23:00:00,
1231,INFO,📊 Resumen Diario de Cartera,Vigente: 429 préstamos | Vencida: 155 préstamos,[object Object],database,,,0,2026-05-08 00:00:01,
1232,INFO,📊 Resumen Diario de Cartera,Vigente: 429 préstamos | Vencida: 155 préstamos,[object Object],"console,websocket,database",,,0,2026-05-08 00:00:01,
1233,INFO,📊 Resumen Diario de Cartera,Vigente: 429 préstamos | Vencida: 155 préstamos,[object Object],database,,,0,2026-05-08 01:00:00,
1234,INFO,📊 Resumen Diario de Cartera,Vigente: 429 préstamos | Vencida: 155 préstamos,[object Object],"console,websocket,database",,,0,2026-05-08 01:00:00,
1235,INFO,✅ Proceso de Mora Completado,Proceso automático de mora ejecutado exitosamente en 301ms,[object Object],database,,,0,2026-05-08 02:00:00,
1236,INFO,✅ Proceso de Mora Completado,Proceso automático de mora ejecutado exitosamente en 301ms,[object Object],"console,websocket,database",,,0,2026-05-08 02:00:00,
1237,INFO,📊 Resumen Diario de Cartera,Vigente: 429 préstamos | Vencida: 155 préstamos,[object Object],database,,,0,2026-05-08 15:00:00,
1238,INFO,📊 Resumen Diario de Cartera,Vigente: 429 préstamos | Vencida: 155 préstamos,[object Object],"console,websocket,database",,,0,2026-05-08 15:00:00,
1239,INFO,📊 Resumen Diario de Cartera,Vigente: 429 préstamos | Vencida: 155 préstamos,[object Object],database,,,0,2026-05-08 16:00:00,
1240,INFO,📊 Resumen Diario de Cartera,Vigente: 429 préstamos | Vencida: 155 préstamos,[object Object],"console,websocket,database",,,0,2026-05-08 16:00:00,
1241,INFO,📊 Resumen Diario de Cartera,Vigente: 429 préstamos | Vencida: 155 préstamos,[object Object],database,,,0,2026-05-08 17:00:00,
1242,INFO,📊 Resumen Diario de Cartera,Vigente: 429 préstamos | Vencida: 155 préstamos,[object Object],"console,websocket,database",,,0,2026-05-08 17:00:00,
1243,INFO,📊 Resumen Diario de Cartera,Vigente: 429 préstamos | Vencida: 155 préstamos,[object Object],database,,,0,2026-05-08 18:00:00,
1244,INFO,📊 Resumen Diario de Cartera,Vigente: 429 préstamos | Vencida: 155 préstamos,[object Object],"console,websocket,database",,,0,2026-05-08 18:00:00,
1245,INFO,📊 Resumen Diario de Cartera,Vigente: 430 préstamos | Vencida: 155 préstamos,[object Object],database,,,0,2026-05-08 19:00:00,
1246,INFO,📊 Resumen Diario de Cartera,Vigente: 430 préstamos | Vencida: 155 préstamos,[object Object],"console,websocket,database",,,0,2026-05-08 19:00:00,
1247,INFO,📊 Resumen Diario de Cartera,Vigente: 434 préstamos | Vencida: 155 préstamos,[object Object],database,,,0,2026-05-08 20:00:00,
1248,INFO,📊 Resumen Diario de Cartera,Vigente: 434 préstamos | Vencida: 155 préstamos,[object Object],"console,websocket,database",,,0,2026-05-08 20:00:00,
1249,INFO,📊 Resumen Diario de Cartera,Vigente: 434 préstamos | Vencida: 155 préstamos,[object Object],database,,,0,2026-05-08 21:00:00,
1250,INFO,📊 Resumen Diario de Cartera,Vigente: 434 préstamos | Vencida: 155 préstamos,[object Object],"console,websocket,database",,,0,2026-05-08 21:00:00,
1251,INFO,📊 Resumen Diario de Cartera,Vigente: 435 préstamos | Vencida: 155 préstamos,[object Object],database,,,0,2026-05-08 22:00:00,
1252,INFO,📊 Resumen Diario de Cartera,Vigente: 435 préstamos | Vencida: 155 préstamos,[object Object],"console,websocket,database",,,0,2026-05-08 22:00:00,
1253,INFO,📊 Resumen Diario de Cartera,Vigente: 436 préstamos | Vencida: 154 préstamos,[object Object],database,,,0,2026-05-08 23:00:00,
1254,INFO,📊 Resumen Diario de Cartera,Vigente: 436 préstamos | Vencida: 154 préstamos,[object Object],"console,websocket,database",,,0,2026-05-08 23:00:00,
1255,INFO,📊 Resumen Diario de Cartera,Vigente: 429 préstamos | Vencida: 162 préstamos,[object Object],database,,,0,2026-05-09 00:00:00,
1256,INFO,📊 Resumen Diario de Cartera,Vigente: 429 préstamos | Vencida: 162 préstamos,[object Object],"console,websocket,database",,,0,2026-05-09 00:00:00,
1257,INFO,📊 Resumen Diario de Cartera,Vigente: 429 préstamos | Vencida: 162 préstamos,[object Object],database,,,0,2026-05-09 01:00:00,
1258,INFO,📊 Resumen Diario de Cartera,Vigente: 429 préstamos | Vencida: 162 préstamos,[object Object],"console,websocket,database",,,0,2026-05-09 01:00:00,
1259,INFO,✅ Proceso de Mora Completado,Proceso automático de mora ejecutado exitosamente en 264ms,[object Object],database,,,0,2026-05-09 02:00:00,
1260,INFO,✅ Proceso de Mora Completado,Proceso automático de mora ejecutado exitosamente en 264ms,[object Object],"console,websocket,database",,,0,2026-05-09 02:00:00,
1261,INFO,📊 Resumen Diario de Cartera,Vigente: 429 préstamos | Vencida: 162 préstamos,[object Object],database,,,0,2026-05-09 14:37:00,
1262,INFO,📊 Resumen Diario de Cartera,Vigente: 429 préstamos | Vencida: 162 préstamos,[object Object],"console,websocket,database",,,0,2026-05-09 14:37:00,
1263,INFO,✅ Proceso de Mora Completado,Proceso automático de mora ejecutado exitosamente en 59ms,[object Object],database,,,0,2026-05-09 14:37:00,
1264,INFO,✅ Proceso de Mora Completado,Proceso automático de mora ejecutado exitosamente en 59ms,[object Object],"console,websocket,database",,,0,2026-05-09 14:37:00,
1265,INFO,📊 Resumen Diario de Cartera,Vigente: 429 préstamos | Vencida: 162 préstamos,[object Object],database,,,0,2026-05-09 14:39:31,
1266,INFO,📊 Resumen Diario de Cartera,Vigente: 429 préstamos | Vencida: 162 préstamos,[object Object],"console,websocket,database",,,0,2026-05-09 14:39:31,
1267,INFO,✅ Proceso de Mora Completado,Proceso automático de mora ejecutado exitosamente en 58ms,[object Object],database,,,0,2026-05-09 14:39:31,
1268,INFO,✅ Proceso de Mora Completado,Proceso automático de mora ejecutado exitosamente en 58ms,[object Object],"console,websocket,database",,,0,2026-05-09 14:39:31,
1269,INFO,📊 Resumen Diario de Cartera,Vigente: 429 préstamos | Vencida: 162 préstamos,[object Object],database,,,0,2026-05-09 14:54:52,
1270,INFO,📊 Resumen Diario de Cartera,Vigente: 429 préstamos | Vencida: 162 préstamos,[object Object],"console,websocket,database",,,0,2026-05-09 14:54:52,
1271,INFO,✅ Proceso de Mora Completado,Proceso automático de mora ejecutado exitosamente en 73ms,[object Object],database,,,0,2026-05-09 14:54:52,
1272,INFO,✅ Proceso de Mora Completado,Proceso automático de mora ejecutado exitosamente en 73ms,[object Object],"console,websocket,database",,,0,2026-05-09 14:54:52,
1273,INFO,📊 Resumen Diario de Cartera,Vigente: 429 préstamos | Vencida: 162 préstamos,[object Object],database,,,0,2026-05-09 15:00:00,
1274,INFO,📊 Resumen Diario de Cartera,Vigente: 429 préstamos | Vencida: 162 préstamos,[object Object],"console,websocket,database",,,0,2026-05-09 15:00:00,
1275,INFO,📊 Resumen Diario de Cartera,Vigente: 429 préstamos | Vencida: 162 préstamos,[object Object],database,,,0,2026-05-09 16:00:00,
1276,INFO,📊 Resumen Diario de Cartera,Vigente: 429 préstamos | Vencida: 162 préstamos,[object Object],"console,websocket,database",,,0,2026-05-09 16:00:00,
1277,INFO,📊 Resumen Diario de Cartera,Vigente: 429 préstamos | Vencida: 162 préstamos,[object Object],database,,,0,2026-05-09 17:00:00,
1278,INFO,📊 Resumen Diario de Cartera,Vigente: 429 préstamos | Vencida: 162 préstamos,[object Object],"console,websocket,database",,,0,2026-05-09 17:00:00,
1279,INFO,📊 Resumen Diario de Cartera,Vigente: 429 préstamos | Vencida: 162 préstamos,[object Object],database,,,0,2026-05-09 17:10:16,
1280,INFO,📊 Resumen Diario de Cartera,Vigente: 429 préstamos | Vencida: 162 préstamos,[object Object],"console,websocket,database",,,0,2026-05-09 17:10:16,
1281,INFO,✅ Proceso de Mora Completado,Proceso automático de mora ejecutado exitosamente en 73ms,[object Object],database,,,0,2026-05-09 17:10:16,
1282,INFO,✅ Proceso de Mora Completado,Proceso automático de mora ejecutado exitosamente en 73ms,[object Object],"console,websocket,database",,,0,2026-05-09 17:10:16,
1283,INFO,📊 Resumen Diario de Cartera,Vigente: 430 préstamos | Vencida: 162 préstamos,[object Object],database,,,0,2026-05-09 17:44:28,
1284,INFO,📊 Resumen Diario de Cartera,Vigente: 430 préstamos | Vencida: 162 préstamos,[object Object],"console,websocket,database",,,0,2026-05-09 17:44:28,
1285,INFO,✅ Proceso de Mora Completado,Proceso automático de mora ejecutado exitosamente en 60ms,[object Object],database,,,0,2026-05-09 17:44:28,
1286,INFO,✅ Proceso de Mora Completado,Proceso automático de mora ejecutado exitosamente en 60ms,[object Object],"console,websocket,database",,,0,2026-05-09 17:44:28,
1287,INFO,📊 Resumen Diario de Cartera,Vigente: 430 préstamos | Vencida: 162 préstamos,[object Object],database,,,0,2026-05-09 18:00:00,
1288,INFO,📊 Resumen Diario de Cartera,Vigente: 430 préstamos | Vencida: 162 préstamos,[object Object],"console,websocket,database",,,0,2026-05-09 18:00:00,
1289,INFO,📊 Resumen Diario de Cartera,Vigente: 430 préstamos | Vencida: 162 préstamos,[object Object],database,,,0,2026-05-09 19:00:00,
1290,INFO,📊 Resumen Diario de Cartera,Vigente: 430 préstamos | Vencida: 162 préstamos,[object Object],"console,websocket,database",,,0,2026-05-09 19:00:00,
1291,INFO,📊 Resumen Diario de Cartera,Vigente: 430 préstamos | Vencida: 162 préstamos,[object Object],database,,,0,2026-05-09 20:00:00,
1292,INFO,📊 Resumen Diario de Cartera,Vigente: 430 préstamos | Vencida: 162 préstamos,[object Object],"console,websocket,database",,,0,2026-05-09 20:00:00,
1293,INFO,📊 Resumen Diario de Cartera,Vigente: 430 préstamos | Vencida: 162 préstamos,[object Object],database,,,0,2026-05-09 21:00:00,
1294,INFO,📊 Resumen Diario de Cartera,Vigente: 430 préstamos | Vencida: 162 préstamos,[object Object],"console,websocket,database",,,0,2026-05-09 21:00:00,
1295,INFO,📊 Resumen Diario de Cartera,Vigente: 430 préstamos | Vencida: 162 préstamos,[object Object],database,,,0,2026-05-09 22:00:00,
1296,INFO,📊 Resumen Diario de Cartera,Vigente: 430 préstamos | Vencida: 162 préstamos,[object Object],"console,websocket,database",,,0,2026-05-09 22:00:00,
1297,INFO,📊 Resumen Diario de Cartera,Vigente: 430 préstamos | Vencida: 162 préstamos,[object Object],database,,,0,2026-05-09 23:00:00,
1298,INFO,📊 Resumen Diario de Cartera,Vigente: 430 préstamos | Vencida: 162 préstamos,[object Object],"console,websocket,database",,,0,2026-05-09 23:00:00,
1299,INFO,📊 Resumen Diario de Cartera,Vigente: 430 préstamos | Vencida: 162 préstamos,[object Object],database,,,0,2026-05-10 00:00:00,
1300,INFO,📊 Resumen Diario de Cartera,Vigente: 430 préstamos | Vencida: 162 préstamos,[object Object],"console,websocket,database",,,0,2026-05-10 00:00:00,
1301,INFO,📊 Resumen Diario de Cartera,Vigente: 430 préstamos | Vencida: 162 préstamos,[object Object],database,,,0,2026-05-10 01:00:00,
1302,INFO,📊 Resumen Diario de Cartera,Vigente: 430 préstamos | Vencida: 162 préstamos,[object Object],"console,websocket,database",,,0,2026-05-10 01:00:00,
1303,INFO,✅ Proceso de Mora Completado,Proceso automático de mora ejecutado exitosamente en 162ms,[object Object],database,,,0,2026-05-10 02:00:00,
1304,INFO,✅ Proceso de Mora Completado,Proceso automático de mora ejecutado exitosamente en 162ms,[object Object],"console,websocket,database",,,0,2026-05-10 02:00:00,
1305,INFO,📊 Resumen Diario de Cartera,Vigente: 430 préstamos | Vencida: 162 préstamos,[object Object],database,,,0,2026-05-10 15:00:00,
1306,INFO,📊 Resumen Diario de Cartera,Vigente: 430 préstamos | Vencida: 162 préstamos,[object Object],"console,websocket,database",,,0,2026-05-10 15:00:00,
1307,INFO,📊 Resumen Diario de Cartera,Vigente: 430 préstamos | Vencida: 162 préstamos,[object Object],database,,,0,2026-05-10 16:00:00,
1308,INFO,📊 Resumen Diario de Cartera,Vigente: 430 préstamos | Vencida: 162 préstamos,[object Object],"console,websocket,database",,,0,2026-05-10 16:00:00,
1309,INFO,📊 Resumen Diario de Cartera,Vigente: 430 préstamos | Vencida: 162 préstamos,[object Object],database,,,0,2026-05-10 17:00:00,
1310,INFO,📊 Resumen Diario de Cartera,Vigente: 430 préstamos | Vencida: 162 préstamos,[object Object],"console,websocket,database",,,0,2026-05-10 17:00:00,
1311,INFO,📊 Resumen Diario de Cartera,Vigente: 430 préstamos | Vencida: 162 préstamos,[object Object],database,,,0,2026-05-10 18:00:00,
1312,INFO,📊 Resumen Diario de Cartera,Vigente: 430 préstamos | Vencida: 162 préstamos,[object Object],"console,websocket,database",,,0,2026-05-10 18:00:00,
1313,INFO,📊 Resumen Diario de Cartera,Vigente: 430 préstamos | Vencida: 162 préstamos,[object Object],database,,,0,2026-05-10 19:00:00,
1314,INFO,📊 Resumen Diario de Cartera,Vigente: 430 préstamos | Vencida: 162 préstamos,[object Object],"console,websocket,database",,,0,2026-05-10 19:00:00,
1315,INFO,📊 Resumen Diario de Cartera,Vigente: 430 préstamos | Vencida: 162 préstamos,[object Object],database,,,0,2026-05-10 20:00:00,
1316,INFO,📊 Resumen Diario de Cartera,Vigente: 430 préstamos | Vencida: 162 préstamos,[object Object],"console,websocket,database",,,0,2026-05-10 20:00:00,
1317,INFO,📊 Resumen Diario de Cartera,Vigente: 430 préstamos | Vencida: 162 préstamos,[object Object],database,,,0,2026-05-10 21:00:00,
1318,INFO,📊 Resumen Diario de Cartera,Vigente: 430 préstamos | Vencida: 162 préstamos,[object Object],"console,websocket,database",,,0,2026-05-10 21:00:00,
1319,INFO,📊 Resumen Diario de Cartera,Vigente: 430 préstamos | Vencida: 162 préstamos,[object Object],database,,,0,2026-05-10 22:00:00,
1320,INFO,📊 Resumen Diario de Cartera,Vigente: 430 préstamos | Vencida: 162 préstamos,[object Object],"console,websocket,database",,,0,2026-05-10 22:00:00,
1321,INFO,📊 Resumen Diario de Cartera,Vigente: 430 préstamos | Vencida: 162 préstamos,[object Object],database,,,0,2026-05-10 23:00:00,
1322,INFO,📊 Resumen Diario de Cartera,Vigente: 430 préstamos | Vencida: 162 préstamos,[object Object],"console,websocket,database",,,0,2026-05-10 23:00:00,
1323,INFO,📊 Resumen Diario de Cartera,Vigente: 430 préstamos | Vencida: 162 préstamos,[object Object],database,,,0,2026-05-11 00:00:00,
1324,INFO,📊 Resumen Diario de Cartera,Vigente: 430 préstamos | Vencida: 162 préstamos,[object Object],"console,websocket,database",,,0,2026-05-11 00:00:00,
1325,INFO,📊 Resumen Diario de Cartera,Vigente: 430 préstamos | Vencida: 162 préstamos,[object Object],database,,,0,2026-05-11 01:00:00,
1326,INFO,📊 Resumen Diario de Cartera,Vigente: 430 préstamos | Vencida: 162 préstamos,[object Object],"console,websocket,database",,,0,2026-05-11 01:00:00,
1327,INFO,✅ Proceso de Mora Completado,Proceso automático de mora ejecutado exitosamente en 159ms,[object Object],database,,,0,2026-05-11 02:00:00,
1328,INFO,✅ Proceso de Mora Completado,Proceso automático de mora ejecutado exitosamente en 159ms,[object Object],"console,websocket,database",,,0,2026-05-11 02:00:00,
1329,INFO,📊 Resumen Diario de Cartera,Vigente: 430 préstamos | Vencida: 162 préstamos,[object Object],database,,,0,2026-05-11 15:00:00,
1330,INFO,📊 Resumen Diario de Cartera,Vigente: 430 préstamos | Vencida: 162 préstamos,[object Object],"console,websocket,database",,,0,2026-05-11 15:00:00,
1331,INFO,📊 Resumen Diario de Cartera,Vigente: 430 préstamos | Vencida: 162 préstamos,[object Object],database,,,0,2026-05-11 16:00:00,
1332,INFO,📊 Resumen Diario de Cartera,Vigente: 430 préstamos | Vencida: 162 préstamos,[object Object],"console,websocket,database",,,0,2026-05-11 16:00:00,
1333,INFO,📊 Resumen Diario de Cartera,Vigente: 430 préstamos | Vencida: 162 préstamos,[object Object],database,,,0,2026-05-11 17:00:01,
1334,INFO,📊 Resumen Diario de Cartera,Vigente: 430 préstamos | Vencida: 162 préstamos,[object Object],"console,websocket,database",,,0,2026-05-11 17:00:01,
1335,INFO,📊 Resumen Diario de Cartera,Vigente: 430 préstamos | Vencida: 162 préstamos,[object Object],database,,,0,2026-05-11 18:00:00,
1336,INFO,📊 Resumen Diario de Cartera,Vigente: 430 préstamos | Vencida: 162 préstamos,[object Object],"console,websocket,database",,,0,2026-05-11 18:00:00,
1337,INFO,📊 Resumen Diario de Cartera,Vigente: 430 préstamos | Vencida: 162 préstamos,[object Object],database,,,0,2026-05-11 19:00:00,
1338,INFO,📊 Resumen Diario de Cartera,Vigente: 430 préstamos | Vencida: 162 préstamos,[object Object],"console,websocket,database",,,0,2026-05-11 19:00:00,
1339,INFO,📊 Resumen Diario de Cartera,Vigente: 430 préstamos | Vencida: 162 préstamos,[object Object],database,,,0,2026-05-11 20:00:00,
1340,INFO,📊 Resumen Diario de Cartera,Vigente: 430 préstamos | Vencida: 162 préstamos,[object Object],"console,websocket,database",,,0,2026-05-11 20:00:00,
1341,INFO,📊 Resumen Diario de Cartera,Vigente: 430 préstamos | Vencida: 162 préstamos,[object Object],database,,,0,2026-05-11 21:00:00,
1342,INFO,📊 Resumen Diario de Cartera,Vigente: 430 préstamos | Vencida: 162 préstamos,[object Object],"console,websocket,database",,,0,2026-05-11 21:00:00,
1343,INFO,📊 Resumen Diario de Cartera,Vigente: 430 préstamos | Vencida: 162 préstamos,[object Object],database,,,0,2026-05-11 22:00:00,
1344,INFO,📊 Resumen Diario de Cartera,Vigente: 430 préstamos | Vencida: 162 préstamos,[object Object],"console,websocket,database",,,0,2026-05-11 22:00:00,
1345,INFO,📊 Resumen Diario de Cartera,Vigente: 430 préstamos | Vencida: 162 préstamos,[object Object],database,,,0,2026-05-11 23:00:00,
1346,INFO,📊 Resumen Diario de Cartera,Vigente: 430 préstamos | Vencida: 162 préstamos,[object Object],"console,websocket,database",,,0,2026-05-11 23:00:00,
1347,INFO,📊 Resumen Diario de Cartera,Vigente: 381 préstamos | Vencida: 211 préstamos,[object Object],database,,,0,2026-05-12 00:00:00,
1348,INFO,📊 Resumen Diario de Cartera,Vigente: 381 préstamos | Vencida: 211 préstamos,[object Object],"console,websocket,database",,,0,2026-05-12 00:00:00,
1349,INFO,📊 Resumen Diario de Cartera,Vigente: 381 préstamos | Vencida: 211 préstamos,[object Object],database,,,0,2026-05-12 01:00:00,
1350,INFO,📊 Resumen Diario de Cartera,Vigente: 381 préstamos | Vencida: 211 préstamos,[object Object],"console,websocket,database",,,0,2026-05-12 01:00:00,
1351,INFO,✅ Proceso de Mora Completado,Proceso automático de mora ejecutado exitosamente en 273ms,[object Object],database,,,0,2026-05-12 02:00:00,
1352,INFO,✅ Proceso de Mora Completado,Proceso automático de mora ejecutado exitosamente en 273ms,[object Object],"console,websocket,database",,,0,2026-05-12 02:00:00,
1353,INFO,📊 Resumen Diario de Cartera,Vigente: 381 préstamos | Vencida: 211 préstamos,[object Object],database,,,0,2026-05-12 15:00:00,
1354,INFO,📊 Resumen Diario de Cartera,Vigente: 381 préstamos | Vencida: 211 préstamos,[object Object],"console,websocket,database",,,0,2026-05-12 15:00:00,
1355,INFO,📊 Resumen Diario de Cartera,Vigente: 381 préstamos | Vencida: 211 préstamos,[object Object],database,,,0,2026-05-12 16:00:00,
1356,INFO,📊 Resumen Diario de Cartera,Vigente: 381 préstamos | Vencida: 211 préstamos,[object Object],"console,websocket,database",,,0,2026-05-12 16:00:00,
1357,INFO,📊 Resumen Diario de Cartera,Vigente: 381 préstamos | Vencida: 211 préstamos,[object Object],database,,,0,2026-05-12 17:00:00,
1358,INFO,📊 Resumen Diario de Cartera,Vigente: 381 préstamos | Vencida: 211 préstamos,[object Object],"console,websocket,database",,,0,2026-05-12 17:00:00,
1359,INFO,📊 Resumen Diario de Cartera,Vigente: 384 préstamos | Vencida: 212 préstamos,[object Object],database,,,0,2026-05-12 18:00:00,
1360,INFO,📊 Resumen Diario de Cartera,Vigente: 384 préstamos | Vencida: 212 préstamos,[object Object],"console,websocket,database",,,0,2026-05-12 18:00:00,
1361,INFO,📊 Resumen Diario de Cartera,Vigente: 389 préstamos | Vencida: 209 préstamos,[object Object],database,,,0,2026-05-12 19:00:00,
1362,INFO,📊 Resumen Diario de Cartera,Vigente: 389 préstamos | Vencida: 209 préstamos,[object Object],"console,websocket,database",,,0,2026-05-12 19:00:00,
1363,INFO,📊 Resumen Diario de Cartera,Vigente: 389 préstamos | Vencida: 209 préstamos,[object Object],database,,,0,2026-05-12 20:00:00,
1364,INFO,📊 Resumen Diario de Cartera,Vigente: 389 préstamos | Vencida: 209 préstamos,[object Object],"console,websocket,database",,,0,2026-05-12 20:00:00,
1365,INFO,📊 Resumen Diario de Cartera,Vigente: 412 préstamos | Vencida: 184 préstamos,[object Object],database,,,0,2026-05-12 21:00:00,
1366,INFO,📊 Resumen Diario de Cartera,Vigente: 412 préstamos | Vencida: 184 préstamos,[object Object],"console,websocket,database",,,0,2026-05-12 21:00:00,
1367,INFO,📊 Resumen Diario de Cartera,Vigente: 412 préstamos | Vencida: 184 préstamos,[object Object],database,,,0,2026-05-12 22:00:00,
1368,INFO,📊 Resumen Diario de Cartera,Vigente: 412 préstamos | Vencida: 184 préstamos,[object Object],"console,websocket,database",,,0,2026-05-12 22:00:00,
1369,INFO,📊 Resumen Diario de Cartera,Vigente: 412 préstamos | Vencida: 184 préstamos,[object Object],database,,,0,2026-05-12 23:00:00,
1370,INFO,📊 Resumen Diario de Cartera,Vigente: 412 préstamos | Vencida: 184 préstamos,[object Object],"console,websocket,database",,,0,2026-05-12 23:00:00,
1371,INFO,📊 Resumen Diario de Cartera,Vigente: 335 préstamos | Vencida: 261 préstamos,[object Object],database,,,0,2026-05-13 00:00:01,
1372,INFO,📊 Resumen Diario de Cartera,Vigente: 335 préstamos | Vencida: 261 préstamos,[object Object],"console,websocket,database",,,0,2026-05-13 00:00:01,
1373,INFO,📊 Resumen Diario de Cartera,Vigente: 335 préstamos | Vencida: 261 préstamos,[object Object],database,,,0,2026-05-13 01:00:00,
1374,INFO,📊 Resumen Diario de Cartera,Vigente: 335 préstamos | Vencida: 261 préstamos,[object Object],"console,websocket,database",,,0,2026-05-13 01:00:00,
1375,INFO,✅ Proceso de Mora Completado,Proceso automático de mora ejecutado exitosamente en 168ms,[object Object],database,,,0,2026-05-13 02:00:00,
1376,INFO,✅ Proceso de Mora Completado,Proceso automático de mora ejecutado exitosamente en 168ms,[object Object],"console,websocket,database",,,0,2026-05-13 02:00:00,
1377,WARNING,🚨 Moras Críticas Detectadas,Se detectaron 12 moras críticas que requieren atención inmediata,[object Object],database,,,0,2026-05-13 04:00:00,
1378,WARNING,🚨 Moras Críticas Detectadas,Se detectaron 12 moras críticas que requieren atención inmediata,[object Object],"console,websocket,database",,,0,2026-05-13 04:00:00,
1379,WARNING,🚨 Moras Críticas Detectadas,Se detectaron 12 moras críticas que requieren atención inmediata,[object Object],database,,,0,2026-05-13 06:00:00,
1380,WARNING,🚨 Moras Críticas Detectadas,Se detectaron 12 moras críticas que requieren atención inmediata,[object Object],"console,websocket,database",,,0,2026-05-13 06:00:00,
1381,WARNING,🚨 Moras Críticas Detectadas,Se detectaron 12 moras críticas que requieren atención inmediata,[object Object],database,,,0,2026-05-13 08:00:00,
1382,WARNING,🚨 Moras Críticas Detectadas,Se detectaron 12 moras críticas que requieren atención inmediata,[object Object],"console,websocket,database",,,0,2026-05-13 08:00:00,
1383,WARNING,🚨 Moras Críticas Detectadas,Se detectaron 12 moras críticas que requieren atención inmediata,[object Object],database,,,0,2026-05-13 10:00:00,
1384,WARNING,🚨 Moras Críticas Detectadas,Se detectaron 12 moras críticas que requieren atención inmediata,[object Object],"console,websocket,database",,,0,2026-05-13 10:00:00,
1385,WARNING,🚨 Moras Críticas Detectadas,Se detectaron 12 moras críticas que requieren atención inmediata,[object Object],database,,,0,2026-05-13 12:00:00,
1386,WARNING,🚨 Moras Críticas Detectadas,Se detectaron 12 moras críticas que requieren atención inmediata,[object Object],"console,websocket,database",,,0,2026-05-13 12:00:00,
1387,WARNING,🚨 Moras Críticas Detectadas,Se detectaron 12 moras críticas que requieren atención inmediata,[object Object],database,,,0,2026-05-13 14:00:00,
1388,WARNING,🚨 Moras Críticas Detectadas,Se detectaron 12 moras críticas que requieren atención inmediata,[object Object],"console,websocket,database",,,0,2026-05-13 14:00:00,
1389,INFO,📊 Resumen Diario de Cartera,Vigente: 335 préstamos | Vencida: 260 préstamos,[object Object],database,,,0,2026-05-13 15:00:00,
1390,INFO,📊 Resumen Diario de Cartera,Vigente: 335 préstamos | Vencida: 260 préstamos,[object Object],"console,websocket,database",,,0,2026-05-13 15:00:00,
1391,WARNING,🚨 Moras Críticas Detectadas,Se detectaron 12 moras críticas que requieren atención inmediata,[object Object],database,,,0,2026-05-13 16:00:00,
1392,WARNING,🚨 Moras Críticas Detectadas,Se detectaron 12 moras críticas que requieren atención inmediata,[object Object],"console,websocket,database",,,0,2026-05-13 16:00:00,
1393,INFO,📊 Resumen Diario de Cartera,Vigente: 346 préstamos | Vencida: 245 préstamos,[object Object],database,,,0,2026-05-13 16:00:00,
1394,INFO,📊 Resumen Diario de Cartera,Vigente: 346 préstamos | Vencida: 245 préstamos,[object Object],"console,websocket,database",,,0,2026-05-13 16:00:00,
1395,INFO,📊 Resumen Diario de Cartera,Vigente: 346 préstamos | Vencida: 245 préstamos,[object Object],database,,,0,2026-05-13 17:00:00,
1396,INFO,📊 Resumen Diario de Cartera,Vigente: 346 préstamos | Vencida: 245 préstamos,[object Object],"console,websocket,database",,,0,2026-05-13 17:00:00,
1397,WARNING,🚨 Moras Críticas Detectadas,Se detectaron 12 moras críticas que requieren atención inmediata,[object Object],database,,,0,2026-05-13 18:00:00,
1398,WARNING,🚨 Moras Críticas Detectadas,Se detectaron 12 moras críticas que requieren atención inmediata,[object Object],"console,websocket,database",,,0,2026-05-13 18:00:00,
1399,INFO,📊 Resumen Diario de Cartera,Vigente: 349 préstamos | Vencida: 242 préstamos,[object Object],database,,,0,2026-05-13 18:00:00,
1400,INFO,📊 Resumen Diario de Cartera,Vigente: 349 préstamos | Vencida: 242 préstamos,[object Object],"console,websocket,database",,,0,2026-05-13 18:00:00,
1401,INFO,📊 Resumen Diario de Cartera,Vigente: 349 préstamos | Vencida: 242 préstamos,[object Object],database,,,0,2026-05-13 19:00:00,
1402,INFO,📊 Resumen Diario de Cartera,Vigente: 349 préstamos | Vencida: 242 préstamos,[object Object],"console,websocket,database",,,0,2026-05-13 19:00:00,
1403,WARNING,🚨 Moras Críticas Detectadas,Se detectaron 12 moras críticas que requieren atención inmediata,[object Object],database,,,0,2026-05-13 20:00:00,
1404,WARNING,🚨 Moras Críticas Detectadas,Se detectaron 12 moras críticas que requieren atención inmediata,[object Object],"console,websocket,database",,,0,2026-05-13 20:00:00,
1405,INFO,📊 Resumen Diario de Cartera,Vigente: 349 préstamos | Vencida: 242 préstamos,[object Object],database,,,0,2026-05-13 20:00:01,
1406,INFO,📊 Resumen Diario de Cartera,Vigente: 349 préstamos | Vencida: 242 préstamos,[object Object],"console,websocket,database",,,0,2026-05-13 20:00:01,
1407,INFO,📊 Resumen Diario de Cartera,Vigente: 349 préstamos | Vencida: 242 préstamos,[object Object],database,,,0,2026-05-13 21:00:00,
1408,INFO,📊 Resumen Diario de Cartera,Vigente: 349 préstamos | Vencida: 242 préstamos,[object Object],"console,websocket,database",,,0,2026-05-13 21:00:00,
1409,WARNING,🚨 Moras Críticas Detectadas,Se detectaron 12 moras críticas que requieren atención inmediata,[object Object],database,,,0,2026-05-13 22:00:00,
1410,WARNING,🚨 Moras Críticas Detectadas,Se detectaron 12 moras críticas que requieren atención inmediata,[object Object],"console,websocket,database",,,0,2026-05-13 22:00:00,
1411,INFO,📊 Resumen Diario de Cartera,Vigente: 349 préstamos | Vencida: 242 préstamos,[object Object],database,,,0,2026-05-13 22:00:00,
1412,INFO,📊 Resumen Diario de Cartera,Vigente: 349 préstamos | Vencida: 242 préstamos,[object Object],"console,websocket,database",,,0,2026-05-13 22:00:00,
1413,INFO,📊 Resumen Diario de Cartera,Vigente: 349 préstamos | Vencida: 242 préstamos,[object Object],database,,,0,2026-05-13 23:00:00,
1414,INFO,📊 Resumen Diario de Cartera,Vigente: 349 préstamos | Vencida: 242 préstamos,[object Object],"console,websocket,database",,,0,2026-05-13 23:00:00,
1415,WARNING,🚨 Moras Críticas Detectadas,Se detectaron 12 moras críticas que requieren atención inmediata,[object Object],database,,,0,2026-05-14 00:00:00,
1416,WARNING,🚨 Moras Críticas Detectadas,Se detectaron 12 moras críticas que requieren atención inmediata,[object Object],"console,websocket,database",,,0,2026-05-14 00:00:00,
1417,INFO,📊 Resumen Diario de Cartera,Vigente: 270 préstamos | Vencida: 321 préstamos,[object Object],database,,,0,2026-05-14 00:00:00,
1418,INFO,📊 Resumen Diario de Cartera,Vigente: 270 préstamos | Vencida: 321 préstamos,[object Object],"console,websocket,database",,,0,2026-05-14 00:00:00,
1419,INFO,📊 Resumen Diario de Cartera,Vigente: 270 préstamos | Vencida: 321 préstamos,[object Object],database,,,0,2026-05-14 01:00:00,
1420,INFO,📊 Resumen Diario de Cartera,Vigente: 270 préstamos | Vencida: 321 préstamos,[object Object],"console,websocket,database",,,0,2026-05-14 01:00:00,
1421,WARNING,🚨 Moras Críticas Detectadas,Se detectaron 12 moras críticas que requieren atención inmediata,[object Object],database,,,0,2026-05-14 02:00:00,
1422,WARNING,🚨 Moras Críticas Detectadas,Se detectaron 12 moras críticas que requieren atención inmediata,[object Object],"console,websocket,database",,,0,2026-05-14 02:00:00,
1423,INFO,✅ Proceso de Mora Completado,Proceso automático de mora ejecutado exitosamente en 184ms,[object Object],database,,,0,2026-05-14 02:00:00,
1424,INFO,✅ Proceso de Mora Completado,Proceso automático de mora ejecutado exitosamente en 184ms,[object Object],"console,websocket,database",,,0,2026-05-14 02:00:00,
1425,WARNING,🚨 Moras Críticas Detectadas,Se detectaron 12 moras críticas que requieren atención inmediata,[object Object],database,,,0,2026-05-14 04:00:00,
1426,WARNING,🚨 Moras Críticas Detectadas,Se detectaron 12 moras críticas que requieren atención inmediata,[object Object],"console,websocket,database",,,0,2026-05-14 04:00:00,
1427,WARNING,🚨 Moras Críticas Detectadas,Se detectaron 12 moras críticas que requieren atención inmediata,[object Object],database,,,0,2026-05-14 06:00:00,
1428,WARNING,🚨 Moras Críticas Detectadas,Se detectaron 12 moras críticas que requieren atención inmediata,[object Object],"console,websocket,database",,,0,2026-05-14 06:00:00,
1429,WARNING,🚨 Moras Críticas Detectadas,Se detectaron 12 moras críticas que requieren atención inmediata,[object Object],database,,,0,2026-05-14 08:00:00,
1430,WARNING,🚨 Moras Críticas Detectadas,Se detectaron 12 moras críticas que requieren atención inmediata,[object Object],"console,websocket,database",,,0,2026-05-14 08:00:00,
1431,WARNING,🚨 Moras Críticas Detectadas,Se detectaron 12 moras críticas que requieren atención inmediata,[object Object],database,,,0,2026-05-14 10:00:00,
1432,WARNING,🚨 Moras Críticas Detectadas,Se detectaron 12 moras críticas que requieren atención inmediata,[object Object],"console,websocket,database",,,0,2026-05-14 10:00:00,
1433,WARNING,🚨 Moras Críticas Detectadas,Se detectaron 12 moras críticas que requieren atención inmediata,[object Object],database,,,0,2026-05-14 12:00:00,
1434,WARNING,🚨 Moras Críticas Detectadas,Se detectaron 12 moras críticas que requieren atención inmediata,[object Object],"console,websocket,database",,,0,2026-05-14 12:00:00,
1435,WARNING,🚨 Moras Críticas Detectadas,Se detectaron 12 moras críticas que requieren atención inmediata,[object Object],database,,,0,2026-05-14 14:00:00,
1436,WARNING,🚨 Moras Críticas Detectadas,Se detectaron 12 moras críticas que requieren atención inmediata,[object Object],"console,websocket,database",,,0,2026-05-14 14:00:00,
1437,INFO,📊 Resumen Diario de Cartera,Vigente: 271 préstamos | Vencida: 319 préstamos,[object Object],database,,,0,2026-05-14 15:00:00,
1438,INFO,📊 Resumen Diario de Cartera,Vigente: 271 préstamos | Vencida: 319 préstamos,[object Object],"console,websocket,database",,,0,2026-05-14 15:00:00,
1439,WARNING,🚨 Moras Críticas Detectadas,Se detectaron 12 moras críticas que requieren atención inmediata,[object Object],database,,,0,2026-05-14 16:00:00,
1440,WARNING,🚨 Moras Críticas Detectadas,Se detectaron 12 moras críticas que requieren atención inmediata,[object Object],"console,websocket,database",,,0,2026-05-14 16:00:00,
1441,INFO,📊 Resumen Diario de Cartera,Vigente: 276 préstamos | Vencida: 316 préstamos,[object Object],database,,,0,2026-05-14 16:00:00,
1442,INFO,📊 Resumen Diario de Cartera,Vigente: 276 préstamos | Vencida: 316 préstamos,[object Object],"console,websocket,database",,,0,2026-05-14 16:00:00,
1443,INFO,📊 Resumen Diario de Cartera,Vigente: 281 préstamos | Vencida: 312 préstamos,[object Object],database,,,0,2026-05-14 17:00:00,
1444,INFO,📊 Resumen Diario de Cartera,Vigente: 281 préstamos | Vencida: 312 préstamos,[object Object],"console,websocket,database",,,0,2026-05-14 17:00:00,
1445,WARNING,🚨 Moras Críticas Detectadas,Se detectaron 12 moras críticas que requieren atención inmediata,[object Object],database,,,0,2026-05-14 18:00:00,
1446,WARNING,🚨 Moras Críticas Detectadas,Se detectaron 12 moras críticas que requieren atención inmediata,[object Object],"console,websocket,database",,,0,2026-05-14 18:00:00,
1447,INFO,📊 Resumen Diario de Cartera,Vigente: 281 préstamos | Vencida: 312 préstamos,[object Object],database,,,0,2026-05-14 18:00:00,
1448,INFO,📊 Resumen Diario de Cartera,Vigente: 281 préstamos | Vencida: 312 préstamos,[object Object],"console,websocket,database",,,0,2026-05-14 18:00:00,
1449,INFO,📊 Resumen Diario de Cartera,Vigente: 316 préstamos | Vencida: 276 préstamos,[object Object],database,,,0,2026-05-14 19:00:00,
1450,INFO,📊 Resumen Diario de Cartera,Vigente: 316 préstamos | Vencida: 276 préstamos,[object Object],"console,websocket,database",,,0,2026-05-14 19:00:00,
1451,WARNING,🚨 Moras Críticas Detectadas,Se detectaron 12 moras críticas que requieren atención inmediata,[object Object],database,,,0,2026-05-14 20:00:00,
1452,WARNING,🚨 Moras Críticas Detectadas,Se detectaron 12 moras críticas que requieren atención inmediata,[object Object],"console,websocket,database",,,0,2026-05-14 20:00:00,
1453,INFO,📊 Resumen Diario de Cartera,Vigente: 316 préstamos | Vencida: 276 préstamos,[object Object],database,,,0,2026-05-14 20:00:01,
1454,INFO,📊 Resumen Diario de Cartera,Vigente: 316 préstamos | Vencida: 276 préstamos,[object Object],"console,websocket,database",,,0,2026-05-14 20:00:01,
1455,INFO,📊 Resumen Diario de Cartera,Vigente: 319 préstamos | Vencida: 271 préstamos,[object Object],database,,,0,2026-05-14 21:00:00,
1456,INFO,📊 Resumen Diario de Cartera,Vigente: 319 préstamos | Vencida: 271 préstamos,[object Object],"console,websocket,database",,,0,2026-05-14 21:00:00,
1457,WARNING,🚨 Moras Críticas Detectadas,Se detectaron 12 moras críticas que requieren atención inmediata,[object Object],database,,,0,2026-05-14 22:00:00,
1458,WARNING,🚨 Moras Críticas Detectadas,Se detectaron 12 moras críticas que requieren atención inmediata,[object Object],"console,websocket,database",,,0,2026-05-14 22:00:00,
1459,INFO,📊 Resumen Diario de Cartera,Vigente: 338 préstamos | Vencida: 251 préstamos,[object Object],database,,,0,2026-05-14 22:00:00,
1460,INFO,📊 Resumen Diario de Cartera,Vigente: 338 préstamos | Vencida: 251 préstamos,[object Object],"console,websocket,database",,,0,2026-05-14 22:00:00,
1461,INFO,📊 Resumen Diario de Cartera,Vigente: 345 préstamos | Vencida: 245 préstamos,[object Object],database,,,0,2026-05-14 23:00:00,
1462,INFO,📊 Resumen Diario de Cartera,Vigente: 345 préstamos | Vencida: 245 préstamos,[object Object],"console,websocket,database",,,0,2026-05-14 23:00:00,
1463,WARNING,🚨 Moras Críticas Detectadas,Se detectaron 12 moras críticas que requieren atención inmediata,[object Object],database,,,0,2026-05-15 00:00:00,
1464,WARNING,🚨 Moras Críticas Detectadas,Se detectaron 12 moras críticas que requieren atención inmediata,[object Object],"console,websocket,database",,,0,2026-05-15 00:00:00,
1465,INFO,📊 Resumen Diario de Cartera,Vigente: 324 préstamos | Vencida: 266 préstamos,[object Object],database,,,0,2026-05-15 00:00:00,
1466,INFO,📊 Resumen Diario de Cartera,Vigente: 324 préstamos | Vencida: 266 préstamos,[object Object],"console,websocket,database",,,0,2026-05-15 00:00:00,
1467,INFO,📊 Resumen Diario de Cartera,Vigente: 324 préstamos | Vencida: 266 préstamos,[object Object],database,,,0,2026-05-15 01:00:00,
1468,INFO,📊 Resumen Diario de Cartera,Vigente: 324 préstamos | Vencida: 266 préstamos,[object Object],"console,websocket,database",,,0,2026-05-15 01:00:00,
1469,WARNING,🚨 Moras Críticas Detectadas,Se detectaron 12 moras críticas que requieren atención inmediata,[object Object],database,,,0,2026-05-15 02:00:00,
1470,WARNING,🚨 Moras Críticas Detectadas,Se detectaron 12 moras críticas que requieren atención inmediata,[object Object],"console,websocket,database",,,0,2026-05-15 02:00:00,
1471,INFO,✅ Proceso de Mora Completado,Proceso automático de mora ejecutado exitosamente en 244ms,[object Object],database,,,0,2026-05-15 02:00:00,
1472,INFO,✅ Proceso de Mora Completado,Proceso automático de mora ejecutado exitosamente en 244ms,[object Object],"console,websocket,database",,,0,2026-05-15 02:00:00,
1473,WARNING,🚨 Moras Críticas Detectadas,Se detectaron 12 moras críticas que requieren atención inmediata,[object Object],database,,,0,2026-05-15 04:00:00,
1474,WARNING,🚨 Moras Críticas Detectadas,Se detectaron 12 moras críticas que requieren atención inmediata,[object Object],"console,websocket,database",,,0,2026-05-15 04:00:00,
1475,WARNING,🚨 Moras Críticas Detectadas,Se detectaron 12 moras críticas que requieren atención inmediata,[object Object],database,,,0,2026-05-15 06:00:00,
1476,WARNING,🚨 Moras Críticas Detectadas,Se detectaron 12 moras críticas que requieren atención inmediata,[object Object],"console,websocket,database",,,0,2026-05-15 06:00:00,
1477,WARNING,🚨 Moras Críticas Detectadas,Se detectaron 12 moras críticas que requieren atención inmediata,[object Object],database,,,0,2026-05-15 08:00:00,
1478,WARNING,🚨 Moras Críticas Detectadas,Se detectaron 12 moras críticas que requieren atención inmediata,[object Object],"console,websocket,database",,,0,2026-05-15 08:00:00,
1479,WARNING,🚨 Moras Críticas Detectadas,Se detectaron 12 moras críticas que requieren atención inmediata,[object Object],database,,,0,2026-05-15 10:00:00,
1480,WARNING,🚨 Moras Críticas Detectadas,Se detectaron 12 moras críticas que requieren atención inmediata,[object Object],"console,websocket,database",,,0,2026-05-15 10:00:00,
1481,WARNING,🚨 Moras Críticas Detectadas,Se detectaron 12 moras críticas que requieren atención inmediata,[object Object],database,,,0,2026-05-15 12:00:00,
1482,WARNING,🚨 Moras Críticas Detectadas,Se detectaron 12 moras críticas que requieren atención inmediata,[object Object],"console,websocket,database",,,0,2026-05-15 12:00:00,
1483,WARNING,🚨 Moras Críticas Detectadas,Se detectaron 12 moras críticas que requieren atención inmediata,[object Object],database,,,0,2026-05-15 14:00:00,
1484,WARNING,🚨 Moras Críticas Detectadas,Se detectaron 12 moras críticas que requieren atención inmediata,[object Object],"console,websocket,database",,,0,2026-05-15 14:00:00,
1485,INFO,📊 Resumen Diario de Cartera,Vigente: 324 préstamos | Vencida: 266 préstamos,[object Object],database,,,0,2026-05-15 15:00:00,
1486,INFO,📊 Resumen Diario de Cartera,Vigente: 324 préstamos | Vencida: 266 préstamos,[object Object],"console,websocket,database",,,0,2026-05-15 15:00:00,
1487,WARNING,🚨 Moras Críticas Detectadas,Se detectaron 12 moras críticas que requieren atención inmediata,[object Object],database,,,0,2026-05-15 16:00:00,
1488,WARNING,🚨 Moras Críticas Detectadas,Se detectaron 12 moras críticas que requieren atención inmediata,[object Object],"console,websocket,database",,,0,2026-05-15 16:00:00,
1489,INFO,📊 Resumen Diario de Cartera,Vigente: 324 préstamos | Vencida: 266 préstamos,[object Object],database,,,0,2026-05-15 16:00:00,
1490,INFO,📊 Resumen Diario de Cartera,Vigente: 324 préstamos | Vencida: 266 préstamos,[object Object],"console,websocket,database",,,0,2026-05-15 16:00:00,
1491,INFO,📊 Resumen Diario de Cartera,Vigente: 324 préstamos | Vencida: 266 préstamos,[object Object],database,,,0,2026-05-15 17:00:00,
1492,INFO,📊 Resumen Diario de Cartera,Vigente: 324 préstamos | Vencida: 266 préstamos,[object Object],"console,websocket,database",,,0,2026-05-15 17:00:00,
1493,WARNING,🚨 Moras Críticas Detectadas,Se detectaron 12 moras críticas que requieren atención inmediata,[object Object],database,,,0,2026-05-15 18:00:00,
1494,WARNING,🚨 Moras Críticas Detectadas,Se detectaron 12 moras críticas que requieren atención inmediata,[object Object],"console,websocket,database",,,0,2026-05-15 18:00:00,
1495,INFO,📊 Resumen Diario de Cartera,Vigente: 323 préstamos | Vencida: 266 préstamos,[object Object],database,,,0,2026-05-15 18:00:00,
1496,INFO,📊 Resumen Diario de Cartera,Vigente: 323 préstamos | Vencida: 266 préstamos,[object Object],"console,websocket,database",,,0,2026-05-15 18:00:00,
1497,INFO,📊 Resumen Diario de Cartera,Vigente: 323 préstamos | Vencida: 266 préstamos,[object Object],database,,,0,2026-05-15 19:00:00,
1498,INFO,📊 Resumen Diario de Cartera,Vigente: 323 préstamos | Vencida: 266 préstamos,[object Object],"console,websocket,database",,,0,2026-05-15 19:00:00,
1499,WARNING,🚨 Moras Críticas Detectadas,Se detectaron 12 moras críticas que requieren atención inmediata,[object Object],database,,,0,2026-05-15 20:00:00,
1500,WARNING,🚨 Moras Críticas Detectadas,Se detectaron 12 moras críticas que requieren atención inmediata,[object Object],"console,websocket,database",,,0,2026-05-15 20:00:00,
1501,INFO,📊 Resumen Diario de Cartera,Vigente: 323 préstamos | Vencida: 266 préstamos,[object Object],database,,,0,2026-05-15 20:00:00,
1502,INFO,📊 Resumen Diario de Cartera,Vigente: 323 préstamos | Vencida: 266 préstamos,[object Object],"console,websocket,database",,,0,2026-05-15 20:00:00,
1503,INFO,📊 Resumen Diario de Cartera,Vigente: 323 préstamos | Vencida: 266 préstamos,[object Object],database,,,0,2026-05-15 21:00:00,
1504,INFO,📊 Resumen Diario de Cartera,Vigente: 323 préstamos | Vencida: 266 préstamos,[object Object],"console,websocket,database",,,0,2026-05-15 21:00:00,
1505,WARNING,🚨 Moras Críticas Detectadas,Se detectaron 12 moras críticas que requieren atención inmediata,[object Object],database,,,0,2026-05-15 22:00:00,
1506,WARNING,🚨 Moras Críticas Detectadas,Se detectaron 12 moras críticas que requieren atención inmediata,[object Object],"console,websocket,database",,,0,2026-05-15 22:00:00,
1507,INFO,📊 Resumen Diario de Cartera,Vigente: 328 préstamos | Vencida: 264 préstamos,[object Object],database,,,0,2026-05-15 22:00:00,
1508,INFO,📊 Resumen Diario de Cartera,Vigente: 328 préstamos | Vencida: 264 préstamos,[object Object],"console,websocket,database",,,0,2026-05-15 22:00:00,
1509,INFO,📊 Resumen Diario de Cartera,Vigente: 328 préstamos | Vencida: 264 préstamos,[object Object],database,,,0,2026-05-15 23:00:00,
1510,INFO,📊 Resumen Diario de Cartera,Vigente: 328 préstamos | Vencida: 264 préstamos,[object Object],"console,websocket,database",,,0,2026-05-15 23:00:00,
1511,WARNING,🚨 Moras Críticas Detectadas,Se detectaron 12 moras críticas que requieren atención inmediata,[object Object],database,,,0,2026-05-16 00:00:00,
1512,WARNING,🚨 Moras Críticas Detectadas,Se detectaron 12 moras críticas que requieren atención inmediata,[object Object],"console,websocket,database",,,0,2026-05-16 00:00:00,
1513,INFO,📊 Resumen Diario de Cartera,Vigente: 328 préstamos | Vencida: 264 préstamos,[object Object],database,,,0,2026-05-16 00:00:00,
1514,INFO,📊 Resumen Diario de Cartera,Vigente: 328 préstamos | Vencida: 264 préstamos,[object Object],"console,websocket,database",,,0,2026-05-16 00:00:00,
1515,INFO,📊 Resumen Diario de Cartera,Vigente: 328 préstamos | Vencida: 264 préstamos,[object Object],database,,,0,2026-05-16 01:00:00,
1516,INFO,📊 Resumen Diario de Cartera,Vigente: 328 préstamos | Vencida: 264 préstamos,[object Object],"console,websocket,database",,,0,2026-05-16 01:00:00,
1517,WARNING,🚨 Moras Críticas Detectadas,Se detectaron 12 moras críticas que requieren atención inmediata,[object Object],database,,,0,2026-05-16 02:00:00,
1518,WARNING,🚨 Moras Críticas Detectadas,Se detectaron 12 moras críticas que requieren atención inmediata,[object Object],"console,websocket,database",,,0,2026-05-16 02:00:00,
1519,INFO,✅ Proceso de Mora Completado,Proceso automático de mora ejecutado exitosamente en 298ms,[object Object],database,,,0,2026-05-16 02:00:00,
1520,INFO,✅ Proceso de Mora Completado,Proceso automático de mora ejecutado exitosamente en 298ms,[object Object],"console,websocket,database",,,0,2026-05-16 02:00:00,
1521,WARNING,🚨 Moras Críticas Detectadas,Se detectaron 12 moras críticas que requieren atención inmediata,[object Object],database,,,0,2026-05-16 04:00:00,
1522,WARNING,🚨 Moras Críticas Detectadas,Se detectaron 12 moras críticas que requieren atención inmediata,[object Object],"console,websocket,database",,,0,2026-05-16 04:00:00,
1523,WARNING,🚨 Moras Críticas Detectadas,Se detectaron 12 moras críticas que requieren atención inmediata,[object Object],database,,,0,2026-05-16 06:00:00,
1524,WARNING,🚨 Moras Críticas Detectadas,Se detectaron 12 moras críticas que requieren atención inmediata,[object Object],"console,websocket,database",,,0,2026-05-16 06:00:00,
1525,WARNING,🚨 Moras Críticas Detectadas,Se detectaron 12 moras críticas que requieren atención inmediata,[object Object],database,,,0,2026-05-16 08:00:00,
1526,WARNING,🚨 Moras Críticas Detectadas,Se detectaron 12 moras críticas que requieren atención inmediata,[object Object],"console,websocket,database",,,0,2026-05-16 08:00:00,
1527,WARNING,🚨 Moras Críticas Detectadas,Se detectaron 12 moras críticas que requieren atención inmediata,[object Object],database,,,0,2026-05-16 10:00:00,
1528,WARNING,🚨 Moras Críticas Detectadas,Se detectaron 12 moras críticas que requieren atención inmediata,[object Object],"console,websocket,database",,,0,2026-05-16 10:00:00,
1529,WARNING,🚨 Moras Críticas Detectadas,Se detectaron 12 moras críticas que requieren atención inmediata,[object Object],database,,,0,2026-05-16 12:00:00,
1530,WARNING,🚨 Moras Críticas Detectadas,Se detectaron 12 moras críticas que requieren atención inmediata,[object Object],"console,websocket,database",,,0,2026-05-16 12:00:00,
1531,WARNING,🚨 Moras Críticas Detectadas,Se detectaron 12 moras críticas que requieren atención inmediata,[object Object],database,,,0,2026-05-16 14:00:00,
1532,WARNING,🚨 Moras Críticas Detectadas,Se detectaron 12 moras críticas que requieren atención inmediata,[object Object],"console,websocket,database",,,0,2026-05-16 14:00:00,
1533,INFO,📊 Resumen Diario de Cartera,Vigente: 326 préstamos | Vencida: 264 préstamos,[object Object],database,,,0,2026-05-16 15:00:00,
1534,INFO,📊 Resumen Diario de Cartera,Vigente: 326 préstamos | Vencida: 264 préstamos,[object Object],"console,websocket,database",,,0,2026-05-16 15:00:00,
1535,WARNING,🚨 Moras Críticas Detectadas,Se detectaron 12 moras críticas que requieren atención inmediata,[object Object],database,,,0,2026-05-16 16:00:00,
1536,WARNING,🚨 Moras Críticas Detectadas,Se detectaron 12 moras críticas que requieren atención inmediata,[object Object],"console,websocket,database",,,0,2026-05-16 16:00:00,
1537,INFO,📊 Resumen Diario de Cartera,Vigente: 326 préstamos | Vencida: 264 préstamos,[object Object],database,,,0,2026-05-16 16:00:00,
1538,INFO,📊 Resumen Diario de Cartera,Vigente: 326 préstamos | Vencida: 264 préstamos,[object Object],"console,websocket,database",,,0,2026-05-16 16:00:00,
1539,INFO,📊 Resumen Diario de Cartera,Vigente: 326 préstamos | Vencida: 264 préstamos,[object Object],database,,,0,2026-05-16 17:00:00,
1540,INFO,📊 Resumen Diario de Cartera,Vigente: 326 préstamos | Vencida: 264 préstamos,[object Object],"console,websocket,database",,,0,2026-05-16 17:00:00,
1541,WARNING,🚨 Moras Críticas Detectadas,Se detectaron 12 moras críticas que requieren atención inmediata,[object Object],database,,,0,2026-05-16 18:00:00,
1542,WARNING,🚨 Moras Críticas Detectadas,Se detectaron 12 moras críticas que requieren atención inmediata,[object Object],"console,websocket,database",,,0,2026-05-16 18:00:00,
1543,INFO,📊 Resumen Diario de Cartera,Vigente: 329 préstamos | Vencida: 264 préstamos,[object Object],database,,,0,2026-05-16 18:00:00,
1544,INFO,📊 Resumen Diario de Cartera,Vigente: 329 préstamos | Vencida: 264 préstamos,[object Object],"console,websocket,database",,,0,2026-05-16 18:00:00,
1545,INFO,📊 Resumen Diario de Cartera,Vigente: 329 préstamos | Vencida: 264 préstamos,[object Object],database,,,0,2026-05-16 19:00:00,
1546,INFO,📊 Resumen Diario de Cartera,Vigente: 329 préstamos | Vencida: 264 préstamos,[object Object],"console,websocket,database",,,0,2026-05-16 19:00:00,
1547,WARNING,🚨 Moras Críticas Detectadas,Se detectaron 12 moras críticas que requieren atención inmediata,[object Object],database,,,0,2026-05-16 20:00:00,
1548,WARNING,🚨 Moras Críticas Detectadas,Se detectaron 12 moras críticas que requieren atención inmediata,[object Object],"console,websocket,database",,,0,2026-05-16 20:00:00,
1549,INFO,📊 Resumen Diario de Cartera,Vigente: 329 préstamos | Vencida: 264 préstamos,[object Object],database,,,0,2026-05-16 20:00:00,
1550,INFO,📊 Resumen Diario de Cartera,Vigente: 329 préstamos | Vencida: 264 préstamos,[object Object],"console,websocket,database",,,0,2026-05-16 20:00:00,
1551,INFO,📊 Resumen Diario de Cartera,Vigente: 329 préstamos | Vencida: 264 préstamos,[object Object],database,,,0,2026-05-16 21:00:00,
1552,INFO,📊 Resumen Diario de Cartera,Vigente: 329 préstamos | Vencida: 264 préstamos,[object Object],"console,websocket,database",,,0,2026-05-16 21:00:00,
1553,WARNING,🚨 Moras Críticas Detectadas,Se detectaron 12 moras críticas que requieren atención inmediata,[object Object],database,,,0,2026-05-16 22:00:00,
1554,WARNING,🚨 Moras Críticas Detectadas,Se detectaron 12 moras críticas que requieren atención inmediata,[object Object],"console,websocket,database",,,0,2026-05-16 22:00:00,
1555,INFO,📊 Resumen Diario de Cartera,Vigente: 329 préstamos | Vencida: 264 préstamos,[object Object],database,,,0,2026-05-16 22:00:00,
1556,INFO,📊 Resumen Diario de Cartera,Vigente: 329 préstamos | Vencida: 264 préstamos,[object Object],"console,websocket,database",,,0,2026-05-16 22:00:00,
1557,INFO,📊 Resumen Diario de Cartera,Vigente: 329 préstamos | Vencida: 264 préstamos,[object Object],database,,,0,2026-05-16 23:00:00,
1558,INFO,📊 Resumen Diario de Cartera,Vigente: 329 préstamos | Vencida: 264 préstamos,[object Object],"console,websocket,database",,,0,2026-05-16 23:00:00,
1559,WARNING,🚨 Moras Críticas Detectadas,Se detectaron 12 moras críticas que requieren atención inmediata,[object Object],database,,,0,2026-05-17 00:00:00,
1560,WARNING,🚨 Moras Críticas Detectadas,Se detectaron 12 moras críticas que requieren atención inmediata,[object Object],"console,websocket,database",,,0,2026-05-17 00:00:00,
1561,INFO,📊 Resumen Diario de Cartera,Vigente: 329 préstamos | Vencida: 264 préstamos,[object Object],database,,,0,2026-05-17 00:00:00,
1562,INFO,📊 Resumen Diario de Cartera,Vigente: 329 préstamos | Vencida: 264 préstamos,[object Object],"console,websocket,database",,,0,2026-05-17 00:00:00,
1563,INFO,📊 Resumen Diario de Cartera,Vigente: 329 préstamos | Vencida: 264 préstamos,[object Object],database,,,0,2026-05-17 01:00:00,
1564,INFO,📊 Resumen Diario de Cartera,Vigente: 329 préstamos | Vencida: 264 préstamos,[object Object],"console,websocket,database",,,0,2026-05-17 01:00:00,
1565,WARNING,🚨 Moras Críticas Detectadas,Se detectaron 12 moras críticas que requieren atención inmediata,[object Object],database,,,0,2026-05-17 02:00:00,
1566,WARNING,🚨 Moras Críticas Detectadas,Se detectaron 12 moras críticas que requieren atención inmediata,[object Object],"console,websocket,database",,,0,2026-05-17 02:00:00,
1567,INFO,✅ Proceso de Mora Completado,Proceso automático de mora ejecutado exitosamente en 329ms,[object Object],database,,,0,2026-05-17 02:00:00,
1568,INFO,✅ Proceso de Mora Completado,Proceso automático de mora ejecutado exitosamente en 329ms,[object Object],"console,websocket,database",,,0,2026-05-17 02:00:00,
1569,WARNING,🚨 Moras Críticas Detectadas,Se detectaron 12 moras críticas que requieren atención inmediata,[object Object],database,,,0,2026-05-17 04:00:00,
1570,WARNING,🚨 Moras Críticas Detectadas,Se detectaron 12 moras críticas que requieren atención inmediata,[object Object],"console,websocket,database",,,0,2026-05-17 04:00:00,
1571,WARNING,🚨 Moras Críticas Detectadas,Se detectaron 12 moras críticas que requieren atención inmediata,[object Object],database,,,0,2026-05-17 06:00:00,
1572,WARNING,🚨 Moras Críticas Detectadas,Se detectaron 12 moras críticas que requieren atención inmediata,[object Object],"console,websocket,database",,,0,2026-05-17 06:00:00,
1573,WARNING,🚨 Moras Críticas Detectadas,Se detectaron 12 moras críticas que requieren atención inmediata,[object Object],database,,,0,2026-05-17 08:00:00,
1574,WARNING,🚨 Moras Críticas Detectadas,Se detectaron 12 moras críticas que requieren atención inmediata,[object Object],"console,websocket,database",,,0,2026-05-17 08:00:00,
1575,WARNING,🚨 Moras Críticas Detectadas,Se detectaron 12 moras críticas que requieren atención inmediata,[object Object],database,,,0,2026-05-17 10:00:00,
1576,WARNING,🚨 Moras Críticas Detectadas,Se detectaron 12 moras críticas que requieren atención inmediata,[object Object],"console,websocket,database",,,0,2026-05-17 10:00:00,
1577,WARNING,🚨 Moras Críticas Detectadas,Se detectaron 12 moras críticas que requieren atención inmediata,[object Object],database,,,0,2026-05-17 12:00:00,
1578,WARNING,🚨 Moras Críticas Detectadas,Se detectaron 12 moras críticas que requieren atención inmediata,[object Object],"console,websocket,database",,,0,2026-05-17 12:00:00,
1579,WARNING,🚨 Moras Críticas Detectadas,Se detectaron 12 moras críticas que requieren atención inmediata,[object Object],database,,,0,2026-05-17 14:00:00,
1580,WARNING,🚨 Moras Críticas Detectadas,Se detectaron 12 moras críticas que requieren atención inmediata,[object Object],"console,websocket,database",,,0,2026-05-17 14:00:00,
1581,INFO,📊 Resumen Diario de Cartera,Vigente: 329 préstamos | Vencida: 264 préstamos,[object Object],database,,,0,2026-05-17 15:00:00,
1582,INFO,📊 Resumen Diario de Cartera,Vigente: 329 préstamos | Vencida: 264 préstamos,[object Object],"console,websocket,database",,,0,2026-05-17 15:00:00,
1583,WARNING,🚨 Moras Críticas Detectadas,Se detectaron 12 moras críticas que requieren atención inmediata,[object Object],database,,,0,2026-05-17 16:00:00,
1584,WARNING,🚨 Moras Críticas Detectadas,Se detectaron 12 moras críticas que requieren atención inmediata,[object Object],"console,websocket,database",,,0,2026-05-17 16:00:00,
1585,INFO,📊 Resumen Diario de Cartera,Vigente: 329 préstamos | Vencida: 264 préstamos,[object Object],database,,,0,2026-05-17 16:00:00,
1586,INFO,📊 Resumen Diario de Cartera,Vigente: 329 préstamos | Vencida: 264 préstamos,[object Object],"console,websocket,database",,,0,2026-05-17 16:00:00,
1587,INFO,📊 Resumen Diario de Cartera,Vigente: 329 préstamos | Vencida: 264 préstamos,[object Object],database,,,0,2026-05-17 17:00:00,
1588,INFO,📊 Resumen Diario de Cartera,Vigente: 329 préstamos | Vencida: 264 préstamos,[object Object],"console,websocket,database",,,0,2026-05-17 17:00:00,
1589,WARNING,🚨 Moras Críticas Detectadas,Se detectaron 12 moras críticas que requieren atención inmediata,[object Object],database,,,0,2026-05-17 18:00:00,
1590,WARNING,🚨 Moras Críticas Detectadas,Se detectaron 12 moras críticas que requieren atención inmediata,[object Object],"console,websocket,database",,,0,2026-05-17 18:00:00,
1591,INFO,📊 Resumen Diario de Cartera,Vigente: 329 préstamos | Vencida: 264 préstamos,[object Object],database,,,0,2026-05-17 18:00:00,
1592,INFO,📊 Resumen Diario de Cartera,Vigente: 329 préstamos | Vencida: 264 préstamos,[object Object],"console,websocket,database",,,0,2026-05-17 18:00:00,
1593,INFO,📊 Resumen Diario de Cartera,Vigente: 329 préstamos | Vencida: 264 préstamos,[object Object],database,,,0,2026-05-17 19:00:00,
1594,INFO,📊 Resumen Diario de Cartera,Vigente: 329 préstamos | Vencida: 264 préstamos,[object Object],"console,websocket,database",,,0,2026-05-17 19:00:00,
1595,WARNING,🚨 Moras Críticas Detectadas,Se detectaron 12 moras críticas que requieren atención inmediata,[object Object],database,,,0,2026-05-17 20:00:00,
1596,WARNING,🚨 Moras Críticas Detectadas,Se detectaron 12 moras críticas que requieren atención inmediata,[object Object],"console,websocket,database",,,0,2026-05-17 20:00:00,
1597,INFO,📊 Resumen Diario de Cartera,Vigente: 329 préstamos | Vencida: 264 préstamos,[object Object],database,,,0,2026-05-17 20:00:00,
1598,INFO,📊 Resumen Diario de Cartera,Vigente: 329 préstamos | Vencida: 264 préstamos,[object Object],"console,websocket,database",,,0,2026-05-17 20:00:00,
1599,INFO,📊 Resumen Diario de Cartera,Vigente: 329 préstamos | Vencida: 264 préstamos,[object Object],database,,,0,2026-05-17 21:00:00,
1600,INFO,📊 Resumen Diario de Cartera,Vigente: 329 préstamos | Vencida: 264 préstamos,[object Object],"console,websocket,database",,,0,2026-05-17 21:00:00,
1601,WARNING,🚨 Moras Críticas Detectadas,Se detectaron 12 moras críticas que requieren atención inmediata,[object Object],database,,,0,2026-05-17 22:00:00,
1602,WARNING,🚨 Moras Críticas Detectadas,Se detectaron 12 moras críticas que requieren atención inmediata,[object Object],"console,websocket,database",,,0,2026-05-17 22:00:00,
1603,INFO,📊 Resumen Diario de Cartera,Vigente: 329 préstamos | Vencida: 264 préstamos,[object Object],database,,,0,2026-05-17 22:00:00,
1604,INFO,📊 Resumen Diario de Cartera,Vigente: 329 préstamos | Vencida: 264 préstamos,[object Object],"console,websocket,database",,,0,2026-05-17 22:00:00,
1605,INFO,📊 Resumen Diario de Cartera,Vigente: 329 préstamos | Vencida: 264 préstamos,[object Object],database,,,0,2026-05-17 23:00:00,
1606,INFO,📊 Resumen Diario de Cartera,Vigente: 329 préstamos | Vencida: 264 préstamos,[object Object],"console,websocket,database",,,0,2026-05-17 23:00:00,
1607,WARNING,🚨 Moras Críticas Detectadas,Se detectaron 12 moras críticas que requieren atención inmediata,[object Object],database,,,0,2026-05-18 00:00:00,
1608,WARNING,🚨 Moras Críticas Detectadas,Se detectaron 12 moras críticas que requieren atención inmediata,[object Object],"console,websocket,database",,,0,2026-05-18 00:00:00,
1609,INFO,📊 Resumen Diario de Cartera,Vigente: 329 préstamos | Vencida: 264 préstamos,[object Object],database,,,0,2026-05-18 00:00:00,
1610,INFO,📊 Resumen Diario de Cartera,Vigente: 329 préstamos | Vencida: 264 préstamos,[object Object],"console,websocket,database",,,0,2026-05-18 00:00:00,
1611,INFO,📊 Resumen Diario de Cartera,Vigente: 329 préstamos | Vencida: 264 préstamos,[object Object],database,,,0,2026-05-18 01:00:00,
1612,INFO,📊 Resumen Diario de Cartera,Vigente: 329 préstamos | Vencida: 264 préstamos,[object Object],"console,websocket,database",,,0,2026-05-18 01:00:00,
1613,WARNING,🚨 Moras Críticas Detectadas,Se detectaron 12 moras críticas que requieren atención inmediata,[object Object],database,,,0,2026-05-18 02:00:00,
1614,WARNING,🚨 Moras Críticas Detectadas,Se detectaron 12 moras críticas que requieren atención inmediata,[object Object],"console,websocket,database",,,0,2026-05-18 02:00:00,
1615,INFO,✅ Proceso de Mora Completado,Proceso automático de mora ejecutado exitosamente en 253ms,[object Object],database,,,0,2026-05-18 02:00:00,
1616,INFO,✅ Proceso de Mora Completado,Proceso automático de mora ejecutado exitosamente en 253ms,[object Object],"console,websocket,database",,,0,2026-05-18 02:00:00,
1617,WARNING,🚨 Moras Críticas Detectadas,Se detectaron 13 moras críticas que requieren atención inmediata,[object Object],database,,,0,2026-05-18 04:00:00,
1618,WARNING,🚨 Moras Críticas Detectadas,Se detectaron 13 moras críticas que requieren atención inmediata,[object Object],"console,websocket,database",,,0,2026-05-18 04:00:00,
1619,WARNING,🚨 Moras Críticas Detectadas,Se detectaron 13 moras críticas que requieren atención inmediata,[object Object],database,,,0,2026-05-18 06:00:00,
1620,WARNING,🚨 Moras Críticas Detectadas,Se detectaron 13 moras críticas que requieren atención inmediata,[object Object],"console,websocket,database",,,0,2026-05-18 06:00:00,
1621,WARNING,🚨 Moras Críticas Detectadas,Se detectaron 13 moras críticas que requieren atención inmediata,[object Object],database,,,0,2026-05-18 08:00:00,
1622,WARNING,🚨 Moras Críticas Detectadas,Se detectaron 13 moras críticas que requieren atención inmediata,[object Object],"console,websocket,database",,,0,2026-05-18 08:00:00,
1623,WARNING,🚨 Moras Críticas Detectadas,Se detectaron 13 moras críticas que requieren atención inmediata,[object Object],database,,,0,2026-05-18 10:00:00,
1624,WARNING,🚨 Moras Críticas Detectadas,Se detectaron 13 moras críticas que requieren atención inmediata,[object Object],"console,websocket,database",,,0,2026-05-18 10:00:00,
1625,WARNING,🚨 Moras Críticas Detectadas,Se detectaron 13 moras críticas que requieren atención inmediata,[object Object],database,,,0,2026-05-18 12:00:00,
1626,WARNING,🚨 Moras Críticas Detectadas,Se detectaron 13 moras críticas que requieren atención inmediata,[object Object],"console,websocket,database",,,0,2026-05-18 12:00:00,
1627,WARNING,🚨 Moras Críticas Detectadas,Se detectaron 13 moras críticas que requieren atención inmediata,[object Object],database,,,0,2026-05-18 14:00:00,
1628,WARNING,🚨 Moras Críticas Detectadas,Se detectaron 13 moras críticas que requieren atención inmediata,[object Object],"console,websocket,database",,,0,2026-05-18 14:00:00,
1629,INFO,📊 Resumen Diario de Cartera,Vigente: 329 préstamos | Vencida: 264 préstamos,[object Object],database,,,0,2026-05-18 15:00:00,
1630,INFO,📊 Resumen Diario de Cartera,Vigente: 329 préstamos | Vencida: 264 préstamos,[object Object],"console,websocket,database",,,0,2026-05-18 15:00:00,
1631,WARNING,🚨 Moras Críticas Detectadas,Se detectaron 13 moras críticas que requieren atención inmediata,[object Object],database,,,0,2026-05-18 16:00:00,
1632,WARNING,🚨 Moras Críticas Detectadas,Se detectaron 13 moras críticas que requieren atención inmediata,[object Object],"console,websocket,database",,,0,2026-05-18 16:00:00,
1633,INFO,📊 Resumen Diario de Cartera,Vigente: 329 préstamos | Vencida: 264 préstamos,[object Object],database,,,0,2026-05-18 16:00:00,
1634,INFO,📊 Resumen Diario de Cartera,Vigente: 329 préstamos | Vencida: 264 préstamos,[object Object],"console,websocket,database",,,0,2026-05-18 16:00:00,
1635,INFO,📊 Resumen Diario de Cartera,Vigente: 329 préstamos | Vencida: 264 préstamos,[object Object],database,,,0,2026-05-18 17:00:00,
1636,INFO,📊 Resumen Diario de Cartera,Vigente: 329 préstamos | Vencida: 264 préstamos,[object Object],"console,websocket,database",,,0,2026-05-18 17:00:00,
1637,WARNING,🚨 Moras Críticas Detectadas,Se detectaron 13 moras críticas que requieren atención inmediata,[object Object],database,,,0,2026-05-18 18:00:00,
1638,WARNING,🚨 Moras Críticas Detectadas,Se detectaron 13 moras críticas que requieren atención inmediata,[object Object],"console,websocket,database",,,0,2026-05-18 18:00:00,
1639,INFO,📊 Resumen Diario de Cartera,Vigente: 329 préstamos | Vencida: 264 préstamos,[object Object],database,,,0,2026-05-18 18:00:00,
1640,INFO,📊 Resumen Diario de Cartera,Vigente: 329 préstamos | Vencida: 264 préstamos,[object Object],"console,websocket,database",,,0,2026-05-18 18:00:00,
1641,INFO,📊 Resumen Diario de Cartera,Vigente: 329 préstamos | Vencida: 264 préstamos,[object Object],database,,,0,2026-05-18 19:00:00,
1642,INFO,📊 Resumen Diario de Cartera,Vigente: 329 préstamos | Vencida: 264 préstamos,[object Object],"console,websocket,database",,,0,2026-05-18 19:00:00,
1643,WARNING,🚨 Moras Críticas Detectadas,Se detectaron 13 moras críticas que requieren atención inmediata,[object Object],database,,,0,2026-05-18 20:00:00,
1644,WARNING,🚨 Moras Críticas Detectadas,Se detectaron 13 moras críticas que requieren atención inmediata,[object Object],"console,websocket,database",,,0,2026-05-18 20:00:00,
1645,INFO,📊 Resumen Diario de Cartera,Vigente: 329 préstamos | Vencida: 264 préstamos,[object Object],database,,,0,2026-05-18 20:00:01,
1646,INFO,📊 Resumen Diario de Cartera,Vigente: 329 préstamos | Vencida: 264 préstamos,[object Object],"console,websocket,database",,,0,2026-05-18 20:00:01,
1647,INFO,📊 Resumen Diario de Cartera,Vigente: 329 préstamos | Vencida: 264 préstamos,[object Object],database,,,0,2026-05-18 21:00:00,
1648,INFO,📊 Resumen Diario de Cartera,Vigente: 329 préstamos | Vencida: 264 préstamos,[object Object],"console,websocket,database",,,0,2026-05-18 21:00:00,
1649,WARNING,🚨 Moras Críticas Detectadas,Se detectaron 13 moras críticas que requieren atención inmediata,[object Object],database,,,0,2026-05-18 22:00:00,
1650,WARNING,🚨 Moras Críticas Detectadas,Se detectaron 13 moras críticas que requieren atención inmediata,[object Object],"console,websocket,database",,,0,2026-05-18 22:00:00,
1651,INFO,📊 Resumen Diario de Cartera,Vigente: 330 préstamos | Vencida: 264 préstamos,[object Object],database,,,0,2026-05-18 22:00:00,
1652,INFO,📊 Resumen Diario de Cartera,Vigente: 330 préstamos | Vencida: 264 préstamos,[object Object],"console,websocket,database",,,0,2026-05-18 22:00:00,
1653,INFO,📊 Resumen Diario de Cartera,Vigente: 330 préstamos | Vencida: 264 préstamos,[object Object],database,,,0,2026-05-18 23:00:00,
1654,INFO,📊 Resumen Diario de Cartera,Vigente: 330 préstamos | Vencida: 264 préstamos,[object Object],"console,websocket,database",,,0,2026-05-18 23:00:00,
1655,WARNING,🚨 Moras Críticas Detectadas,Se detectaron 13 moras críticas que requieren atención inmediata,[object Object],database,,,0,2026-05-19 00:00:00,
1656,WARNING,🚨 Moras Críticas Detectadas,Se detectaron 13 moras críticas que requieren atención inmediata,[object Object],"console,websocket,database",,,0,2026-05-19 00:00:00,
1657,INFO,📊 Resumen Diario de Cartera,Vigente: 324 préstamos | Vencida: 270 préstamos,[object Object],database,,,0,2026-05-19 00:00:00,
1658,INFO,📊 Resumen Diario de Cartera,Vigente: 324 préstamos | Vencida: 270 préstamos,[object Object],"console,websocket,database",,,0,2026-05-19 00:00:00,
1659,INFO,📊 Resumen Diario de Cartera,Vigente: 324 préstamos | Vencida: 270 préstamos,[object Object],database,,,0,2026-05-19 01:00:00,
1660,INFO,📊 Resumen Diario de Cartera,Vigente: 324 préstamos | Vencida: 270 préstamos,[object Object],"console,websocket,database",,,0,2026-05-19 01:00:00,
1661,WARNING,🚨 Moras Críticas Detectadas,Se detectaron 13 moras críticas que requieren atención inmediata,[object Object],database,,,0,2026-05-19 02:00:00,
1662,WARNING,🚨 Moras Críticas Detectadas,Se detectaron 13 moras críticas que requieren atención inmediata,[object Object],"console,websocket,database",,,0,2026-05-19 02:00:00,
1663,INFO,✅ Proceso de Mora Completado,Proceso automático de mora ejecutado exitosamente en 169ms,[object Object],database,,,0,2026-05-19 02:00:00,
1664,INFO,✅ Proceso de Mora Completado,Proceso automático de mora ejecutado exitosamente en 169ms,[object Object],"console,websocket,database",,,0,2026-05-19 02:00:00,
1665,WARNING,🚨 Moras Críticas Detectadas,Se detectaron 14 moras críticas que requieren atención inmediata,[object Object],database,,,0,2026-05-19 04:00:00,
1666,WARNING,🚨 Moras Críticas Detectadas,Se detectaron 14 moras críticas que requieren atención inmediata,[object Object],"console,websocket,database",,,0,2026-05-19 04:00:00,
1667,WARNING,🚨 Moras Críticas Detectadas,Se detectaron 14 moras críticas que requieren atención inmediata,[object Object],database,,,0,2026-05-19 06:00:00,
1668,WARNING,🚨 Moras Críticas Detectadas,Se detectaron 14 moras críticas que requieren atención inmediata,[object Object],"console,websocket,database",,,0,2026-05-19 06:00:00,
1669,WARNING,🚨 Moras Críticas Detectadas,Se detectaron 14 moras críticas que requieren atención inmediata,[object Object],database,,,0,2026-05-19 08:00:00,
1670,WARNING,🚨 Moras Críticas Detectadas,Se detectaron 14 moras críticas que requieren atención inmediata,[object Object],"console,websocket,database",,,0,2026-05-19 08:00:00,
1671,WARNING,🚨 Moras Críticas Detectadas,Se detectaron 14 moras críticas que requieren atención inmediata,[object Object],database,,,0,2026-05-19 10:00:00,
1672,WARNING,🚨 Moras Críticas Detectadas,Se detectaron 14 moras críticas que requieren atención inmediata,[object Object],"console,websocket,database",,,0,2026-05-19 10:00:00,
1673,WARNING,🚨 Moras Críticas Detectadas,Se detectaron 14 moras críticas que requieren atención inmediata,[object Object],database,,,0,2026-05-19 12:00:00,
1674,WARNING,🚨 Moras Críticas Detectadas,Se detectaron 14 moras críticas que requieren atención inmediata,[object Object],"console,websocket,database",,,0,2026-05-19 12:00:00,
1675,WARNING,🚨 Moras Críticas Detectadas,Se detectaron 14 moras críticas que requieren atención inmediata,[object Object],database,,,0,2026-05-19 14:00:00,
1676,WARNING,🚨 Moras Críticas Detectadas,Se detectaron 14 moras críticas que requieren atención inmediata,[object Object],"console,websocket,database",,,0,2026-05-19 14:00:00,
1677,INFO,📊 Resumen Diario de Cartera,Vigente: 324 préstamos | Vencida: 270 préstamos,[object Object],database,,,0,2026-05-19 15:00:00,
1678,INFO,📊 Resumen Diario de Cartera,Vigente: 324 préstamos | Vencida: 270 préstamos,[object Object],"console,websocket,database",,,0,2026-05-19 15:00:00,
1679,WARNING,🚨 Moras Críticas Detectadas,Se detectaron 14 moras críticas que requieren atención inmediata,[object Object],database,,,0,2026-05-19 16:00:00,
1680,WARNING,🚨 Moras Críticas Detectadas,Se detectaron 14 moras críticas que requieren atención inmediata,[object Object],"console,websocket,database",,,0,2026-05-19 16:00:00,
1681,INFO,📊 Resumen Diario de Cartera,Vigente: 324 préstamos | Vencida: 270 préstamos,[object Object],database,,,0,2026-05-19 16:00:00,
1682,INFO,📊 Resumen Diario de Cartera,Vigente: 324 préstamos | Vencida: 270 préstamos,[object Object],"console,websocket,database",,,0,2026-05-19 16:00:00,
1683,INFO,📊 Resumen Diario de Cartera,Vigente: 324 préstamos | Vencida: 270 préstamos,[object Object],database,,,0,2026-05-19 16:55:52,
1684,INFO,📊 Resumen Diario de Cartera,Vigente: 324 préstamos | Vencida: 270 préstamos,[object Object],"console,websocket,database",,,0,2026-05-19 16:55:52,
1685,INFO,✅ Proceso de Mora Completado,Proceso automático de mora ejecutado exitosamente en 42ms,[object Object],database,,,0,2026-05-19 16:55:52,
1686,INFO,✅ Proceso de Mora Completado,Proceso automático de mora ejecutado exitosamente en 42ms,[object Object],"console,websocket,database",,,0,2026-05-19 16:55:52,
1687,INFO,📊 Resumen Diario de Cartera,Vigente: 324 préstamos | Vencida: 270 préstamos,[object Object],database,,,0,2026-05-19 17:00:00,
1688,INFO,📊 Resumen Diario de Cartera,Vigente: 324 préstamos | Vencida: 270 préstamos,[object Object],"console,websocket,database",,,0,2026-05-19 17:00:00,
1689,WARNING,🚨 Moras Críticas Detectadas,Se detectaron 14 moras críticas que requieren atención inmediata,[object Object],database,,,0,2026-05-19 18:00:00,
1690,WARNING,🚨 Moras Críticas Detectadas,Se detectaron 14 moras críticas que requieren atención inmediata,[object Object],"console,websocket,database",,,0,2026-05-19 18:00:00,
1691,INFO,📊 Resumen Diario de Cartera,Vigente: 324 préstamos | Vencida: 270 préstamos,[object Object],database,,,0,2026-05-19 18:00:00,
1692,INFO,📊 Resumen Diario de Cartera,Vigente: 324 préstamos | Vencida: 270 préstamos,[object Object],"console,websocket,database",,,0,2026-05-19 18:00:00,
1693,INFO,📊 Resumen Diario de Cartera,Vigente: 324 préstamos | Vencida: 270 préstamos,[object Object],database,,,0,2026-05-19 19:00:00,
1694,INFO,📊 Resumen Diario de Cartera,Vigente: 324 préstamos | Vencida: 270 préstamos,[object Object],"console,websocket,database",,,0,2026-05-19 19:00:00,
1695,WARNING,🚨 Moras Críticas Detectadas,Se detectaron 14 moras críticas que requieren atención inmediata,[object Object],database,,,0,2026-05-19 20:00:00,
1696,WARNING,🚨 Moras Críticas Detectadas,Se detectaron 14 moras críticas que requieren atención inmediata,[object Object],"console,websocket,database",,,0,2026-05-19 20:00:00,
1697,INFO,📊 Resumen Diario de Cartera,Vigente: 324 préstamos | Vencida: 270 préstamos,[object Object],database,,,0,2026-05-19 20:00:00,
1698,INFO,📊 Resumen Diario de Cartera,Vigente: 324 préstamos | Vencida: 270 préstamos,[object Object],"console,websocket,database",,,0,2026-05-19 20:00:00,
1699,INFO,📊 Resumen Diario de Cartera,Vigente: 324 préstamos | Vencida: 270 préstamos,[object Object],database,,,0,2026-05-19 21:00:00,
1700,INFO,📊 Resumen Diario de Cartera,Vigente: 324 préstamos | Vencida: 270 préstamos,[object Object],"console,websocket,database",,,0,2026-05-19 21:00:00,
1701,WARNING,🚨 Moras Críticas Detectadas,Se detectaron 14 moras críticas que requieren atención inmediata,[object Object],database,,,0,2026-05-19 22:00:00,
1702,WARNING,🚨 Moras Críticas Detectadas,Se detectaron 14 moras críticas que requieren atención inmediata,[object Object],"console,websocket,database",,,0,2026-05-19 22:00:00,
1703,INFO,📊 Resumen Diario de Cartera,Vigente: 324 préstamos | Vencida: 270 préstamos,[object Object],database,,,0,2026-05-19 22:00:00,
1704,INFO,📊 Resumen Diario de Cartera,Vigente: 324 préstamos | Vencida: 270 préstamos,[object Object],"console,websocket,database",,,0,2026-05-19 22:00:00,
1705,WARNING,🚨 Moras Críticas Detectadas,Se detectaron 14 moras críticas que requieren atención inmediata,[object Object],database,,,0,2026-05-20 02:00:00,
1706,WARNING,🚨 Moras Críticas Detectadas,Se detectaron 14 moras críticas que requieren atención inmediata,[object Object],"console,websocket,database",,,0,2026-05-20 02:00:00,
1707,INFO,✅ Proceso de Mora Completado,Proceso automático de mora ejecutado exitosamente en 56ms,[object Object],database,,,0,2026-05-20 02:00:00,
1708,INFO,✅ Proceso de Mora Completado,Proceso automático de mora ejecutado exitosamente en 56ms,[object Object],"console,websocket,database",,,0,2026-05-20 02:00:00,
1709,WARNING,🚨 Moras Críticas Detectadas,Se detectaron 14 moras críticas que requieren atención inmediata,[object Object],database,,,0,2026-05-20 04:00:00,
1710,WARNING,🚨 Moras Críticas Detectadas,Se detectaron 14 moras críticas que requieren atención inmediata,[object Object],"console,websocket,database",,,0,2026-05-20 04:00:00,
1711,WARNING,🚨 Moras Críticas Detectadas,Se detectaron 14 moras críticas que requieren atención inmediata,[object Object],database,,,0,2026-05-20 06:00:00,
1712,WARNING,🚨 Moras Críticas Detectadas,Se detectaron 14 moras críticas que requieren atención inmediata,[object Object],"console,websocket,database",,,0,2026-05-20 06:00:00,
1713,WARNING,🚨 Moras Críticas Detectadas,Se detectaron 14 moras críticas que requieren atención inmediata,[object Object],database,,,0,2026-05-20 08:00:00,
1714,WARNING,🚨 Moras Críticas Detectadas,Se detectaron 14 moras críticas que requieren atención inmediata,[object Object],"console,websocket,database",,,0,2026-05-20 08:00:00,
1715,WARNING,🚨 Moras Críticas Detectadas,Se detectaron 14 moras críticas que requieren atención inmediata,[object Object],database,,,0,2026-05-20 10:00:00,
1716,WARNING,🚨 Moras Críticas Detectadas,Se detectaron 14 moras críticas que requieren atención inmediata,[object Object],"console,websocket,database",,,0,2026-05-20 10:00:00,
1717,WARNING,🚨 Moras Críticas Detectadas,Se detectaron 14 moras críticas que requieren atención inmediata,[object Object],database,,,0,2026-05-20 12:00:00,
1718,WARNING,🚨 Moras Críticas Detectadas,Se detectaron 14 moras críticas que requieren atención inmediata,[object Object],"console,websocket,database",,,0,2026-05-20 12:00:00,
1719,WARNING,🚨 Moras Críticas Detectadas,Se detectaron 14 moras críticas que requieren atención inmediata,[object Object],database,,,0,2026-05-20 14:00:00,
1720,WARNING,🚨 Moras Críticas Detectadas,Se detectaron 14 moras críticas que requieren atención inmediata,[object Object],"console,websocket,database",,,0,2026-05-20 14:00:00,
1721,INFO,📊 Resumen Diario de Cartera,Vigente: 315 préstamos | Vencida: 279 préstamos,[object Object],database,,,0,2026-05-20 15:00:00,
1722,INFO,📊 Resumen Diario de Cartera,Vigente: 315 préstamos | Vencida: 279 préstamos,[object Object],"console,websocket,database",,,0,2026-05-20 15:00:00,
1723,WARNING,🚨 Moras Críticas Detectadas,Se detectaron 14 moras críticas que requieren atención inmediata,[object Object],database,,,0,2026-05-20 16:00:00,
1724,WARNING,🚨 Moras Críticas Detectadas,Se detectaron 14 moras críticas que requieren atención inmediata,[object Object],"console,websocket,database",,,0,2026-05-20 16:00:00,
1725,INFO,📊 Resumen Diario de Cartera,Vigente: 315 préstamos | Vencida: 279 préstamos,[object Object],database,,,0,2026-05-20 16:00:00,
1726,INFO,📊 Resumen Diario de Cartera,Vigente: 315 préstamos | Vencida: 279 préstamos,[object Object],"console,websocket,database",,,0,2026-05-20 16:00:00,
1727,INFO,📊 Resumen Diario de Cartera,Vigente: 315 préstamos | Vencida: 279 préstamos,[object Object],database,,,0,2026-05-20 17:00:00,
1728,INFO,📊 Resumen Diario de Cartera,Vigente: 315 préstamos | Vencida: 279 préstamos,[object Object],"console,websocket,database",,,0,2026-05-20 17:00:00,
1729,WARNING,🚨 Moras Críticas Detectadas,Se detectaron 14 moras críticas que requieren atención inmediata,[object Object],database,,,0,2026-05-20 18:00:00,
1730,WARNING,🚨 Moras Críticas Detectadas,Se detectaron 14 moras críticas que requieren atención inmediata,[object Object],"console,websocket,database",,,0,2026-05-20 18:00:00,
1731,INFO,📊 Resumen Diario de Cartera,Vigente: 315 préstamos | Vencida: 279 préstamos,[object Object],database,,,0,2026-05-20 18:00:00,
1732,INFO,📊 Resumen Diario de Cartera,Vigente: 315 préstamos | Vencida: 279 préstamos,[object Object],"console,websocket,database",,,0,2026-05-20 18:00:00,
1733,INFO,📊 Resumen Diario de Cartera,Vigente: 315 préstamos | Vencida: 279 préstamos,[object Object],database,,,0,2026-05-20 19:00:00,
1734,INFO,📊 Resumen Diario de Cartera,Vigente: 315 préstamos | Vencida: 279 préstamos,[object Object],"console,websocket,database",,,0,2026-05-20 19:00:00,
1735,WARNING,🚨 Moras Críticas Detectadas,Se detectaron 14 moras críticas que requieren atención inmediata,[object Object],database,,,0,2026-05-20 20:00:00,
1736,WARNING,🚨 Moras Críticas Detectadas,Se detectaron 14 moras críticas que requieren atención inmediata,[object Object],"console,websocket,database",,,0,2026-05-20 20:00:00,
1737,INFO,📊 Resumen Diario de Cartera,Vigente: 315 préstamos | Vencida: 279 préstamos,[object Object],database,,,0,2026-05-20 20:00:00,
1738,INFO,📊 Resumen Diario de Cartera,Vigente: 315 préstamos | Vencida: 279 préstamos,[object Object],"console,websocket,database",,,0,2026-05-20 20:00:00,
1739,INFO,📊 Resumen Diario de Cartera,Vigente: 315 préstamos | Vencida: 279 préstamos,[object Object],database,,,0,2026-05-20 21:00:00,
1740,INFO,📊 Resumen Diario de Cartera,Vigente: 315 préstamos | Vencida: 279 préstamos,[object Object],"console,websocket,database",,,0,2026-05-20 21:00:00,
1741,WARNING,🚨 Moras Críticas Detectadas,Se detectaron 14 moras críticas que requieren atención inmediata,[object Object],database,,,0,2026-05-20 22:00:00,
1742,WARNING,🚨 Moras Críticas Detectadas,Se detectaron 14 moras críticas que requieren atención inmediata,[object Object],"console,websocket,database",,,0,2026-05-20 22:00:00,
1743,INFO,📊 Resumen Diario de Cartera,Vigente: 321 préstamos | Vencida: 273 préstamos,[object Object],database,,,0,2026-05-20 22:00:00,
1744,INFO,📊 Resumen Diario de Cartera,Vigente: 321 préstamos | Vencida: 273 préstamos,[object Object],"console,websocket,database",,,0,2026-05-20 22:00:00,
1745,INFO,📊 Resumen Diario de Cartera,Vigente: 321 préstamos | Vencida: 273 préstamos,[object Object],database,,,0,2026-05-20 23:00:00,
1746,INFO,📊 Resumen Diario de Cartera,Vigente: 321 préstamos | Vencida: 273 préstamos,[object Object],"console,websocket,database",,,0,2026-05-20 23:00:00,
1747,WARNING,🚨 Moras Críticas Detectadas,Se detectaron 14 moras críticas que requieren atención inmediata,[object Object],database,,,0,2026-05-21 00:00:00,
1748,WARNING,🚨 Moras Críticas Detectadas,Se detectaron 14 moras críticas que requieren atención inmediata,[object Object],"console,websocket,database",,,0,2026-05-21 00:00:00,
1749,INFO,📊 Resumen Diario de Cartera,Vigente: 314 préstamos | Vencida: 280 préstamos,[object Object],database,,,0,2026-05-21 00:00:00,
1750,INFO,📊 Resumen Diario de Cartera,Vigente: 314 préstamos | Vencida: 280 préstamos,[object Object],"console,websocket,database",,,0,2026-05-21 00:00:00,
1751,INFO,📊 Resumen Diario de Cartera,Vigente: 314 préstamos | Vencida: 280 préstamos,[object Object],database,,,0,2026-05-21 01:00:00,
1752,INFO,📊 Resumen Diario de Cartera,Vigente: 314 préstamos | Vencida: 280 préstamos,[object Object],"console,websocket,database",,,0,2026-05-21 01:00:00,
1753,WARNING,🚨 Moras Críticas Detectadas,Se detectaron 14 moras críticas que requieren atención inmediata,[object Object],database,,,0,2026-05-21 02:00:00,
1754,WARNING,🚨 Moras Críticas Detectadas,Se detectaron 14 moras críticas que requieren atención inmediata,[object Object],"console,websocket,database",,,0,2026-05-21 02:00:00,
1755,INFO,✅ Proceso de Mora Completado,Proceso automático de mora ejecutado exitosamente en 99ms,[object Object],database,,,0,2026-05-21 02:00:00,
1756,INFO,✅ Proceso de Mora Completado,Proceso automático de mora ejecutado exitosamente en 99ms,[object Object],"console,websocket,database",,,0,2026-05-21 02:00:00,
1757,WARNING,🚨 Moras Críticas Detectadas,Se detectaron 14 moras críticas que requieren atención inmediata,[object Object],database,,,0,2026-05-21 04:00:00,
1758,WARNING,🚨 Moras Críticas Detectadas,Se detectaron 14 moras críticas que requieren atención inmediata,[object Object],"console,websocket,database",,,0,2026-05-21 04:00:00,
1759,WARNING,🚨 Moras Críticas Detectadas,Se detectaron 14 moras críticas que requieren atención inmediata,[object Object],database,,,0,2026-05-21 06:00:00,
1760,WARNING,🚨 Moras Críticas Detectadas,Se detectaron 14 moras críticas que requieren atención inmediata,[object Object],"console,websocket,database",,,0,2026-05-21 06:00:00,
1761,WARNING,🚨 Moras Críticas Detectadas,Se detectaron 14 moras críticas que requieren atención inmediata,[object Object],database,,,0,2026-05-21 08:00:00,
1762,WARNING,🚨 Moras Críticas Detectadas,Se detectaron 14 moras críticas que requieren atención inmediata,[object Object],"console,websocket,database",,,0,2026-05-21 08:00:00,
1763,WARNING,🚨 Moras Críticas Detectadas,Se detectaron 14 moras críticas que requieren atención inmediata,[object Object],database,,,0,2026-05-21 10:00:00,
1764,WARNING,🚨 Moras Críticas Detectadas,Se detectaron 14 moras críticas que requieren atención inmediata,[object Object],"console,websocket,database",,,0,2026-05-21 10:00:00,
1765,WARNING,🚨 Moras Críticas Detectadas,Se detectaron 14 moras críticas que requieren atención inmediata,[object Object],database,,,0,2026-05-21 12:00:00,
1766,WARNING,🚨 Moras Críticas Detectadas,Se detectaron 14 moras críticas que requieren atención inmediata,[object Object],"console,websocket,database",,,0,2026-05-21 12:00:00,
1767,WARNING,🚨 Moras Críticas Detectadas,Se detectaron 14 moras críticas que requieren atención inmediata,[object Object],database,,,0,2026-05-21 14:00:00,
1768,WARNING,🚨 Moras Críticas Detectadas,Se detectaron 14 moras críticas que requieren atención inmediata,[object Object],"console,websocket,database",,,0,2026-05-21 14:00:00,
1769,INFO,📊 Resumen Diario de Cartera,Vigente: 314 préstamos | Vencida: 280 préstamos,[object Object],database,,,0,2026-05-21 15:00:00,
1770,INFO,📊 Resumen Diario de Cartera,Vigente: 314 préstamos | Vencida: 280 préstamos,[object Object],"console,websocket,database",,,0,2026-05-21 15:00:00,
1771,WARNING,🚨 Moras Críticas Detectadas,Se detectaron 14 moras críticas que requieren atención inmediata,[object Object],database,,,0,2026-05-21 16:00:00,
1772,WARNING,🚨 Moras Críticas Detectadas,Se detectaron 14 moras críticas que requieren atención inmediata,[object Object],"console,websocket,database",,,0,2026-05-21 16:00:00,
1773,INFO,📊 Resumen Diario de Cartera,Vigente: 314 préstamos | Vencida: 280 préstamos,[object Object],database,,,0,2026-05-21 16:00:00,
1774,INFO,📊 Resumen Diario de Cartera,Vigente: 314 préstamos | Vencida: 280 préstamos,[object Object],"console,websocket,database",,,0,2026-05-21 16:00:00,
1775,INFO,📊 Resumen Diario de Cartera,Vigente: 314 préstamos | Vencida: 280 préstamos,[object Object],database,,,0,2026-05-21 17:00:00,
1776,INFO,📊 Resumen Diario de Cartera,Vigente: 314 préstamos | Vencida: 280 préstamos,[object Object],"console,websocket,database",,,0,2026-05-21 17:00:00,
1777,WARNING,🚨 Moras Críticas Detectadas,Se detectaron 14 moras críticas que requieren atención inmediata,[object Object],database,,,0,2026-05-21 18:00:00,
1778,WARNING,🚨 Moras Críticas Detectadas,Se detectaron 14 moras críticas que requieren atención inmediata,[object Object],"console,websocket,database",,,0,2026-05-21 18:00:00,
1779,INFO,📊 Resumen Diario de Cartera,Vigente: 314 préstamos | Vencida: 280 préstamos,[object Object],database,,,0,2026-05-21 18:00:00,
1780,INFO,📊 Resumen Diario de Cartera,Vigente: 314 préstamos | Vencida: 280 préstamos,[object Object],"console,websocket,database",,,0,2026-05-21 18:00:00,
1781,INFO,📊 Resumen Diario de Cartera,Vigente: 314 préstamos | Vencida: 280 préstamos,[object Object],database,,,0,2026-05-21 19:00:00,
1782,INFO,📊 Resumen Diario de Cartera,Vigente: 314 préstamos | Vencida: 280 préstamos,[object Object],"console,websocket,database",,,0,2026-05-21 19:00:00,
1783,WARNING,🚨 Moras Críticas Detectadas,Se detectaron 14 moras críticas que requieren atención inmediata,[object Object],database,,,0,2026-05-21 20:00:00,
1784,WARNING,🚨 Moras Críticas Detectadas,Se detectaron 14 moras críticas que requieren atención inmediata,[object Object],"console,websocket,database",,,0,2026-05-21 20:00:00,
1785,INFO,📊 Resumen Diario de Cartera,Vigente: 314 préstamos | Vencida: 280 préstamos,[object Object],database,,,0,2026-05-21 20:00:00,
1786,INFO,📊 Resumen Diario de Cartera,Vigente: 314 préstamos | Vencida: 280 préstamos,[object Object],"console,websocket,database",,,0,2026-05-21 20:00:00,
1787,INFO,📊 Resumen Diario de Cartera,Vigente: 314 préstamos | Vencida: 280 préstamos,[object Object],database,,,0,2026-05-21 21:00:00,
1788,INFO,📊 Resumen Diario de Cartera,Vigente: 314 préstamos | Vencida: 280 préstamos,[object Object],"console,websocket,database",,,0,2026-05-21 21:00:00,
1789,WARNING,🚨 Moras Críticas Detectadas,Se detectaron 14 moras críticas que requieren atención inmediata,[object Object],database,,,0,2026-05-21 22:00:00,
1790,WARNING,🚨 Moras Críticas Detectadas,Se detectaron 14 moras críticas que requieren atención inmediata,[object Object],"console,websocket,database",,,0,2026-05-21 22:00:00,
1791,INFO,📊 Resumen Diario de Cartera,Vigente: 316 préstamos | Vencida: 280 préstamos,[object Object],database,,,0,2026-05-21 22:00:00,
1792,INFO,📊 Resumen Diario de Cartera,Vigente: 316 préstamos | Vencida: 280 préstamos,[object Object],"console,websocket,database",,,0,2026-05-21 22:00:00,
1793,INFO,📊 Resumen Diario de Cartera,Vigente: 316 préstamos | Vencida: 280 préstamos,[object Object],database,,,0,2026-05-21 23:00:00,
1794,INFO,📊 Resumen Diario de Cartera,Vigente: 316 préstamos | Vencida: 280 préstamos,[object Object],"console,websocket,database",,,0,2026-05-21 23:00:00,
1795,WARNING,🚨 Moras Críticas Detectadas,Se detectaron 14 moras críticas que requieren atención inmediata,[object Object],database,,,0,2026-05-22 00:00:00,
1796,WARNING,🚨 Moras Críticas Detectadas,Se detectaron 14 moras críticas que requieren atención inmediata,[object Object],"console,websocket,database",,,0,2026-05-22 00:00:00,
1797,INFO,📊 Resumen Diario de Cartera,Vigente: 209 préstamos | Vencida: 387 préstamos,[object Object],database,,,0,2026-05-22 00:00:00,
1798,INFO,📊 Resumen Diario de Cartera,Vigente: 209 préstamos | Vencida: 387 préstamos,[object Object],"console,websocket,database",,,0,2026-05-22 00:00:00,
1799,INFO,📊 Resumen Diario de Cartera,Vigente: 209 préstamos | Vencida: 387 préstamos,[object Object],database,,,0,2026-05-22 01:00:00,
1800,INFO,📊 Resumen Diario de Cartera,Vigente: 209 préstamos | Vencida: 387 préstamos,[object Object],"console,websocket,database",,,0,2026-05-22 01:00:00,
1801,WARNING,🚨 Moras Críticas Detectadas,Se detectaron 14 moras críticas que requieren atención inmediata,[object Object],database,,,0,2026-05-22 02:00:00,
1802,WARNING,🚨 Moras Críticas Detectadas,Se detectaron 14 moras críticas que requieren atención inmediata,[object Object],"console,websocket,database",,,0,2026-05-22 02:00:00,
1803,INFO,✅ Proceso de Mora Completado,Proceso automático de mora ejecutado exitosamente en 169ms,[object Object],database,,,0,2026-05-22 02:00:00,
1804,INFO,✅ Proceso de Mora Completado,Proceso automático de mora ejecutado exitosamente en 169ms,[object Object],"console,websocket,database",,,0,2026-05-22 02:00:00,
1805,WARNING,🚨 Moras Críticas Detectadas,Se detectaron 14 moras críticas que requieren atención inmediata,[object Object],database,,,0,2026-05-22 04:00:00,
1806,WARNING,🚨 Moras Críticas Detectadas,Se detectaron 14 moras críticas que requieren atención inmediata,[object Object],"console,websocket,database",,,0,2026-05-22 04:00:00,
1807,WARNING,🚨 Moras Críticas Detectadas,Se detectaron 14 moras críticas que requieren atención inmediata,[object Object],database,,,0,2026-05-22 06:00:00,
1808,WARNING,🚨 Moras Críticas Detectadas,Se detectaron 14 moras críticas que requieren atención inmediata,[object Object],"console,websocket,database",,,0,2026-05-22 06:00:00,
1809,WARNING,🚨 Moras Críticas Detectadas,Se detectaron 14 moras críticas que requieren atención inmediata,[object Object],database,,,0,2026-05-22 08:00:00,
1810,WARNING,🚨 Moras Críticas Detectadas,Se detectaron 14 moras críticas que requieren atención inmediata,[object Object],"console,websocket,database",,,0,2026-05-22 08:00:00,
1811,WARNING,🚨 Moras Críticas Detectadas,Se detectaron 14 moras críticas que requieren atención inmediata,[object Object],database,,,0,2026-05-22 10:00:00,
1812,WARNING,🚨 Moras Críticas Detectadas,Se detectaron 14 moras críticas que requieren atención inmediata,[object Object],"console,websocket,database",,,0,2026-05-22 10:00:00,
1813,WARNING,🚨 Moras Críticas Detectadas,Se detectaron 14 moras críticas que requieren atención inmediata,[object Object],database,,,0,2026-05-22 12:00:00,
1814,WARNING,🚨 Moras Críticas Detectadas,Se detectaron 14 moras críticas que requieren atención inmediata,[object Object],"console,websocket,database",,,0,2026-05-22 12:00:00,
1815,WARNING,🚨 Moras Críticas Detectadas,Se detectaron 14 moras críticas que requieren atención inmediata,[object Object],database,,,0,2026-05-22 14:00:00,
1816,WARNING,🚨 Moras Críticas Detectadas,Se detectaron 14 moras críticas que requieren atención inmediata,[object Object],"console,websocket,database",,,0,2026-05-22 14:00:00,
1817,INFO,📊 Resumen Diario de Cartera,Vigente: 209 préstamos | Vencida: 387 préstamos,[object Object],database,,,0,2026-05-22 15:00:00,
1818,INFO,📊 Resumen Diario de Cartera,Vigente: 209 préstamos | Vencida: 387 préstamos,[object Object],"console,websocket,database",,,0,2026-05-22 15:00:00,
1819,WARNING,🚨 Moras Críticas Detectadas,Se detectaron 14 moras críticas que requieren atención inmediata,[object Object],database,,,0,2026-05-22 16:00:00,
1820,WARNING,🚨 Moras Críticas Detectadas,Se detectaron 14 moras críticas que requieren atención inmediata,[object Object],"console,websocket,database",,,0,2026-05-22 16:00:00,
1821,INFO,📊 Resumen Diario de Cartera,Vigente: 220 préstamos | Vencida: 381 préstamos,[object Object],database,,,0,2026-05-22 16:00:00,
1822,INFO,📊 Resumen Diario de Cartera,Vigente: 220 préstamos | Vencida: 381 préstamos,[object Object],"console,websocket,database",,,0,2026-05-22 16:00:00,
1823,INFO,📊 Resumen Diario de Cartera,Vigente: 220 préstamos | Vencida: 381 préstamos,[object Object],database,,,0,2026-05-22 17:00:00,
1824,INFO,📊 Resumen Diario de Cartera,Vigente: 220 préstamos | Vencida: 381 préstamos,[object Object],"console,websocket,database",,,0,2026-05-22 17:00:00,
1825,WARNING,🚨 Moras Críticas Detectadas,Se detectaron 14 moras críticas que requieren atención inmediata,[object Object],database,,,0,2026-05-22 18:00:00,
1826,WARNING,🚨 Moras Críticas Detectadas,Se detectaron 14 moras críticas que requieren atención inmediata,[object Object],"console,websocket,database",,,0,2026-05-22 18:00:00,
1827,INFO,📊 Resumen Diario de Cartera,Vigente: 221 préstamos | Vencida: 381 préstamos,[object Object],database,,,0,2026-05-22 18:00:00,
1828,INFO,📊 Resumen Diario de Cartera,Vigente: 221 préstamos | Vencida: 381 préstamos,[object Object],"console,websocket,database",,,0,2026-05-22 18:00:00,
1829,INFO,📊 Resumen Diario de Cartera,Vigente: 221 préstamos | Vencida: 381 préstamos,[object Object],database,,,0,2026-05-22 19:00:00,
1830,INFO,📊 Resumen Diario de Cartera,Vigente: 221 préstamos | Vencida: 381 préstamos,[object Object],"console,websocket,database",,,0,2026-05-22 19:00:00,
1831,WARNING,🚨 Moras Críticas Detectadas,Se detectaron 14 moras críticas que requieren atención inmediata,[object Object],database,,,0,2026-05-22 20:00:00,
1832,WARNING,🚨 Moras Críticas Detectadas,Se detectaron 14 moras críticas que requieren atención inmediata,[object Object],"console,websocket,database",,,0,2026-05-22 20:00:00,
1833,INFO,📊 Resumen Diario de Cartera,Vigente: 221 préstamos | Vencida: 381 préstamos,[object Object],database,,,0,2026-05-22 20:00:00,
1834,INFO,📊 Resumen Diario de Cartera,Vigente: 221 préstamos | Vencida: 381 préstamos,[object Object],"console,websocket,database",,,0,2026-05-22 20:00:00,
1835,INFO,📊 Resumen Diario de Cartera,Vigente: 222 préstamos | Vencida: 381 préstamos,[object Object],database,,,0,2026-05-22 21:00:00,
1836,INFO,📊 Resumen Diario de Cartera,Vigente: 222 préstamos | Vencida: 381 préstamos,[object Object],"console,websocket,database",,,0,2026-05-22 21:00:00,
1837,WARNING,🚨 Moras Críticas Detectadas,Se detectaron 14 moras críticas que requieren atención inmediata,[object Object],database,,,0,2026-05-22 22:00:00,
1838,WARNING,🚨 Moras Críticas Detectadas,Se detectaron 14 moras críticas que requieren atención inmediata,[object Object],"console,websocket,database",,,0,2026-05-22 22:00:00,
1839,INFO,📊 Resumen Diario de Cartera,Vigente: 226 préstamos | Vencida: 379 préstamos,[object Object],database,,,0,2026-05-22 22:00:00,
1840,INFO,📊 Resumen Diario de Cartera,Vigente: 226 préstamos | Vencida: 379 préstamos,[object Object],"console,websocket,database",,,0,2026-05-22 22:00:00,
1841,INFO,📊 Resumen Diario de Cartera,Vigente: 226 préstamos | Vencida: 379 préstamos,[object Object],database,,,0,2026-05-22 23:00:00,
1842,INFO,📊 Resumen Diario de Cartera,Vigente: 226 préstamos | Vencida: 379 préstamos,[object Object],"console,websocket,database",,,0,2026-05-22 23:00:00,
1843,WARNING,🚨 Moras Críticas Detectadas,Se detectaron 14 moras críticas que requieren atención inmediata,[object Object],database,,,0,2026-05-23 00:00:00,
1844,WARNING,🚨 Moras Críticas Detectadas,Se detectaron 14 moras críticas que requieren atención inmediata,[object Object],"console,websocket,database",,,0,2026-05-23 00:00:00,
1845,INFO,📊 Resumen Diario de Cartera,Vigente: 225 préstamos | Vencida: 380 préstamos,[object Object],database,,,0,2026-05-23 00:00:00,
1846,INFO,📊 Resumen Diario de Cartera,Vigente: 225 préstamos | Vencida: 380 préstamos,[object Object],"console,websocket,database",,,0,2026-05-23 00:00:00,
1847,INFO,📊 Resumen Diario de Cartera,Vigente: 225 préstamos | Vencida: 380 préstamos,[object Object],database,,,0,2026-05-23 01:00:00,
1848,INFO,📊 Resumen Diario de Cartera,Vigente: 225 préstamos | Vencida: 380 préstamos,[object Object],"console,websocket,database",,,0,2026-05-23 01:00:00,
1849,WARNING,🚨 Moras Críticas Detectadas,Se detectaron 14 moras críticas que requieren atención inmediata,[object Object],database,,,0,2026-05-23 02:00:00,
1850,WARNING,🚨 Moras Críticas Detectadas,Se detectaron 14 moras críticas que requieren atención inmediata,[object Object],"console,websocket,database",,,0,2026-05-23 02:00:00,
1851,INFO,✅ Proceso de Mora Completado,Proceso automático de mora ejecutado exitosamente en 153ms,[object Object],database,,,0,2026-05-23 02:00:00,
1852,INFO,✅ Proceso de Mora Completado,Proceso automático de mora ejecutado exitosamente en 153ms,[object Object],"console,websocket,database",,,0,2026-05-23 02:00:00,
1853,WARNING,🚨 Moras Críticas Detectadas,Se detectaron 15 moras críticas que requieren atención inmediata,[object Object],database,,,0,2026-05-23 04:00:00,
1854,WARNING,🚨 Moras Críticas Detectadas,Se detectaron 15 moras críticas que requieren atención inmediata,[object Object],"console,websocket,database",,,0,2026-05-23 04:00:00,
1855,WARNING,🚨 Moras Críticas Detectadas,Se detectaron 15 moras críticas que requieren atención inmediata,[object Object],database,,,0,2026-05-23 06:00:00,
1856,WARNING,🚨 Moras Críticas Detectadas,Se detectaron 15 moras críticas que requieren atención inmediata,[object Object],"console,websocket,database",,,0,2026-05-23 06:00:00,
1857,WARNING,🚨 Moras Críticas Detectadas,Se detectaron 15 moras críticas que requieren atención inmediata,[object Object],database,,,0,2026-05-23 08:00:00,
1858,WARNING,🚨 Moras Críticas Detectadas,Se detectaron 15 moras críticas que requieren atención inmediata,[object Object],"console,websocket,database",,,0,2026-05-23 08:00:00,
1859,WARNING,🚨 Moras Críticas Detectadas,Se detectaron 15 moras críticas que requieren atención inmediata,[object Object],database,,,0,2026-05-23 10:00:00,
1860,WARNING,🚨 Moras Críticas Detectadas,Se detectaron 15 moras críticas que requieren atención inmediata,[object Object],"console,websocket,database",,,0,2026-05-23 10:00:00,
1861,WARNING,🚨 Moras Críticas Detectadas,Se detectaron 15 moras críticas que requieren atención inmediata,[object Object],database,,,0,2026-05-23 12:00:00,
1862,WARNING,🚨 Moras Críticas Detectadas,Se detectaron 15 moras críticas que requieren atención inmediata,[object Object],"console,websocket,database",,,0,2026-05-23 12:00:00,
1863,WARNING,🚨 Moras Críticas Detectadas,Se detectaron 15 moras críticas que requieren atención inmediata,[object Object],database,,,0,2026-05-23 14:00:00,
1864,WARNING,🚨 Moras Críticas Detectadas,Se detectaron 15 moras críticas que requieren atención inmediata,[object Object],"console,websocket,database",,,0,2026-05-23 14:00:00,
1865,INFO,📊 Resumen Diario de Cartera,Vigente: 225 préstamos | Vencida: 380 préstamos,[object Object],database,,,0,2026-05-23 15:00:00,
1866,INFO,📊 Resumen Diario de Cartera,Vigente: 225 préstamos | Vencida: 380 préstamos,[object Object],"console,websocket,database",,,0,2026-05-23 15:00:00,
1867,WARNING,🚨 Moras Críticas Detectadas,Se detectaron 15 moras críticas que requieren atención inmediata,[object Object],database,,,0,2026-05-23 16:00:00,
1868,WARNING,🚨 Moras Críticas Detectadas,Se detectaron 15 moras críticas que requieren atención inmediata,[object Object],"console,websocket,database",,,0,2026-05-23 16:00:00,
1869,INFO,📊 Resumen Diario de Cartera,Vigente: 225 préstamos | Vencida: 380 préstamos,[object Object],database,,,0,2026-05-23 16:00:00,
1870,INFO,📊 Resumen Diario de Cartera,Vigente: 225 préstamos | Vencida: 380 préstamos,[object Object],"console,websocket,database",,,0,2026-05-23 16:00:00,
1871,INFO,📊 Resumen Diario de Cartera,Vigente: 225 préstamos | Vencida: 380 préstamos,[object Object],database,,,0,2026-05-23 17:00:00,
1872,INFO,📊 Resumen Diario de Cartera,Vigente: 225 préstamos | Vencida: 380 préstamos,[object Object],"console,websocket,database",,,0,2026-05-23 17:00:00,
1873,WARNING,🚨 Moras Críticas Detectadas,Se detectaron 15 moras críticas que requieren atención inmediata,[object Object],database,,,0,2026-05-23 18:00:00,
1874,WARNING,🚨 Moras Críticas Detectadas,Se detectaron 15 moras críticas que requieren atención inmediata,[object Object],"console,websocket,database",,,0,2026-05-23 18:00:00,
1875,INFO,📊 Resumen Diario de Cartera,Vigente: 225 préstamos | Vencida: 380 préstamos,[object Object],database,,,0,2026-05-23 18:00:00,
1876,INFO,📊 Resumen Diario de Cartera,Vigente: 225 préstamos | Vencida: 380 préstamos,[object Object],"console,websocket,database",,,0,2026-05-23 18:00:00,
1877,INFO,📊 Resumen Diario de Cartera,Vigente: 225 préstamos | Vencida: 380 préstamos,[object Object],database,,,0,2026-05-23 19:00:00,
1878,INFO,📊 Resumen Diario de Cartera,Vigente: 225 préstamos | Vencida: 380 préstamos,[object Object],"console,websocket,database",,,0,2026-05-23 19:00:00,
1879,WARNING,🚨 Moras Críticas Detectadas,Se detectaron 15 moras críticas que requieren atención inmediata,[object Object],database,,,0,2026-05-23 20:00:00,
1880,WARNING,🚨 Moras Críticas Detectadas,Se detectaron 15 moras críticas que requieren atención inmediata,[object Object],"console,websocket,database",,,0,2026-05-23 20:00:00,
1881,INFO,📊 Resumen Diario de Cartera,Vigente: 225 préstamos | Vencida: 380 préstamos,[object Object],database,,,0,2026-05-23 20:00:00,
1882,INFO,📊 Resumen Diario de Cartera,Vigente: 225 préstamos | Vencida: 380 préstamos,[object Object],"console,websocket,database",,,0,2026-05-23 20:00:00,
1883,INFO,📊 Resumen Diario de Cartera,Vigente: 225 préstamos | Vencida: 380 préstamos,[object Object],database,,,0,2026-05-23 21:00:00,
1884,INFO,📊 Resumen Diario de Cartera,Vigente: 225 préstamos | Vencida: 380 préstamos,[object Object],"console,websocket,database",,,0,2026-05-23 21:00:00,
1885,WARNING,🚨 Moras Críticas Detectadas,Se detectaron 15 moras críticas que requieren atención inmediata,[object Object],database,,,0,2026-05-23 22:00:00,
1886,WARNING,🚨 Moras Críticas Detectadas,Se detectaron 15 moras críticas que requieren atención inmediata,[object Object],"console,websocket,database",,,0,2026-05-23 22:00:00,
1887,INFO,📊 Resumen Diario de Cartera,Vigente: 225 préstamos | Vencida: 380 préstamos,[object Object],database,,,0,2026-05-23 22:00:00,
1888,INFO,📊 Resumen Diario de Cartera,Vigente: 225 préstamos | Vencida: 380 préstamos,[object Object],"console,websocket,database",,,0,2026-05-23 22:00:00,
1889,INFO,📊 Resumen Diario de Cartera,Vigente: 225 préstamos | Vencida: 380 préstamos,[object Object],database,,,0,2026-05-23 23:00:00,
1890,INFO,📊 Resumen Diario de Cartera,Vigente: 225 préstamos | Vencida: 380 préstamos,[object Object],"console,websocket,database",,,0,2026-05-23 23:00:00,
1891,WARNING,🚨 Moras Críticas Detectadas,Se detectaron 15 moras críticas que requieren atención inmediata,[object Object],database,,,0,2026-05-24 00:00:00,
1892,WARNING,🚨 Moras Críticas Detectadas,Se detectaron 15 moras críticas que requieren atención inmediata,[object Object],"console,websocket,database",,,0,2026-05-24 00:00:00,
1893,INFO,📊 Resumen Diario de Cartera,Vigente: 225 préstamos | Vencida: 380 préstamos,[object Object],database,,,0,2026-05-24 00:00:00,
1894,INFO,📊 Resumen Diario de Cartera,Vigente: 225 préstamos | Vencida: 380 préstamos,[object Object],"console,websocket,database",,,0,2026-05-24 00:00:00,
1895,INFO,📊 Resumen Diario de Cartera,Vigente: 225 préstamos | Vencida: 380 préstamos,[object Object],database,,,0,2026-05-24 01:00:00,
1896,INFO,📊 Resumen Diario de Cartera,Vigente: 225 préstamos | Vencida: 380 préstamos,[object Object],"console,websocket,database",,,0,2026-05-24 01:00:00,
1897,WARNING,🚨 Moras Críticas Detectadas,Se detectaron 15 moras críticas que requieren atención inmediata,[object Object],database,,,0,2026-05-24 02:00:00,
1898,WARNING,🚨 Moras Críticas Detectadas,Se detectaron 15 moras críticas que requieren atención inmediata,[object Object],"console,websocket,database",,,0,2026-05-24 02:00:00,
1899,INFO,✅ Proceso de Mora Completado,Proceso automático de mora ejecutado exitosamente en 209ms,[object Object],database,,,0,2026-05-24 02:00:00,
1900,INFO,✅ Proceso de Mora Completado,Proceso automático de mora ejecutado exitosamente en 209ms,[object Object],"console,websocket,database",,,0,2026-05-24 02:00:00,
1901,WARNING,🚨 Moras Críticas Detectadas,Se detectaron 15 moras críticas que requieren atención inmediata,[object Object],database,,,0,2026-05-24 04:00:00,
1902,WARNING,🚨 Moras Críticas Detectadas,Se detectaron 15 moras críticas que requieren atención inmediata,[object Object],"console,websocket,database",,,0,2026-05-24 04:00:00,
1903,WARNING,🚨 Moras Críticas Detectadas,Se detectaron 15 moras críticas que requieren atención inmediata,[object Object],database,,,0,2026-05-24 06:00:00,
1904,WARNING,🚨 Moras Críticas Detectadas,Se detectaron 15 moras críticas que requieren atención inmediata,[object Object],"console,websocket,database",,,0,2026-05-24 06:00:00,
1905,WARNING,🚨 Moras Críticas Detectadas,Se detectaron 15 moras críticas que requieren atención inmediata,[object Object],database,,,0,2026-05-24 08:00:00,
1906,WARNING,🚨 Moras Críticas Detectadas,Se detectaron 15 moras críticas que requieren atención inmediata,[object Object],"console,websocket,database",,,0,2026-05-24 08:00:00,
1907,WARNING,🚨 Moras Críticas Detectadas,Se detectaron 15 moras críticas que requieren atención inmediata,[object Object],database,,,0,2026-05-24 10:00:00,
1908,WARNING,🚨 Moras Críticas Detectadas,Se detectaron 15 moras críticas que requieren atención inmediata,[object Object],"console,websocket,database",,,0,2026-05-24 10:00:00,
1909,WARNING,🚨 Moras Críticas Detectadas,Se detectaron 15 moras críticas que requieren atención inmediata,[object Object],database,,,0,2026-05-24 12:00:00,
1910,WARNING,🚨 Moras Críticas Detectadas,Se detectaron 15 moras críticas que requieren atención inmediata,[object Object],"console,websocket,database",,,0,2026-05-24 12:00:00,
1911,WARNING,🚨 Moras Críticas Detectadas,Se detectaron 15 moras críticas que requieren atención inmediata,[object Object],database,,,0,2026-05-24 14:00:00,
1912,WARNING,🚨 Moras Críticas Detectadas,Se detectaron 15 moras críticas que requieren atención inmediata,[object Object],"console,websocket,database",,,0,2026-05-24 14:00:00,
1913,INFO,📊 Resumen Diario de Cartera,Vigente: 225 préstamos | Vencida: 380 préstamos,[object Object],database,,,0,2026-05-24 15:00:00,
1914,INFO,📊 Resumen Diario de Cartera,Vigente: 225 préstamos | Vencida: 380 préstamos,[object Object],"console,websocket,database",,,0,2026-05-24 15:00:00,
1915,WARNING,🚨 Moras Críticas Detectadas,Se detectaron 15 moras críticas que requieren atención inmediata,[object Object],database,,,0,2026-05-24 16:00:00,
1916,WARNING,🚨 Moras Críticas Detectadas,Se detectaron 15 moras críticas que requieren atención inmediata,[object Object],"console,websocket,database",,,0,2026-05-24 16:00:00,
1917,INFO,📊 Resumen Diario de Cartera,Vigente: 225 préstamos | Vencida: 380 préstamos,[object Object],database,,,0,2026-05-24 16:00:00,
1918,INFO,📊 Resumen Diario de Cartera,Vigente: 225 préstamos | Vencida: 380 préstamos,[object Object],"console,websocket,database",,,0,2026-05-24 16:00:00,
1919,INFO,📊 Resumen Diario de Cartera,Vigente: 225 préstamos | Vencida: 380 préstamos,[object Object],database,,,0,2026-05-24 17:00:00,
1920,INFO,📊 Resumen Diario de Cartera,Vigente: 225 préstamos | Vencida: 380 préstamos,[object Object],"console,websocket,database",,,0,2026-05-24 17:00:00,
1921,WARNING,🚨 Moras Críticas Detectadas,Se detectaron 15 moras críticas que requieren atención inmediata,[object Object],database,,,0,2026-05-24 18:00:00,
1922,WARNING,🚨 Moras Críticas Detectadas,Se detectaron 15 moras críticas que requieren atención inmediata,[object Object],"console,websocket,database",,,0,2026-05-24 18:00:00,
1923,INFO,📊 Resumen Diario de Cartera,Vigente: 225 préstamos | Vencida: 380 préstamos,[object Object],database,,,0,2026-05-24 18:00:00,
1924,INFO,📊 Resumen Diario de Cartera,Vigente: 225 préstamos | Vencida: 380 préstamos,[object Object],"console,websocket,database",,,0,2026-05-24 18:00:00,
1925,INFO,📊 Resumen Diario de Cartera,Vigente: 225 préstamos | Vencida: 380 préstamos,[object Object],database,,,0,2026-05-24 19:00:00,
1926,INFO,📊 Resumen Diario de Cartera,Vigente: 225 préstamos | Vencida: 380 préstamos,[object Object],"console,websocket,database",,,0,2026-05-24 19:00:00,
1927,WARNING,🚨 Moras Críticas Detectadas,Se detectaron 15 moras críticas que requieren atención inmediata,[object Object],database,,,0,2026-05-24 20:00:00,
1928,WARNING,🚨 Moras Críticas Detectadas,Se detectaron 15 moras críticas que requieren atención inmediata,[object Object],"console,websocket,database",,,0,2026-05-24 20:00:00,
1929,INFO,📊 Resumen Diario de Cartera,Vigente: 225 préstamos | Vencida: 380 préstamos,[object Object],database,,,0,2026-05-24 20:00:00,
1930,INFO,📊 Resumen Diario de Cartera,Vigente: 225 préstamos | Vencida: 380 préstamos,[object Object],"console,websocket,database",,,0,2026-05-24 20:00:00,
1931,INFO,📊 Resumen Diario de Cartera,Vigente: 225 préstamos | Vencida: 380 préstamos,[object Object],database,,,0,2026-05-24 21:00:00,
1932,INFO,📊 Resumen Diario de Cartera,Vigente: 225 préstamos | Vencida: 380 préstamos,[object Object],"console,websocket,database",,,0,2026-05-24 21:00:00,
1933,WARNING,🚨 Moras Críticas Detectadas,Se detectaron 15 moras críticas que requieren atención inmediata,[object Object],database,,,0,2026-05-24 22:00:00,
1934,WARNING,🚨 Moras Críticas Detectadas,Se detectaron 15 moras críticas que requieren atención inmediata,[object Object],"console,websocket,database",,,0,2026-05-24 22:00:00,
1935,INFO,📊 Resumen Diario de Cartera,Vigente: 225 préstamos | Vencida: 380 préstamos,[object Object],database,,,0,2026-05-24 22:00:00,
1936,INFO,📊 Resumen Diario de Cartera,Vigente: 225 préstamos | Vencida: 380 préstamos,[object Object],"console,websocket,database",,,0,2026-05-24 22:00:00,
1937,INFO,📊 Resumen Diario de Cartera,Vigente: 225 préstamos | Vencida: 380 préstamos,[object Object],database,,,0,2026-05-24 23:00:00,
1938,INFO,📊 Resumen Diario de Cartera,Vigente: 225 préstamos | Vencida: 380 préstamos,[object Object],"console,websocket,database",,,0,2026-05-24 23:00:00,
1939,WARNING,🚨 Moras Críticas Detectadas,Se detectaron 15 moras críticas que requieren atención inmediata,[object Object],database,,,0,2026-05-25 00:00:00,
1940,WARNING,🚨 Moras Críticas Detectadas,Se detectaron 15 moras críticas que requieren atención inmediata,[object Object],"console,websocket,database",,,0,2026-05-25 00:00:00,
1941,INFO,📊 Resumen Diario de Cartera,Vigente: 225 préstamos | Vencida: 380 préstamos,[object Object],database,,,0,2026-05-25 00:00:00,
1942,INFO,📊 Resumen Diario de Cartera,Vigente: 225 préstamos | Vencida: 380 préstamos,[object Object],"console,websocket,database",,,0,2026-05-25 00:00:00,
1943,INFO,📊 Resumen Diario de Cartera,Vigente: 225 préstamos | Vencida: 380 préstamos,[object Object],database,,,0,2026-05-25 01:00:00,
1944,INFO,📊 Resumen Diario de Cartera,Vigente: 225 préstamos | Vencida: 380 préstamos,[object Object],"console,websocket,database",,,0,2026-05-25 01:00:00,
1945,WARNING,🚨 Moras Críticas Detectadas,Se detectaron 15 moras críticas que requieren atención inmediata,[object Object],database,,,0,2026-05-25 02:00:00,
1946,WARNING,🚨 Moras Críticas Detectadas,Se detectaron 15 moras críticas que requieren atención inmediata,[object Object],"console,websocket,database",,,0,2026-05-25 02:00:00,
1947,INFO,✅ Proceso de Mora Completado,Proceso automático de mora ejecutado exitosamente en 191ms,[object Object],database,,,0,2026-05-25 02:00:00,
1948,INFO,✅ Proceso de Mora Completado,Proceso automático de mora ejecutado exitosamente en 191ms,[object Object],"console,websocket,database",,,0,2026-05-25 02:00:00,
1949,WARNING,🚨 Moras Críticas Detectadas,Se detectaron 15 moras críticas que requieren atención inmediata,[object Object],database,,,0,2026-05-25 04:00:00,
1950,WARNING,🚨 Moras Críticas Detectadas,Se detectaron 15 moras críticas que requieren atención inmediata,[object Object],"console,websocket,database",,,0,2026-05-25 04:00:00,
1951,WARNING,🚨 Moras Críticas Detectadas,Se detectaron 15 moras críticas que requieren atención inmediata,[object Object],database,,,0,2026-05-25 06:00:00,
1952,WARNING,🚨 Moras Críticas Detectadas,Se detectaron 15 moras críticas que requieren atención inmediata,[object Object],"console,websocket,database",,,0,2026-05-25 06:00:00,
1953,WARNING,🚨 Moras Críticas Detectadas,Se detectaron 15 moras críticas que requieren atención inmediata,[object Object],database,,,0,2026-05-25 08:00:00,
1954,WARNING,🚨 Moras Críticas Detectadas,Se detectaron 15 moras críticas que requieren atención inmediata,[object Object],"console,websocket,database",,,0,2026-05-25 08:00:00,
1955,WARNING,🚨 Moras Críticas Detectadas,Se detectaron 15 moras críticas que requieren atención inmediata,[object Object],database,,,0,2026-05-25 10:00:00,
1956,WARNING,🚨 Moras Críticas Detectadas,Se detectaron 15 moras críticas que requieren atención inmediata,[object Object],"console,websocket,database",,,0,2026-05-25 10:00:00,
1957,WARNING,🚨 Moras Críticas Detectadas,Se detectaron 15 moras críticas que requieren atención inmediata,[object Object],database,,,0,2026-05-25 12:00:00,
1958,WARNING,🚨 Moras Críticas Detectadas,Se detectaron 15 moras críticas que requieren atención inmediata,[object Object],"console,websocket,database",,,0,2026-05-25 12:00:00,
1959,WARNING,🚨 Moras Críticas Detectadas,Se detectaron 15 moras críticas que requieren atención inmediata,[object Object],database,,,0,2026-05-25 14:00:00,
1960,WARNING,🚨 Moras Críticas Detectadas,Se detectaron 15 moras críticas que requieren atención inmediata,[object Object],"console,websocket,database",,,0,2026-05-25 14:00:00,
1961,INFO,📊 Resumen Diario de Cartera,Vigente: 225 préstamos | Vencida: 380 préstamos,[object Object],database,,,0,2026-05-25 15:00:00,
1962,INFO,📊 Resumen Diario de Cartera,Vigente: 225 préstamos | Vencida: 380 préstamos,[object Object],"console,websocket,database",,,0,2026-05-25 15:00:00,
1963,WARNING,🚨 Moras Críticas Detectadas,Se detectaron 15 moras críticas que requieren atención inmediata,[object Object],database,,,0,2026-05-25 16:00:00,
1964,WARNING,🚨 Moras Críticas Detectadas,Se detectaron 15 moras críticas que requieren atención inmediata,[object Object],"console,websocket,database",,,0,2026-05-25 16:00:00,
1965,INFO,📊 Resumen Diario de Cartera,Vigente: 225 préstamos | Vencida: 380 préstamos,[object Object],database,,,0,2026-05-25 16:00:00,
1966,INFO,📊 Resumen Diario de Cartera,Vigente: 225 préstamos | Vencida: 380 préstamos,[object Object],"console,websocket,database",,,0,2026-05-25 16:00:00,
1967,INFO,📊 Resumen Diario de Cartera,Vigente: 225 préstamos | Vencida: 380 préstamos,[object Object],database,,,0,2026-05-25 17:00:00,
1968,INFO,📊 Resumen Diario de Cartera,Vigente: 225 préstamos | Vencida: 380 préstamos,[object Object],"console,websocket,database",,,0,2026-05-25 17:00:00,
1969,WARNING,🚨 Moras Críticas Detectadas,Se detectaron 15 moras críticas que requieren atención inmediata,[object Object],database,,,0,2026-05-25 18:00:00,
1970,WARNING,🚨 Moras Críticas Detectadas,Se detectaron 15 moras críticas que requieren atención inmediata,[object Object],"console,websocket,database",,,0,2026-05-25 18:00:00,
1971,INFO,📊 Resumen Diario de Cartera,Vigente: 225 préstamos | Vencida: 380 préstamos,[object Object],database,,,0,2026-05-25 18:00:00,
1972,INFO,📊 Resumen Diario de Cartera,Vigente: 225 préstamos | Vencida: 380 préstamos,[object Object],"console,websocket,database",,,0,2026-05-25 18:00:00,
1973,INFO,📊 Resumen Diario de Cartera,Vigente: 225 préstamos | Vencida: 380 préstamos,[object Object],database,,,0,2026-05-25 19:00:00,
1974,INFO,📊 Resumen Diario de Cartera,Vigente: 225 préstamos | Vencida: 380 préstamos,[object Object],"console,websocket,database",,,0,2026-05-25 19:00:00,
1975,WARNING,🚨 Moras Críticas Detectadas,Se detectaron 15 moras críticas que requieren atención inmediata,[object Object],database,,,0,2026-05-25 20:00:00,
1976,WARNING,🚨 Moras Críticas Detectadas,Se detectaron 15 moras críticas que requieren atención inmediata,[object Object],"console,websocket,database",,,0,2026-05-25 20:00:00,
1977,INFO,📊 Resumen Diario de Cartera,Vigente: 225 préstamos | Vencida: 380 préstamos,[object Object],database,,,0,2026-05-25 20:00:00,
1978,INFO,📊 Resumen Diario de Cartera,Vigente: 225 préstamos | Vencida: 380 préstamos,[object Object],"console,websocket,database",,,0,2026-05-25 20:00:00,
1979,INFO,📊 Resumen Diario de Cartera,Vigente: 225 préstamos | Vencida: 380 préstamos,[object Object],database,,,0,2026-05-25 21:00:00,
1980,INFO,📊 Resumen Diario de Cartera,Vigente: 225 préstamos | Vencida: 380 préstamos,[object Object],"console,websocket,database",,,0,2026-05-25 21:00:00,
1981,WARNING,🚨 Moras Críticas Detectadas,Se detectaron 15 moras críticas que requieren atención inmediata,[object Object],database,,,0,2026-05-25 22:00:00,
1982,WARNING,🚨 Moras Críticas Detectadas,Se detectaron 15 moras críticas que requieren atención inmediata,[object Object],"console,websocket,database",,,0,2026-05-25 22:00:00,
1983,INFO,📊 Resumen Diario de Cartera,Vigente: 225 préstamos | Vencida: 380 préstamos,[object Object],database,,,0,2026-05-25 22:00:00,
1984,INFO,📊 Resumen Diario de Cartera,Vigente: 225 préstamos | Vencida: 380 préstamos,[object Object],"console,websocket,database",,,0,2026-05-25 22:00:00,
1985,INFO,📊 Resumen Diario de Cartera,Vigente: 225 préstamos | Vencida: 380 préstamos,[object Object],database,,,0,2026-05-25 23:00:00,
1986,INFO,📊 Resumen Diario de Cartera,Vigente: 225 préstamos | Vencida: 380 préstamos,[object Object],"console,websocket,database",,,0,2026-05-25 23:00:00,
1987,WARNING,🚨 Moras Críticas Detectadas,Se detectaron 15 moras críticas que requieren atención inmediata,[object Object],database,,,0,2026-05-26 00:00:00,
1988,WARNING,🚨 Moras Críticas Detectadas,Se detectaron 15 moras críticas que requieren atención inmediata,[object Object],"console,websocket,database",,,0,2026-05-26 00:00:00,
1989,INFO,📊 Resumen Diario de Cartera,Vigente: 216 préstamos | Vencida: 389 préstamos,[object Object],database,,,0,2026-05-26 00:00:00,
1990,INFO,📊 Resumen Diario de Cartera,Vigente: 216 préstamos | Vencida: 389 préstamos,[object Object],"console,websocket,database",,,0,2026-05-26 00:00:00,
1991,INFO,📊 Resumen Diario de Cartera,Vigente: 216 préstamos | Vencida: 389 préstamos,[object Object],database,,,0,2026-05-26 01:00:00,
1992,INFO,📊 Resumen Diario de Cartera,Vigente: 216 préstamos | Vencida: 389 préstamos,[object Object],"console,websocket,database",,,0,2026-05-26 01:00:00,
1993,WARNING,🚨 Moras Críticas Detectadas,Se detectaron 15 moras críticas que requieren atención inmediata,[object Object],database,,,0,2026-05-26 02:00:00,
1994,WARNING,🚨 Moras Críticas Detectadas,Se detectaron 15 moras críticas que requieren atención inmediata,[object Object],"console,websocket,database",,,0,2026-05-26 02:00:00,
1995,INFO,✅ Proceso de Mora Completado,Proceso automático de mora ejecutado exitosamente en 130ms,[object Object],database,,,0,2026-05-26 02:00:00,
1996,INFO,✅ Proceso de Mora Completado,Proceso automático de mora ejecutado exitosamente en 130ms,[object Object],"console,websocket,database",,,0,2026-05-26 02:00:00,
1997,WARNING,🚨 Moras Críticas Detectadas,Se detectaron 16 moras críticas que requieren atención inmediata,[object Object],database,,,0,2026-05-26 04:00:00,
1998,WARNING,🚨 Moras Críticas Detectadas,Se detectaron 16 moras críticas que requieren atención inmediata,[object Object],"console,websocket,database",,,0,2026-05-26 04:00:00,
1999,WARNING,🚨 Moras Críticas Detectadas,Se detectaron 16 moras críticas que requieren atención inmediata,[object Object],database,,,0,2026-05-26 06:00:00,
2000,WARNING,🚨 Moras Críticas Detectadas,Se detectaron 16 moras críticas que requieren atención inmediata,[object Object],"console,websocket,database",,,0,2026-05-26 06:00:00,
2001,WARNING,🚨 Moras Críticas Detectadas,Se detectaron 16 moras críticas que requieren atención inmediata,[object Object],database,,,0,2026-05-26 08:00:00,
2002,WARNING,🚨 Moras Críticas Detectadas,Se detectaron 16 moras críticas que requieren atención inmediata,[object Object],"console,websocket,database",,,0,2026-05-26 08:00:00,
2003,WARNING,🚨 Moras Críticas Detectadas,Se detectaron 16 moras críticas que requieren atención inmediata,[object Object],database,,,0,2026-05-26 10:00:00,
2004,WARNING,🚨 Moras Críticas Detectadas,Se detectaron 16 moras críticas que requieren atención inmediata,[object Object],"console,websocket,database",,,0,2026-05-26 10:00:00,
2005,WARNING,🚨 Moras Críticas Detectadas,Se detectaron 16 moras críticas que requieren atención inmediata,[object Object],database,,,0,2026-05-26 12:00:00,
2006,WARNING,🚨 Moras Críticas Detectadas,Se detectaron 16 moras críticas que requieren atención inmediata,[object Object],"console,websocket,database",,,0,2026-05-26 12:00:00,
2007,WARNING,🚨 Moras Críticas Detectadas,Se detectaron 16 moras críticas que requieren atención inmediata,[object Object],database,,,0,2026-05-26 14:00:00,
2008,WARNING,🚨 Moras Críticas Detectadas,Se detectaron 16 moras críticas que requieren atención inmediata,[object Object],"console,websocket,database",,,0,2026-05-26 14:00:00,
2009,INFO,📊 Resumen Diario de Cartera,Vigente: 216 préstamos | Vencida: 389 préstamos,[object Object],database,,,0,2026-05-26 15:00:00,
2010,INFO,📊 Resumen Diario de Cartera,Vigente: 216 préstamos | Vencida: 389 préstamos,[object Object],"console,websocket,database",,,0,2026-05-26 15:00:00,
2011,WARNING,🚨 Moras Críticas Detectadas,Se detectaron 16 moras críticas que requieren atención inmediata,[object Object],database,,,0,2026-05-26 16:00:00,
2012,WARNING,🚨 Moras Críticas Detectadas,Se detectaron 16 moras críticas que requieren atención inmediata,[object Object],"console,websocket,database",,,0,2026-05-26 16:00:00,
2013,INFO,📊 Resumen Diario de Cartera,Vigente: 218 préstamos | Vencida: 387 préstamos,[object Object],database,,,0,2026-05-26 16:00:00,
2014,INFO,📊 Resumen Diario de Cartera,Vigente: 218 préstamos | Vencida: 387 préstamos,[object Object],"console,websocket,database",,,0,2026-05-26 16:00:00,
2015,INFO,📊 Resumen Diario de Cartera,Vigente: 260 préstamos | Vencida: 343 préstamos,[object Object],database,,,0,2026-05-26 17:00:00,
2016,INFO,📊 Resumen Diario de Cartera,Vigente: 260 préstamos | Vencida: 343 préstamos,[object Object],"console,websocket,database",,,0,2026-05-26 17:00:00,
2017,WARNING,🚨 Moras Críticas Detectadas,Se detectaron 16 moras críticas que requieren atención inmediata,[object Object],database,,,0,2026-05-26 18:00:00,
2018,WARNING,🚨 Moras Críticas Detectadas,Se detectaron 16 moras críticas que requieren atención inmediata,[object Object],"console,websocket,database",,,0,2026-05-26 18:00:00,
2019,INFO,📊 Resumen Diario de Cartera,Vigente: 269 préstamos | Vencida: 334 préstamos,[object Object],database,,,0,2026-05-26 18:00:00,
2020,INFO,📊 Resumen Diario de Cartera,Vigente: 269 préstamos | Vencida: 334 préstamos,[object Object],"console,websocket,database",,,0,2026-05-26 18:00:00,
2021,INFO,📊 Resumen Diario de Cartera,Vigente: 270 préstamos | Vencida: 333 préstamos,[object Object],database,,,0,2026-05-26 19:00:00,
2022,INFO,📊 Resumen Diario de Cartera,Vigente: 270 préstamos | Vencida: 333 préstamos,[object Object],"console,websocket,database",,,0,2026-05-26 19:00:00,
2023,WARNING,🚨 Moras Críticas Detectadas,Se detectaron 16 moras críticas que requieren atención inmediata,[object Object],database,,,0,2026-05-26 20:00:00,
2024,WARNING,🚨 Moras Críticas Detectadas,Se detectaron 16 moras críticas que requieren atención inmediata,[object Object],"console,websocket,database",,,0,2026-05-26 20:00:00,
2025,INFO,📊 Resumen Diario de Cartera,Vigente: 270 préstamos | Vencida: 333 préstamos,[object Object],database,,,0,2026-05-26 20:00:00,
2026,INFO,📊 Resumen Diario de Cartera,Vigente: 270 préstamos | Vencida: 333 préstamos,[object Object],"console,websocket,database",,,0,2026-05-26 20:00:00,
2027,INFO,📊 Resumen Diario de Cartera,Vigente: 270 préstamos | Vencida: 333 préstamos,[object Object],database,,,0,2026-05-26 21:00:00,
2028,INFO,📊 Resumen Diario de Cartera,Vigente: 270 préstamos | Vencida: 333 préstamos,[object Object],"console,websocket,database",,,0,2026-05-26 21:00:00,
2029,WARNING,🚨 Moras Críticas Detectadas,Se detectaron 16 moras críticas que requieren atención inmediata,[object Object],database,,,0,2026-05-26 22:00:00,
2030,WARNING,🚨 Moras Críticas Detectadas,Se detectaron 16 moras críticas que requieren atención inmediata,[object Object],"console,websocket,database",,,0,2026-05-26 22:00:00,
2031,INFO,📊 Resumen Diario de Cartera,Vigente: 270 préstamos | Vencida: 333 préstamos,[object Object],database,,,0,2026-05-26 22:00:00,
2032,INFO,📊 Resumen Diario de Cartera,Vigente: 270 préstamos | Vencida: 333 préstamos,[object Object],"console,websocket,database",,,0,2026-05-26 22:00:00,
2033,INFO,📊 Resumen Diario de Cartera,Vigente: 270 préstamos | Vencida: 333 préstamos,[object Object],database,,,0,2026-05-26 23:00:00,
2034,INFO,📊 Resumen Diario de Cartera,Vigente: 270 préstamos | Vencida: 333 préstamos,[object Object],"console,websocket,database",,,0,2026-05-26 23:00:00,
2035,WARNING,🚨 Moras Críticas Detectadas,Se detectaron 16 moras críticas que requieren atención inmediata,[object Object],database,,,0,2026-05-27 00:00:00,
2036,WARNING,🚨 Moras Críticas Detectadas,Se detectaron 16 moras críticas que requieren atención inmediata,[object Object],"console,websocket,database",,,0,2026-05-27 00:00:00,
2037,INFO,📊 Resumen Diario de Cartera,Vigente: 257 préstamos | Vencida: 346 préstamos,[object Object],database,,,0,2026-05-27 00:00:00,
2038,INFO,📊 Resumen Diario de Cartera,Vigente: 257 préstamos | Vencida: 346 préstamos,[object Object],"console,websocket,database",,,0,2026-05-27 00:00:00,
2039,INFO,📊 Resumen Diario de Cartera,Vigente: 257 préstamos | Vencida: 346 préstamos,[object Object],database,,,0,2026-05-27 01:00:00,
2040,INFO,📊 Resumen Diario de Cartera,Vigente: 257 préstamos | Vencida: 346 préstamos,[object Object],"console,websocket,database",,,0,2026-05-27 01:00:00,
2041,WARNING,🚨 Moras Críticas Detectadas,Se detectaron 16 moras críticas que requieren atención inmediata,[object Object],database,,,0,2026-05-27 02:00:00,
2042,WARNING,🚨 Moras Críticas Detectadas,Se detectaron 16 moras críticas que requieren atención inmediata,[object Object],"console,websocket,database",,,0,2026-05-27 02:00:00,
2043,INFO,✅ Proceso de Mora Completado,Proceso automático de mora ejecutado exitosamente en 130ms,[object Object],database,,,0,2026-05-27 02:00:00,
2044,INFO,✅ Proceso de Mora Completado,Proceso automático de mora ejecutado exitosamente en 130ms,[object Object],"console,websocket,database",,,0,2026-05-27 02:00:00,
2045,WARNING,🚨 Moras Críticas Detectadas,Se detectaron 16 moras críticas que requieren atención inmediata,[object Object],database,,,0,2026-05-27 04:00:00,
2046,WARNING,🚨 Moras Críticas Detectadas,Se detectaron 16 moras críticas que requieren atención inmediata,[object Object],"console,websocket,database",,,0,2026-05-27 04:00:00,
2047,WARNING,🚨 Moras Críticas Detectadas,Se detectaron 16 moras críticas que requieren atención inmediata,[object Object],database,,,0,2026-05-27 06:00:00,
2048,WARNING,🚨 Moras Críticas Detectadas,Se detectaron 16 moras críticas que requieren atención inmediata,[object Object],"console,websocket,database",,,0,2026-05-27 06:00:00,
2049,WARNING,🚨 Moras Críticas Detectadas,Se detectaron 16 moras críticas que requieren atención inmediata,[object Object],database,,,0,2026-05-27 08:00:00,
2050,WARNING,🚨 Moras Críticas Detectadas,Se detectaron 16 moras críticas que requieren atención inmediata,[object Object],"console,websocket,database",,,0,2026-05-27 08:00:00,
2051,WARNING,🚨 Moras Críticas Detectadas,Se detectaron 16 moras críticas que requieren atención inmediata,[object Object],database,,,0,2026-05-27 10:00:00,
2052,WARNING,🚨 Moras Críticas Detectadas,Se detectaron 16 moras críticas que requieren atención inmediata,[object Object],"console,websocket,database",,,0,2026-05-27 10:00:00,
2053,WARNING,🚨 Moras Críticas Detectadas,Se detectaron 16 moras críticas que requieren atención inmediata,[object Object],database,,,0,2026-05-27 12:00:00,
2054,WARNING,🚨 Moras Críticas Detectadas,Se detectaron 16 moras críticas que requieren atención inmediata,[object Object],"console,websocket,database",,,0,2026-05-27 12:00:00,
2055,WARNING,🚨 Moras Críticas Detectadas,Se detectaron 16 moras críticas que requieren atención inmediata,[object Object],database,,,0,2026-05-27 14:00:00,
2056,WARNING,🚨 Moras Críticas Detectadas,Se detectaron 16 moras críticas que requieren atención inmediata,[object Object],"console,websocket,database",,,0,2026-05-27 14:00:00,
2057,INFO,📊 Resumen Diario de Cartera,Vigente: 257 préstamos | Vencida: 346 préstamos,[object Object],database,,,0,2026-05-27 14:28:28,
2058,INFO,📊 Resumen Diario de Cartera,Vigente: 257 préstamos | Vencida: 346 préstamos,[object Object],"console,websocket,database",,,0,2026-05-27 14:28:28,
2059,INFO,✅ Proceso de Mora Completado,Proceso automático de mora ejecutado exitosamente en 1814ms,[object Object],database,,,0,2026-05-27 14:28:30,
2060,INFO,✅ Proceso de Mora Completado,Proceso automático de mora ejecutado exitosamente en 1814ms,[object Object],"console,websocket,database",,,0,2026-05-27 14:28:30,
2061,INFO,📊 Resumen Diario de Cartera,Vigente: 257 préstamos | Vencida: 346 préstamos,[object Object],database,,,0,2026-05-27 15:00:00,
2062,INFO,📊 Resumen Diario de Cartera,Vigente: 257 préstamos | Vencida: 346 préstamos,[object Object],"console,websocket,database",,,0,2026-05-27 15:00:00,
2063,WARNING,🚨 Moras Críticas Detectadas,Se detectaron 201 moras críticas que requieren atención inmediata,[object Object],database,,,0,2026-05-27 16:00:00,
2064,WARNING,🚨 Moras Críticas Detectadas,Se detectaron 201 moras críticas que requieren atención inmediata,[object Object],"console,websocket,database",,,0,2026-05-27 16:00:00,
2065,INFO,📊 Resumen Diario de Cartera,Vigente: 277 préstamos | Vencida: 324 préstamos,[object Object],database,,,0,2026-05-27 16:00:00,
2066,INFO,📊 Resumen Diario de Cartera,Vigente: 277 préstamos | Vencida: 324 préstamos,[object Object],"console,websocket,database",,,0,2026-05-27 16:00:00,
2067,INFO,📊 Resumen Diario de Cartera,Vigente: 277 préstamos | Vencida: 324 préstamos,[object Object],database,,,0,2026-05-27 17:00:00,
2068,INFO,📊 Resumen Diario de Cartera,Vigente: 277 préstamos | Vencida: 324 préstamos,[object Object],"console,websocket,database",,,0,2026-05-27 17:00:00,
2069,WARNING,🚨 Moras Críticas Detectadas,Se detectaron 201 moras críticas que requieren atención inmediata,[object Object],database,,,0,2026-05-27 18:00:00,
2070,WARNING,🚨 Moras Críticas Detectadas,Se detectaron 201 moras críticas que requieren atención inmediata,[object Object],"console,websocket,database",,,0,2026-05-27 18:00:00,
2071,INFO,📊 Resumen Diario de Cartera,Vigente: 277 préstamos | Vencida: 324 préstamos,[object Object],database,,,0,2026-05-27 18:00:00,
2072,INFO,📊 Resumen Diario de Cartera,Vigente: 277 préstamos | Vencida: 324 préstamos,[object Object],"console,websocket,database",,,0,2026-05-27 18:00:00,
2073,INFO,📊 Resumen Diario de Cartera,Vigente: 288 préstamos | Vencida: 313 préstamos,[object Object],database,,,0,2026-05-27 19:00:00,
2074,INFO,📊 Resumen Diario de Cartera,Vigente: 288 préstamos | Vencida: 313 préstamos,[object Object],"console,websocket,database",,,0,2026-05-27 19:00:00,
2075,WARNING,🚨 Moras Críticas Detectadas,Se detectaron 201 moras críticas que requieren atención inmediata,[object Object],database,,,0,2026-05-27 20:00:00,
2076,WARNING,🚨 Moras Críticas Detectadas,Se detectaron 201 moras críticas que requieren atención inmediata,[object Object],"console,websocket,database",,,0,2026-05-27 20:00:00,
2077,INFO,📊 Resumen Diario de Cartera,Vigente: 288 préstamos | Vencida: 313 préstamos,[object Object],database,,,0,2026-05-27 20:00:00,
2078,INFO,📊 Resumen Diario de Cartera,Vigente: 288 préstamos | Vencida: 313 préstamos,[object Object],"console,websocket,database",,,0,2026-05-27 20:00:00,
2079,INFO,📊 Resumen Diario de Cartera,Vigente: 288 préstamos | Vencida: 313 préstamos,[object Object],database,,,0,2026-05-27 21:00:00,
2080,INFO,📊 Resumen Diario de Cartera,Vigente: 288 préstamos | Vencida: 313 préstamos,[object Object],"console,websocket,database",,,0,2026-05-27 21:00:00,
2081,WARNING,🚨 Moras Críticas Detectadas,Se detectaron 201 moras críticas que requieren atención inmediata,[object Object],database,,,0,2026-05-27 22:00:00,
2082,WARNING,🚨 Moras Críticas Detectadas,Se detectaron 201 moras críticas que requieren atención inmediata,[object Object],"console,websocket,database",,,0,2026-05-27 22:00:00,
2083,INFO,📊 Resumen Diario de Cartera,Vigente: 288 préstamos | Vencida: 313 préstamos,[object Object],database,,,0,2026-05-27 22:00:00,
2084,INFO,📊 Resumen Diario de Cartera,Vigente: 288 préstamos | Vencida: 313 préstamos,[object Object],"console,websocket,database",,,0,2026-05-27 22:00:00,
2085,INFO,📊 Resumen Diario de Cartera,Vigente: 288 préstamos | Vencida: 313 préstamos,[object Object],database,,,0,2026-05-27 23:00:00,
2086,INFO,📊 Resumen Diario de Cartera,Vigente: 288 préstamos | Vencida: 313 préstamos,[object Object],"console,websocket,database",,,0,2026-05-27 23:00:00,
2087,WARNING,🚨 Moras Críticas Detectadas,Se detectaron 201 moras críticas que requieren atención inmediata,[object Object],database,,,0,2026-05-28 00:00:00,
2088,WARNING,🚨 Moras Críticas Detectadas,Se detectaron 201 moras críticas que requieren atención inmediata,[object Object],"console,websocket,database",,,0,2026-05-28 00:00:00,
2089,INFO,📊 Resumen Diario de Cartera,Vigente: 279 préstamos | Vencida: 322 préstamos,[object Object],database,,,0,2026-05-28 00:00:00,
2090,INFO,📊 Resumen Diario de Cartera,Vigente: 279 préstamos | Vencida: 322 préstamos,[object Object],"console,websocket,database",,,0,2026-05-28 00:00:00,
2091,INFO,📊 Resumen Diario de Cartera,Vigente: 279 préstamos | Vencida: 322 préstamos,[object Object],database,,,0,2026-05-28 01:00:00,
2092,INFO,📊 Resumen Diario de Cartera,Vigente: 279 préstamos | Vencida: 322 préstamos,[object Object],"console,websocket,database",,,0,2026-05-28 01:00:00,
2093,WARNING,🚨 Moras Críticas Detectadas,Se detectaron 201 moras críticas que requieren atención inmediata,[object Object],database,,,0,2026-05-28 02:00:00,
2094,WARNING,🚨 Moras Críticas Detectadas,Se detectaron 201 moras críticas que requieren atención inmediata,[object Object],"console,websocket,database",,,0,2026-05-28 02:00:00,
2095,INFO,✅ Proceso de Mora Completado,Proceso automático de mora ejecutado exitosamente en 2458ms,[object Object],database,,,0,2026-05-28 02:00:02,
2096,INFO,✅ Proceso de Mora Completado,Proceso automático de mora ejecutado exitosamente en 2458ms,[object Object],"console,websocket,database",,,0,2026-05-28 02:00:02,
2097,WARNING,🚨 Moras Críticas Detectadas,Se detectaron 201 moras críticas que requieren atención inmediata,[object Object],database,,,0,2026-05-28 04:00:00,
2098,WARNING,🚨 Moras Críticas Detectadas,Se detectaron 201 moras críticas que requieren atención inmediata,[object Object],"console,websocket,database",,,0,2026-05-28 04:00:00,
2099,WARNING,🚨 Moras Críticas Detectadas,Se detectaron 201 moras críticas que requieren atención inmediata,[object Object],database,,,0,2026-05-28 06:00:00,
2100,WARNING,🚨 Moras Críticas Detectadas,Se detectaron 201 moras críticas que requieren atención inmediata,[object Object],"console,websocket,database",,,0,2026-05-28 06:00:00,
2101,WARNING,🚨 Moras Críticas Detectadas,Se detectaron 201 moras críticas que requieren atención inmediata,[object Object],database,,,0,2026-05-28 08:00:00,
2102,WARNING,🚨 Moras Críticas Detectadas,Se detectaron 201 moras críticas que requieren atención inmediata,[object Object],"console,websocket,database",,,0,2026-05-28 08:00:00,
2103,WARNING,🚨 Moras Críticas Detectadas,Se detectaron 201 moras críticas que requieren atención inmediata,[object Object],database,,,0,2026-05-28 10:00:00,
2104,WARNING,🚨 Moras Críticas Detectadas,Se detectaron 201 moras críticas que requieren atención inmediata,[object Object],"console,websocket,database",,,0,2026-05-28 10:00:00,
2105,WARNING,🚨 Moras Críticas Detectadas,Se detectaron 201 moras críticas que requieren atención inmediata,[object Object],database,,,0,2026-05-28 12:00:00,
2106,WARNING,🚨 Moras Críticas Detectadas,Se detectaron 201 moras críticas que requieren atención inmediata,[object Object],"console,websocket,database",,,0,2026-05-28 12:00:00,
2107,WARNING,🚨 Moras Críticas Detectadas,Se detectaron 201 moras críticas que requieren atención inmediata,[object Object],database,,,0,2026-05-28 14:00:00,
2108,WARNING,🚨 Moras Críticas Detectadas,Se detectaron 201 moras críticas que requieren atención inmediata,[object Object],"console,websocket,database",,,0,2026-05-28 14:00:00,
2109,INFO,📊 Resumen Diario de Cartera,Vigente: 279 préstamos | Vencida: 322 préstamos,[object Object],database,,,0,2026-05-28 15:00:00,
2110,INFO,📊 Resumen Diario de Cartera,Vigente: 279 préstamos | Vencida: 322 préstamos,[object Object],"console,websocket,database",,,0,2026-05-28 15:00:00,
2111,WARNING,🚨 Moras Críticas Detectadas,Se detectaron 201 moras críticas que requieren atención inmediata,[object Object],database,,,0,2026-05-28 16:00:00,
2112,WARNING,🚨 Moras Críticas Detectadas,Se detectaron 201 moras críticas que requieren atención inmediata,[object Object],"console,websocket,database",,,0,2026-05-28 16:00:00,
2113,INFO,📊 Resumen Diario de Cartera,Vigente: 284 préstamos | Vencida: 320 préstamos,[object Object],database,,,0,2026-05-28 16:00:00,
2114,INFO,📊 Resumen Diario de Cartera,Vigente: 284 préstamos | Vencida: 320 préstamos,[object Object],"console,websocket,database",,,0,2026-05-28 16:00:00,
2115,INFO,📊 Resumen Diario de Cartera,Vigente: 285 préstamos | Vencida: 320 préstamos,[object Object],database,,,0,2026-05-28 17:00:00,
2116,INFO,📊 Resumen Diario de Cartera,Vigente: 285 préstamos | Vencida: 320 préstamos,[object Object],"console,websocket,database",,,0,2026-05-28 17:00:00,
2117,WARNING,🚨 Moras Críticas Detectadas,Se detectaron 201 moras críticas que requieren atención inmediata,[object Object],database,,,0,2026-05-28 18:00:00,
2118,WARNING,🚨 Moras Críticas Detectadas,Se detectaron 201 moras críticas que requieren atención inmediata,[object Object],"console,websocket,database",,,0,2026-05-28 18:00:00,
2119,INFO,📊 Resumen Diario de Cartera,Vigente: 285 préstamos | Vencida: 320 préstamos,[object Object],database,,,0,2026-05-28 18:00:00,
2120,INFO,📊 Resumen Diario de Cartera,Vigente: 285 préstamos | Vencida: 320 préstamos,[object Object],"console,websocket,database",,,0,2026-05-28 18:00:00,
2121,INFO,📊 Resumen Diario de Cartera,Vigente: 285 préstamos | Vencida: 320 préstamos,[object Object],database,,,0,2026-05-28 19:00:00,
2122,INFO,📊 Resumen Diario de Cartera,Vigente: 285 préstamos | Vencida: 320 préstamos,[object Object],"console,websocket,database",,,0,2026-05-28 19:00:00,
2123,WARNING,🚨 Moras Críticas Detectadas,Se detectaron 201 moras críticas que requieren atención inmediata,[object Object],database,,,0,2026-05-28 20:00:00,
2124,WARNING,🚨 Moras Críticas Detectadas,Se detectaron 201 moras críticas que requieren atención inmediata,[object Object],"console,websocket,database",,,0,2026-05-28 20:00:00,
2125,INFO,📊 Resumen Diario de Cartera,Vigente: 285 préstamos | Vencida: 320 préstamos,[object Object],database,,,0,2026-05-28 20:00:00,
2126,INFO,📊 Resumen Diario de Cartera,Vigente: 285 préstamos | Vencida: 320 préstamos,[object Object],"console,websocket,database",,,0,2026-05-28 20:00:00,
2127,INFO,📊 Resumen Diario de Cartera,Vigente: 285 préstamos | Vencida: 320 préstamos,[object Object],database,,,0,2026-05-28 21:00:00,
2128,INFO,📊 Resumen Diario de Cartera,Vigente: 285 préstamos | Vencida: 320 préstamos,[object Object],"console,websocket,database",,,0,2026-05-28 21:00:00,
2129,WARNING,🚨 Moras Críticas Detectadas,Se detectaron 201 moras críticas que requieren atención inmediata,[object Object],database,,,0,2026-05-28 22:00:00,
2130,WARNING,🚨 Moras Críticas Detectadas,Se detectaron 201 moras críticas que requieren atención inmediata,[object Object],"console,websocket,database",,,0,2026-05-28 22:00:00,
2131,INFO,📊 Resumen Diario de Cartera,Vigente: 286 préstamos | Vencida: 320 préstamos,[object Object],database,,,0,2026-05-28 22:00:00,
2132,INFO,📊 Resumen Diario de Cartera,Vigente: 286 préstamos | Vencida: 320 préstamos,[object Object],"console,websocket,database",,,0,2026-05-28 22:00:00,
2133,INFO,📊 Resumen Diario de Cartera,Vigente: 287 préstamos | Vencida: 320 préstamos,[object Object],database,,,0,2026-05-28 23:00:00,
2134,INFO,📊 Resumen Diario de Cartera,Vigente: 287 préstamos | Vencida: 320 préstamos,[object Object],"console,websocket,database",,,0,2026-05-28 23:00:00,
2135,WARNING,🚨 Moras Críticas Detectadas,Se detectaron 201 moras críticas que requieren atención inmediata,[object Object],database,,,0,2026-05-29 00:00:00,
2136,WARNING,🚨 Moras Críticas Detectadas,Se detectaron 201 moras críticas que requieren atención inmediata,[object Object],"console,websocket,database",,,0,2026-05-29 00:00:00,
2137,INFO,📊 Resumen Diario de Cartera,Vigente: 279 préstamos | Vencida: 328 préstamos,[object Object],database,,,0,2026-05-29 00:00:00,
2138,INFO,📊 Resumen Diario de Cartera,Vigente: 279 préstamos | Vencida: 328 préstamos,[object Object],"console,websocket,database",,,0,2026-05-29 00:00:00,
2139,INFO,📊 Resumen Diario de Cartera,Vigente: 279 préstamos | Vencida: 328 préstamos,[object Object],database,,,0,2026-05-29 01:00:00,
2140,INFO,📊 Resumen Diario de Cartera,Vigente: 279 préstamos | Vencida: 328 préstamos,[object Object],"console,websocket,database",,,0,2026-05-29 01:00:00,
2141,WARNING,🚨 Moras Críticas Detectadas,Se detectaron 201 moras críticas que requieren atención inmediata,[object Object],database,,,0,2026-05-29 02:00:00,
2142,WARNING,🚨 Moras Críticas Detectadas,Se detectaron 201 moras críticas que requieren atención inmediata,[object Object],"console,websocket,database",,,0,2026-05-29 02:00:00,
2143,INFO,✅ Proceso de Mora Completado,Proceso automático de mora ejecutado exitosamente en 3009ms,[object Object],database,,,0,2026-05-29 02:00:03,
2144,INFO,✅ Proceso de Mora Completado,Proceso automático de mora ejecutado exitosamente en 3009ms,[object Object],"console,websocket,database",,,0,2026-05-29 02:00:03,
2145,WARNING,🚨 Moras Críticas Detectadas,Se detectaron 201 moras críticas que requieren atención inmediata,[object Object],database,,,0,2026-05-29 04:00:00,
2146,WARNING,🚨 Moras Críticas Detectadas,Se detectaron 201 moras críticas que requieren atención inmediata,[object Object],"console,websocket,database",,,0,2026-05-29 04:00:00,
2147,WARNING,🚨 Moras Críticas Detectadas,Se detectaron 201 moras críticas que requieren atención inmediata,[object Object],database,,,0,2026-05-29 06:00:00,
2148,WARNING,🚨 Moras Críticas Detectadas,Se detectaron 201 moras críticas que requieren atención inmediata,[object Object],"console,websocket,database",,,0,2026-05-29 06:00:00,
2149,WARNING,🚨 Moras Críticas Detectadas,Se detectaron 201 moras críticas que requieren atención inmediata,[object Object],database,,,0,2026-05-29 08:00:00,
2150,WARNING,🚨 Moras Críticas Detectadas,Se detectaron 201 moras críticas que requieren atención inmediata,[object Object],"console,websocket,database",,,0,2026-05-29 08:00:00,
2151,WARNING,🚨 Moras Críticas Detectadas,Se detectaron 201 moras críticas que requieren atención inmediata,[object Object],database,,,0,2026-05-29 10:00:00,
2152,WARNING,🚨 Moras Críticas Detectadas,Se detectaron 201 moras críticas que requieren atención inmediata,[object Object],"console,websocket,database",,,0,2026-05-29 10:00:00,
2153,WARNING,🚨 Moras Críticas Detectadas,Se detectaron 201 moras críticas que requieren atención inmediata,[object Object],database,,,0,2026-05-29 12:00:00,
2154,WARNING,🚨 Moras Críticas Detectadas,Se detectaron 201 moras críticas que requieren atención inmediata,[object Object],"console,websocket,database",,,0,2026-05-29 12:00:00,
2155,WARNING,🚨 Moras Críticas Detectadas,Se detectaron 201 moras críticas que requieren atención inmediata,[object Object],database,,,0,2026-05-29 14:00:00,
2156,WARNING,🚨 Moras Críticas Detectadas,Se detectaron 201 moras críticas que requieren atención inmediata,[object Object],"console,websocket,database",,,0,2026-05-29 14:00:00,
2157,INFO,📊 Resumen Diario de Cartera,Vigente: 279 préstamos | Vencida: 328 préstamos,[object Object],database,,,0,2026-05-29 15:00:00,
2158,INFO,📊 Resumen Diario de Cartera,Vigente: 279 préstamos | Vencida: 328 préstamos,[object Object],"console,websocket,database",,,0,2026-05-29 15:00:00,
2159,INFO,📊 Resumen Diario de Cartera,Vigente: 279 préstamos | Vencida: 328 préstamos,[object Object],database,,,0,2026-05-29 15:01:06,
2160,INFO,📊 Resumen Diario de Cartera,Vigente: 279 préstamos | Vencida: 328 préstamos,[object Object],"console,websocket,database",,,0,2026-05-29 15:01:06,
2161,INFO,✅ Proceso de Mora Completado,Proceso automático de mora ejecutado exitosamente en 1286ms,[object Object],database,,,0,2026-05-29 15:01:08,
2162,INFO,✅ Proceso de Mora Completado,Proceso automático de mora ejecutado exitosamente en 1286ms,[object Object],"console,websocket,database",,,0,2026-05-29 15:01:08,
2163,WARNING,🚨 Moras Críticas Detectadas,Se detectaron 201 moras críticas que requieren atención inmediata,[object Object],database,,,0,2026-05-29 16:00:00,
2164,WARNING,🚨 Moras Críticas Detectadas,Se detectaron 201 moras críticas que requieren atención inmediata,[object Object],"console,websocket,database",,,0,2026-05-29 16:00:00,
2165,INFO,📊 Resumen Diario de Cartera,Vigente: 279 préstamos | Vencida: 328 préstamos,[object Object],database,,,0,2026-05-29 16:00:00,
2166,INFO,📊 Resumen Diario de Cartera,Vigente: 279 préstamos | Vencida: 328 préstamos,[object Object],"console,websocket,database",,,0,2026-05-29 16:00:00,
2167,INFO,📊 Resumen Diario de Cartera,Vigente: 279 préstamos | Vencida: 328 préstamos,[object Object],database,,,0,2026-05-29 16:15:33,
2168,INFO,📊 Resumen Diario de Cartera,Vigente: 279 préstamos | Vencida: 328 préstamos,[object Object],"console,websocket,database",,,0,2026-05-29 16:15:33,
2169,INFO,✅ Proceso de Mora Completado,Proceso automático de mora ejecutado exitosamente en 2521ms,[object Object],database,,,0,2026-05-29 16:15:35,
2170,INFO,✅ Proceso de Mora Completado,Proceso automático de mora ejecutado exitosamente en 2521ms,[object Object],"console,websocket,database",,,0,2026-05-29 16:15:35,
2171,INFO,📊 Resumen Diario de Cartera,Vigente: 279 préstamos | Vencida: 328 préstamos,[object Object],database,,,0,2026-05-29 17:00:00,
2172,INFO,📊 Resumen Diario de Cartera,Vigente: 279 préstamos | Vencida: 328 préstamos,[object Object],"console,websocket,database",,,0,2026-05-29 17:00:00,
2173,WARNING,🚨 Moras Críticas Detectadas,Se detectaron 201 moras críticas que requieren atención inmediata,[object Object],database,,,0,2026-05-29 18:00:00,
2174,WARNING,🚨 Moras Críticas Detectadas,Se detectaron 201 moras críticas que requieren atención inmediata,[object Object],"console,websocket,database",,,0,2026-05-29 18:00:00,
2175,INFO,📊 Resumen Diario de Cartera,Vigente: 279 préstamos | Vencida: 328 préstamos,[object Object],database,,,0,2026-05-29 18:00:00,
2176,INFO,📊 Resumen Diario de Cartera,Vigente: 279 préstamos | Vencida: 328 préstamos,[object Object],"console,websocket,database",,,0,2026-05-29 18:00:00,
2177,INFO,📊 Resumen Diario de Cartera,Vigente: 295 préstamos | Vencida: 312 préstamos,[object Object],database,,,0,2026-05-29 19:00:00,
2178,INFO,📊 Resumen Diario de Cartera,Vigente: 295 préstamos | Vencida: 312 préstamos,[object Object],"console,websocket,database",,,0,2026-05-29 19:00:00,
2179,WARNING,🚨 Moras Críticas Detectadas,Se detectaron 198 moras críticas que requieren atención inmediata,[object Object],database,,,0,2026-05-29 20:00:00,
2180,WARNING,🚨 Moras Críticas Detectadas,Se detectaron 198 moras críticas que requieren atención inmediata,[object Object],"console,websocket,database",,,0,2026-05-29 20:00:00,
2181,INFO,📊 Resumen Diario de Cartera,Vigente: 322 préstamos | Vencida: 285 préstamos,[object Object],database,,,0,2026-05-29 20:00:00,
2182,INFO,📊 Resumen Diario de Cartera,Vigente: 322 préstamos | Vencida: 285 préstamos,[object Object],"console,websocket,database",,,0,2026-05-29 20:00:00,
2183,INFO,📊 Resumen Diario de Cartera,Vigente: 322 préstamos | Vencida: 285 préstamos,[object Object],database,,,0,2026-05-29 21:00:00,
2184,INFO,📊 Resumen Diario de Cartera,Vigente: 322 préstamos | Vencida: 285 préstamos,[object Object],"console,websocket,database",,,0,2026-05-29 21:00:00,
2185,WARNING,🚨 Moras Críticas Detectadas,Se detectaron 198 moras críticas que requieren atención inmediata,[object Object],database,,,0,2026-05-29 22:00:00,
2186,WARNING,🚨 Moras Críticas Detectadas,Se detectaron 198 moras críticas que requieren atención inmediata,[object Object],"console,websocket,database",,,0,2026-05-29 22:00:00,
2187,INFO,📊 Resumen Diario de Cartera,Vigente: 323 préstamos | Vencida: 285 préstamos,[object Object],database,,,0,2026-05-29 22:00:00,
2188,INFO,📊 Resumen Diario de Cartera,Vigente: 323 préstamos | Vencida: 285 préstamos,[object Object],"console,websocket,database",,,0,2026-05-29 22:00:00,
2189,INFO,📊 Resumen Diario de Cartera,Vigente: 323 préstamos | Vencida: 285 préstamos,[object Object],database,,,0,2026-05-29 22:48:24,
2190,INFO,📊 Resumen Diario de Cartera,Vigente: 323 préstamos | Vencida: 285 préstamos,[object Object],"console,websocket,database",,,0,2026-05-29 22:48:24,
2191,INFO,✅ Proceso de Mora Completado,Proceso automático de mora ejecutado exitosamente en 1248ms,[object Object],database,,,0,2026-05-29 22:48:25,
2192,INFO,✅ Proceso de Mora Completado,Proceso automático de mora ejecutado exitosamente en 1248ms,[object Object],"console,websocket,database",,,0,2026-05-29 22:48:25,
2193,INFO,📊 Resumen Diario de Cartera,Vigente: 327 préstamos | Vencida: 283 préstamos,[object Object],database,,,0,2026-05-29 23:00:00,
2194,INFO,📊 Resumen Diario de Cartera,Vigente: 327 préstamos | Vencida: 283 préstamos,[object Object],"console,websocket,database",,,0,2026-05-29 23:00:00,
2195,WARNING,🚨 Moras Críticas Detectadas,Se detectaron 198 moras críticas que requieren atención inmediata,[object Object],database,,,0,2026-05-30 00:00:00,
2196,WARNING,🚨 Moras Críticas Detectadas,Se detectaron 198 moras críticas que requieren atención inmediata,[object Object],"console,websocket,database",,,0,2026-05-30 00:00:00,
2197,INFO,📊 Resumen Diario de Cartera,Vigente: 220 préstamos | Vencida: 391 préstamos,[object Object],database,,,0,2026-05-30 00:00:00,
2198,INFO,📊 Resumen Diario de Cartera,Vigente: 220 préstamos | Vencida: 391 préstamos,[object Object],"console,websocket,database",,,0,2026-05-30 00:00:00,
2199,INFO,📊 Resumen Diario de Cartera,Vigente: 220 préstamos | Vencida: 391 préstamos,[object Object],database,,,0,2026-05-30 01:00:00,
2200,INFO,📊 Resumen Diario de Cartera,Vigente: 220 préstamos | Vencida: 391 préstamos,[object Object],"console,websocket,database",,,0,2026-05-30 01:00:00,
2201,WARNING,🚨 Moras Críticas Detectadas,Se detectaron 198 moras críticas que requieren atención inmediata,[object Object],database,,,0,2026-05-30 02:00:00,
2202,WARNING,🚨 Moras Críticas Detectadas,Se detectaron 198 moras críticas que requieren atención inmediata,[object Object],"console,websocket,database",,,0,2026-05-30 02:00:00,
2203,INFO,✅ Proceso de Mora Completado,Proceso automático de mora ejecutado exitosamente en 4142ms,[object Object],database,,,0,2026-05-30 02:00:04,
2204,INFO,✅ Proceso de Mora Completado,Proceso automático de mora ejecutado exitosamente en 4142ms,[object Object],"console,websocket,database",,,0,2026-05-30 02:00:04,
2205,WARNING,🚨 Moras Críticas Detectadas,Se detectaron 202 moras críticas que requieren atención inmediata,[object Object],database,,,0,2026-05-30 04:00:00,
2206,WARNING,🚨 Moras Críticas Detectadas,Se detectaron 202 moras críticas que requieren atención inmediata,[object Object],"console,websocket,database",,,0,2026-05-30 04:00:00,
2207,WARNING,🚨 Moras Críticas Detectadas,Se detectaron 202 moras críticas que requieren atención inmediata,[object Object],database,,,0,2026-05-30 06:00:00,
2208,WARNING,🚨 Moras Críticas Detectadas,Se detectaron 202 moras críticas que requieren atención inmediata,[object Object],"console,websocket,database",,,0,2026-05-30 06:00:00,
2209,WARNING,🚨 Moras Críticas Detectadas,Se detectaron 202 moras críticas que requieren atención inmediata,[object Object],database,,,0,2026-05-30 08:00:00,
2210,WARNING,🚨 Moras Críticas Detectadas,Se detectaron 202 moras críticas que requieren atención inmediata,[object Object],"console,websocket,database",,,0,2026-05-30 08:00:00,
2211,WARNING,🚨 Moras Críticas Detectadas,Se detectaron 202 moras críticas que requieren atención inmediata,[object Object],database,,,0,2026-05-30 10:00:00,
2212,WARNING,🚨 Moras Críticas Detectadas,Se detectaron 202 moras críticas que requieren atención inmediata,[object Object],"console,websocket,database",,,0,2026-05-30 10:00:00,
2213,WARNING,🚨 Moras Críticas Detectadas,Se detectaron 202 moras críticas que requieren atención inmediata,[object Object],database,,,0,2026-05-30 12:00:00,
2214,WARNING,🚨 Moras Críticas Detectadas,Se detectaron 202 moras críticas que requieren atención inmediata,[object Object],"console,websocket,database",,,0,2026-05-30 12:00:00,
2215,WARNING,🚨 Moras Críticas Detectadas,Se detectaron 202 moras críticas que requieren atención inmediata,[object Object],database,,,0,2026-05-30 14:00:00,
2216,WARNING,🚨 Moras Críticas Detectadas,Se detectaron 202 moras críticas que requieren atención inmediata,[object Object],"console,websocket,database",,,0,2026-05-30 14:00:00,
2217,INFO,📊 Resumen Diario de Cartera,Vigente: 220 préstamos | Vencida: 391 préstamos,[object Object],database,,,0,2026-05-30 15:00:00,
2218,INFO,📊 Resumen Diario de Cartera,Vigente: 220 préstamos | Vencida: 391 préstamos,[object Object],"console,websocket,database",,,0,2026-05-30 15:00:00,
2219,WARNING,🚨 Moras Críticas Detectadas,Se detectaron 202 moras críticas que requieren atención inmediata,[object Object],database,,,0,2026-05-30 16:00:00,
2220,WARNING,🚨 Moras Críticas Detectadas,Se detectaron 202 moras críticas que requieren atención inmediata,[object Object],"console,websocket,database",,,0,2026-05-30 16:00:00,
2221,INFO,📊 Resumen Diario de Cartera,Vigente: 220 préstamos | Vencida: 391 préstamos,[object Object],database,,,0,2026-05-30 16:00:00,
2222,INFO,📊 Resumen Diario de Cartera,Vigente: 220 préstamos | Vencida: 391 préstamos,[object Object],"console,websocket,database",,,0,2026-05-30 16:00:00,
2223,INFO,📊 Resumen Diario de Cartera,Vigente: 220 préstamos | Vencida: 391 préstamos,[object Object],database,,,0,2026-05-30 17:00:00,
2224,INFO,📊 Resumen Diario de Cartera,Vigente: 220 préstamos | Vencida: 391 préstamos,[object Object],"console,websocket,database",,,0,2026-05-30 17:00:00,
2225,WARNING,🚨 Moras Críticas Detectadas,Se detectaron 202 moras críticas que requieren atención inmediata,[object Object],database,,,0,2026-05-30 18:00:00,
2226,WARNING,🚨 Moras Críticas Detectadas,Se detectaron 202 moras críticas que requieren atención inmediata,[object Object],"console,websocket,database",,,0,2026-05-30 18:00:00,
2227,INFO,📊 Resumen Diario de Cartera,Vigente: 224 préstamos | Vencida: 391 préstamos,[object Object],database,,,0,2026-05-30 18:00:00,
2228,INFO,📊 Resumen Diario de Cartera,Vigente: 224 préstamos | Vencida: 391 préstamos,[object Object],"console,websocket,database",,,0,2026-05-30 18:00:00,
2229,INFO,📊 Resumen Diario de Cartera,Vigente: 224 préstamos | Vencida: 391 préstamos,[object Object],database,,,0,2026-05-30 19:00:00,
2230,INFO,📊 Resumen Diario de Cartera,Vigente: 224 préstamos | Vencida: 391 préstamos,[object Object],"console,websocket,database",,,0,2026-05-30 19:00:00,
2231,WARNING,🚨 Moras Críticas Detectadas,Se detectaron 202 moras críticas que requieren atención inmediata,[object Object],database,,,0,2026-05-30 20:00:00,
2232,WARNING,🚨 Moras Críticas Detectadas,Se detectaron 202 moras críticas que requieren atención inmediata,[object Object],"console,websocket,database",,,0,2026-05-30 20:00:00,
2233,INFO,📊 Resumen Diario de Cartera,Vigente: 225 préstamos | Vencida: 391 préstamos,[object Object],database,,,0,2026-05-30 20:00:00,
2234,INFO,📊 Resumen Diario de Cartera,Vigente: 225 préstamos | Vencida: 391 préstamos,[object Object],"console,websocket,database",,,0,2026-05-30 20:00:00,
2235,INFO,📊 Resumen Diario de Cartera,Vigente: 225 préstamos | Vencida: 391 préstamos,[object Object],database,,,0,2026-05-30 21:00:00,
2236,INFO,📊 Resumen Diario de Cartera,Vigente: 225 préstamos | Vencida: 391 préstamos,[object Object],"console,websocket,database",,,0,2026-05-30 21:00:00,
2237,WARNING,🚨 Moras Críticas Detectadas,Se detectaron 202 moras críticas que requieren atención inmediata,[object Object],database,,,0,2026-05-30 22:00:00,
2238,WARNING,🚨 Moras Críticas Detectadas,Se detectaron 202 moras críticas que requieren atención inmediata,[object Object],"console,websocket,database",,,0,2026-05-30 22:00:00,
2239,INFO,📊 Resumen Diario de Cartera,Vigente: 225 préstamos | Vencida: 391 préstamos,[object Object],database,,,0,2026-05-30 22:00:00,
2240,INFO,📊 Resumen Diario de Cartera,Vigente: 225 préstamos | Vencida: 391 préstamos,[object Object],"console,websocket,database",,,0,2026-05-30 22:00:00,
2241,INFO,📊 Resumen Diario de Cartera,Vigente: 225 préstamos | Vencida: 391 préstamos,[object Object],database,,,0,2026-05-30 23:00:00,
2242,INFO,📊 Resumen Diario de Cartera,Vigente: 225 préstamos | Vencida: 391 préstamos,[object Object],"console,websocket,database",,,0,2026-05-30 23:00:00,
2243,WARNING,🚨 Moras Críticas Detectadas,Se detectaron 202 moras críticas que requieren atención inmediata,[object Object],database,,,0,2026-05-31 00:00:00,
2244,WARNING,🚨 Moras Críticas Detectadas,Se detectaron 202 moras críticas que requieren atención inmediata,[object Object],"console,websocket,database",,,0,2026-05-31 00:00:00,
2245,INFO,📊 Resumen Diario de Cartera,Vigente: 225 préstamos | Vencida: 391 préstamos,[object Object],database,,,0,2026-05-31 00:00:00,
2246,INFO,📊 Resumen Diario de Cartera,Vigente: 225 préstamos | Vencida: 391 préstamos,[object Object],"console,websocket,database",,,0,2026-05-31 00:00:00,
2247,INFO,📊 Resumen Diario de Cartera,Vigente: 225 préstamos | Vencida: 391 préstamos,[object Object],database,,,0,2026-05-31 01:00:01,
2248,INFO,📊 Resumen Diario de Cartera,Vigente: 225 préstamos | Vencida: 391 préstamos,[object Object],"console,websocket,database",,,0,2026-05-31 01:00:01,
2249,WARNING,🚨 Moras Críticas Detectadas,Se detectaron 202 moras críticas que requieren atención inmediata,[object Object],database,,,0,2026-05-31 02:00:00,
2250,WARNING,🚨 Moras Críticas Detectadas,Se detectaron 202 moras críticas que requieren atención inmediata,[object Object],"console,websocket,database",,,0,2026-05-31 02:00:00,
2251,INFO,✅ Proceso de Mora Completado,Proceso automático de mora ejecutado exitosamente en 4382ms,[object Object],database,,,0,2026-05-31 02:00:04,
2252,INFO,✅ Proceso de Mora Completado,Proceso automático de mora ejecutado exitosamente en 4382ms,[object Object],"console,websocket,database",,,0,2026-05-31 02:00:04,
2253,WARNING,🚨 Moras Críticas Detectadas,Se detectaron 205 moras críticas que requieren atención inmediata,[object Object],database,,,0,2026-05-31 04:00:00,
2254,WARNING,🚨 Moras Críticas Detectadas,Se detectaron 205 moras críticas que requieren atención inmediata,[object Object],"console,websocket,database",,,0,2026-05-31 04:00:00,
2255,WARNING,🚨 Moras Críticas Detectadas,Se detectaron 205 moras críticas que requieren atención inmediata,[object Object],database,,,0,2026-05-31 06:00:00,
2256,WARNING,🚨 Moras Críticas Detectadas,Se detectaron 205 moras críticas que requieren atención inmediata,[object Object],"console,websocket,database",,,0,2026-05-31 06:00:00,
2257,WARNING,🚨 Moras Críticas Detectadas,Se detectaron 205 moras críticas que requieren atención inmediata,[object Object],database,,,0,2026-05-31 08:00:00,
2258,WARNING,🚨 Moras Críticas Detectadas,Se detectaron 205 moras críticas que requieren atención inmediata,[object Object],"console,websocket,database",,,0,2026-05-31 08:00:00,
2259,WARNING,🚨 Moras Críticas Detectadas,Se detectaron 205 moras críticas que requieren atención inmediata,[object Object],database,,,0,2026-05-31 10:00:00,
2260,WARNING,🚨 Moras Críticas Detectadas,Se detectaron 205 moras críticas que requieren atención inmediata,[object Object],"console,websocket,database",,,0,2026-05-31 10:00:00,
2261,WARNING,🚨 Moras Críticas Detectadas,Se detectaron 205 moras críticas que requieren atención inmediata,[object Object],database,,,0,2026-05-31 12:00:00,
2262,WARNING,🚨 Moras Críticas Detectadas,Se detectaron 205 moras críticas que requieren atención inmediata,[object Object],"console,websocket,database",,,0,2026-05-31 12:00:00,
2263,WARNING,🚨 Moras Críticas Detectadas,Se detectaron 205 moras críticas que requieren atención inmediata,[object Object],database,,,0,2026-05-31 14:00:00,
2264,WARNING,🚨 Moras Críticas Detectadas,Se detectaron 205 moras críticas que requieren atención inmediata,[object Object],"console,websocket,database",,,0,2026-05-31 14:00:00,
2265,INFO,📊 Resumen Diario de Cartera,Vigente: 225 préstamos | Vencida: 391 préstamos,[object Object],database,,,0,2026-05-31 15:00:00,
2266,INFO,📊 Resumen Diario de Cartera,Vigente: 225 préstamos | Vencida: 391 préstamos,[object Object],"console,websocket,database",,,0,2026-05-31 15:00:00,
2267,WARNING,🚨 Moras Críticas Detectadas,Se detectaron 205 moras críticas que requieren atención inmediata,[object Object],database,,,0,2026-05-31 16:00:00,
2268,WARNING,🚨 Moras Críticas Detectadas,Se detectaron 205 moras críticas que requieren atención inmediata,[object Object],"console,websocket,database",,,0,2026-05-31 16:00:00,
2269,INFO,📊 Resumen Diario de Cartera,Vigente: 225 préstamos | Vencida: 391 préstamos,[object Object],database,,,0,2026-05-31 16:00:00,
2270,INFO,📊 Resumen Diario de Cartera,Vigente: 225 préstamos | Vencida: 391 préstamos,[object Object],"console,websocket,database",,,0,2026-05-31 16:00:00,
2271,INFO,📊 Resumen Diario de Cartera,Vigente: 225 préstamos | Vencida: 391 préstamos,[object Object],database,,,0,2026-05-31 17:00:00,
2272,INFO,📊 Resumen Diario de Cartera,Vigente: 225 préstamos | Vencida: 391 préstamos,[object Object],"console,websocket,database",,,0,2026-05-31 17:00:00,
2273,WARNING,🚨 Moras Críticas Detectadas,Se detectaron 205 moras críticas que requieren atención inmediata,[object Object],database,,,0,2026-05-31 18:00:00,
2274,WARNING,🚨 Moras Críticas Detectadas,Se detectaron 205 moras críticas que requieren atención inmediata,[object Object],"console,websocket,database",,,0,2026-05-31 18:00:00,
2275,INFO,📊 Resumen Diario de Cartera,Vigente: 225 préstamos | Vencida: 391 préstamos,[object Object],database,,,0,2026-05-31 18:00:00,
2276,INFO,📊 Resumen Diario de Cartera,Vigente: 225 préstamos | Vencida: 391 préstamos,[object Object],"console,websocket,database",,,0,2026-05-31 18:00:00,
2277,INFO,📊 Resumen Diario de Cartera,Vigente: 225 préstamos | Vencida: 391 préstamos,[object Object],database,,,0,2026-05-31 19:00:00,
2278,INFO,📊 Resumen Diario de Cartera,Vigente: 225 préstamos | Vencida: 391 préstamos,[object Object],"console,websocket,database",,,0,2026-05-31 19:00:00,
2279,WARNING,🚨 Moras Críticas Detectadas,Se detectaron 205 moras críticas que requieren atención inmediata,[object Object],database,,,0,2026-05-31 20:00:00,
2280,WARNING,🚨 Moras Críticas Detectadas,Se detectaron 205 moras críticas que requieren atención inmediata,[object Object],"console,websocket,database",,,0,2026-05-31 20:00:00,
2281,INFO,📊 Resumen Diario de Cartera,Vigente: 225 préstamos | Vencida: 391 préstamos,[object Object],database,,,0,2026-05-31 20:00:00,
2282,INFO,📊 Resumen Diario de Cartera,Vigente: 225 préstamos | Vencida: 391 préstamos,[object Object],"console,websocket,database",,,0,2026-05-31 20:00:00,
2283,INFO,📊 Resumen Diario de Cartera,Vigente: 225 préstamos | Vencida: 391 préstamos,[object Object],database,,,0,2026-05-31 21:00:00,
2284,INFO,📊 Resumen Diario de Cartera,Vigente: 225 préstamos | Vencida: 391 préstamos,[object Object],"console,websocket,database",,,0,2026-05-31 21:00:00,
2285,WARNING,🚨 Moras Críticas Detectadas,Se detectaron 205 moras críticas que requieren atención inmediata,[object Object],database,,,0,2026-05-31 22:00:00,
2286,WARNING,🚨 Moras Críticas Detectadas,Se detectaron 205 moras críticas que requieren atención inmediata,[object Object],"console,websocket,database",,,0,2026-05-31 22:00:00,
2287,INFO,📊 Resumen Diario de Cartera,Vigente: 225 préstamos | Vencida: 391 préstamos,[object Object],database,,,0,2026-05-31 22:00:00,
2288,INFO,📊 Resumen Diario de Cartera,Vigente: 225 préstamos | Vencida: 391 préstamos,[object Object],"console,websocket,database",,,0,2026-05-31 22:00:00,
2289,INFO,📊 Resumen Diario de Cartera,Vigente: 225 préstamos | Vencida: 391 préstamos,[object Object],database,,,0,2026-05-31 23:00:00,
2290,INFO,📊 Resumen Diario de Cartera,Vigente: 225 préstamos | Vencida: 391 préstamos,[object Object],"console,websocket,database",,,0,2026-05-31 23:00:00,
2291,WARNING,🚨 Moras Críticas Detectadas,Se detectaron 205 moras críticas que requieren atención inmediata,[object Object],database,,,0,2026-06-01 00:00:00,
2292,WARNING,🚨 Moras Críticas Detectadas,Se detectaron 205 moras críticas que requieren atención inmediata,[object Object],"console,websocket,database",,,0,2026-06-01 00:00:00,
2293,INFO,📊 Resumen Diario de Cartera,Vigente: 225 préstamos | Vencida: 391 préstamos,[object Object],database,,,0,2026-06-01 00:00:00,
2294,INFO,📊 Resumen Diario de Cartera,Vigente: 225 préstamos | Vencida: 391 préstamos,[object Object],"console,websocket,database",,,0,2026-06-01 00:00:00,
2295,INFO,📊 Resumen Diario de Cartera,Vigente: 225 préstamos | Vencida: 391 préstamos,[object Object],database,,,0,2026-06-01 01:00:00,
2296,INFO,📊 Resumen Diario de Cartera,Vigente: 225 préstamos | Vencida: 391 préstamos,[object Object],"console,websocket,database",,,0,2026-06-01 01:00:00,
2297,WARNING,🚨 Moras Críticas Detectadas,Se detectaron 205 moras críticas que requieren atención inmediata,[object Object],database,,,0,2026-06-01 02:00:00,
2298,WARNING,🚨 Moras Críticas Detectadas,Se detectaron 205 moras críticas que requieren atención inmediata,[object Object],"console,websocket,database",,,0,2026-06-01 02:00:00,
2299,INFO,✅ Proceso de Mora Completado,Proceso automático de mora ejecutado exitosamente en 4544ms,[object Object],database,,,0,2026-06-01 02:00:04,
2300,INFO,✅ Proceso de Mora Completado,Proceso automático de mora ejecutado exitosamente en 4544ms,[object Object],"console,websocket,database",,,0,2026-06-01 02:00:04,
2301,WARNING,🚨 Moras Críticas Detectadas,Se detectaron 216 moras críticas que requieren atención inmediata,[object Object],database,,,0,2026-06-01 04:00:00,
2302,WARNING,🚨 Moras Críticas Detectadas,Se detectaron 216 moras críticas que requieren atención inmediata,[object Object],"console,websocket,database",,,0,2026-06-01 04:00:00,
2303,WARNING,🚨 Moras Críticas Detectadas,Se detectaron 216 moras críticas que requieren atención inmediata,[object Object],database,,,0,2026-06-01 06:00:00,
2304,WARNING,🚨 Moras Críticas Detectadas,Se detectaron 216 moras críticas que requieren atención inmediata,[object Object],"console,websocket,database",,,0,2026-06-01 06:00:00,
2305,WARNING,🚨 Moras Críticas Detectadas,Se detectaron 216 moras críticas que requieren atención inmediata,[object Object],database,,,0,2026-06-01 08:00:00,
2306,WARNING,🚨 Moras Críticas Detectadas,Se detectaron 216 moras críticas que requieren atención inmediata,[object Object],"console,websocket,database",,,0,2026-06-01 08:00:00,
2307,WARNING,🚨 Moras Críticas Detectadas,Se detectaron 216 moras críticas que requieren atención inmediata,[object Object],database,,,0,2026-06-01 10:00:00,
2308,WARNING,🚨 Moras Críticas Detectadas,Se detectaron 216 moras críticas que requieren atención inmediata,[object Object],"console,websocket,database",,,0,2026-06-01 10:00:00,
2309,WARNING,🚨 Moras Críticas Detectadas,Se detectaron 216 moras críticas que requieren atención inmediata,[object Object],database,,,0,2026-06-01 12:00:00,
2310,WARNING,🚨 Moras Críticas Detectadas,Se detectaron 216 moras críticas que requieren atención inmediata,[object Object],"console,websocket,database",,,0,2026-06-01 12:00:00,
2311,WARNING,🚨 Moras Críticas Detectadas,Se detectaron 216 moras críticas que requieren atención inmediata,[object Object],database,,,0,2026-06-01 14:00:00,
2312,WARNING,🚨 Moras Críticas Detectadas,Se detectaron 216 moras críticas que requieren atención inmediata,[object Object],"console,websocket,database",,,0,2026-06-01 14:00:00,
2313,INFO,📊 Resumen Diario de Cartera,Vigente: 225 préstamos | Vencida: 391 préstamos,[object Object],database,,,0,2026-06-01 15:00:00,
2314,INFO,📊 Resumen Diario de Cartera,Vigente: 225 préstamos | Vencida: 391 préstamos,[object Object],"console,websocket,database",,,0,2026-06-01 15:00:00,
2315,WARNING,🚨 Moras Críticas Detectadas,Se detectaron 216 moras críticas que requieren atención inmediata,[object Object],database,,,0,2026-06-01 16:00:00,
2316,WARNING,🚨 Moras Críticas Detectadas,Se detectaron 216 moras críticas que requieren atención inmediata,[object Object],"console,websocket,database",,,0,2026-06-01 16:00:00,
2317,INFO,📊 Resumen Diario de Cartera,Vigente: 225 préstamos | Vencida: 391 préstamos,[object Object],database,,,0,2026-06-01 16:00:00,
2318,INFO,📊 Resumen Diario de Cartera,Vigente: 225 préstamos | Vencida: 391 préstamos,[object Object],"console,websocket,database",,,0,2026-06-01 16:00:00,
2319,INFO,📊 Resumen Diario de Cartera,Vigente: 225 préstamos | Vencida: 391 préstamos,[object Object],database,,,0,2026-06-01 17:00:00,
2320,INFO,📊 Resumen Diario de Cartera,Vigente: 225 préstamos | Vencida: 391 préstamos,[object Object],"console,websocket,database",,,0,2026-06-01 17:00:00,
2321,WARNING,🚨 Moras Críticas Detectadas,Se detectaron 216 moras críticas que requieren atención inmediata,[object Object],database,,,0,2026-06-01 18:00:00,
2322,WARNING,🚨 Moras Críticas Detectadas,Se detectaron 216 moras críticas que requieren atención inmediata,[object Object],"console,websocket,database",,,0,2026-06-01 18:00:00,
2323,INFO,📊 Resumen Diario de Cartera,Vigente: 225 préstamos | Vencida: 391 préstamos,[object Object],database,,,0,2026-06-01 18:00:00,
2324,INFO,📊 Resumen Diario de Cartera,Vigente: 225 préstamos | Vencida: 391 préstamos,[object Object],"console,websocket,database",,,0,2026-06-01 18:00:00,
2325,INFO,📊 Resumen Diario de Cartera,Vigente: 225 préstamos | Vencida: 391 préstamos,[object Object],database,,,0,2026-06-01 19:00:00,
2326,INFO,📊 Resumen Diario de Cartera,Vigente: 225 préstamos | Vencida: 391 préstamos,[object Object],"console,websocket,database",,,0,2026-06-01 19:00:00,
2327,WARNING,🚨 Moras Críticas Detectadas,Se detectaron 216 moras críticas que requieren atención inmediata,[object Object],database,,,0,2026-06-01 20:00:00,
2328,WARNING,🚨 Moras Críticas Detectadas,Se detectaron 216 moras críticas que requieren atención inmediata,[object Object],"console,websocket,database",,,0,2026-06-01 20:00:00,
2329,INFO,📊 Resumen Diario de Cartera,Vigente: 225 préstamos | Vencida: 391 préstamos,[object Object],database,,,0,2026-06-01 20:00:00,
2330,INFO,📊 Resumen Diario de Cartera,Vigente: 225 préstamos | Vencida: 391 préstamos,[object Object],"console,websocket,database",,,0,2026-06-01 20:00:00,
2331,INFO,📊 Resumen Diario de Cartera,Vigente: 228 préstamos | Vencida: 387 préstamos,[object Object],database,,,0,2026-06-01 21:00:00,
2332,INFO,📊 Resumen Diario de Cartera,Vigente: 228 préstamos | Vencida: 387 préstamos,[object Object],"console,websocket,database",,,0,2026-06-01 21:00:00,
2333,WARNING,🚨 Moras Críticas Detectadas,Se detectaron 216 moras críticas que requieren atención inmediata,[object Object],database,,,0,2026-06-01 22:00:00,
2334,WARNING,🚨 Moras Críticas Detectadas,Se detectaron 216 moras críticas que requieren atención inmediata,[object Object],"console,websocket,database",,,0,2026-06-01 22:00:00,
2335,INFO,📊 Resumen Diario de Cartera,Vigente: 229 préstamos | Vencida: 387 préstamos,[object Object],database,,,0,2026-06-01 22:00:00,
2336,INFO,📊 Resumen Diario de Cartera,Vigente: 229 préstamos | Vencida: 387 préstamos,[object Object],"console,websocket,database",,,0,2026-06-01 22:00:00,
2337,INFO,📊 Resumen Diario de Cartera,Vigente: 229 préstamos | Vencida: 387 préstamos,[object Object],database,,,0,2026-06-01 23:00:00,
2338,INFO,📊 Resumen Diario de Cartera,Vigente: 229 préstamos | Vencida: 387 préstamos,[object Object],"console,websocket,database",,,0,2026-06-01 23:00:00,
2339,WARNING,🚨 Moras Críticas Detectadas,Se detectaron 216 moras críticas que requieren atención inmediata,[object Object],database,,,0,2026-06-02 00:00:00,
2340,WARNING,🚨 Moras Críticas Detectadas,Se detectaron 216 moras críticas que requieren atención inmediata,[object Object],"console,websocket,database",,,0,2026-06-02 00:00:00,
2341,INFO,📊 Resumen Diario de Cartera,Vigente: 227 préstamos | Vencida: 389 préstamos,[object Object],database,,,0,2026-06-02 00:00:00,
2342,INFO,📊 Resumen Diario de Cartera,Vigente: 227 préstamos | Vencida: 389 préstamos,[object Object],"console,websocket,database",,,0,2026-06-02 00:00:00,
2343,INFO,📊 Resumen Diario de Cartera,Vigente: 227 préstamos | Vencida: 389 préstamos,[object Object],database,,,0,2026-06-02 01:00:00,
2344,INFO,📊 Resumen Diario de Cartera,Vigente: 227 préstamos | Vencida: 389 préstamos,[object Object],"console,websocket,database",,,0,2026-06-02 01:00:00,
2345,WARNING,🚨 Moras Críticas Detectadas,Se detectaron 216 moras críticas que requieren atención inmediata,[object Object],database,,,0,2026-06-02 02:00:00,
2346,WARNING,🚨 Moras Críticas Detectadas,Se detectaron 216 moras críticas que requieren atención inmediata,[object Object],"console,websocket,database",,,0,2026-06-02 02:00:00,
2347,INFO,✅ Proceso de Mora Completado,Proceso automático de mora ejecutado exitosamente en 4032ms,[object Object],database,,,0,2026-06-02 02:00:04,
2348,INFO,✅ Proceso de Mora Completado,Proceso automático de mora ejecutado exitosamente en 4032ms,[object Object],"console,websocket,database",,,0,2026-06-02 02:00:04,
2349,WARNING,🚨 Moras Críticas Detectadas,Se detectaron 224 moras críticas que requieren atención inmediata,[object Object],database,,,0,2026-06-02 04:00:00,
2350,WARNING,🚨 Moras Críticas Detectadas,Se detectaron 224 moras críticas que requieren atención inmediata,[object Object],"console,websocket,database",,,0,2026-06-02 04:00:00,
2351,WARNING,🚨 Moras Críticas Detectadas,Se detectaron 224 moras críticas que requieren atención inmediata,[object Object],database,,,0,2026-06-02 06:00:00,
2352,WARNING,🚨 Moras Críticas Detectadas,Se detectaron 224 moras críticas que requieren atención inmediata,[object Object],"console,websocket,database",,,0,2026-06-02 06:00:00,
2353,WARNING,🚨 Moras Críticas Detectadas,Se detectaron 224 moras críticas que requieren atención inmediata,[object Object],database,,,0,2026-06-02 08:00:00,
2354,WARNING,🚨 Moras Críticas Detectadas,Se detectaron 224 moras críticas que requieren atención inmediata,[object Object],"console,websocket,database",,,0,2026-06-02 08:00:00,
2355,WARNING,🚨 Moras Críticas Detectadas,Se detectaron 224 moras críticas que requieren atención inmediata,[object Object],database,,,0,2026-06-02 10:00:00,
2356,WARNING,🚨 Moras Críticas Detectadas,Se detectaron 224 moras críticas que requieren atención inmediata,[object Object],"console,websocket,database",,,0,2026-06-02 10:00:00,
2357,WARNING,🚨 Moras Críticas Detectadas,Se detectaron 224 moras críticas que requieren atención inmediata,[object Object],database,,,0,2026-06-02 12:00:00,
2358,WARNING,🚨 Moras Críticas Detectadas,Se detectaron 224 moras críticas que requieren atención inmediata,[object Object],"console,websocket,database",,,0,2026-06-02 12:00:00,
2359,WARNING,🚨 Moras Críticas Detectadas,Se detectaron 224 moras críticas que requieren atención inmediata,[object Object],database,,,0,2026-06-02 14:00:00,
2360,WARNING,🚨 Moras Críticas Detectadas,Se detectaron 224 moras críticas que requieren atención inmediata,[object Object],"console,websocket,database",,,0,2026-06-02 14:00:00,
2361,INFO,📊 Resumen Diario de Cartera,Vigente: 227 préstamos | Vencida: 389 préstamos,[object Object],database,,,0,2026-06-02 15:00:00,
2362,INFO,📊 Resumen Diario de Cartera,Vigente: 227 préstamos | Vencida: 389 préstamos,[object Object],"console,websocket,database",,,0,2026-06-02 15:00:00,
2363,WARNING,🚨 Moras Críticas Detectadas,Se detectaron 224 moras críticas que requieren atención inmediata,[object Object],database,,,0,2026-06-02 16:00:00,
2364,WARNING,🚨 Moras Críticas Detectadas,Se detectaron 224 moras críticas que requieren atención inmediata,[object Object],"console,websocket,database",,,0,2026-06-02 16:00:00,
2365,INFO,📊 Resumen Diario de Cartera,Vigente: 227 préstamos | Vencida: 389 préstamos,[object Object],database,,,0,2026-06-02 16:00:00,
2366,INFO,📊 Resumen Diario de Cartera,Vigente: 227 préstamos | Vencida: 389 préstamos,[object Object],"console,websocket,database",,,0,2026-06-02 16:00:00,
2367,INFO,📊 Resumen Diario de Cartera,Vigente: 227 préstamos | Vencida: 389 préstamos,[object Object],database,,,0,2026-06-02 17:00:00,
2368,INFO,📊 Resumen Diario de Cartera,Vigente: 227 préstamos | Vencida: 389 préstamos,[object Object],"console,websocket,database",,,0,2026-06-02 17:00:00,
2369,WARNING,🚨 Moras Críticas Detectadas,Se detectaron 224 moras críticas que requieren atención inmediata,[object Object],database,,,0,2026-06-02 18:00:00,
2370,WARNING,🚨 Moras Críticas Detectadas,Se detectaron 224 moras críticas que requieren atención inmediata,[object Object],"console,websocket,database",,,0,2026-06-02 18:00:00,
2371,INFO,📊 Resumen Diario de Cartera,Vigente: 228 préstamos | Vencida: 388 préstamos,[object Object],database,,,0,2026-06-02 18:00:00,
2372,INFO,📊 Resumen Diario de Cartera,Vigente: 228 préstamos | Vencida: 388 préstamos,[object Object],"console,websocket,database",,,0,2026-06-02 18:00:00,
2373,INFO,📊 Resumen Diario de Cartera,Vigente: 228 préstamos | Vencida: 388 préstamos,[object Object],database,,,0,2026-06-02 19:00:00,
2374,INFO,📊 Resumen Diario de Cartera,Vigente: 228 préstamos | Vencida: 388 préstamos,[object Object],"console,websocket,database",,,0,2026-06-02 19:00:00,
2375,WARNING,🚨 Moras Críticas Detectadas,Se detectaron 224 moras críticas que requieren atención inmediata,[object Object],database,,,0,2026-06-02 20:00:00,
2376,WARNING,🚨 Moras Críticas Detectadas,Se detectaron 224 moras críticas que requieren atención inmediata,[object Object],"console,websocket,database",,,0,2026-06-02 20:00:00,
2377,INFO,📊 Resumen Diario de Cartera,Vigente: 228 préstamos | Vencida: 388 préstamos,[object Object],database,,,0,2026-06-02 20:00:00,
2378,INFO,📊 Resumen Diario de Cartera,Vigente: 228 préstamos | Vencida: 388 préstamos,[object Object],"console,websocket,database",,,0,2026-06-02 20:00:00,
2379,INFO,📊 Resumen Diario de Cartera,Vigente: 228 préstamos | Vencida: 388 préstamos,[object Object],database,,,0,2026-06-02 21:00:00,
2380,INFO,📊 Resumen Diario de Cartera,Vigente: 228 préstamos | Vencida: 388 préstamos,[object Object],"console,websocket,database",,,0,2026-06-02 21:00:00,
2381,WARNING,🚨 Moras Críticas Detectadas,Se detectaron 224 moras críticas que requieren atención inmediata,[object Object],database,,,0,2026-06-02 22:00:00,
2382,WARNING,🚨 Moras Críticas Detectadas,Se detectaron 224 moras críticas que requieren atención inmediata,[object Object],"console,websocket,database",,,0,2026-06-02 22:00:00,
2383,INFO,📊 Resumen Diario de Cartera,Vigente: 228 préstamos | Vencida: 388 préstamos,[object Object],database,,,0,2026-06-02 22:00:00,
2384,INFO,📊 Resumen Diario de Cartera,Vigente: 228 préstamos | Vencida: 388 préstamos,[object Object],"console,websocket,database",,,0,2026-06-02 22:00:00,
2385,INFO,📊 Resumen Diario de Cartera,Vigente: 228 préstamos | Vencida: 388 préstamos,[object Object],database,,,0,2026-06-02 23:00:00,
2386,INFO,📊 Resumen Diario de Cartera,Vigente: 228 préstamos | Vencida: 388 préstamos,[object Object],"console,websocket,database",,,0,2026-06-02 23:00:00,
2387,WARNING,🚨 Moras Críticas Detectadas,Se detectaron 224 moras críticas que requieren atención inmediata,[object Object],database,,,0,2026-06-03 00:00:00,
2388,WARNING,🚨 Moras Críticas Detectadas,Se detectaron 224 moras críticas que requieren atención inmediata,[object Object],"console,websocket,database",,,0,2026-06-03 00:00:00,
2389,INFO,📊 Resumen Diario de Cartera,Vigente: 225 préstamos | Vencida: 391 préstamos,[object Object],database,,,0,2026-06-03 00:00:00,
2390,INFO,📊 Resumen Diario de Cartera,Vigente: 225 préstamos | Vencida: 391 préstamos,[object Object],"console,websocket,database",,,0,2026-06-03 00:00:00,
2391,INFO,📊 Resumen Diario de Cartera,Vigente: 225 préstamos | Vencida: 391 préstamos,[object Object],database,,,0,2026-06-03 01:00:00,
2392,INFO,📊 Resumen Diario de Cartera,Vigente: 225 préstamos | Vencida: 391 préstamos,[object Object],"console,websocket,database",,,0,2026-06-03 01:00:00,
2393,WARNING,🚨 Moras Críticas Detectadas,Se detectaron 224 moras críticas que requieren atención inmediata,[object Object],database,,,0,2026-06-03 02:00:00,
2394,WARNING,🚨 Moras Críticas Detectadas,Se detectaron 224 moras críticas que requieren atención inmediata,[object Object],"console,websocket,database",,,0,2026-06-03 02:00:00,
2395,INFO,✅ Proceso de Mora Completado,Proceso automático de mora ejecutado exitosamente en 4329ms,[object Object],database,,,0,2026-06-03 02:00:04,
2396,INFO,✅ Proceso de Mora Completado,Proceso automático de mora ejecutado exitosamente en 4329ms,[object Object],"console,websocket,database",,,0,2026-06-03 02:00:04,
2397,WARNING,🚨 Moras Críticas Detectadas,Se detectaron 224 moras críticas que requieren atención inmediata,[object Object],database,,,0,2026-06-03 04:00:00,
2398,WARNING,🚨 Moras Críticas Detectadas,Se detectaron 224 moras críticas que requieren atención inmediata,[object Object],"console,websocket,database",,,0,2026-06-03 04:00:00,
2399,WARNING,🚨 Moras Críticas Detectadas,Se detectaron 224 moras críticas que requieren atención inmediata,[object Object],database,,,0,2026-06-03 06:00:00,
2400,WARNING,🚨 Moras Críticas Detectadas,Se detectaron 224 moras críticas que requieren atención inmediata,[object Object],"console,websocket,database",,,0,2026-06-03 06:00:00,
2401,WARNING,🚨 Moras Críticas Detectadas,Se detectaron 224 moras críticas que requieren atención inmediata,[object Object],database,,,0,2026-06-03 08:00:00,
2402,WARNING,🚨 Moras Críticas Detectadas,Se detectaron 224 moras críticas que requieren atención inmediata,[object Object],"console,websocket,database",,,0,2026-06-03 08:00:00,
2403,WARNING,🚨 Moras Críticas Detectadas,Se detectaron 224 moras críticas que requieren atención inmediata,[object Object],database,,,0,2026-06-03 10:00:00,
2404,WARNING,🚨 Moras Críticas Detectadas,Se detectaron 224 moras críticas que requieren atención inmediata,[object Object],"console,websocket,database",,,0,2026-06-03 10:00:00,
2405,WARNING,🚨 Moras Críticas Detectadas,Se detectaron 224 moras críticas que requieren atención inmediata,[object Object],database,,,0,2026-06-03 12:00:00,
2406,WARNING,🚨 Moras Críticas Detectadas,Se detectaron 224 moras críticas que requieren atención inmediata,[object Object],"console,websocket,database",,,0,2026-06-03 12:00:00,
2407,WARNING,🚨 Moras Críticas Detectadas,Se detectaron 224 moras críticas que requieren atención inmediata,[object Object],database,,,0,2026-06-03 14:00:00,
2408,WARNING,🚨 Moras Críticas Detectadas,Se detectaron 224 moras críticas que requieren atención inmediata,[object Object],"console,websocket,database",,,0,2026-06-03 14:00:00,
2409,INFO,📊 Resumen Diario de Cartera,Vigente: 225 préstamos | Vencida: 391 préstamos,[object Object],database,,,0,2026-06-03 15:00:00,
2410,INFO,📊 Resumen Diario de Cartera,Vigente: 225 préstamos | Vencida: 391 préstamos,[object Object],"console,websocket,database",,,0,2026-06-03 15:00:00,
2411,WARNING,🚨 Moras Críticas Detectadas,Se detectaron 224 moras críticas que requieren atención inmediata,[object Object],database,,,0,2026-06-03 16:00:00,
2412,WARNING,🚨 Moras Críticas Detectadas,Se detectaron 224 moras críticas que requieren atención inmediata,[object Object],"console,websocket,database",,,0,2026-06-03 16:00:00,
2413,INFO,📊 Resumen Diario de Cartera,Vigente: 225 préstamos | Vencida: 391 préstamos,[object Object],database,,,0,2026-06-03 16:00:00,
2414,INFO,📊 Resumen Diario de Cartera,Vigente: 225 préstamos | Vencida: 391 préstamos,[object Object],"console,websocket,database",,,0,2026-06-03 16:00:00,
2415,INFO,📊 Resumen Diario de Cartera,Vigente: 226 préstamos | Vencida: 391 préstamos,[object Object],database,,,0,2026-06-03 17:00:00,
2416,INFO,📊 Resumen Diario de Cartera,Vigente: 226 préstamos | Vencida: 391 préstamos,[object Object],"console,websocket,database",,,0,2026-06-03 17:00:00,
2417,WARNING,🚨 Moras Críticas Detectadas,Se detectaron 224 moras críticas que requieren atención inmediata,[object Object],database,,,0,2026-06-03 18:00:00,
2418,WARNING,🚨 Moras Críticas Detectadas,Se detectaron 224 moras críticas que requieren atención inmediata,[object Object],"console,websocket,database",,,0,2026-06-03 18:00:00,
2419,INFO,📊 Resumen Diario de Cartera,Vigente: 241 préstamos | Vencida: 374 préstamos,[object Object],database,,,0,2026-06-03 18:00:00,
2420,INFO,📊 Resumen Diario de Cartera,Vigente: 241 préstamos | Vencida: 374 préstamos,[object Object],"console,websocket,database",,,0,2026-06-03 18:00:00,
2421,INFO,📊 Resumen Diario de Cartera,Vigente: 276 préstamos | Vencida: 338 préstamos,[object Object],database,,,0,2026-06-03 19:00:00,
2422,INFO,📊 Resumen Diario de Cartera,Vigente: 276 préstamos | Vencida: 338 préstamos,[object Object],"console,websocket,database",,,0,2026-06-03 19:00:00,
2423,WARNING,🚨 Moras Críticas Detectadas,Se detectaron 224 moras críticas que requieren atención inmediata,[object Object],database,,,0,2026-06-03 20:00:00,
2424,WARNING,🚨 Moras Críticas Detectadas,Se detectaron 224 moras críticas que requieren atención inmediata,[object Object],"console,websocket,database",,,0,2026-06-03 20:00:00,
2425,INFO,📊 Resumen Diario de Cartera,Vigente: 290 préstamos | Vencida: 324 préstamos,[object Object],database,,,0,2026-06-03 20:00:00,
2426,INFO,📊 Resumen Diario de Cartera,Vigente: 290 préstamos | Vencida: 324 préstamos,[object Object],"console,websocket,database",,,0,2026-06-03 20:00:00,
2427,INFO,📊 Resumen Diario de Cartera,Vigente: 315 préstamos | Vencida: 298 préstamos,[object Object],database,,,0,2026-06-03 21:00:00,
2428,INFO,📊 Resumen Diario de Cartera,Vigente: 315 préstamos | Vencida: 298 préstamos,[object Object],"console,websocket,database",,,0,2026-06-03 21:00:00,
2429,WARNING,🚨 Moras Críticas Detectadas,Se detectaron 224 moras críticas que requieren atención inmediata,[object Object],database,,,0,2026-06-03 22:00:00,
2430,WARNING,🚨 Moras Críticas Detectadas,Se detectaron 224 moras críticas que requieren atención inmediata,[object Object],"console,websocket,database",,,0,2026-06-03 22:00:00,
2431,INFO,📊 Resumen Diario de Cartera,Vigente: 322 préstamos | Vencida: 291 préstamos,[object Object],database,,,0,2026-06-03 22:00:00,
2432,INFO,📊 Resumen Diario de Cartera,Vigente: 322 préstamos | Vencida: 291 préstamos,[object Object],"console,websocket,database",,,0,2026-06-03 22:00:00,
2433,INFO,📊 Resumen Diario de Cartera,Vigente: 322 préstamos | Vencida: 291 préstamos,[object Object],database,,,0,2026-06-03 22:28:35,
2434,INFO,📊 Resumen Diario de Cartera,Vigente: 322 préstamos | Vencida: 291 préstamos,[object Object],"console,websocket,database",,,0,2026-06-03 22:28:35,
2435,INFO,✅ Proceso de Mora Completado,Proceso automático de mora ejecutado exitosamente en 2358ms,[object Object],database,,,0,2026-06-03 22:28:37,
2436,INFO,✅ Proceso de Mora Completado,Proceso automático de mora ejecutado exitosamente en 2358ms,[object Object],"console,websocket,database",,,0,2026-06-03 22:28:37,
2437,INFO,📊 Resumen Diario de Cartera,Vigente: 322 préstamos | Vencida: 291 préstamos,[object Object],database,,,0,2026-06-03 23:00:00,
2438,INFO,📊 Resumen Diario de Cartera,Vigente: 322 préstamos | Vencida: 291 préstamos,[object Object],"console,websocket,database",,,0,2026-06-03 23:00:00,
2439,WARNING,🚨 Moras Críticas Detectadas,Se detectaron 224 moras críticas que requieren atención inmediata,[object Object],database,,,0,2026-06-04 00:00:00,
2440,WARNING,🚨 Moras Críticas Detectadas,Se detectaron 224 moras críticas que requieren atención inmediata,[object Object],"console,websocket,database",,,0,2026-06-04 00:00:00,
2441,INFO,📊 Resumen Diario de Cartera,Vigente: 318 préstamos | Vencida: 295 préstamos,[object Object],database,,,0,2026-06-04 00:00:00,
2442,INFO,📊 Resumen Diario de Cartera,Vigente: 318 préstamos | Vencida: 295 préstamos,[object Object],"console,websocket,database",,,0,2026-06-04 00:00:00,
2443,INFO,📊 Resumen Diario de Cartera,Vigente: 318 préstamos | Vencida: 295 préstamos,[object Object],database,,,0,2026-06-04 01:00:00,
2444,INFO,📊 Resumen Diario de Cartera,Vigente: 318 préstamos | Vencida: 295 préstamos,[object Object],"console,websocket,database",,,0,2026-06-04 01:00:00,
2445,WARNING,🚨 Moras Críticas Detectadas,Se detectaron 224 moras críticas que requieren atención inmediata,[object Object],database,,,0,2026-06-04 02:00:00,
2446,WARNING,🚨 Moras Críticas Detectadas,Se detectaron 224 moras críticas que requieren atención inmediata,[object Object],"console,websocket,database",,,0,2026-06-04 02:00:00,
2447,INFO,✅ Proceso de Mora Completado,Proceso automático de mora ejecutado exitosamente en 4433ms,[object Object],database,,,0,2026-06-04 02:00:04,
2448,INFO,✅ Proceso de Mora Completado,Proceso automático de mora ejecutado exitosamente en 4433ms,[object Object],"console,websocket,database",,,0,2026-06-04 02:00:04,
2449,INFO,📊 Resumen Diario de Cartera,Vigente: 318 préstamos | Vencida: 295 préstamos,[object Object],database,,,0,2026-06-04 02:35:22,
2450,INFO,📊 Resumen Diario de Cartera,Vigente: 318 préstamos | Vencida: 295 préstamos,[object Object],"console,websocket,database",,,0,2026-06-04 02:35:22,
2451,INFO,✅ Proceso de Mora Completado,Proceso automático de mora ejecutado exitosamente en 1987ms,[object Object],database,,,0,2026-06-04 02:35:24,
2452,INFO,✅ Proceso de Mora Completado,Proceso automático de mora ejecutado exitosamente en 1987ms,[object Object],"console,websocket,database",,,0,2026-06-04 02:35:24,
2453,WARNING,🚨 Moras Críticas Detectadas,Se detectaron 224 moras críticas que requieren atención inmediata,[object Object],database,,,0,2026-06-04 04:00:00,
2454,WARNING,🚨 Moras Críticas Detectadas,Se detectaron 224 moras críticas que requieren atención inmediata,[object Object],"console,websocket,database",,,0,2026-06-04 04:00:00,
2455,WARNING,🚨 Moras Críticas Detectadas,Se detectaron 224 moras críticas que requieren atención inmediata,[object Object],database,,,0,2026-06-04 06:00:00,
2456,WARNING,🚨 Moras Críticas Detectadas,Se detectaron 224 moras críticas que requieren atención inmediata,[object Object],"console,websocket,database",,,0,2026-06-04 06:00:00,
2457,WARNING,🚨 Moras Críticas Detectadas,Se detectaron 224 moras críticas que requieren atención inmediata,[object Object],database,,,0,2026-06-04 08:00:00,
2458,WARNING,🚨 Moras Críticas Detectadas,Se detectaron 224 moras críticas que requieren atención inmediata,[object Object],"console,websocket,database",,,0,2026-06-04 08:00:00,
2459,WARNING,🚨 Moras Críticas Detectadas,Se detectaron 224 moras críticas que requieren atención inmediata,[object Object],database,,,0,2026-06-04 10:00:00,
2460,WARNING,🚨 Moras Críticas Detectadas,Se detectaron 224 moras críticas que requieren atención inmediata,[object Object],"console,websocket,database",,,0,2026-06-04 10:00:00,
2461,WARNING,🚨 Moras Críticas Detectadas,Se detectaron 224 moras críticas que requieren atención inmediata,[object Object],database,,,0,2026-06-04 12:00:00,
2462,WARNING,🚨 Moras Críticas Detectadas,Se detectaron 224 moras críticas que requieren atención inmediata,[object Object],"console,websocket,database",,,0,2026-06-04 12:00:00,
2463,WARNING,🚨 Moras Críticas Detectadas,Se detectaron 224 moras críticas que requieren atención inmediata,[object Object],database,,,0,2026-06-04 14:00:00,
2464,WARNING,🚨 Moras Críticas Detectadas,Se detectaron 224 moras críticas que requieren atención inmediata,[object Object],"console,websocket,database",,,0,2026-06-04 14:00:00,
2465,INFO,📊 Resumen Diario de Cartera,Vigente: 318 préstamos | Vencida: 295 préstamos,[object Object],database,,,0,2026-06-04 15:00:00,
2466,INFO,📊 Resumen Diario de Cartera,Vigente: 318 préstamos | Vencida: 295 préstamos,[object Object],"console,websocket,database",,,0,2026-06-04 15:00:00,
2467,WARNING,🚨 Moras Críticas Detectadas,Se detectaron 224 moras críticas que requieren atención inmediata,[object Object],database,,,0,2026-06-04 16:00:00,
2468,WARNING,🚨 Moras Críticas Detectadas,Se detectaron 224 moras críticas que requieren atención inmediata,[object Object],"console,websocket,database",,,0,2026-06-04 16:00:00,
2469,INFO,📊 Resumen Diario de Cartera,Vigente: 318 préstamos | Vencida: 295 préstamos,[object Object],database,,,0,2026-06-04 16:00:00,
2470,INFO,📊 Resumen Diario de Cartera,Vigente: 318 préstamos | Vencida: 295 préstamos,[object Object],"console,websocket,database",,,0,2026-06-04 16:00:00,
2471,INFO,📊 Resumen Diario de Cartera,Vigente: 318 préstamos | Vencida: 295 préstamos,[object Object],database,,,0,2026-06-04 17:00:00,
2472,INFO,📊 Resumen Diario de Cartera,Vigente: 318 préstamos | Vencida: 295 préstamos,[object Object],"console,websocket,database",,,0,2026-06-04 17:00:00,
2473,WARNING,🚨 Moras Críticas Detectadas,Se detectaron 224 moras críticas que requieren atención inmediata,[object Object],database,,,0,2026-06-04 18:00:00,
2474,WARNING,🚨 Moras Críticas Detectadas,Se detectaron 224 moras críticas que requieren atención inmediata,[object Object],"console,websocket,database",,,0,2026-06-04 18:00:00,
2475,INFO,📊 Resumen Diario de Cartera,Vigente: 321 préstamos | Vencida: 293 préstamos,[object Object],database,,,0,2026-06-04 18:00:00,
2476,INFO,📊 Resumen Diario de Cartera,Vigente: 321 préstamos | Vencida: 293 préstamos,[object Object],"console,websocket,database",,,0,2026-06-04 18:00:00,
2477,INFO,📊 Resumen Diario de Cartera,Vigente: 322 préstamos | Vencida: 292 préstamos,[object Object],database,,,0,2026-06-04 18:36:25,
2478,INFO,📊 Resumen Diario de Cartera,Vigente: 322 préstamos | Vencida: 292 préstamos,[object Object],"console,websocket,database",,,0,2026-06-04 18:36:25,
2479,INFO,✅ Proceso de Mora Completado,Proceso automático de mora ejecutado exitosamente en 913ms,[object Object],database,,,0,2026-06-04 18:36:26,
2480,INFO,✅ Proceso de Mora Completado,Proceso automático de mora ejecutado exitosamente en 913ms,[object Object],"console,websocket,database",,,0,2026-06-04 18:36:26,
2481,INFO,📊 Resumen Diario de Cartera,Vigente: 324 préstamos | Vencida: 291 préstamos,[object Object],database,,,0,2026-06-04 19:00:00,
2482,INFO,📊 Resumen Diario de Cartera,Vigente: 324 préstamos | Vencida: 291 préstamos,[object Object],"console,websocket,database",,,0,2026-06-04 19:00:00,
2483,WARNING,🚨 Moras Críticas Detectadas,Se detectaron 224 moras críticas que requieren atención inmediata,[object Object],database,,,0,2026-06-04 20:00:00,
2484,WARNING,🚨 Moras Críticas Detectadas,Se detectaron 224 moras críticas que requieren atención inmediata,[object Object],"console,websocket,database",,,0,2026-06-04 20:00:00,
2485,INFO,📊 Resumen Diario de Cartera,Vigente: 324 préstamos | Vencida: 291 préstamos,[object Object],database,,,0,2026-06-04 20:00:00,
2486,INFO,📊 Resumen Diario de Cartera,Vigente: 324 préstamos | Vencida: 291 préstamos,[object Object],"console,websocket,database",,,0,2026-06-04 20:00:00,
2487,INFO,📊 Resumen Diario de Cartera,Vigente: 324 préstamos | Vencida: 291 préstamos,[object Object],database,,,0,2026-06-04 21:00:00,
2488,INFO,📊 Resumen Diario de Cartera,Vigente: 324 préstamos | Vencida: 291 préstamos,[object Object],"console,websocket,database",,,0,2026-06-04 21:00:00,
2489,WARNING,🚨 Moras Críticas Detectadas,Se detectaron 224 moras críticas que requieren atención inmediata,[object Object],database,,,0,2026-06-04 22:00:00,
2490,WARNING,🚨 Moras Críticas Detectadas,Se detectaron 224 moras críticas que requieren atención inmediata,[object Object],"console,websocket,database",,,0,2026-06-04 22:00:00,
2491,INFO,📊 Resumen Diario de Cartera,Vigente: 328 préstamos | Vencida: 288 préstamos,[object Object],database,,,0,2026-06-04 22:00:00,
2492,INFO,📊 Resumen Diario de Cartera,Vigente: 328 préstamos | Vencida: 288 préstamos,[object Object],"console,websocket,database",,,0,2026-06-04 22:00:00,
2493,INFO,📊 Resumen Diario de Cartera,Vigente: 329 préstamos | Vencida: 287 préstamos,[object Object],database,,,0,2026-06-04 23:00:00,
2494,INFO,📊 Resumen Diario de Cartera,Vigente: 329 préstamos | Vencida: 287 préstamos,[object Object],"console,websocket,database",,,0,2026-06-04 23:00:00,
2495,WARNING,🚨 Moras Críticas Detectadas,Se detectaron 224 moras críticas que requieren atención inmediata,[object Object],database,,,0,2026-06-05 00:00:00,
2496,WARNING,🚨 Moras Críticas Detectadas,Se detectaron 224 moras críticas que requieren atención inmediata,[object Object],"console,websocket,database",,,0,2026-06-05 00:00:00,
2497,INFO,📊 Resumen Diario de Cartera,Vigente: 327 préstamos | Vencida: 289 préstamos,[object Object],database,,,0,2026-06-05 00:00:00,
2498,INFO,📊 Resumen Diario de Cartera,Vigente: 327 préstamos | Vencida: 289 préstamos,[object Object],"console,websocket,database",,,0,2026-06-05 00:00:00,
2499,INFO,📊 Resumen Diario de Cartera,Vigente: 327 préstamos | Vencida: 289 préstamos,[object Object],database,,,0,2026-06-05 01:00:00,
2500,INFO,📊 Resumen Diario de Cartera,Vigente: 327 préstamos | Vencida: 289 préstamos,[object Object],"console,websocket,database",,,0,2026-06-05 01:00:00,
2501,WARNING,🚨 Moras Críticas Detectadas,Se detectaron 224 moras críticas que requieren atención inmediata,[object Object],database,,,0,2026-06-05 02:00:00,
2502,WARNING,🚨 Moras Críticas Detectadas,Se detectaron 224 moras críticas que requieren atención inmediata,[object Object],"console,websocket,database",,,0,2026-06-05 02:00:00,
2503,INFO,✅ Proceso de Mora Completado,Proceso automático de mora ejecutado exitosamente en 5220ms,[object Object],database,,,0,2026-06-05 02:00:05,
2504,INFO,✅ Proceso de Mora Completado,Proceso automático de mora ejecutado exitosamente en 5220ms,[object Object],"console,websocket,database",,,0,2026-06-05 02:00:05,
2505,WARNING,🚨 Moras Críticas Detectadas,Se detectaron 225 moras críticas que requieren atención inmediata,[object Object],database,,,0,2026-06-05 04:00:00,
2506,WARNING,🚨 Moras Críticas Detectadas,Se detectaron 225 moras críticas que requieren atención inmediata,[object Object],"console,websocket,database",,,0,2026-06-05 04:00:00,
2507,WARNING,🚨 Moras Críticas Detectadas,Se detectaron 225 moras críticas que requieren atención inmediata,[object Object],database,,,0,2026-06-05 06:00:00,
2508,WARNING,🚨 Moras Críticas Detectadas,Se detectaron 225 moras críticas que requieren atención inmediata,[object Object],"console,websocket,database",,,0,2026-06-05 06:00:00,
2509,WARNING,🚨 Moras Críticas Detectadas,Se detectaron 225 moras críticas que requieren atención inmediata,[object Object],database,,,0,2026-06-05 08:00:00,
2510,WARNING,🚨 Moras Críticas Detectadas,Se detectaron 225 moras críticas que requieren atención inmediata,[object Object],"console,websocket,database",,,0,2026-06-05 08:00:00,
2511,WARNING,🚨 Moras Críticas Detectadas,Se detectaron 225 moras críticas que requieren atención inmediata,[object Object],database,,,0,2026-06-05 10:00:00,
2512,WARNING,🚨 Moras Críticas Detectadas,Se detectaron 225 moras críticas que requieren atención inmediata,[object Object],"console,websocket,database",,,0,2026-06-05 10:00:00,
2513,WARNING,🚨 Moras Críticas Detectadas,Se detectaron 225 moras críticas que requieren atención inmediata,[object Object],database,,,0,2026-06-05 12:00:00,
2514,WARNING,🚨 Moras Críticas Detectadas,Se detectaron 225 moras críticas que requieren atención inmediata,[object Object],"console,websocket,database",,,0,2026-06-05 12:00:00,
2515,WARNING,🚨 Moras Críticas Detectadas,Se detectaron 225 moras críticas que requieren atención inmediata,[object Object],database,,,0,2026-06-05 14:00:00,
2516,WARNING,🚨 Moras Críticas Detectadas,Se detectaron 225 moras críticas que requieren atención inmediata,[object Object],"console,websocket,database",,,0,2026-06-05 14:00:00,
2517,INFO,📊 Resumen Diario de Cartera,Vigente: 327 préstamos | Vencida: 289 préstamos,[object Object],database,,,0,2026-06-05 15:00:00,
2518,INFO,📊 Resumen Diario de Cartera,Vigente: 327 préstamos | Vencida: 289 préstamos,[object Object],"console,websocket,database",,,0,2026-06-05 15:00:00,
2519,WARNING,🚨 Moras Críticas Detectadas,Se detectaron 225 moras críticas que requieren atención inmediata,[object Object],database,,,0,2026-06-05 16:00:00,
2520,WARNING,🚨 Moras Críticas Detectadas,Se detectaron 225 moras críticas que requieren atención inmediata,[object Object],"console,websocket,database",,,0,2026-06-05 16:00:00,
2521,INFO,📊 Resumen Diario de Cartera,Vigente: 327 préstamos | Vencida: 289 préstamos,[object Object],database,,,0,2026-06-05 16:00:00,
2522,INFO,📊 Resumen Diario de Cartera,Vigente: 327 préstamos | Vencida: 289 préstamos,[object Object],"console,websocket,database",,,0,2026-06-05 16:00:00,
2523,INFO,📊 Resumen Diario de Cartera,Vigente: 327 préstamos | Vencida: 289 préstamos,[object Object],database,,,0,2026-06-05 17:00:00,
2524,INFO,📊 Resumen Diario de Cartera,Vigente: 327 préstamos | Vencida: 289 préstamos,[object Object],"console,websocket,database",,,0,2026-06-05 17:00:00,
2525,WARNING,🚨 Moras Críticas Detectadas,Se detectaron 225 moras críticas que requieren atención inmediata,[object Object],database,,,0,2026-06-05 18:00:00,
2526,WARNING,🚨 Moras Críticas Detectadas,Se detectaron 225 moras críticas que requieren atención inmediata,[object Object],"console,websocket,database",,,0,2026-06-05 18:00:00,
2527,INFO,📊 Resumen Diario de Cartera,Vigente: 327 préstamos | Vencida: 289 préstamos,[object Object],database,,,0,2026-06-05 18:00:00,
2528,INFO,📊 Resumen Diario de Cartera,Vigente: 327 préstamos | Vencida: 289 préstamos,[object Object],"console,websocket,database",,,0,2026-06-05 18:00:00,
2529,INFO,📊 Resumen Diario de Cartera,Vigente: 328 préstamos | Vencida: 289 préstamos,[object Object],database,,,0,2026-06-05 19:00:00,
2530,INFO,📊 Resumen Diario de Cartera,Vigente: 328 préstamos | Vencida: 289 préstamos,[object Object],"console,websocket,database",,,0,2026-06-05 19:00:00,
2531,WARNING,🚨 Moras Críticas Detectadas,Se detectaron 225 moras críticas que requieren atención inmediata,[object Object],database,,,0,2026-06-05 20:00:00,
2532,WARNING,🚨 Moras Críticas Detectadas,Se detectaron 225 moras críticas que requieren atención inmediata,[object Object],"console,websocket,database",,,0,2026-06-05 20:00:00,
2533,INFO,📊 Resumen Diario de Cartera,Vigente: 328 préstamos | Vencida: 289 préstamos,[object Object],database,,,0,2026-06-05 20:00:00,
2534,INFO,📊 Resumen Diario de Cartera,Vigente: 328 préstamos | Vencida: 289 préstamos,[object Object],"console,websocket,database",,,0,2026-06-05 20:00:00,
2535,INFO,📊 Resumen Diario de Cartera,Vigente: 340 préstamos | Vencida: 274 préstamos,[object Object],database,,,0,2026-06-05 21:00:00,
2536,INFO,📊 Resumen Diario de Cartera,Vigente: 340 préstamos | Vencida: 274 préstamos,[object Object],"console,websocket,database",,,0,2026-06-05 21:00:00,
2537,INFO,📊 Resumen Diario de Cartera,Vigente: 340 préstamos | Vencida: 274 préstamos,[object Object],database,,,0,2026-06-05 21:40:35,
2538,INFO,📊 Resumen Diario de Cartera,Vigente: 340 préstamos | Vencida: 274 préstamos,[object Object],"console,websocket,database",,,0,2026-06-05 21:40:35,
2539,INFO,✅ Proceso de Mora Completado,Proceso automático de mora ejecutado exitosamente en 1141ms,[object Object],database,,,0,2026-06-05 21:40:36,
2540,INFO,✅ Proceso de Mora Completado,Proceso automático de mora ejecutado exitosamente en 1141ms,[object Object],"console,websocket,database",,,0,2026-06-05 21:40:36,
2541,WARNING,🚨 Moras Críticas Detectadas,Se detectaron 225 moras críticas que requieren atención inmediata,[object Object],database,,,0,2026-06-05 22:00:00,
2542,WARNING,🚨 Moras Críticas Detectadas,Se detectaron 225 moras críticas que requieren atención inmediata,[object Object],"console,websocket,database",,,0,2026-06-05 22:00:00,
2543,INFO,📊 Resumen Diario de Cartera,Vigente: 340 préstamos | Vencida: 274 préstamos,[object Object],database,,,0,2026-06-05 22:00:00,
2544,INFO,📊 Resumen Diario de Cartera,Vigente: 340 préstamos | Vencida: 274 préstamos,[object Object],"console,websocket,database",,,0,2026-06-05 22:00:00,
2545,INFO,📊 Resumen Diario de Cartera,Vigente: 345 préstamos | Vencida: 270 préstamos,[object Object],database,,,0,2026-06-05 23:00:00,
2546,INFO,📊 Resumen Diario de Cartera,Vigente: 345 préstamos | Vencida: 270 préstamos,[object Object],"console,websocket,database",,,0,2026-06-05 23:00:00,
2547,WARNING,🚨 Moras Críticas Detectadas,Se detectaron 225 moras críticas que requieren atención inmediata,[object Object],database,,,0,2026-06-06 00:00:00,
2548,WARNING,🚨 Moras Críticas Detectadas,Se detectaron 225 moras críticas que requieren atención inmediata,[object Object],"console,websocket,database",,,0,2026-06-06 00:00:00,
2549,INFO,📊 Resumen Diario de Cartera,Vigente: 344 préstamos | Vencida: 272 préstamos,[object Object],database,,,0,2026-06-06 00:00:00,
2550,INFO,📊 Resumen Diario de Cartera,Vigente: 344 préstamos | Vencida: 272 préstamos,[object Object],"console,websocket,database",,,0,2026-06-06 00:00:00,
2551,INFO,📊 Resumen Diario de Cartera,Vigente: 344 préstamos | Vencida: 272 préstamos,[object Object],database,,,0,2026-06-06 01:00:00,
2552,INFO,📊 Resumen Diario de Cartera,Vigente: 344 préstamos | Vencida: 272 préstamos,[object Object],"console,websocket,database",,,0,2026-06-06 01:00:00,
2553,WARNING,🚨 Moras Críticas Detectadas,Se detectaron 225 moras críticas que requieren atención inmediata,[object Object],database,,,0,2026-06-06 02:00:00,
2554,WARNING,🚨 Moras Críticas Detectadas,Se detectaron 225 moras críticas que requieren atención inmediata,[object Object],"console,websocket,database",,,0,2026-06-06 02:00:00,
2555,INFO,✅ Proceso de Mora Completado,Proceso automático de mora ejecutado exitosamente en 3401ms,[object Object],database,,,0,2026-06-06 02:00:03,
2556,INFO,✅ Proceso de Mora Completado,Proceso automático de mora ejecutado exitosamente en 3401ms,[object Object],"console,websocket,database",,,0,2026-06-06 02:00:03,
2557,WARNING,🚨 Moras Críticas Detectadas,Se detectaron 247 moras críticas que requieren atención inmediata,[object Object],database,,,0,2026-06-06 04:00:00,
2558,WARNING,🚨 Moras Críticas Detectadas,Se detectaron 247 moras críticas que requieren atención inmediata,[object Object],"console,websocket,database",,,0,2026-06-06 04:00:00,
2559,WARNING,🚨 Moras Críticas Detectadas,Se detectaron 247 moras críticas que requieren atención inmediata,[object Object],database,,,0,2026-06-06 06:00:00,
2560,WARNING,🚨 Moras Críticas Detectadas,Se detectaron 247 moras críticas que requieren atención inmediata,[object Object],"console,websocket,database",,,0,2026-06-06 06:00:00,
2561,WARNING,🚨 Moras Críticas Detectadas,Se detectaron 247 moras críticas que requieren atención inmediata,[object Object],database,,,0,2026-06-06 08:00:00,
2562,WARNING,🚨 Moras Críticas Detectadas,Se detectaron 247 moras críticas que requieren atención inmediata,[object Object],"console,websocket,database",,,0,2026-06-06 08:00:00,
2563,WARNING,🚨 Moras Críticas Detectadas,Se detectaron 247 moras críticas que requieren atención inmediata,[object Object],database,,,0,2026-06-06 10:00:00,
2564,WARNING,🚨 Moras Críticas Detectadas,Se detectaron 247 moras críticas que requieren atención inmediata,[object Object],"console,websocket,database",,,0,2026-06-06 10:00:00,
2565,WARNING,🚨 Moras Críticas Detectadas,Se detectaron 247 moras críticas que requieren atención inmediata,[object Object],database,,,0,2026-06-06 12:00:00,
2566,WARNING,🚨 Moras Críticas Detectadas,Se detectaron 247 moras críticas que requieren atención inmediata,[object Object],"console,websocket,database",,,0,2026-06-06 12:00:00,
2567,WARNING,🚨 Moras Críticas Detectadas,Se detectaron 247 moras críticas que requieren atención inmediata,[object Object],database,,,0,2026-06-06 14:00:00,
2568,WARNING,🚨 Moras Críticas Detectadas,Se detectaron 247 moras críticas que requieren atención inmediata,[object Object],"console,websocket,database",,,0,2026-06-06 14:00:00,
2569,INFO,📊 Resumen Diario de Cartera,Vigente: 344 préstamos | Vencida: 272 préstamos,[object Object],database,,,0,2026-06-06 15:00:00,
2570,INFO,📊 Resumen Diario de Cartera,Vigente: 344 préstamos | Vencida: 272 préstamos,[object Object],"console,websocket,database",,,0,2026-06-06 15:00:00,
2571,WARNING,🚨 Moras Críticas Detectadas,Se detectaron 247 moras críticas que requieren atención inmediata,[object Object],database,,,0,2026-06-06 16:00:00,
2572,WARNING,🚨 Moras Críticas Detectadas,Se detectaron 247 moras críticas que requieren atención inmediata,[object Object],"console,websocket,database",,,0,2026-06-06 16:00:00,
2573,INFO,📊 Resumen Diario de Cartera,Vigente: 344 préstamos | Vencida: 272 préstamos,[object Object],database,,,0,2026-06-06 16:00:00,
2574,INFO,📊 Resumen Diario de Cartera,Vigente: 344 préstamos | Vencida: 272 préstamos,[object Object],"console,websocket,database",,,0,2026-06-06 16:00:00,
2575,INFO,📊 Resumen Diario de Cartera,Vigente: 344 préstamos | Vencida: 272 préstamos,[object Object],database,,,0,2026-06-06 17:00:00,
2576,INFO,📊 Resumen Diario de Cartera,Vigente: 344 préstamos | Vencida: 272 préstamos,[object Object],"console,websocket,database",,,0,2026-06-06 17:00:00,
2577,WARNING,🚨 Moras Críticas Detectadas,Se detectaron 243 moras críticas que requieren atención inmediata,[object Object],database,,,0,2026-06-06 18:00:00,
2578,WARNING,🚨 Moras Críticas Detectadas,Se detectaron 243 moras críticas que requieren atención inmediata,[object Object],"console,websocket,database",,,0,2026-06-06 18:00:00,
2579,INFO,📊 Resumen Diario de Cartera,Vigente: 367 préstamos | Vencida: 248 préstamos,[object Object],database,,,0,2026-06-06 18:00:00,
2580,INFO,📊 Resumen Diario de Cartera,Vigente: 367 préstamos | Vencida: 248 préstamos,[object Object],"console,websocket,database",,,0,2026-06-06 18:00:00,
2581,INFO,📊 Resumen Diario de Cartera,Vigente: 406 préstamos | Vencida: 208 préstamos,[object Object],database,,,0,2026-06-06 19:00:00,
2582,INFO,📊 Resumen Diario de Cartera,Vigente: 406 préstamos | Vencida: 208 préstamos,[object Object],"console,websocket,database",,,0,2026-06-06 19:00:00,
2583,WARNING,🚨 Moras Críticas Detectadas,Se detectaron 236 moras críticas que requieren atención inmediata,[object Object],database,,,0,2026-06-06 20:00:00,
2584,WARNING,🚨 Moras Críticas Detectadas,Se detectaron 236 moras críticas que requieren atención inmediata,[object Object],"console,websocket,database",,,0,2026-06-06 20:00:00,
2585,INFO,📊 Resumen Diario de Cartera,Vigente: 423 préstamos | Vencida: 185 préstamos,[object Object],database,,,0,2026-06-06 20:00:00,
2586,INFO,📊 Resumen Diario de Cartera,Vigente: 423 préstamos | Vencida: 185 préstamos,[object Object],"console,websocket,database",,,0,2026-06-06 20:00:00,
2587,INFO,📊 Resumen Diario de Cartera,Vigente: 423 préstamos | Vencida: 185 préstamos,[object Object],database,,,0,2026-06-06 21:00:00,
2588,INFO,📊 Resumen Diario de Cartera,Vigente: 423 préstamos | Vencida: 185 préstamos,[object Object],"console,websocket,database",,,0,2026-06-06 21:00:00,
2589,WARNING,🚨 Moras Críticas Detectadas,Se detectaron 236 moras críticas que requieren atención inmediata,[object Object],database,,,0,2026-06-06 22:00:00,
2590,WARNING,🚨 Moras Críticas Detectadas,Se detectaron 236 moras críticas que requieren atención inmediata,[object Object],"console,websocket,database",,,0,2026-06-06 22:00:00,
2591,INFO,📊 Resumen Diario de Cartera,Vigente: 423 préstamos | Vencida: 185 préstamos,[object Object],database,,,0,2026-06-06 22:00:00,
2592,INFO,📊 Resumen Diario de Cartera,Vigente: 423 préstamos | Vencida: 185 préstamos,[object Object],"console,websocket,database",,,0,2026-06-06 22:00:00,
2593,INFO,📊 Resumen Diario de Cartera,Vigente: 423 préstamos | Vencida: 185 préstamos,[object Object],database,,,0,2026-06-06 23:00:00,
2594,INFO,📊 Resumen Diario de Cartera,Vigente: 423 préstamos | Vencida: 185 préstamos,[object Object],"console,websocket,database",,,0,2026-06-06 23:00:00,
2595,WARNING,🚨 Moras Críticas Detectadas,Se detectaron 236 moras críticas que requieren atención inmediata,[object Object],database,,,0,2026-06-07 00:00:00,
2596,WARNING,🚨 Moras Críticas Detectadas,Se detectaron 236 moras críticas que requieren atención inmediata,[object Object],"console,websocket,database",,,0,2026-06-07 00:00:00,
2597,INFO,📊 Resumen Diario de Cartera,Vigente: 423 préstamos | Vencida: 185 préstamos,[object Object],database,,,0,2026-06-07 00:00:00,
2598,INFO,📊 Resumen Diario de Cartera,Vigente: 423 préstamos | Vencida: 185 préstamos,[object Object],"console,websocket,database",,,0,2026-06-07 00:00:00,
2599,INFO,📊 Resumen Diario de Cartera,Vigente: 423 préstamos | Vencida: 185 préstamos,[object Object],database,,,0,2026-06-07 01:00:00,
2600,INFO,📊 Resumen Diario de Cartera,Vigente: 423 préstamos | Vencida: 185 préstamos,[object Object],"console,websocket,database",,,0,2026-06-07 01:00:00,
2601,WARNING,🚨 Moras Críticas Detectadas,Se detectaron 236 moras críticas que requieren atención inmediata,[object Object],database,,,0,2026-06-07 02:00:00,
2602,WARNING,🚨 Moras Críticas Detectadas,Se detectaron 236 moras críticas que requieren atención inmediata,[object Object],"console,websocket,database",,,0,2026-06-07 02:00:00,
2603,INFO,✅ Proceso de Mora Completado,Proceso automático de mora ejecutado exitosamente en 2885ms,[object Object],database,,,0,2026-06-07 02:00:02,
2604,INFO,✅ Proceso de Mora Completado,Proceso automático de mora ejecutado exitosamente en 2885ms,[object Object],"console,websocket,database",,,0,2026-06-07 02:00:02,
2605,WARNING,🚨 Moras Críticas Detectadas,Se detectaron 255 moras críticas que requieren atención inmediata,[object Object],database,,,0,2026-06-07 04:00:00,
2606,WARNING,🚨 Moras Críticas Detectadas,Se detectaron 255 moras críticas que requieren atención inmediata,[object Object],"console,websocket,database",,,0,2026-06-07 04:00:00,
2607,WARNING,🚨 Moras Críticas Detectadas,Se detectaron 255 moras críticas que requieren atención inmediata,[object Object],database,,,0,2026-06-07 06:00:00,
2608,WARNING,🚨 Moras Críticas Detectadas,Se detectaron 255 moras críticas que requieren atención inmediata,[object Object],"console,websocket,database",,,0,2026-06-07 06:00:00,
2609,WARNING,🚨 Moras Críticas Detectadas,Se detectaron 255 moras críticas que requieren atención inmediata,[object Object],database,,,0,2026-06-07 08:00:00,
2610,WARNING,🚨 Moras Críticas Detectadas,Se detectaron 255 moras críticas que requieren atención inmediata,[object Object],"console,websocket,database",,,0,2026-06-07 08:00:00,
2611,WARNING,🚨 Moras Críticas Detectadas,Se detectaron 255 moras críticas que requieren atención inmediata,[object Object],database,,,0,2026-06-07 10:00:00,
2612,WARNING,🚨 Moras Críticas Detectadas,Se detectaron 255 moras críticas que requieren atención inmediata,[object Object],"console,websocket,database",,,0,2026-06-07 10:00:00,
2613,WARNING,🚨 Moras Críticas Detectadas,Se detectaron 255 moras críticas que requieren atención inmediata,[object Object],database,,,0,2026-06-07 12:00:00,
2614,WARNING,🚨 Moras Críticas Detectadas,Se detectaron 255 moras críticas que requieren atención inmediata,[object Object],"console,websocket,database",,,0,2026-06-07 12:00:00,
2615,WARNING,🚨 Moras Críticas Detectadas,Se detectaron 255 moras críticas que requieren atención inmediata,[object Object],database,,,0,2026-06-07 14:00:00,
2616,WARNING,🚨 Moras Críticas Detectadas,Se detectaron 255 moras críticas que requieren atención inmediata,[object Object],"console,websocket,database",,,0,2026-06-07 14:00:00,
2617,INFO,📊 Resumen Diario de Cartera,Vigente: 423 préstamos | Vencida: 185 préstamos,[object Object],database,,,0,2026-06-07 15:00:00,
2618,INFO,📊 Resumen Diario de Cartera,Vigente: 423 préstamos | Vencida: 185 préstamos,[object Object],"console,websocket,database",,,0,2026-06-07 15:00:00,
2619,WARNING,🚨 Moras Críticas Detectadas,Se detectaron 255 moras críticas que requieren atención inmediata,[object Object],database,,,0,2026-06-07 16:00:00,
2620,WARNING,🚨 Moras Críticas Detectadas,Se detectaron 255 moras críticas que requieren atención inmediata,[object Object],"console,websocket,database",,,0,2026-06-07 16:00:00,
2621,INFO,📊 Resumen Diario de Cartera,Vigente: 423 préstamos | Vencida: 185 préstamos,[object Object],database,,,0,2026-06-07 16:00:00,
2622,INFO,📊 Resumen Diario de Cartera,Vigente: 423 préstamos | Vencida: 185 préstamos,[object Object],"console,websocket,database",,,0,2026-06-07 16:00:00,
2623,INFO,📊 Resumen Diario de Cartera,Vigente: 423 préstamos | Vencida: 185 préstamos,[object Object],database,,,0,2026-06-07 17:00:00,
2624,INFO,📊 Resumen Diario de Cartera,Vigente: 423 préstamos | Vencida: 185 préstamos,[object Object],"console,websocket,database",,,0,2026-06-07 17:00:00,
2625,WARNING,🚨 Moras Críticas Detectadas,Se detectaron 255 moras críticas que requieren atención inmediata,[object Object],database,,,0,2026-06-07 18:00:00,
2626,WARNING,🚨 Moras Críticas Detectadas,Se detectaron 255 moras críticas que requieren atención inmediata,[object Object],"console,websocket,database",,,0,2026-06-07 18:00:00,
2627,INFO,📊 Resumen Diario de Cartera,Vigente: 423 préstamos | Vencida: 185 préstamos,[object Object],database,,,0,2026-06-07 18:00:00,
2628,INFO,📊 Resumen Diario de Cartera,Vigente: 423 préstamos | Vencida: 185 préstamos,[object Object],"console,websocket,database",,,0,2026-06-07 18:00:00,
2629,INFO,📊 Resumen Diario de Cartera,Vigente: 423 préstamos | Vencida: 185 préstamos,[object Object],database,,,0,2026-06-07 19:00:00,
2630,INFO,📊 Resumen Diario de Cartera,Vigente: 423 préstamos | Vencida: 185 préstamos,[object Object],"console,websocket,database",,,0,2026-06-07 19:00:00,
2631,WARNING,🚨 Moras Críticas Detectadas,Se detectaron 255 moras críticas que requieren atención inmediata,[object Object],database,,,0,2026-06-07 20:00:00,
2632,WARNING,🚨 Moras Críticas Detectadas,Se detectaron 255 moras críticas que requieren atención inmediata,[object Object],"console,websocket,database",,,0,2026-06-07 20:00:00,
2633,INFO,📊 Resumen Diario de Cartera,Vigente: 423 préstamos | Vencida: 185 préstamos,[object Object],database,,,0,2026-06-07 20:00:00,
2634,INFO,📊 Resumen Diario de Cartera,Vigente: 423 préstamos | Vencida: 185 préstamos,[object Object],"console,websocket,database",,,0,2026-06-07 20:00:00,
2635,INFO,📊 Resumen Diario de Cartera,Vigente: 423 préstamos | Vencida: 185 préstamos,[object Object],database,,,0,2026-06-07 21:00:00,
2636,INFO,📊 Resumen Diario de Cartera,Vigente: 423 préstamos | Vencida: 185 préstamos,[object Object],"console,websocket,database",,,0,2026-06-07 21:00:00,
2637,WARNING,🚨 Moras Críticas Detectadas,Se detectaron 255 moras críticas que requieren atención inmediata,[object Object],database,,,0,2026-06-07 22:00:00,
2638,WARNING,🚨 Moras Críticas Detectadas,Se detectaron 255 moras críticas que requieren atención inmediata,[object Object],"console,websocket,database",,,0,2026-06-07 22:00:00,
2639,INFO,📊 Resumen Diario de Cartera,Vigente: 423 préstamos | Vencida: 185 préstamos,[object Object],database,,,0,2026-06-07 22:00:00,
2640,INFO,📊 Resumen Diario de Cartera,Vigente: 423 préstamos | Vencida: 185 préstamos,[object Object],"console,websocket,database",,,0,2026-06-07 22:00:00,
2641,INFO,📊 Resumen Diario de Cartera,Vigente: 423 préstamos | Vencida: 185 préstamos,[object Object],database,,,0,2026-06-07 23:00:00,
2642,INFO,📊 Resumen Diario de Cartera,Vigente: 423 préstamos | Vencida: 185 préstamos,[object Object],"console,websocket,database",,,0,2026-06-07 23:00:00,
2643,WARNING,🚨 Moras Críticas Detectadas,Se detectaron 255 moras críticas que requieren atención inmediata,[object Object],database,,,0,2026-06-08 00:00:00,
2644,WARNING,🚨 Moras Críticas Detectadas,Se detectaron 255 moras críticas que requieren atención inmediata,[object Object],"console,websocket,database",,,0,2026-06-08 00:00:00,
2645,INFO,📊 Resumen Diario de Cartera,Vigente: 423 préstamos | Vencida: 185 préstamos,[object Object],database,,,0,2026-06-08 00:00:00,
2646,INFO,📊 Resumen Diario de Cartera,Vigente: 423 préstamos | Vencida: 185 préstamos,[object Object],"console,websocket,database",,,0,2026-06-08 00:00:00,
2647,INFO,📊 Resumen Diario de Cartera,Vigente: 423 préstamos | Vencida: 185 préstamos,[object Object],database,,,0,2026-06-08 01:00:00,
2648,INFO,📊 Resumen Diario de Cartera,Vigente: 423 préstamos | Vencida: 185 préstamos,[object Object],"console,websocket,database",,,0,2026-06-08 01:00:00,
2649,WARNING,🚨 Moras Críticas Detectadas,Se detectaron 255 moras críticas que requieren atención inmediata,[object Object],database,,,0,2026-06-08 02:00:00,
2650,WARNING,🚨 Moras Críticas Detectadas,Se detectaron 255 moras críticas que requieren atención inmediata,[object Object],"console,websocket,database",,,0,2026-06-08 02:00:00,
2651,INFO,✅ Proceso de Mora Completado,Proceso automático de mora ejecutado exitosamente en 2866ms,[object Object],database,,,0,2026-06-08 02:00:02,
2652,INFO,✅ Proceso de Mora Completado,Proceso automático de mora ejecutado exitosamente en 2866ms,[object Object],"console,websocket,database",,,0,2026-06-08 02:00:02,
2653,WARNING,🚨 Moras Críticas Detectadas,Se detectaron 274 moras críticas que requieren atención inmediata,[object Object],database,,,0,2026-06-08 04:00:00,
2654,WARNING,🚨 Moras Críticas Detectadas,Se detectaron 274 moras críticas que requieren atención inmediata,[object Object],"console,websocket,database",,,0,2026-06-08 04:00:00,
2655,WARNING,🚨 Moras Críticas Detectadas,Se detectaron 274 moras críticas que requieren atención inmediata,[object Object],database,,,0,2026-06-08 06:00:00,
2656,WARNING,🚨 Moras Críticas Detectadas,Se detectaron 274 moras críticas que requieren atención inmediata,[object Object],"console,websocket,database",,,0,2026-06-08 06:00:00,
2657,WARNING,🚨 Moras Críticas Detectadas,Se detectaron 274 moras críticas que requieren atención inmediata,[object Object],database,,,0,2026-06-08 08:00:00,
2658,WARNING,🚨 Moras Críticas Detectadas,Se detectaron 274 moras críticas que requieren atención inmediata,[object Object],"console,websocket,database",,,0,2026-06-08 08:00:00,
2659,WARNING,🚨 Moras Críticas Detectadas,Se detectaron 274 moras críticas que requieren atención inmediata,[object Object],database,,,0,2026-06-08 10:00:00,
2660,WARNING,🚨 Moras Críticas Detectadas,Se detectaron 274 moras críticas que requieren atención inmediata,[object Object],"console,websocket,database",,,0,2026-06-08 10:00:00,
2661,WARNING,🚨 Moras Críticas Detectadas,Se detectaron 274 moras críticas que requieren atención inmediata,[object Object],database,,,0,2026-06-08 12:00:00,
2662,WARNING,🚨 Moras Críticas Detectadas,Se detectaron 274 moras críticas que requieren atención inmediata,[object Object],"console,websocket,database",,,0,2026-06-08 12:00:00,
2663,WARNING,🚨 Moras Críticas Detectadas,Se detectaron 274 moras críticas que requieren atención inmediata,[object Object],database,,,0,2026-06-08 14:00:00,
2664,WARNING,🚨 Moras Críticas Detectadas,Se detectaron 274 moras críticas que requieren atención inmediata,[object Object],"console,websocket,database",,,0,2026-06-08 14:00:00,
2665,INFO,📊 Resumen Diario de Cartera,Vigente: 423 préstamos | Vencida: 185 préstamos,[object Object],database,,,0,2026-06-08 15:00:00,
2666,INFO,📊 Resumen Diario de Cartera,Vigente: 423 préstamos | Vencida: 185 préstamos,[object Object],"console,websocket,database",,,0,2026-06-08 15:00:00,
2667,WARNING,🚨 Moras Críticas Detectadas,Se detectaron 274 moras críticas que requieren atención inmediata,[object Object],database,,,0,2026-06-08 16:00:00,
2668,WARNING,🚨 Moras Críticas Detectadas,Se detectaron 274 moras críticas que requieren atención inmediata,[object Object],"console,websocket,database",,,0,2026-06-08 16:00:00,
2669,INFO,📊 Resumen Diario de Cartera,Vigente: 423 préstamos | Vencida: 185 préstamos,[object Object],database,,,0,2026-06-08 16:00:00,
2670,INFO,📊 Resumen Diario de Cartera,Vigente: 423 préstamos | Vencida: 185 préstamos,[object Object],"console,websocket,database",,,0,2026-06-08 16:00:00,
2671,INFO,📊 Resumen Diario de Cartera,Vigente: 423 préstamos | Vencida: 185 préstamos,[object Object],database,,,0,2026-06-08 17:00:00,
2672,INFO,📊 Resumen Diario de Cartera,Vigente: 423 préstamos | Vencida: 185 préstamos,[object Object],"console,websocket,database",,,0,2026-06-08 17:00:00,
2673,WARNING,🚨 Moras Críticas Detectadas,Se detectaron 274 moras críticas que requieren atención inmediata,[object Object],database,,,0,2026-06-08 18:00:00,
2674,WARNING,🚨 Moras Críticas Detectadas,Se detectaron 274 moras críticas que requieren atención inmediata,[object Object],"console,websocket,database",,,0,2026-06-08 18:00:00,
2675,INFO,📊 Resumen Diario de Cartera,Vigente: 423 préstamos | Vencida: 185 préstamos,[object Object],database,,,0,2026-06-08 18:00:00,
2676,INFO,📊 Resumen Diario de Cartera,Vigente: 423 préstamos | Vencida: 185 préstamos,[object Object],"console,websocket,database",,,0,2026-06-08 18:00:00,
2677,INFO,📊 Resumen Diario de Cartera,Vigente: 423 préstamos | Vencida: 185 préstamos,[object Object],database,,,0,2026-06-08 19:00:00,
2678,INFO,📊 Resumen Diario de Cartera,Vigente: 423 préstamos | Vencida: 185 préstamos,[object Object],"console,websocket,database",,,0,2026-06-08 19:00:00,
2679,WARNING,🚨 Moras Críticas Detectadas,Se detectaron 274 moras críticas que requieren atención inmediata,[object Object],database,,,0,2026-06-08 20:00:00,
2680,WARNING,🚨 Moras Críticas Detectadas,Se detectaron 274 moras críticas que requieren atención inmediata,[object Object],"console,websocket,database",,,0,2026-06-08 20:00:00,
2681,INFO,📊 Resumen Diario de Cartera,Vigente: 423 préstamos | Vencida: 185 préstamos,[object Object],database,,,0,2026-06-08 20:00:00,
2682,INFO,📊 Resumen Diario de Cartera,Vigente: 423 préstamos | Vencida: 185 préstamos,[object Object],"console,websocket,database",,,0,2026-06-08 20:00:00,
2683,INFO,📊 Resumen Diario de Cartera,Vigente: 423 préstamos | Vencida: 185 préstamos,[object Object],database,,,0,2026-06-08 21:00:00,
2684,INFO,📊 Resumen Diario de Cartera,Vigente: 423 préstamos | Vencida: 185 préstamos,[object Object],"console,websocket,database",,,0,2026-06-08 21:00:00,
2685,WARNING,🚨 Moras Críticas Detectadas,Se detectaron 274 moras críticas que requieren atención inmediata,[object Object],database,,,0,2026-06-08 22:00:00,
2686,WARNING,🚨 Moras Críticas Detectadas,Se detectaron 274 moras críticas que requieren atención inmediata,[object Object],"console,websocket,database",,,0,2026-06-08 22:00:00,
2687,INFO,📊 Resumen Diario de Cartera,Vigente: 423 préstamos | Vencida: 185 préstamos,[object Object],database,,,0,2026-06-08 22:00:00,
2688,INFO,📊 Resumen Diario de Cartera,Vigente: 423 préstamos | Vencida: 185 préstamos,[object Object],"console,websocket,database",,,0,2026-06-08 22:00:00,
2689,INFO,📊 Resumen Diario de Cartera,Vigente: 423 préstamos | Vencida: 185 préstamos,[object Object],database,,,0,2026-06-08 23:00:00,
2690,INFO,📊 Resumen Diario de Cartera,Vigente: 423 préstamos | Vencida: 185 préstamos,[object Object],"console,websocket,database",,,0,2026-06-08 23:00:00,
2691,WARNING,🚨 Moras Críticas Detectadas,Se detectaron 274 moras críticas que requieren atención inmediata,[object Object],database,,,0,2026-06-09 00:00:00,
2692,WARNING,🚨 Moras Críticas Detectadas,Se detectaron 274 moras críticas que requieren atención inmediata,[object Object],"console,websocket,database",,,0,2026-06-09 00:00:00,
2693,INFO,📊 Resumen Diario de Cartera,Vigente: 423 préstamos | Vencida: 185 préstamos,[object Object],database,,,0,2026-06-09 00:00:00,
2694,INFO,📊 Resumen Diario de Cartera,Vigente: 423 préstamos | Vencida: 185 préstamos,[object Object],"console,websocket,database",,,0,2026-06-09 00:00:00,
2695,INFO,📊 Resumen Diario de Cartera,Vigente: 423 préstamos | Vencida: 185 préstamos,[object Object],database,,,0,2026-06-09 01:00:00,
2696,INFO,📊 Resumen Diario de Cartera,Vigente: 423 préstamos | Vencida: 185 préstamos,[object Object],"console,websocket,database",,,0,2026-06-09 01:00:00,
2697,WARNING,🚨 Moras Críticas Detectadas,Se detectaron 274 moras críticas que requieren atención inmediata,[object Object],database,,,0,2026-06-09 02:00:00,
2698,WARNING,🚨 Moras Críticas Detectadas,Se detectaron 274 moras críticas que requieren atención inmediata,[object Object],"console,websocket,database",,,0,2026-06-09 02:00:00,
2699,INFO,✅ Proceso de Mora Completado,Proceso automático de mora ejecutado exitosamente en 2821ms,[object Object],database,,,0,2026-06-09 02:00:02,
2700,INFO,✅ Proceso de Mora Completado,Proceso automático de mora ejecutado exitosamente en 2821ms,[object Object],"console,websocket,database",,,0,2026-06-09 02:00:02,
2701,WARNING,🚨 Moras Críticas Detectadas,Se detectaron 280 moras críticas que requieren atención inmediata,[object Object],database,,,0,2026-06-09 04:00:00,
2702,WARNING,🚨 Moras Críticas Detectadas,Se detectaron 280 moras críticas que requieren atención inmediata,[object Object],"console,websocket,database",,,0,2026-06-09 04:00:00,
2703,WARNING,🚨 Moras Críticas Detectadas,Se detectaron 280 moras críticas que requieren atención inmediata,[object Object],database,,,0,2026-06-09 06:00:00,
2704,WARNING,🚨 Moras Críticas Detectadas,Se detectaron 280 moras críticas que requieren atención inmediata,[object Object],"console,websocket,database",,,0,2026-06-09 06:00:00,
2705,WARNING,🚨 Moras Críticas Detectadas,Se detectaron 280 moras críticas que requieren atención inmediata,[object Object],database,,,0,2026-06-09 08:00:00,
2706,WARNING,🚨 Moras Críticas Detectadas,Se detectaron 280 moras críticas que requieren atención inmediata,[object Object],"console,websocket,database",,,0,2026-06-09 08:00:00,
2707,WARNING,🚨 Moras Críticas Detectadas,Se detectaron 280 moras críticas que requieren atención inmediata,[object Object],database,,,0,2026-06-09 10:00:00,
2708,WARNING,🚨 Moras Críticas Detectadas,Se detectaron 280 moras críticas que requieren atención inmediata,[object Object],"console,websocket,database",,,0,2026-06-09 10:00:00,
2709,WARNING,🚨 Moras Críticas Detectadas,Se detectaron 280 moras críticas que requieren atención inmediata,[object Object],database,,,0,2026-06-09 12:00:00,
2710,WARNING,🚨 Moras Críticas Detectadas,Se detectaron 280 moras críticas que requieren atención inmediata,[object Object],"console,websocket,database",,,0,2026-06-09 12:00:00,
2711,WARNING,🚨 Moras Críticas Detectadas,Se detectaron 280 moras críticas que requieren atención inmediata,[object Object],database,,,0,2026-06-09 14:00:00,
2712,WARNING,🚨 Moras Críticas Detectadas,Se detectaron 280 moras críticas que requieren atención inmediata,[object Object],"console,websocket,database",,,0,2026-06-09 14:00:00,
2713,INFO,📊 Resumen Diario de Cartera,Vigente: 423 préstamos | Vencida: 185 préstamos,[object Object],database,,,0,2026-06-09 15:00:00,
2714,INFO,📊 Resumen Diario de Cartera,Vigente: 423 préstamos | Vencida: 185 préstamos,[object Object],"console,websocket,database",,,0,2026-06-09 15:00:00,
2715,WARNING,🚨 Moras Críticas Detectadas,Se detectaron 280 moras críticas que requieren atención inmediata,[object Object],database,,,0,2026-06-09 16:00:00,
2716,WARNING,🚨 Moras Críticas Detectadas,Se detectaron 280 moras críticas que requieren atención inmediata,[object Object],"console,websocket,database",,,0,2026-06-09 16:00:00,
2717,INFO,📊 Resumen Diario de Cartera,Vigente: 423 préstamos | Vencida: 185 préstamos,[object Object],database,,,0,2026-06-09 16:00:00,
2718,INFO,📊 Resumen Diario de Cartera,Vigente: 423 préstamos | Vencida: 185 préstamos,[object Object],"console,websocket,database",,,0,2026-06-09 16:00:00,
2719,INFO,📊 Resumen Diario de Cartera,Vigente: 423 préstamos | Vencida: 185 préstamos,[object Object],database,,,0,2026-06-09 17:00:00,
2720,INFO,📊 Resumen Diario de Cartera,Vigente: 423 préstamos | Vencida: 185 préstamos,[object Object],"console,websocket,database",,,0,2026-06-09 17:00:00,
2721,WARNING,🚨 Moras Críticas Detectadas,Se detectaron 280 moras críticas que requieren atención inmediata,[object Object],database,,,0,2026-06-09 18:00:00,
2722,WARNING,🚨 Moras Críticas Detectadas,Se detectaron 280 moras críticas que requieren atención inmediata,[object Object],"console,websocket,database",,,0,2026-06-09 18:00:00,
2723,INFO,📊 Resumen Diario de Cartera,Vigente: 424 préstamos | Vencida: 185 préstamos,[object Object],database,,,0,2026-06-09 18:00:00,
2724,INFO,📊 Resumen Diario de Cartera,Vigente: 424 préstamos | Vencida: 185 préstamos,[object Object],"console,websocket,database",,,0,2026-06-09 18:00:00,
2725,INFO,📊 Resumen Diario de Cartera,Vigente: 424 préstamos | Vencida: 185 préstamos,[object Object],database,,,0,2026-06-09 19:00:00,
2726,INFO,📊 Resumen Diario de Cartera,Vigente: 424 préstamos | Vencida: 185 préstamos,[object Object],"console,websocket,database",,,0,2026-06-09 19:00:00,
2727,WARNING,🚨 Moras Críticas Detectadas,Se detectaron 280 moras críticas que requieren atención inmediata,[object Object],database,,,0,2026-06-09 20:00:00,
2728,WARNING,🚨 Moras Críticas Detectadas,Se detectaron 280 moras críticas que requieren atención inmediata,[object Object],"console,websocket,database",,,0,2026-06-09 20:00:00,
2729,INFO,📊 Resumen Diario de Cartera,Vigente: 424 préstamos | Vencida: 185 préstamos,[object Object],database,,,0,2026-06-09 20:00:00,
2730,INFO,📊 Resumen Diario de Cartera,Vigente: 424 préstamos | Vencida: 185 préstamos,[object Object],"console,websocket,database",,,0,2026-06-09 20:00:00,
2731,INFO,📊 Resumen Diario de Cartera,Vigente: 424 préstamos | Vencida: 185 préstamos,[object Object],database,,,0,2026-06-09 21:00:00,
2732,INFO,📊 Resumen Diario de Cartera,Vigente: 424 préstamos | Vencida: 185 préstamos,[object Object],"console,websocket,database",,,0,2026-06-09 21:00:00,
2733,WARNING,🚨 Moras Críticas Detectadas,Se detectaron 280 moras críticas que requieren atención inmediata,[object Object],database,,,0,2026-06-09 22:00:00,
2734,WARNING,🚨 Moras Críticas Detectadas,Se detectaron 280 moras críticas que requieren atención inmediata,[object Object],"console,websocket,database",,,0,2026-06-09 22:00:00,
2735,INFO,📊 Resumen Diario de Cartera,Vigente: 424 préstamos | Vencida: 185 préstamos,[object Object],database,,,0,2026-06-09 22:00:00,
2736,INFO,📊 Resumen Diario de Cartera,Vigente: 424 préstamos | Vencida: 185 préstamos,[object Object],"console,websocket,database",,,0,2026-06-09 22:00:00,
2737,INFO,📊 Resumen Diario de Cartera,Vigente: 424 préstamos | Vencida: 185 préstamos,[object Object],database,,,0,2026-06-09 23:00:00,
2738,INFO,📊 Resumen Diario de Cartera,Vigente: 424 préstamos | Vencida: 185 préstamos,[object Object],"console,websocket,database",,,0,2026-06-09 23:00:00,
2739,WARNING,🚨 Moras Críticas Detectadas,Se detectaron 280 moras críticas que requieren atención inmediata,[object Object],database,,,0,2026-06-10 00:00:00,
2740,WARNING,🚨 Moras Críticas Detectadas,Se detectaron 280 moras críticas que requieren atención inmediata,[object Object],"console,websocket,database",,,0,2026-06-10 00:00:00,
2741,INFO,📊 Resumen Diario de Cartera,Vigente: 423 préstamos | Vencida: 186 préstamos,[object Object],database,,,0,2026-06-10 00:00:00,
2742,INFO,📊 Resumen Diario de Cartera,Vigente: 423 préstamos | Vencida: 186 préstamos,[object Object],"console,websocket,database",,,0,2026-06-10 00:00:00,
2743,INFO,📊 Resumen Diario de Cartera,Vigente: 423 préstamos | Vencida: 186 préstamos,[object Object],database,,,0,2026-06-10 01:00:00,
2744,INFO,📊 Resumen Diario de Cartera,Vigente: 423 préstamos | Vencida: 186 préstamos,[object Object],"console,websocket,database",,,0,2026-06-10 01:00:00,
2745,WARNING,🚨 Moras Críticas Detectadas,Se detectaron 280 moras críticas que requieren atención inmediata,[object Object],database,,,0,2026-06-10 02:00:00,
2746,WARNING,🚨 Moras Críticas Detectadas,Se detectaron 280 moras críticas que requieren atención inmediata,[object Object],"console,websocket,database",,,0,2026-06-10 02:00:00,
2747,INFO,✅ Proceso de Mora Completado,Proceso automático de mora ejecutado exitosamente en 3157ms,[object Object],database,,,0,2026-06-10 02:00:03,
2748,INFO,✅ Proceso de Mora Completado,Proceso automático de mora ejecutado exitosamente en 3157ms,[object Object],"console,websocket,database",,,0,2026-06-10 02:00:03,
2749,WARNING,🚨 Moras Críticas Detectadas,Se detectaron 280 moras críticas que requieren atención inmediata,[object Object],database,,,0,2026-06-10 04:00:00,
2750,WARNING,🚨 Moras Críticas Detectadas,Se detectaron 280 moras críticas que requieren atención inmediata,[object Object],"console,websocket,database",,,0,2026-06-10 04:00:00,
2751,WARNING,🚨 Moras Críticas Detectadas,Se detectaron 280 moras críticas que requieren atención inmediata,[object Object],database,,,0,2026-06-10 06:00:00,
2752,WARNING,🚨 Moras Críticas Detectadas,Se detectaron 280 moras críticas que requieren atención inmediata,[object Object],"console,websocket,database",,,0,2026-06-10 06:00:00,
2753,WARNING,🚨 Moras Críticas Detectadas,Se detectaron 280 moras críticas que requieren atención inmediata,[object Object],database,,,0,2026-06-10 08:00:00,
2754,WARNING,🚨 Moras Críticas Detectadas,Se detectaron 280 moras críticas que requieren atención inmediata,[object Object],"console,websocket,database",,,0,2026-06-10 08:00:00,
2755,WARNING,🚨 Moras Críticas Detectadas,Se detectaron 280 moras críticas que requieren atención inmediata,[object Object],database,,,0,2026-06-10 10:00:00,
2756,WARNING,🚨 Moras Críticas Detectadas,Se detectaron 280 moras críticas que requieren atención inmediata,[object Object],"console,websocket,database",,,0,2026-06-10 10:00:00,
2757,WARNING,🚨 Moras Críticas Detectadas,Se detectaron 280 moras críticas que requieren atención inmediata,[object Object],database,,,0,2026-06-10 12:00:00,
2758,WARNING,🚨 Moras Críticas Detectadas,Se detectaron 280 moras críticas que requieren atención inmediata,[object Object],"console,websocket,database",,,0,2026-06-10 12:00:00,
2759,WARNING,🚨 Moras Críticas Detectadas,Se detectaron 280 moras críticas que requieren atención inmediata,[object Object],database,,,0,2026-06-10 14:00:00,
2760,WARNING,🚨 Moras Críticas Detectadas,Se detectaron 280 moras críticas que requieren atención inmediata,[object Object],"console,websocket,database",,,0,2026-06-10 14:00:00,
2761,INFO,📊 Resumen Diario de Cartera,Vigente: 423 préstamos | Vencida: 186 préstamos,[object Object],database,,,0,2026-06-10 15:00:00,
2762,INFO,📊 Resumen Diario de Cartera,Vigente: 423 préstamos | Vencida: 186 préstamos,[object Object],"console,websocket,database",,,0,2026-06-10 15:00:00,
2763,WARNING,🚨 Moras Críticas Detectadas,Se detectaron 280 moras críticas que requieren atención inmediata,[object Object],database,,,0,2026-06-10 16:00:00,
2764,WARNING,🚨 Moras Críticas Detectadas,Se detectaron 280 moras críticas que requieren atención inmediata,[object Object],"console,websocket,database",,,0,2026-06-10 16:00:00,
2765,INFO,📊 Resumen Diario de Cartera,Vigente: 423 préstamos | Vencida: 186 préstamos,[object Object],database,,,0,2026-06-10 16:00:00,
2766,INFO,📊 Resumen Diario de Cartera,Vigente: 423 préstamos | Vencida: 186 préstamos,[object Object],"console,websocket,database",,,0,2026-06-10 16:00:00,
2767,INFO,📊 Resumen Diario de Cartera,Vigente: 423 préstamos | Vencida: 186 préstamos,[object Object],database,,,0,2026-06-10 17:00:00,
2768,INFO,📊 Resumen Diario de Cartera,Vigente: 423 préstamos | Vencida: 186 préstamos,[object Object],"console,websocket,database",,,0,2026-06-10 17:00:00,
2769,WARNING,🚨 Moras Críticas Detectadas,Se detectaron 280 moras críticas que requieren atención inmediata,[object Object],database,,,0,2026-06-10 18:00:00,
2770,WARNING,🚨 Moras Críticas Detectadas,Se detectaron 280 moras críticas que requieren atención inmediata,[object Object],"console,websocket,database",,,0,2026-06-10 18:00:00,
2771,INFO,📊 Resumen Diario de Cartera,Vigente: 423 préstamos | Vencida: 186 préstamos,[object Object],database,,,0,2026-06-10 18:00:00,
2772,INFO,📊 Resumen Diario de Cartera,Vigente: 423 préstamos | Vencida: 186 préstamos,[object Object],"console,websocket,database",,,0,2026-06-10 18:00:00,
2773,INFO,📊 Resumen Diario de Cartera,Vigente: 423 préstamos | Vencida: 186 préstamos,[object Object],database,,,0,2026-06-10 19:00:00,
2774,INFO,📊 Resumen Diario de Cartera,Vigente: 423 préstamos | Vencida: 186 préstamos,[object Object],"console,websocket,database",,,0,2026-06-10 19:00:00,
2775,WARNING,🚨 Moras Críticas Detectadas,Se detectaron 280 moras críticas que requieren atención inmediata,[object Object],database,,,0,2026-06-10 20:00:00,
2776,WARNING,🚨 Moras Críticas Detectadas,Se detectaron 280 moras críticas que requieren atención inmediata,[object Object],"console,websocket,database",,,0,2026-06-10 20:00:00,
2777,INFO,📊 Resumen Diario de Cartera,Vigente: 427 préstamos | Vencida: 185 préstamos,[object Object],database,,,0,2026-06-10 20:00:00,
2778,INFO,📊 Resumen Diario de Cartera,Vigente: 427 préstamos | Vencida: 185 préstamos,[object Object],"console,websocket,database",,,0,2026-06-10 20:00:00,
2779,INFO,📊 Resumen Diario de Cartera,Vigente: 428 préstamos | Vencida: 185 préstamos,[object Object],database,,,0,2026-06-10 21:00:00,
2780,INFO,📊 Resumen Diario de Cartera,Vigente: 428 préstamos | Vencida: 185 préstamos,[object Object],"console,websocket,database",,,0,2026-06-10 21:00:00,
2781,WARNING,🚨 Moras Críticas Detectadas,Se detectaron 280 moras críticas que requieren atención inmediata,[object Object],database,,,0,2026-06-10 22:00:00,
2782,WARNING,🚨 Moras Críticas Detectadas,Se detectaron 280 moras críticas que requieren atención inmediata,[object Object],"console,websocket,database",,,0,2026-06-10 22:00:00,
2783,INFO,📊 Resumen Diario de Cartera,Vigente: 428 préstamos | Vencida: 185 préstamos,[object Object],database,,,0,2026-06-10 22:00:00,
2784,INFO,📊 Resumen Diario de Cartera,Vigente: 428 préstamos | Vencida: 185 préstamos,[object Object],"console,websocket,database",,,0,2026-06-10 22:00:00,
2785,INFO,📊 Resumen Diario de Cartera,Vigente: 429 préstamos | Vencida: 185 préstamos,[object Object],database,,,0,2026-06-10 23:00:00,
2786,INFO,📊 Resumen Diario de Cartera,Vigente: 429 préstamos | Vencida: 185 préstamos,[object Object],"console,websocket,database",,,0,2026-06-10 23:00:00,
2787,WARNING,🚨 Moras Críticas Detectadas,Se detectaron 280 moras críticas que requieren atención inmediata,[object Object],database,,,0,2026-06-11 00:00:00,
2788,WARNING,🚨 Moras Críticas Detectadas,Se detectaron 280 moras críticas que requieren atención inmediata,[object Object],"console,websocket,database",,,0,2026-06-11 00:00:00,
2789,INFO,📊 Resumen Diario de Cartera,Vigente: 427 préstamos | Vencida: 187 préstamos,[object Object],database,,,0,2026-06-11 00:00:00,
2790,INFO,📊 Resumen Diario de Cartera,Vigente: 427 préstamos | Vencida: 187 préstamos,[object Object],"console,websocket,database",,,0,2026-06-11 00:00:00,
2791,INFO,📊 Resumen Diario de Cartera,Vigente: 427 préstamos | Vencida: 187 préstamos,[object Object],database,,,0,2026-06-11 01:00:00,
2792,INFO,📊 Resumen Diario de Cartera,Vigente: 427 préstamos | Vencida: 187 préstamos,[object Object],"console,websocket,database",,,0,2026-06-11 01:00:00,
2793,WARNING,🚨 Moras Críticas Detectadas,Se detectaron 280 moras críticas que requieren atención inmediata,[object Object],database,,,0,2026-06-11 02:00:00,
2794,WARNING,🚨 Moras Críticas Detectadas,Se detectaron 280 moras críticas que requieren atención inmediata,[object Object],"console,websocket,database",,,0,2026-06-11 02:00:00,
2795,INFO,✅ Proceso de Mora Completado,Proceso automático de mora ejecutado exitosamente en 3170ms,[object Object],database,,,0,2026-06-11 02:00:03,
2796,INFO,✅ Proceso de Mora Completado,Proceso automático de mora ejecutado exitosamente en 3170ms,[object Object],"console,websocket,database",,,0,2026-06-11 02:00:03,
2797,WARNING,🚨 Moras Críticas Detectadas,Se detectaron 280 moras críticas que requieren atención inmediata,[object Object],database,,,0,2026-06-11 04:00:00,
2798,WARNING,🚨 Moras Críticas Detectadas,Se detectaron 280 moras críticas que requieren atención inmediata,[object Object],"console,websocket,database",,,0,2026-06-11 04:00:00,
2799,WARNING,🚨 Moras Críticas Detectadas,Se detectaron 280 moras críticas que requieren atención inmediata,[object Object],database,,,0,2026-06-11 06:00:00,
2800,WARNING,🚨 Moras Críticas Detectadas,Se detectaron 280 moras críticas que requieren atención inmediata,[object Object],"console,websocket,database",,,0,2026-06-11 06:00:00,
2801,WARNING,🚨 Moras Críticas Detectadas,Se detectaron 280 moras críticas que requieren atención inmediata,[object Object],database,,,0,2026-06-11 08:00:00,
2802,WARNING,🚨 Moras Críticas Detectadas,Se detectaron 280 moras críticas que requieren atención inmediata,[object Object],"console,websocket,database",,,0,2026-06-11 08:00:00,
2803,WARNING,🚨 Moras Críticas Detectadas,Se detectaron 280 moras críticas que requieren atención inmediata,[object Object],database,,,0,2026-06-11 10:00:00,
2804,WARNING,🚨 Moras Críticas Detectadas,Se detectaron 280 moras críticas que requieren atención inmediata,[object Object],"console,websocket,database",,,0,2026-06-11 10:00:00,
2805,WARNING,🚨 Moras Críticas Detectadas,Se detectaron 280 moras críticas que requieren atención inmediata,[object Object],database,,,0,2026-06-11 12:00:00,
2806,WARNING,🚨 Moras Críticas Detectadas,Se detectaron 280 moras críticas que requieren atención inmediata,[object Object],"console,websocket,database",,,0,2026-06-11 12:00:00,
2807,WARNING,🚨 Moras Críticas Detectadas,Se detectaron 280 moras críticas que requieren atención inmediata,[object Object],database,,,0,2026-06-11 14:00:00,
2808,WARNING,🚨 Moras Críticas Detectadas,Se detectaron 280 moras críticas que requieren atención inmediata,[object Object],"console,websocket,database",,,0,2026-06-11 14:00:00,
2809,INFO,📊 Resumen Diario de Cartera,Vigente: 431 préstamos | Vencida: 185 préstamos,[object Object],database,,,0,2026-06-11 15:00:00,
2810,INFO,📊 Resumen Diario de Cartera,Vigente: 431 préstamos | Vencida: 185 préstamos,[object Object],"console,websocket,database",,,0,2026-06-11 15:00:00,
2811,WARNING,🚨 Moras Críticas Detectadas,Se detectaron 278 moras críticas que requieren atención inmediata,[object Object],database,,,0,2026-06-11 16:00:00,
2812,WARNING,🚨 Moras Críticas Detectadas,Se detectaron 278 moras críticas que requieren atención inmediata,[object Object],"console,websocket,database",,,0,2026-06-11 16:00:00,
2813,INFO,📊 Resumen Diario de Cartera,Vigente: 431 préstamos | Vencida: 185 préstamos,[object Object],database,,,0,2026-06-11 16:00:00,
2814,INFO,📊 Resumen Diario de Cartera,Vigente: 431 préstamos | Vencida: 185 préstamos,[object Object],"console,websocket,database",,,0,2026-06-11 16:00:00,
2815,INFO,📊 Resumen Diario de Cartera,Vigente: 431 préstamos | Vencida: 185 préstamos,[object Object],database,,,0,2026-06-11 17:00:00,
2816,INFO,📊 Resumen Diario de Cartera,Vigente: 431 préstamos | Vencida: 185 préstamos,[object Object],"console,websocket,database",,,0,2026-06-11 17:00:00,
2817,WARNING,🚨 Moras Críticas Detectadas,Se detectaron 278 moras críticas que requieren atención inmediata,[object Object],database,,,0,2026-06-11 18:00:00,
2818,WARNING,🚨 Moras Críticas Detectadas,Se detectaron 278 moras críticas que requieren atención inmediata,[object Object],"console,websocket,database",,,0,2026-06-11 18:00:00,
2819,INFO,📊 Resumen Diario de Cartera,Vigente: 429 préstamos | Vencida: 185 préstamos,[object Object],database,,,0,2026-06-11 18:00:00,
2820,INFO,📊 Resumen Diario de Cartera,Vigente: 429 préstamos | Vencida: 185 préstamos,[object Object],"console,websocket,database",,,0,2026-06-11 18:00:00,
2821,INFO,📊 Resumen Diario de Cartera,Vigente: 433 préstamos | Vencida: 183 préstamos,[object Object],database,,,0,2026-06-11 19:00:00,
2822,INFO,📊 Resumen Diario de Cartera,Vigente: 433 préstamos | Vencida: 183 préstamos,[object Object],"console,websocket,database",,,0,2026-06-11 19:00:00,
2823,WARNING,🚨 Moras Críticas Detectadas,Se detectaron 276 moras críticas que requieren atención inmediata,[object Object],database,,,0,2026-06-11 20:00:00,
2824,WARNING,🚨 Moras Críticas Detectadas,Se detectaron 276 moras críticas que requieren atención inmediata,[object Object],"console,websocket,database",,,0,2026-06-11 20:00:00,
2825,INFO,📊 Resumen Diario de Cartera,Vigente: 433 préstamos | Vencida: 183 préstamos,[object Object],database,,,0,2026-06-11 20:00:00,
2826,INFO,📊 Resumen Diario de Cartera,Vigente: 433 préstamos | Vencida: 183 préstamos,[object Object],"console,websocket,database",,,0,2026-06-11 20:00:00,
2827,INFO,📊 Resumen Diario de Cartera,Vigente: 433 préstamos | Vencida: 183 préstamos,[object Object],database,,,0,2026-06-11 21:00:00,
2828,INFO,📊 Resumen Diario de Cartera,Vigente: 433 préstamos | Vencida: 183 préstamos,[object Object],"console,websocket,database",,,0,2026-06-11 21:00:00,
2829,WARNING,🚨 Moras Críticas Detectadas,Se detectaron 276 moras críticas que requieren atención inmediata,[object Object],database,,,0,2026-06-11 22:00:00,
2830,WARNING,🚨 Moras Críticas Detectadas,Se detectaron 276 moras críticas que requieren atención inmediata,[object Object],"console,websocket,database",,,0,2026-06-11 22:00:00,
2831,INFO,📊 Resumen Diario de Cartera,Vigente: 433 préstamos | Vencida: 183 préstamos,[object Object],database,,,0,2026-06-11 22:00:00,
2832,INFO,📊 Resumen Diario de Cartera,Vigente: 433 préstamos | Vencida: 183 préstamos,[object Object],"console,websocket,database",,,0,2026-06-11 22:00:00,
2833,INFO,📊 Resumen Diario de Cartera,Vigente: 433 préstamos | Vencida: 183 préstamos,[object Object],database,,,0,2026-06-11 23:00:00,
2834,INFO,📊 Resumen Diario de Cartera,Vigente: 433 préstamos | Vencida: 183 préstamos,[object Object],"console,websocket,database",,,0,2026-06-11 23:00:00,
2835,WARNING,🚨 Moras Críticas Detectadas,Se detectaron 276 moras críticas que requieren atención inmediata,[object Object],database,,,0,2026-06-12 00:00:00,
2836,WARNING,🚨 Moras Críticas Detectadas,Se detectaron 276 moras críticas que requieren atención inmediata,[object Object],"console,websocket,database",,,0,2026-06-12 00:00:00,
2837,INFO,📊 Resumen Diario de Cartera,Vigente: 431 préstamos | Vencida: 185 préstamos,[object Object],database,,,0,2026-06-12 00:00:00,
2838,INFO,📊 Resumen Diario de Cartera,Vigente: 431 préstamos | Vencida: 185 préstamos,[object Object],"console,websocket,database",,,0,2026-06-12 00:00:00,
2839,INFO,📊 Resumen Diario de Cartera,Vigente: 431 préstamos | Vencida: 185 préstamos,[object Object],database,,,0,2026-06-12 01:00:00,
2840,INFO,📊 Resumen Diario de Cartera,Vigente: 431 préstamos | Vencida: 185 préstamos,[object Object],"console,websocket,database",,,0,2026-06-12 01:00:00,
2841,WARNING,🚨 Moras Críticas Detectadas,Se detectaron 276 moras críticas que requieren atención inmediata,[object Object],database,,,0,2026-06-12 02:00:00,
2842,WARNING,🚨 Moras Críticas Detectadas,Se detectaron 276 moras críticas que requieren atención inmediata,[object Object],"console,websocket,database",,,0,2026-06-12 02:00:00,
2843,INFO,✅ Proceso de Mora Completado,Proceso automático de mora ejecutado exitosamente en 3423ms,[object Object],database,,,0,2026-06-12 02:00:03,
2844,INFO,✅ Proceso de Mora Completado,Proceso automático de mora ejecutado exitosamente en 3423ms,[object Object],"console,websocket,database",,,0,2026-06-12 02:00:03,
2845,WARNING,🚨 Moras Críticas Detectadas,Se detectaron 278 moras críticas que requieren atención inmediata,[object Object],database,,,0,2026-06-12 04:00:00,
2846,WARNING,🚨 Moras Críticas Detectadas,Se detectaron 278 moras críticas que requieren atención inmediata,[object Object],"console,websocket,database",,,0,2026-06-12 04:00:00,
2847,WARNING,🚨 Moras Críticas Detectadas,Se detectaron 278 moras críticas que requieren atención inmediata,[object Object],database,,,0,2026-06-12 06:00:00,
2848,WARNING,🚨 Moras Críticas Detectadas,Se detectaron 278 moras críticas que requieren atención inmediata,[object Object],"console,websocket,database",,,0,2026-06-12 06:00:00,
2849,WARNING,🚨 Moras Críticas Detectadas,Se detectaron 278 moras críticas que requieren atención inmediata,[object Object],database,,,0,2026-06-12 08:00:00,
2850,WARNING,🚨 Moras Críticas Detectadas,Se detectaron 278 moras críticas que requieren atención inmediata,[object Object],"console,websocket,database",,,0,2026-06-12 08:00:00,
2851,WARNING,🚨 Moras Críticas Detectadas,Se detectaron 278 moras críticas que requieren atención inmediata,[object Object],database,,,0,2026-06-12 10:00:00,
2852,WARNING,🚨 Moras Críticas Detectadas,Se detectaron 278 moras críticas que requieren atención inmediata,[object Object],"console,websocket,database",,,0,2026-06-12 10:00:00,
2853,WARNING,🚨 Moras Críticas Detectadas,Se detectaron 278 moras críticas que requieren atención inmediata,[object Object],database,,,0,2026-06-12 12:00:00,
2854,WARNING,🚨 Moras Críticas Detectadas,Se detectaron 278 moras críticas que requieren atención inmediata,[object Object],"console,websocket,database",,,0,2026-06-12 12:00:00,
2855,INFO,📊 Resumen Diario de Cartera,Vigente: 431 préstamos | Vencida: 185 préstamos,[object Object],database,,,0,2026-06-12 13:36:15,
2856,INFO,📊 Resumen Diario de Cartera,Vigente: 431 préstamos | Vencida: 185 préstamos,[object Object],"console,websocket,database",,,0,2026-06-12 13:36:15,
2857,INFO,✅ Proceso de Mora Completado,Proceso automático de mora ejecutado exitosamente en 681ms,[object Object],database,,,0,2026-06-12 13:36:16,
2858,INFO,✅ Proceso de Mora Completado,Proceso automático de mora ejecutado exitosamente en 681ms,[object Object],"console,websocket,database",,,0,2026-06-12 13:36:16,
2859,INFO,📊 Resumen Diario de Cartera,Vigente: 431 préstamos | Vencida: 185 préstamos,[object Object],database,,,0,2026-06-12 13:41:12,
2860,INFO,📊 Resumen Diario de Cartera,Vigente: 431 préstamos | Vencida: 185 préstamos,[object Object],"console,websocket,database",,,0,2026-06-12 13:41:12,
2861,INFO,✅ Proceso de Mora Completado,Proceso automático de mora ejecutado exitosamente en 1881ms,[object Object],database,,,0,2026-06-12 13:41:14,
2862,INFO,✅ Proceso de Mora Completado,Proceso automático de mora ejecutado exitosamente en 1881ms,[object Object],"console,websocket,database",,,0,2026-06-12 13:41:14,
2863,WARNING,🚨 Moras Críticas Detectadas,Se detectaron 278 moras críticas que requieren atención inmediata,[object Object],database,,,0,2026-06-12 14:00:00,
2864,WARNING,🚨 Moras Críticas Detectadas,Se detectaron 278 moras críticas que requieren atención inmediata,[object Object],"console,websocket,database",,,0,2026-06-12 14:00:00,
2865,INFO,📊 Resumen Diario de Cartera,Vigente: 431 préstamos | Vencida: 185 préstamos,[object Object],database,,,0,2026-06-12 15:00:00,
2866,INFO,📊 Resumen Diario de Cartera,Vigente: 431 préstamos | Vencida: 185 préstamos,[object Object],"console,websocket,database",,,0,2026-06-12 15:00:00,
2867,WARNING,🚨 Moras Críticas Detectadas,Se detectaron 278 moras críticas que requieren atención inmediata,[object Object],database,,,0,2026-06-12 16:00:00,
2868,WARNING,🚨 Moras Críticas Detectadas,Se detectaron 278 moras críticas que requieren atención inmediata,[object Object],"console,websocket,database",,,0,2026-06-12 16:00:00,
2869,INFO,📊 Resumen Diario de Cartera,Vigente: 431 préstamos | Vencida: 185 préstamos,[object Object],database,,,0,2026-06-12 16:00:00,
2870,INFO,📊 Resumen Diario de Cartera,Vigente: 431 préstamos | Vencida: 185 préstamos,[object Object],"console,websocket,database",,,0,2026-06-12 16:00:00,
2871,INFO,📊 Resumen Diario de Cartera,Vigente: 431 préstamos | Vencida: 185 préstamos,[object Object],database,,,0,2026-06-12 17:00:00,
2872,INFO,📊 Resumen Diario de Cartera,Vigente: 431 préstamos | Vencida: 185 préstamos,[object Object],"console,websocket,database",,,0,2026-06-12 17:00:00,
2873,WARNING,🚨 Moras Críticas Detectadas,Se detectaron 278 moras críticas que requieren atención inmediata,[object Object],database,,,0,2026-06-12 18:00:00,
2874,WARNING,🚨 Moras Críticas Detectadas,Se detectaron 278 moras críticas que requieren atención inmediata,[object Object],"console,websocket,database",,,0,2026-06-12 18:00:00,
2875,INFO,📊 Resumen Diario de Cartera,Vigente: 431 préstamos | Vencida: 185 préstamos,[object Object],database,,,0,2026-06-12 18:00:00,
2876,INFO,📊 Resumen Diario de Cartera,Vigente: 431 préstamos | Vencida: 185 préstamos,[object Object],"console,websocket,database",,,0,2026-06-12 18:00:00,
2877,INFO,📊 Resumen Diario de Cartera,Vigente: 430 préstamos | Vencida: 185 préstamos,[object Object],database,,,0,2026-06-12 19:00:00,
2878,INFO,📊 Resumen Diario de Cartera,Vigente: 430 préstamos | Vencida: 185 préstamos,[object Object],"console,websocket,database",,,0,2026-06-12 19:00:00,
2879,WARNING,🚨 Moras Críticas Detectadas,Se detectaron 278 moras críticas que requieren atención inmediata,[object Object],database,,,0,2026-06-12 20:00:00,
2880,WARNING,🚨 Moras Críticas Detectadas,Se detectaron 278 moras críticas que requieren atención inmediata,[object Object],"console,websocket,database",,,0,2026-06-12 20:00:00,
2881,INFO,📊 Resumen Diario de Cartera,Vigente: 430 préstamos | Vencida: 185 préstamos,[object Object],database,,,0,2026-06-12 20:00:00,
2882,INFO,📊 Resumen Diario de Cartera,Vigente: 430 préstamos | Vencida: 185 préstamos,[object Object],"console,websocket,database",,,0,2026-06-12 20:00:00,
2883,INFO,📊 Resumen Diario de Cartera,Vigente: 432 préstamos | Vencida: 185 préstamos,[object Object],database,,,0,2026-06-12 21:00:00,
2884,INFO,📊 Resumen Diario de Cartera,Vigente: 432 préstamos | Vencida: 185 préstamos,[object Object],"console,websocket,database",,,0,2026-06-12 21:00:00,
2885,WARNING,🚨 Moras Críticas Detectadas,Se detectaron 278 moras críticas que requieren atención inmediata,[object Object],database,,,0,2026-06-12 22:00:00,
2886,WARNING,🚨 Moras Críticas Detectadas,Se detectaron 278 moras críticas que requieren atención inmediata,[object Object],"console,websocket,database",,,0,2026-06-12 22:00:00,
2887,INFO,📊 Resumen Diario de Cartera,Vigente: 435 préstamos | Vencida: 185 préstamos,[object Object],database,,,0,2026-06-12 22:00:00,
2888,INFO,📊 Resumen Diario de Cartera,Vigente: 435 préstamos | Vencida: 185 préstamos,[object Object],"console,websocket,database",,,0,2026-06-12 22:00:00,
2889,INFO,📊 Resumen Diario de Cartera,Vigente: 435 préstamos | Vencida: 185 préstamos,[object Object],database,,,0,2026-06-12 23:00:00,
2890,INFO,📊 Resumen Diario de Cartera,Vigente: 435 préstamos | Vencida: 185 préstamos,[object Object],"console,websocket,database",,,0,2026-06-12 23:00:00,
2891,WARNING,🚨 Moras Críticas Detectadas,Se detectaron 278 moras críticas que requieren atención inmediata,[object Object],database,,,0,2026-06-13 00:00:00,
2892,WARNING,🚨 Moras Críticas Detectadas,Se detectaron 278 moras críticas que requieren atención inmediata,[object Object],"console,websocket,database",,,0,2026-06-13 00:00:00,
2893,INFO,📊 Resumen Diario de Cartera,Vigente: 432 préstamos | Vencida: 188 préstamos,[object Object],database,,,0,2026-06-13 00:00:00,
2894,INFO,📊 Resumen Diario de Cartera,Vigente: 432 préstamos | Vencida: 188 préstamos,[object Object],"console,websocket,database",,,0,2026-06-13 00:00:00,
2895,INFO,📊 Resumen Diario de Cartera,Vigente: 432 préstamos | Vencida: 188 préstamos,[object Object],database,,,0,2026-06-13 01:00:00,
2896,INFO,📊 Resumen Diario de Cartera,Vigente: 432 préstamos | Vencida: 188 préstamos,[object Object],"console,websocket,database",,,0,2026-06-13 01:00:00,
2897,WARNING,🚨 Moras Críticas Detectadas,Se detectaron 278 moras críticas que requieren atención inmediata,[object Object],database,,,0,2026-06-13 02:00:00,
2898,WARNING,🚨 Moras Críticas Detectadas,Se detectaron 278 moras críticas que requieren atención inmediata,[object Object],"console,websocket,database",,,0,2026-06-13 02:00:00,
2899,INFO,✅ Proceso de Mora Completado,Proceso automático de mora ejecutado exitosamente en 3874ms,[object Object],database,,,0,2026-06-13 02:00:03,
2900,INFO,✅ Proceso de Mora Completado,Proceso automático de mora ejecutado exitosamente en 3874ms,[object Object],"console,websocket,database",,,0,2026-06-13 02:00:03,
2901,WARNING,🚨 Moras Críticas Detectadas,Se detectaron 302 moras críticas que requieren atención inmediata,[object Object],database,,,0,2026-06-13 04:00:00,
2902,WARNING,🚨 Moras Críticas Detectadas,Se detectaron 302 moras críticas que requieren atención inmediata,[object Object],"console,websocket,database",,,0,2026-06-13 04:00:00,
2903,WARNING,🚨 Moras Críticas Detectadas,Se detectaron 302 moras críticas que requieren atención inmediata,[object Object],database,,,0,2026-06-13 06:00:00,
2904,WARNING,🚨 Moras Críticas Detectadas,Se detectaron 302 moras críticas que requieren atención inmediata,[object Object],"console,websocket,database",,,0,2026-06-13 06:00:00,
2905,WARNING,🚨 Moras Críticas Detectadas,Se detectaron 302 moras críticas que requieren atención inmediata,[object Object],database,,,0,2026-06-13 08:00:00,
2906,WARNING,🚨 Moras Críticas Detectadas,Se detectaron 302 moras críticas que requieren atención inmediata,[object Object],"console,websocket,database",,,0,2026-06-13 08:00:00,
2907,WARNING,🚨 Moras Críticas Detectadas,Se detectaron 302 moras críticas que requieren atención inmediata,[object Object],database,,,0,2026-06-13 10:00:00,
2908,WARNING,🚨 Moras Críticas Detectadas,Se detectaron 302 moras críticas que requieren atención inmediata,[object Object],"console,websocket,database",,,0,2026-06-13 10:00:00,
2909,WARNING,🚨 Moras Críticas Detectadas,Se detectaron 302 moras críticas que requieren atención inmediata,[object Object],database,,,0,2026-06-13 12:00:00,
2910,WARNING,🚨 Moras Críticas Detectadas,Se detectaron 302 moras críticas que requieren atención inmediata,[object Object],"console,websocket,database",,,0,2026-06-13 12:00:00,
2911,WARNING,🚨 Moras Críticas Detectadas,Se detectaron 302 moras críticas que requieren atención inmediata,[object Object],database,,,0,2026-06-13 14:00:00,
2912,WARNING,🚨 Moras Críticas Detectadas,Se detectaron 302 moras críticas que requieren atención inmediata,[object Object],"console,websocket,database",,,0,2026-06-13 14:00:00,
2913,INFO,📊 Resumen Diario de Cartera,Vigente: 432 préstamos | Vencida: 188 préstamos,[object Object],database,,,0,2026-06-13 15:00:00,
2914,INFO,📊 Resumen Diario de Cartera,Vigente: 432 préstamos | Vencida: 188 préstamos,[object Object],"console,websocket,database",,,0,2026-06-13 15:00:00,
2915,WARNING,🚨 Moras Críticas Detectadas,Se detectaron 302 moras críticas que requieren atención inmediata,[object Object],database,,,0,2026-06-13 16:00:00,
2916,WARNING,🚨 Moras Críticas Detectadas,Se detectaron 302 moras críticas que requieren atención inmediata,[object Object],"console,websocket,database",,,0,2026-06-13 16:00:00,
2917,INFO,📊 Resumen Diario de Cartera,Vigente: 432 préstamos | Vencida: 188 préstamos,[object Object],database,,,0,2026-06-13 16:00:00,
2918,INFO,📊 Resumen Diario de Cartera,Vigente: 432 préstamos | Vencida: 188 préstamos,[object Object],"console,websocket,database",,,0,2026-06-13 16:00:00,
2919,INFO,📊 Resumen Diario de Cartera,Vigente: 435 préstamos | Vencida: 187 préstamos,[object Object],database,,,0,2026-06-13 17:00:00,
2920,INFO,📊 Resumen Diario de Cartera,Vigente: 435 préstamos | Vencida: 187 préstamos,[object Object],"console,websocket,database",,,0,2026-06-13 17:00:00,
2921,WARNING,🚨 Moras Críticas Detectadas,Se detectaron 302 moras críticas que requieren atención inmediata,[object Object],database,,,0,2026-06-13 18:00:00,
2922,WARNING,🚨 Moras Críticas Detectadas,Se detectaron 302 moras críticas que requieren atención inmediata,[object Object],"console,websocket,database",,,0,2026-06-13 18:00:00,
2923,INFO,📊 Resumen Diario de Cartera,Vigente: 435 préstamos | Vencida: 187 préstamos,[object Object],database,,,0,2026-06-13 18:00:00,
2924,INFO,📊 Resumen Diario de Cartera,Vigente: 435 préstamos | Vencida: 187 préstamos,[object Object],"console,websocket,database",,,0,2026-06-13 18:00:00,
2925,INFO,📊 Resumen Diario de Cartera,Vigente: 435 préstamos | Vencida: 187 préstamos,[object Object],database,,,0,2026-06-13 19:00:00,
2926,INFO,📊 Resumen Diario de Cartera,Vigente: 435 préstamos | Vencida: 187 préstamos,[object Object],"console,websocket,database",,,0,2026-06-13 19:00:00,
2927,WARNING,🚨 Moras Críticas Detectadas,Se detectaron 302 moras críticas que requieren atención inmediata,[object Object],database,,,0,2026-06-13 20:00:00,
2928,WARNING,🚨 Moras Críticas Detectadas,Se detectaron 302 moras críticas que requieren atención inmediata,[object Object],"console,websocket,database",,,0,2026-06-13 20:00:00,
2929,INFO,📊 Resumen Diario de Cartera,Vigente: 435 préstamos | Vencida: 187 préstamos,[object Object],database,,,0,2026-06-13 20:00:00,
2930,INFO,📊 Resumen Diario de Cartera,Vigente: 435 préstamos | Vencida: 187 préstamos,[object Object],"console,websocket,database",,,0,2026-06-13 20:00:00,
2931,INFO,📊 Resumen Diario de Cartera,Vigente: 435 préstamos | Vencida: 187 préstamos,[object Object],database,,,0,2026-06-13 21:00:00,
2932,INFO,📊 Resumen Diario de Cartera,Vigente: 435 préstamos | Vencida: 187 préstamos,[object Object],"console,websocket,database",,,0,2026-06-13 21:00:00,
2933,WARNING,🚨 Moras Críticas Detectadas,Se detectaron 302 moras críticas que requieren atención inmediata,[object Object],database,,,0,2026-06-13 22:00:00,
2934,WARNING,🚨 Moras Críticas Detectadas,Se detectaron 302 moras críticas que requieren atención inmediata,[object Object],"console,websocket,database",,,0,2026-06-13 22:00:00,
2935,INFO,📊 Resumen Diario de Cartera,Vigente: 435 préstamos | Vencida: 187 préstamos,[object Object],database,,,0,2026-06-13 22:00:00,
2936,INFO,📊 Resumen Diario de Cartera,Vigente: 435 préstamos | Vencida: 187 préstamos,[object Object],"console,websocket,database",,,0,2026-06-13 22:00:00,
2937,INFO,📊 Resumen Diario de Cartera,Vigente: 435 préstamos | Vencida: 187 préstamos,[object Object],database,,,0,2026-06-13 23:00:00,
2938,INFO,📊 Resumen Diario de Cartera,Vigente: 435 préstamos | Vencida: 187 préstamos,[object Object],"console,websocket,database",,,0,2026-06-13 23:00:00,
2939,WARNING,🚨 Moras Críticas Detectadas,Se detectaron 302 moras críticas que requieren atención inmediata,[object Object],database,,,0,2026-06-14 00:00:00,
2940,WARNING,🚨 Moras Críticas Detectadas,Se detectaron 302 moras críticas que requieren atención inmediata,[object Object],"console,websocket,database",,,0,2026-06-14 00:00:00,
2941,INFO,📊 Resumen Diario de Cartera,Vigente: 435 préstamos | Vencida: 187 préstamos,[object Object],database,,,0,2026-06-14 00:00:00,
2942,INFO,📊 Resumen Diario de Cartera,Vigente: 435 préstamos | Vencida: 187 préstamos,[object Object],"console,websocket,database",,,0,2026-06-14 00:00:00,
2943,INFO,📊 Resumen Diario de Cartera,Vigente: 435 préstamos | Vencida: 187 préstamos,[object Object],database,,,0,2026-06-14 01:00:00,
2944,INFO,📊 Resumen Diario de Cartera,Vigente: 435 préstamos | Vencida: 187 préstamos,[object Object],"console,websocket,database",,,0,2026-06-14 01:00:00,
2945,WARNING,🚨 Moras Críticas Detectadas,Se detectaron 302 moras críticas que requieren atención inmediata,[object Object],database,,,0,2026-06-14 02:00:00,
2946,WARNING,🚨 Moras Críticas Detectadas,Se detectaron 302 moras críticas que requieren atención inmediata,[object Object],"console,websocket,database",,,0,2026-06-14 02:00:00,
2947,INFO,✅ Proceso de Mora Completado,Proceso automático de mora ejecutado exitosamente en 6628ms,[object Object],database,,,0,2026-06-14 02:00:06,
2948,INFO,✅ Proceso de Mora Completado,Proceso automático de mora ejecutado exitosamente en 6628ms,[object Object],"console,websocket,database",,,0,2026-06-14 02:00:06,
2949,WARNING,🚨 Moras Críticas Detectadas,Se detectaron 322 moras críticas que requieren atención inmediata,[object Object],database,,,0,2026-06-14 04:00:00,
2950,WARNING,🚨 Moras Críticas Detectadas,Se detectaron 322 moras críticas que requieren atención inmediata,[object Object],"console,websocket,database",,,0,2026-06-14 04:00:00,
2951,WARNING,🚨 Moras Críticas Detectadas,Se detectaron 322 moras críticas que requieren atención inmediata,[object Object],database,,,0,2026-06-14 06:00:00,
2952,WARNING,🚨 Moras Críticas Detectadas,Se detectaron 322 moras críticas que requieren atención inmediata,[object Object],"console,websocket,database",,,0,2026-06-14 06:00:00,
2953,WARNING,🚨 Moras Críticas Detectadas,Se detectaron 322 moras críticas que requieren atención inmediata,[object Object],database,,,0,2026-06-14 08:00:00,
2954,WARNING,🚨 Moras Críticas Detectadas,Se detectaron 322 moras críticas que requieren atención inmediata,[object Object],"console,websocket,database",,,0,2026-06-14 08:00:00,
2955,WARNING,🚨 Moras Críticas Detectadas,Se detectaron 322 moras críticas que requieren atención inmediata,[object Object],database,,,0,2026-06-14 10:00:00,
2956,WARNING,🚨 Moras Críticas Detectadas,Se detectaron 322 moras críticas que requieren atención inmediata,[object Object],"console,websocket,database",,,0,2026-06-14 10:00:00,
2957,WARNING,🚨 Moras Críticas Detectadas,Se detectaron 322 moras críticas que requieren atención inmediata,[object Object],database,,,0,2026-06-14 12:00:00,
2958,WARNING,🚨 Moras Críticas Detectadas,Se detectaron 322 moras críticas que requieren atención inmediata,[object Object],"console,websocket,database",,,0,2026-06-14 12:00:00,
2959,WARNING,🚨 Moras Críticas Detectadas,Se detectaron 322 moras críticas que requieren atención inmediata,[object Object],database,,,0,2026-06-14 14:00:00,
2960,WARNING,🚨 Moras Críticas Detectadas,Se detectaron 322 moras críticas que requieren atención inmediata,[object Object],"console,websocket,database",,,0,2026-06-14 14:00:00,
2961,INFO,📊 Resumen Diario de Cartera,Vigente: 435 préstamos | Vencida: 187 préstamos,[object Object],database,,,0,2026-06-14 15:00:00,
2962,INFO,📊 Resumen Diario de Cartera,Vigente: 435 préstamos | Vencida: 187 préstamos,[object Object],"console,websocket,database",,,0,2026-06-14 15:00:00,
2963,WARNING,🚨 Moras Críticas Detectadas,Se detectaron 322 moras críticas que requieren atención inmediata,[object Object],database,,,0,2026-06-14 16:00:00,
2964,WARNING,🚨 Moras Críticas Detectadas,Se detectaron 322 moras críticas que requieren atención inmediata,[object Object],"console,websocket,database",,,0,2026-06-14 16:00:00,
2965,INFO,📊 Resumen Diario de Cartera,Vigente: 435 préstamos | Vencida: 187 préstamos,[object Object],database,,,0,2026-06-14 16:00:00,
2966,INFO,📊 Resumen Diario de Cartera,Vigente: 435 préstamos | Vencida: 187 préstamos,[object Object],"console,websocket,database",,,0,2026-06-14 16:00:00,
2967,INFO,📊 Resumen Diario de Cartera,Vigente: 435 préstamos | Vencida: 187 préstamos,[object Object],database,,,0,2026-06-14 17:00:00,
2968,INFO,📊 Resumen Diario de Cartera,Vigente: 435 préstamos | Vencida: 187 préstamos,[object Object],"console,websocket,database",,,0,2026-06-14 17:00:00,
2969,WARNING,🚨 Moras Críticas Detectadas,Se detectaron 322 moras críticas que requieren atención inmediata,[object Object],database,,,0,2026-06-14 18:00:00,
2970,WARNING,🚨 Moras Críticas Detectadas,Se detectaron 322 moras críticas que requieren atención inmediata,[object Object],"console,websocket,database",,,0,2026-06-14 18:00:00,
2971,INFO,📊 Resumen Diario de Cartera,Vigente: 435 préstamos | Vencida: 187 préstamos,[object Object],database,,,0,2026-06-14 18:00:00,
2972,INFO,📊 Resumen Diario de Cartera,Vigente: 435 préstamos | Vencida: 187 préstamos,[object Object],"console,websocket,database",,,0,2026-06-14 18:00:00,
2973,INFO,📊 Resumen Diario de Cartera,Vigente: 435 préstamos | Vencida: 187 préstamos,[object Object],database,,,0,2026-06-14 19:00:00,
2974,INFO,📊 Resumen Diario de Cartera,Vigente: 435 préstamos | Vencida: 187 préstamos,[object Object],"console,websocket,database",,,0,2026-06-14 19:00:00,
2975,WARNING,🚨 Moras Críticas Detectadas,Se detectaron 322 moras críticas que requieren atención inmediata,[object Object],database,,,0,2026-06-14 20:00:00,
2976,WARNING,🚨 Moras Críticas Detectadas,Se detectaron 322 moras críticas que requieren atención inmediata,[object Object],"console,websocket,database",,,0,2026-06-14 20:00:00,
2977,INFO,📊 Resumen Diario de Cartera,Vigente: 435 préstamos | Vencida: 187 préstamos,[object Object],database,,,0,2026-06-14 20:00:00,
2978,INFO,📊 Resumen Diario de Cartera,Vigente: 435 préstamos | Vencida: 187 préstamos,[object Object],"console,websocket,database",,,0,2026-06-14 20:00:00,
2979,INFO,📊 Resumen Diario de Cartera,Vigente: 435 préstamos | Vencida: 187 préstamos,[object Object],database,,,0,2026-06-14 21:00:00,
2980,INFO,📊 Resumen Diario de Cartera,Vigente: 435 préstamos | Vencida: 187 préstamos,[object Object],"console,websocket,database",,,0,2026-06-14 21:00:00,
2981,WARNING,🚨 Moras Críticas Detectadas,Se detectaron 322 moras críticas que requieren atención inmediata,[object Object],database,,,0,2026-06-14 22:00:00,
2982,WARNING,🚨 Moras Críticas Detectadas,Se detectaron 322 moras críticas que requieren atención inmediata,[object Object],"console,websocket,database",,,0,2026-06-14 22:00:00,
2983,INFO,📊 Resumen Diario de Cartera,Vigente: 435 préstamos | Vencida: 187 préstamos,[object Object],database,,,0,2026-06-14 22:00:00,
2984,INFO,📊 Resumen Diario de Cartera,Vigente: 435 préstamos | Vencida: 187 préstamos,[object Object],"console,websocket,database",,,0,2026-06-14 22:00:00,
2985,INFO,📊 Resumen Diario de Cartera,Vigente: 435 préstamos | Vencida: 187 préstamos,[object Object],database,,,0,2026-06-14 23:00:00,
2986,INFO,📊 Resumen Diario de Cartera,Vigente: 435 préstamos | Vencida: 187 préstamos,[object Object],"console,websocket,database",,,0,2026-06-14 23:00:00,
2987,WARNING,🚨 Moras Críticas Detectadas,Se detectaron 322 moras críticas que requieren atención inmediata,[object Object],database,,,0,2026-06-15 00:00:00,
2988,WARNING,🚨 Moras Críticas Detectadas,Se detectaron 322 moras críticas que requieren atención inmediata,[object Object],"console,websocket,database",,,0,2026-06-15 00:00:00,
2989,INFO,📊 Resumen Diario de Cartera,Vigente: 435 préstamos | Vencida: 187 préstamos,[object Object],database,,,0,2026-06-15 00:00:00,
2990,INFO,📊 Resumen Diario de Cartera,Vigente: 435 préstamos | Vencida: 187 préstamos,[object Object],"console,websocket,database",,,0,2026-06-15 00:00:00,
2991,INFO,📊 Resumen Diario de Cartera,Vigente: 435 préstamos | Vencida: 187 préstamos,[object Object],database,,,0,2026-06-15 01:00:00,
2992,INFO,📊 Resumen Diario de Cartera,Vigente: 435 préstamos | Vencida: 187 préstamos,[object Object],"console,websocket,database",,,0,2026-06-15 01:00:00,
2993,WARNING,🚨 Moras Críticas Detectadas,Se detectaron 322 moras críticas que requieren atención inmediata,[object Object],database,,,0,2026-06-15 02:00:00,
2994,WARNING,🚨 Moras Críticas Detectadas,Se detectaron 322 moras críticas que requieren atención inmediata,[object Object],"console,websocket,database",,,0,2026-06-15 02:00:00,
2995,INFO,✅ Proceso de Mora Completado,Proceso automático de mora ejecutado exitosamente en 5761ms,[object Object],database,,,0,2026-06-15 02:00:05,
2996,INFO,✅ Proceso de Mora Completado,Proceso automático de mora ejecutado exitosamente en 5761ms,[object Object],"console,websocket,database",,,0,2026-06-15 02:00:05,
2997,WARNING,🚨 Moras Críticas Detectadas,Se detectaron 388 moras críticas que requieren atención inmediata,[object Object],database,,,0,2026-06-15 04:00:00,
2998,WARNING,🚨 Moras Críticas Detectadas,Se detectaron 388 moras críticas que requieren atención inmediata,[object Object],"console,websocket,database",,,0,2026-06-15 04:00:00,
2999,WARNING,🚨 Moras Críticas Detectadas,Se detectaron 388 moras críticas que requieren atención inmediata,[object Object],database,,,0,2026-06-15 06:00:00,
3000,WARNING,🚨 Moras Críticas Detectadas,Se detectaron 388 moras críticas que requieren atención inmediata,[object Object],"console,websocket,database",,,0,2026-06-15 06:00:00,
3001,WARNING,🚨 Moras Críticas Detectadas,Se detectaron 388 moras críticas que requieren atención inmediata,[object Object],database,,,0,2026-06-15 08:00:00,
3002,WARNING,🚨 Moras Críticas Detectadas,Se detectaron 388 moras críticas que requieren atención inmediata,[object Object],"console,websocket,database",,,0,2026-06-15 08:00:00,
3003,WARNING,🚨 Moras Críticas Detectadas,Se detectaron 388 moras críticas que requieren atención inmediata,[object Object],database,,,0,2026-06-15 10:00:00,
3004,WARNING,🚨 Moras Críticas Detectadas,Se detectaron 388 moras críticas que requieren atención inmediata,[object Object],"console,websocket,database",,,0,2026-06-15 10:00:00,
3005,WARNING,🚨 Moras Críticas Detectadas,Se detectaron 388 moras críticas que requieren atención inmediata,[object Object],database,,,0,2026-06-15 12:00:00,
3006,WARNING,🚨 Moras Críticas Detectadas,Se detectaron 388 moras críticas que requieren atención inmediata,[object Object],"console,websocket,database",,,0,2026-06-15 12:00:00,
3007,WARNING,🚨 Moras Críticas Detectadas,Se detectaron 388 moras críticas que requieren atención inmediata,[object Object],database,,,0,2026-06-15 14:00:00,
3008,WARNING,🚨 Moras Críticas Detectadas,Se detectaron 388 moras críticas que requieren atención inmediata,[object Object],"console,websocket,database",,,0,2026-06-15 14:00:00,
3009,INFO,📊 Resumen Diario de Cartera,Vigente: 435 préstamos | Vencida: 187 préstamos,[object Object],database,,,0,2026-06-15 15:00:00,
3010,INFO,📊 Resumen Diario de Cartera,Vigente: 435 préstamos | Vencida: 187 préstamos,[object Object],"console,websocket,database",,,0,2026-06-15 15:00:00,
3011,WARNING,🚨 Moras Críticas Detectadas,Se detectaron 388 moras críticas que requieren atención inmediata,[object Object],database,,,0,2026-06-15 16:00:00,
3012,WARNING,🚨 Moras Críticas Detectadas,Se detectaron 388 moras críticas que requieren atención inmediata,[object Object],"console,websocket,database",,,0,2026-06-15 16:00:00,
3013,INFO,📊 Resumen Diario de Cartera,Vigente: 435 préstamos | Vencida: 187 préstamos,[object Object],database,,,0,2026-06-15 16:00:00,
3014,INFO,📊 Resumen Diario de Cartera,Vigente: 435 préstamos | Vencida: 187 préstamos,[object Object],"console,websocket,database",,,0,2026-06-15 16:00:00,
3015,INFO,📊 Resumen Diario de Cartera,Vigente: 435 préstamos | Vencida: 187 préstamos,[object Object],database,,,0,2026-06-15 17:00:00,
3016,INFO,📊 Resumen Diario de Cartera,Vigente: 435 préstamos | Vencida: 187 préstamos,[object Object],"console,websocket,database",,,0,2026-06-15 17:00:00,
3017,WARNING,🚨 Moras Críticas Detectadas,Se detectaron 388 moras críticas que requieren atención inmediata,[object Object],database,,,0,2026-06-15 18:00:00,
3018,WARNING,🚨 Moras Críticas Detectadas,Se detectaron 388 moras críticas que requieren atención inmediata,[object Object],"console,websocket,database",,,0,2026-06-15 18:00:00,
3019,INFO,📊 Resumen Diario de Cartera,Vigente: 435 préstamos | Vencida: 187 préstamos,[object Object],database,,,0,2026-06-15 18:00:00,
3020,INFO,📊 Resumen Diario de Cartera,Vigente: 435 préstamos | Vencida: 187 préstamos,[object Object],"console,websocket,database",,,0,2026-06-15 18:00:00,
3021,INFO,📊 Resumen Diario de Cartera,Vigente: 437 préstamos | Vencida: 182 préstamos,[object Object],database,,,0,2026-06-15 19:00:00,
3022,INFO,📊 Resumen Diario de Cartera,Vigente: 437 préstamos | Vencida: 182 préstamos,[object Object],"console,websocket,database",,,0,2026-06-15 19:00:00,
3023,WARNING,🚨 Moras Críticas Detectadas,Se detectaron 366 moras críticas que requieren atención inmediata,[object Object],database,,,0,2026-06-15 20:00:00,
3024,WARNING,🚨 Moras Críticas Detectadas,Se detectaron 366 moras críticas que requieren atención inmediata,[object Object],"console,websocket,database",,,0,2026-06-15 20:00:00,
3025,INFO,📊 Resumen Diario de Cartera,Vigente: 458 préstamos | Vencida: 161 préstamos,[object Object],database,,,0,2026-06-15 20:00:00,
3026,INFO,📊 Resumen Diario de Cartera,Vigente: 458 préstamos | Vencida: 161 préstamos,[object Object],"console,websocket,database",,,0,2026-06-15 20:00:00,
3027,INFO,📊 Resumen Diario de Cartera,Vigente: 458 préstamos | Vencida: 161 préstamos,[object Object],database,,,0,2026-06-15 21:00:00,
3028,INFO,📊 Resumen Diario de Cartera,Vigente: 458 préstamos | Vencida: 161 préstamos,[object Object],"console,websocket,database",,,0,2026-06-15 21:00:00,
3029,WARNING,🚨 Moras Críticas Detectadas,Se detectaron 366 moras críticas que requieren atención inmediata,[object Object],database,,,0,2026-06-15 22:00:00,
3030,WARNING,🚨 Moras Críticas Detectadas,Se detectaron 366 moras críticas que requieren atención inmediata,[object Object],"console,websocket,database",,,0,2026-06-15 22:00:00,
3031,INFO,📊 Resumen Diario de Cartera,Vigente: 458 préstamos | Vencida: 161 préstamos,[object Object],database,,,0,2026-06-15 22:00:00,
3032,INFO,📊 Resumen Diario de Cartera,Vigente: 458 préstamos | Vencida: 161 préstamos,[object Object],"console,websocket,database",,,0,2026-06-15 22:00:00,
3033,INFO,📊 Resumen Diario de Cartera,Vigente: 458 préstamos | Vencida: 161 préstamos,[object Object],database,,,0,2026-06-15 23:00:00,
3034,INFO,📊 Resumen Diario de Cartera,Vigente: 458 préstamos | Vencida: 161 préstamos,[object Object],"console,websocket,database",,,0,2026-06-15 23:00:00,
3035,WARNING,🚨 Moras Críticas Detectadas,Se detectaron 366 moras críticas que requieren atención inmediata,[object Object],database,,,0,2026-06-16 00:00:00,
3036,WARNING,🚨 Moras Críticas Detectadas,Se detectaron 366 moras críticas que requieren atención inmediata,[object Object],"console,websocket,database",,,0,2026-06-16 00:00:00,
3037,INFO,📊 Resumen Diario de Cartera,Vigente: 395 préstamos | Vencida: 224 préstamos,[object Object],database,,,0,2026-06-16 00:00:00,
3038,INFO,📊 Resumen Diario de Cartera,Vigente: 395 préstamos | Vencida: 224 préstamos,[object Object],"console,websocket,database",,,0,2026-06-16 00:00:00,
3039,INFO,📊 Resumen Diario de Cartera,Vigente: 395 préstamos | Vencida: 224 préstamos,[object Object],database,,,0,2026-06-16 01:00:00,
3040,INFO,📊 Resumen Diario de Cartera,Vigente: 395 préstamos | Vencida: 224 préstamos,[object Object],"console,websocket,database",,,0,2026-06-16 01:00:00,
3041,INFO,📊 Resumen Diario de Cartera,Vigente: 395 préstamos | Vencida: 224 préstamos,[object Object],database,,,0,2026-06-16 02:44:55,
3042,INFO,📊 Resumen Diario de Cartera,Vigente: 395 préstamos | Vencida: 224 préstamos,[object Object],"console,websocket,database",,,0,2026-06-16 02:44:55,
3043,INFO,✅ Proceso de Mora Completado,Proceso automático de mora ejecutado exitosamente en 4397ms,[object Object],database,,,0,2026-06-16 02:44:59,
3044,INFO,✅ Proceso de Mora Completado,Proceso automático de mora ejecutado exitosamente en 4397ms,[object Object],"console,websocket,database",,,0,2026-06-16 02:44:59,
3045,WARNING,🚨 Moras Críticas Detectadas,Se detectaron 372 moras críticas que requieren atención inmediata,[object Object],database,,,0,2026-06-16 04:00:00,
3046,WARNING,🚨 Moras Críticas Detectadas,Se detectaron 372 moras críticas que requieren atención inmediata,[object Object],"console,websocket,database",,,0,2026-06-16 04:00:00,
3047,WARNING,🚨 Moras Críticas Detectadas,Se detectaron 372 moras críticas que requieren atención inmediata,[object Object],database,,,0,2026-06-16 06:00:00,
3048,WARNING,🚨 Moras Críticas Detectadas,Se detectaron 372 moras críticas que requieren atención inmediata,[object Object],"console,websocket,database",,,0,2026-06-16 06:00:00,
3049,INFO,📊 Resumen Diario de Cartera,Vigente: 395 préstamos | Vencida: 224 préstamos,[object Object],database,,,0,2026-06-16 06:07:07,
3050,INFO,📊 Resumen Diario de Cartera,Vigente: 395 préstamos | Vencida: 224 préstamos,[object Object],"console,websocket,database",,,0,2026-06-16 06:07:07,
3051,INFO,✅ Proceso de Mora Completado,Proceso automático de mora ejecutado exitosamente en 1036ms,[object Object],database,,,0,2026-06-16 06:07:08,
3052,INFO,✅ Proceso de Mora Completado,Proceso automático de mora ejecutado exitosamente en 1036ms,[object Object],"console,websocket,database",,,0,2026-06-16 06:07:08,
3053,INFO,📊 Resumen Diario de Cartera,Vigente: 395 préstamos | Vencida: 224 préstamos,[object Object],database,,,0,2026-06-16 06:31:25,
3054,INFO,📊 Resumen Diario de Cartera,Vigente: 395 préstamos | Vencida: 224 préstamos,[object Object],"console,websocket,database",,,0,2026-06-16 06:31:25,
3055,INFO,✅ Proceso de Mora Completado,Proceso automático de mora ejecutado exitosamente en 1917ms,[object Object],database,,,0,2026-06-16 06:31:27,
3056,INFO,✅ Proceso de Mora Completado,Proceso automático de mora ejecutado exitosamente en 1917ms,[object Object],"console,websocket,database",,,0,2026-06-16 06:31:27,
3057,WARNING,🚨 Moras Críticas Detectadas,Se detectaron 372 moras críticas que requieren atención inmediata,[object Object],database,,,0,2026-06-16 08:00:00,
3058,WARNING,🚨 Moras Críticas Detectadas,Se detectaron 372 moras críticas que requieren atención inmediata,[object Object],"console,websocket,database",,,0,2026-06-16 08:00:00,
3059,WARNING,🚨 Moras Críticas Detectadas,Se detectaron 372 moras críticas que requieren atención inmediata,[object Object],database,,,0,2026-06-16 10:00:00,
3060,WARNING,🚨 Moras Críticas Detectadas,Se detectaron 372 moras críticas que requieren atención inmediata,[object Object],"console,websocket,database",,,0,2026-06-16 10:00:00,
3061,WARNING,🚨 Moras Críticas Detectadas,Se detectaron 372 moras críticas que requieren atención inmediata,[object Object],database,,,0,2026-06-16 12:00:00,
3062,WARNING,🚨 Moras Críticas Detectadas,Se detectaron 372 moras críticas que requieren atención inmediata,[object Object],"console,websocket,database",,,0,2026-06-16 12:00:00,
3063,WARNING,🚨 Moras Críticas Detectadas,Se detectaron 372 moras críticas que requieren atención inmediata,[object Object],database,,,0,2026-06-16 14:00:00,
3064,WARNING,🚨 Moras Críticas Detectadas,Se detectaron 372 moras críticas que requieren atención inmediata,[object Object],"console,websocket,database",,,0,2026-06-16 14:00:00,
3065,INFO,📊 Resumen Diario de Cartera,Vigente: 395 préstamos | Vencida: 224 préstamos,[object Object],database,,,0,2026-06-16 15:00:00,
3066,INFO,📊 Resumen Diario de Cartera,Vigente: 395 préstamos | Vencida: 224 préstamos,[object Object],"console,websocket,database",,,0,2026-06-16 15:00:00,
3067,WARNING,🚨 Moras Críticas Detectadas,Se detectaron 372 moras críticas que requieren atención inmediata,[object Object],database,,,0,2026-06-16 16:00:00,
3068,WARNING,🚨 Moras Críticas Detectadas,Se detectaron 372 moras críticas que requieren atención inmediata,[object Object],"console,websocket,database",,,0,2026-06-16 16:00:00,
3069,INFO,📊 Resumen Diario de Cartera,Vigente: 395 préstamos | Vencida: 224 préstamos,[object Object],database,,,0,2026-06-16 16:00:00,
3070,INFO,📊 Resumen Diario de Cartera,Vigente: 395 préstamos | Vencida: 224 préstamos,[object Object],"console,websocket,database",,,0,2026-06-16 16:00:00,
3071,INFO,📊 Resumen Diario de Cartera,Vigente: 395 préstamos | Vencida: 224 préstamos,[object Object],database,,,0,2026-06-16 17:00:00,
3072,INFO,📊 Resumen Diario de Cartera,Vigente: 395 préstamos | Vencida: 224 préstamos,[object Object],"console,websocket,database",,,0,2026-06-16 17:00:00,
3073,WARNING,🚨 Moras Críticas Detectadas,Se detectaron 372 moras críticas que requieren atención inmediata,[object Object],database,,,0,2026-06-16 18:00:00,
3074,WARNING,🚨 Moras Críticas Detectadas,Se detectaron 372 moras críticas que requieren atención inmediata,[object Object],"console,websocket,database",,,0,2026-06-16 18:00:00,
3075,INFO,📊 Resumen Diario de Cartera,Vigente: 395 préstamos | Vencida: 224 préstamos,[object Object],database,,,0,2026-06-16 18:00:00,
3076,INFO,📊 Resumen Diario de Cartera,Vigente: 395 préstamos | Vencida: 224 préstamos,[object Object],"console,websocket,database",,,0,2026-06-16 18:00:00,
3077,INFO,📊 Resumen Diario de Cartera,Vigente: 395 préstamos | Vencida: 224 préstamos,[object Object],database,,,0,2026-06-16 19:00:00,
3078,INFO,📊 Resumen Diario de Cartera,Vigente: 395 préstamos | Vencida: 224 préstamos,[object Object],"console,websocket,database",,,0,2026-06-16 19:00:00,
3079,WARNING,🚨 Moras Críticas Detectadas,Se detectaron 372 moras críticas que requieren atención inmediata,[object Object],database,,,0,2026-06-16 20:00:00,
3080,WARNING,🚨 Moras Críticas Detectadas,Se detectaron 372 moras críticas que requieren atención inmediata,[object Object],"console,websocket,database",,,0,2026-06-16 20:00:00,
3081,INFO,📊 Resumen Diario de Cartera,Vigente: 395 préstamos | Vencida: 224 préstamos,[object Object],database,,,0,2026-06-16 20:00:00,
3082,INFO,📊 Resumen Diario de Cartera,Vigente: 395 préstamos | Vencida: 224 préstamos,[object Object],"console,websocket,database",,,0,2026-06-16 20:00:00,
3083,INFO,📊 Resumen Diario de Cartera,Vigente: 395 préstamos | Vencida: 224 préstamos,[object Object],database,,,0,2026-06-16 21:00:00,
3084,INFO,📊 Resumen Diario de Cartera,Vigente: 395 préstamos | Vencida: 224 préstamos,[object Object],"console,websocket,database",,,0,2026-06-16 21:00:00,
3085,WARNING,🚨 Moras Críticas Detectadas,Se detectaron 372 moras críticas que requieren atención inmediata,[object Object],database,,,0,2026-06-16 22:00:00,
3086,WARNING,🚨 Moras Críticas Detectadas,Se detectaron 372 moras críticas que requieren atención inmediata,[object Object],"console,websocket,database",,,0,2026-06-16 22:00:00,
3087,INFO,📊 Resumen Diario de Cartera,Vigente: 395 préstamos | Vencida: 224 préstamos,[object Object],database,,,0,2026-06-16 22:00:00,
3088,INFO,📊 Resumen Diario de Cartera,Vigente: 395 préstamos | Vencida: 224 préstamos,[object Object],"console,websocket,database",,,0,2026-06-16 22:00:00,
3089,INFO,📊 Resumen Diario de Cartera,Vigente: 395 préstamos | Vencida: 224 préstamos,[object Object],database,,,0,2026-06-16 23:00:00,
3090,INFO,📊 Resumen Diario de Cartera,Vigente: 395 préstamos | Vencida: 224 préstamos,[object Object],"console,websocket,database",,,0,2026-06-16 23:00:00,
3091,WARNING,🚨 Moras Críticas Detectadas,Se detectaron 372 moras críticas que requieren atención inmediata,[object Object],database,,,0,2026-06-17 00:00:00,
3092,WARNING,🚨 Moras Críticas Detectadas,Se detectaron 372 moras críticas que requieren atención inmediata,[object Object],"console,websocket,database",,,0,2026-06-17 00:00:00,
3093,INFO,📊 Resumen Diario de Cartera,Vigente: 319 préstamos | Vencida: 300 préstamos,[object Object],database,,,0,2026-06-17 00:00:00,
3094,INFO,📊 Resumen Diario de Cartera,Vigente: 319 préstamos | Vencida: 300 préstamos,[object Object],"console,websocket,database",,,0,2026-06-17 00:00:00,
3095,INFO,📊 Resumen Diario de Cartera,Vigente: 319 préstamos | Vencida: 300 préstamos,[object Object],database,,,0,2026-06-17 01:00:00,
3096,INFO,📊 Resumen Diario de Cartera,Vigente: 319 préstamos | Vencida: 300 préstamos,[object Object],"console,websocket,database",,,0,2026-06-17 01:00:00,
3097,WARNING,🚨 Moras Críticas Detectadas,Se detectaron 372 moras críticas que requieren atención inmediata,[object Object],database,,,0,2026-06-17 02:00:00,
3098,WARNING,🚨 Moras Críticas Detectadas,Se detectaron 372 moras críticas que requieren atención inmediata,[object Object],"console,websocket,database",,,0,2026-06-17 02:00:00,
3099,INFO,✅ Proceso de Mora Completado,Proceso automático de mora ejecutado exitosamente en 7093ms,[object Object],database,,,0,2026-06-17 02:00:07,
3100,INFO,✅ Proceso de Mora Completado,Proceso automático de mora ejecutado exitosamente en 7093ms,[object Object],"console,websocket,database",,,0,2026-06-17 02:00:07,
3101,WARNING,🚨 Moras Críticas Detectadas,Se detectaron 372 moras críticas que requieren atención inmediata,[object Object],database,,,0,2026-06-17 04:00:00,
3102,WARNING,🚨 Moras Críticas Detectadas,Se detectaron 372 moras críticas que requieren atención inmediata,[object Object],"console,websocket,database",,,0,2026-06-17 04:00:00,
3103,WARNING,🚨 Moras Críticas Detectadas,Se detectaron 372 moras críticas que requieren atención inmediata,[object Object],database,,,0,2026-06-17 06:00:00,
3104,WARNING,🚨 Moras Críticas Detectadas,Se detectaron 372 moras críticas que requieren atención inmediata,[object Object],"console,websocket,database",,,0,2026-06-17 06:00:00,
3105,WARNING,🚨 Moras Críticas Detectadas,Se detectaron 372 moras críticas que requieren atención inmediata,[object Object],database,,,0,2026-06-17 08:00:00,
3106,WARNING,🚨 Moras Críticas Detectadas,Se detectaron 372 moras críticas que requieren atención inmediata,[object Object],"console,websocket,database",,,0,2026-06-17 08:00:00,
3107,WARNING,🚨 Moras Críticas Detectadas,Se detectaron 372 moras críticas que requieren atención inmediata,[object Object],database,,,0,2026-06-17 10:00:00,
3108,WARNING,🚨 Moras Críticas Detectadas,Se detectaron 372 moras críticas que requieren atención inmediata,[object Object],"console,websocket,database",,,0,2026-06-17 10:00:00,
3109,WARNING,🚨 Moras Críticas Detectadas,Se detectaron 372 moras críticas que requieren atención inmediata,[object Object],database,,,0,2026-06-17 12:00:00,
3110,WARNING,🚨 Moras Críticas Detectadas,Se detectaron 372 moras críticas que requieren atención inmediata,[object Object],"console,websocket,database",,,0,2026-06-17 12:00:00,
3111,WARNING,🚨 Moras Críticas Detectadas,Se detectaron 372 moras críticas que requieren atención inmediata,[object Object],database,,,0,2026-06-17 14:00:00,
3112,WARNING,🚨 Moras Críticas Detectadas,Se detectaron 372 moras críticas que requieren atención inmediata,[object Object],"console,websocket,database",,,0,2026-06-17 14:00:00,
3113,INFO,📊 Resumen Diario de Cartera,Vigente: 319 préstamos | Vencida: 300 préstamos,[object Object],database,,,0,2026-06-17 15:00:00,
3114,INFO,📊 Resumen Diario de Cartera,Vigente: 319 préstamos | Vencida: 300 préstamos,[object Object],"console,websocket,database",,,0,2026-06-17 15:00:00,
3115,WARNING,🚨 Moras Críticas Detectadas,Se detectaron 372 moras críticas que requieren atención inmediata,[object Object],database,,,0,2026-06-17 16:00:00,
3116,WARNING,🚨 Moras Críticas Detectadas,Se detectaron 372 moras críticas que requieren atención inmediata,[object Object],"console,websocket,database",,,0,2026-06-17 16:00:00,
3117,INFO,📊 Resumen Diario de Cartera,Vigente: 319 préstamos | Vencida: 300 préstamos,[object Object],database,,,0,2026-06-17 16:00:00,
3118,INFO,📊 Resumen Diario de Cartera,Vigente: 319 préstamos | Vencida: 300 préstamos,[object Object],"console,websocket,database",,,0,2026-06-17 16:00:00,
3119,INFO,📊 Resumen Diario de Cartera,Vigente: 319 préstamos | Vencida: 300 préstamos,[object Object],database,,,0,2026-06-17 17:00:00,
3120,INFO,📊 Resumen Diario de Cartera,Vigente: 319 préstamos | Vencida: 300 préstamos,[object Object],"console,websocket,database",,,0,2026-06-17 17:00:00,
3121,WARNING,🚨 Moras Críticas Detectadas,Se detectaron 372 moras críticas que requieren atención inmediata,[object Object],database,,,0,2026-06-17 18:00:00,
3122,WARNING,🚨 Moras Críticas Detectadas,Se detectaron 372 moras críticas que requieren atención inmediata,[object Object],"console,websocket,database",,,0,2026-06-17 18:00:00,
3123,INFO,📊 Resumen Diario de Cartera,Vigente: 347 préstamos | Vencida: 270 préstamos,[object Object],database,,,0,2026-06-17 18:00:00,
3124,INFO,📊 Resumen Diario de Cartera,Vigente: 347 préstamos | Vencida: 270 préstamos,[object Object],"console,websocket,database",,,0,2026-06-17 18:00:00,
3125,INFO,📊 Resumen Diario de Cartera,Vigente: 347 préstamos | Vencida: 270 préstamos,[object Object],database,,,0,2026-06-17 19:00:00,
3126,INFO,📊 Resumen Diario de Cartera,Vigente: 347 préstamos | Vencida: 270 préstamos,[object Object],"console,websocket,database",,,0,2026-06-17 19:00:00,
3127,WARNING,🚨 Moras Críticas Detectadas,Se detectaron 346 moras críticas que requieren atención inmediata,[object Object],database,,,0,2026-06-17 20:00:00,
3128,WARNING,🚨 Moras Críticas Detectadas,Se detectaron 346 moras críticas que requieren atención inmediata,[object Object],"console,websocket,database",,,0,2026-06-17 20:00:00,
3129,INFO,📊 Resumen Diario de Cartera,Vigente: 364 préstamos | Vencida: 252 préstamos,[object Object],database,,,0,2026-06-17 20:00:00,
3130,INFO,📊 Resumen Diario de Cartera,Vigente: 364 préstamos | Vencida: 252 préstamos,[object Object],"console,websocket,database",,,0,2026-06-17 20:00:00,
3131,INFO,📊 Resumen Diario de Cartera,Vigente: 372 préstamos | Vencida: 242 préstamos,[object Object],database,,,0,2026-06-17 21:00:00,
3132,INFO,📊 Resumen Diario de Cartera,Vigente: 372 préstamos | Vencida: 242 préstamos,[object Object],"console,websocket,database",,,0,2026-06-17 21:00:00,
3133,WARNING,🚨 Moras Críticas Detectadas,Se detectaron 333 moras críticas que requieren atención inmediata,[object Object],database,,,0,2026-06-17 22:00:00,
3134,WARNING,🚨 Moras Críticas Detectadas,Se detectaron 333 moras críticas que requieren atención inmediata,[object Object],"console,websocket,database",,,0,2026-06-17 22:00:00,
3135,INFO,📊 Resumen Diario de Cartera,Vigente: 372 préstamos | Vencida: 242 préstamos,[object Object],database,,,0,2026-06-17 22:00:00,
3136,INFO,📊 Resumen Diario de Cartera,Vigente: 372 préstamos | Vencida: 242 préstamos,[object Object],"console,websocket,database",,,0,2026-06-17 22:00:00,
3137,INFO,📊 Resumen Diario de Cartera,Vigente: 372 préstamos | Vencida: 242 préstamos,[object Object],database,,,0,2026-06-17 23:00:00,
3138,INFO,📊 Resumen Diario de Cartera,Vigente: 372 préstamos | Vencida: 242 préstamos,[object Object],"console,websocket,database",,,0,2026-06-17 23:00:00,
3139,WARNING,🚨 Moras Críticas Detectadas,Se detectaron 333 moras críticas que requieren atención inmediata,[object Object],database,,,0,2026-06-18 00:00:00,
3140,WARNING,🚨 Moras Críticas Detectadas,Se detectaron 333 moras críticas que requieren atención inmediata,[object Object],"console,websocket,database",,,0,2026-06-18 00:00:00,
3141,INFO,📊 Resumen Diario de Cartera,Vigente: 343 préstamos | Vencida: 271 préstamos,[object Object],database,,,0,2026-06-18 00:00:00,
3142,INFO,📊 Resumen Diario de Cartera,Vigente: 343 préstamos | Vencida: 271 préstamos,[object Object],"console,websocket,database",,,0,2026-06-18 00:00:00,
3143,INFO,📊 Resumen Diario de Cartera,Vigente: 343 préstamos | Vencida: 271 préstamos,[object Object],database,,,0,2026-06-18 01:00:00,
3144,INFO,📊 Resumen Diario de Cartera,Vigente: 343 préstamos | Vencida: 271 préstamos,[object Object],"console,websocket,database",,,0,2026-06-18 01:00:00,
3145,WARNING,🚨 Moras Críticas Detectadas,Se detectaron 333 moras críticas que requieren atención inmediata,[object Object],database,,,0,2026-06-18 02:00:00,
3146,WARNING,🚨 Moras Críticas Detectadas,Se detectaron 333 moras críticas que requieren atención inmediata,[object Object],"console,websocket,database",,,0,2026-06-18 02:00:00,
3147,INFO,✅ Proceso de Mora Completado,Proceso automático de mora ejecutado exitosamente en 7137ms,[object Object],database,,,0,2026-06-18 02:00:07,
3148,INFO,✅ Proceso de Mora Completado,Proceso automático de mora ejecutado exitosamente en 7137ms,[object Object],"console,websocket,database",,,0,2026-06-18 02:00:07,
3149,WARNING,🚨 Moras Críticas Detectadas,Se detectaron 334 moras críticas que requieren atención inmediata,[object Object],database,,,0,2026-06-18 04:00:00,
3150,WARNING,🚨 Moras Críticas Detectadas,Se detectaron 334 moras críticas que requieren atención inmediata,[object Object],"console,websocket,database",,,0,2026-06-18 04:00:00,
3151,WARNING,🚨 Moras Críticas Detectadas,Se detectaron 334 moras críticas que requieren atención inmediata,[object Object],database,,,0,2026-06-18 06:00:00,
3152,WARNING,🚨 Moras Críticas Detectadas,Se detectaron 334 moras críticas que requieren atención inmediata,[object Object],"console,websocket,database",,,0,2026-06-18 06:00:00,
3153,WARNING,🚨 Moras Críticas Detectadas,Se detectaron 334 moras críticas que requieren atención inmediata,[object Object],database,,,0,2026-06-18 08:00:00,
3154,WARNING,🚨 Moras Críticas Detectadas,Se detectaron 334 moras críticas que requieren atención inmediata,[object Object],"console,websocket,database",,,0,2026-06-18 08:00:00,
3155,WARNING,🚨 Moras Críticas Detectadas,Se detectaron 334 moras críticas que requieren atención inmediata,[object Object],database,,,0,2026-06-18 10:00:00,
3156,WARNING,🚨 Moras Críticas Detectadas,Se detectaron 334 moras críticas que requieren atención inmediata,[object Object],"console,websocket,database",,,0,2026-06-18 10:00:00,
3157,WARNING,🚨 Moras Críticas Detectadas,Se detectaron 334 moras críticas que requieren atención inmediata,[object Object],database,,,0,2026-06-18 12:00:00,
3158,WARNING,🚨 Moras Críticas Detectadas,Se detectaron 334 moras críticas que requieren atención inmediata,[object Object],"console,websocket,database",,,0,2026-06-18 12:00:00,
3159,WARNING,🚨 Moras Críticas Detectadas,Se detectaron 334 moras críticas que requieren atención inmediata,[object Object],database,,,0,2026-06-18 14:00:00,
3160,WARNING,🚨 Moras Críticas Detectadas,Se detectaron 334 moras críticas que requieren atención inmediata,[object Object],"console,websocket,database",,,0,2026-06-18 14:00:00,
3161,INFO,📊 Resumen Diario de Cartera,Vigente: 343 préstamos | Vencida: 271 préstamos,[object Object],database,,,0,2026-06-18 15:00:00,
3162,INFO,📊 Resumen Diario de Cartera,Vigente: 343 préstamos | Vencida: 271 préstamos,[object Object],"console,websocket,database",,,0,2026-06-18 15:00:00,
3163,WARNING,🚨 Moras Críticas Detectadas,Se detectaron 334 moras críticas que requieren atención inmediata,[object Object],database,,,0,2026-06-18 16:00:00,
3164,WARNING,🚨 Moras Críticas Detectadas,Se detectaron 334 moras críticas que requieren atención inmediata,[object Object],"console,websocket,database",,,0,2026-06-18 16:00:00,
3165,INFO,📊 Resumen Diario de Cartera,Vigente: 343 préstamos | Vencida: 271 préstamos,[object Object],database,,,0,2026-06-18 16:00:00,
3166,INFO,📊 Resumen Diario de Cartera,Vigente: 343 préstamos | Vencida: 271 préstamos,[object Object],"console,websocket,database",,,0,2026-06-18 16:00:00,
3167,INFO,📊 Resumen Diario de Cartera,Vigente: 354 préstamos | Vencida: 264 préstamos,[object Object],database,,,0,2026-06-18 17:00:00,
3168,INFO,📊 Resumen Diario de Cartera,Vigente: 354 préstamos | Vencida: 264 préstamos,[object Object],"console,websocket,database",,,0,2026-06-18 17:00:00,
3169,WARNING,🚨 Moras Críticas Detectadas,Se detectaron 334 moras críticas que requieren atención inmediata,[object Object],database,,,0,2026-06-18 18:00:00,
3170,WARNING,🚨 Moras Críticas Detectadas,Se detectaron 334 moras críticas que requieren atención inmediata,[object Object],"console,websocket,database",,,0,2026-06-18 18:00:00,
3171,INFO,📊 Resumen Diario de Cartera,Vigente: 357 préstamos | Vencida: 264 préstamos,[object Object],database,,,0,2026-06-18 18:00:00,
3172,INFO,📊 Resumen Diario de Cartera,Vigente: 357 préstamos | Vencida: 264 préstamos,[object Object],"console,websocket,database",,,0,2026-06-18 18:00:00,
3173,INFO,📊 Resumen Diario de Cartera,Vigente: 358 préstamos | Vencida: 264 préstamos,[object Object],database,,,0,2026-06-18 19:00:00,
3174,INFO,📊 Resumen Diario de Cartera,Vigente: 358 préstamos | Vencida: 264 préstamos,[object Object],"console,websocket,database",,,0,2026-06-18 19:00:00,
3175,WARNING,🚨 Moras Críticas Detectadas,Se detectaron 334 moras críticas que requieren atención inmediata,[object Object],database,,,0,2026-06-18 20:00:00,
3176,WARNING,🚨 Moras Críticas Detectadas,Se detectaron 334 moras críticas que requieren atención inmediata,[object Object],"console,websocket,database",,,0,2026-06-18 20:00:00,
3177,INFO,📊 Resumen Diario de Cartera,Vigente: 358 préstamos | Vencida: 264 préstamos,[object Object],database,,,0,2026-06-18 20:00:00,
3178,INFO,📊 Resumen Diario de Cartera,Vigente: 358 préstamos | Vencida: 264 préstamos,[object Object],"console,websocket,database",,,0,2026-06-18 20:00:00,
3179,INFO,📊 Resumen Diario de Cartera,Vigente: 359 préstamos | Vencida: 264 préstamos,[object Object],database,,,0,2026-06-18 21:00:00,
3180,INFO,📊 Resumen Diario de Cartera,Vigente: 359 préstamos | Vencida: 264 préstamos,[object Object],"console,websocket,database",,,0,2026-06-18 21:00:00,
3181,WARNING,🚨 Moras Críticas Detectadas,Se detectaron 334 moras críticas que requieren atención inmediata,[object Object],database,,,0,2026-06-18 22:00:00,
3182,WARNING,🚨 Moras Críticas Detectadas,Se detectaron 334 moras críticas que requieren atención inmediata,[object Object],"console,websocket,database",,,0,2026-06-18 22:00:00,
3183,INFO,📊 Resumen Diario de Cartera,Vigente: 359 préstamos | Vencida: 264 préstamos,[object Object],database,,,0,2026-06-18 22:00:00,
3184,INFO,📊 Resumen Diario de Cartera,Vigente: 359 préstamos | Vencida: 264 préstamos,[object Object],"console,websocket,database",,,0,2026-06-18 22:00:00,
3185,INFO,📊 Resumen Diario de Cartera,Vigente: 360 préstamos | Vencida: 264 préstamos,[object Object],database,,,0,2026-06-18 23:00:00,
3186,INFO,📊 Resumen Diario de Cartera,Vigente: 360 préstamos | Vencida: 264 préstamos,[object Object],"console,websocket,database",,,0,2026-06-18 23:00:00,
3187,WARNING,🚨 Moras Críticas Detectadas,Se detectaron 334 moras críticas que requieren atención inmediata,[object Object],database,,,0,2026-06-19 00:00:00,
3188,WARNING,🚨 Moras Críticas Detectadas,Se detectaron 334 moras críticas que requieren atención inmediata,[object Object],"console,websocket,database",,,0,2026-06-19 00:00:00,
3189,INFO,📊 Resumen Diario de Cartera,Vigente: 307 préstamos | Vencida: 317 préstamos,[object Object],database,,,0,2026-06-19 00:00:00,
3190,INFO,📊 Resumen Diario de Cartera,Vigente: 307 préstamos | Vencida: 317 préstamos,[object Object],"console,websocket,database",,,0,2026-06-19 00:00:00,
3191,INFO,📊 Resumen Diario de Cartera,Vigente: 307 préstamos | Vencida: 317 préstamos,[object Object],database,,,0,2026-06-19 01:00:00,
3192,INFO,📊 Resumen Diario de Cartera,Vigente: 307 préstamos | Vencida: 317 préstamos,[object Object],"console,websocket,database",,,0,2026-06-19 01:00:00,
3193,WARNING,🚨 Moras Críticas Detectadas,Se detectaron 334 moras críticas que requieren atención inmediata,[object Object],database,,,0,2026-06-19 02:00:00,
3194,WARNING,🚨 Moras Críticas Detectadas,Se detectaron 334 moras críticas que requieren atención inmediata,[object Object],"console,websocket,database",,,0,2026-06-19 02:00:00,
3195,INFO,✅ Proceso de Mora Completado,Proceso automático de mora ejecutado exitosamente en 5972ms,[object Object],database,,,0,2026-06-19 02:00:06,
3196,INFO,✅ Proceso de Mora Completado,Proceso automático de mora ejecutado exitosamente en 5972ms,[object Object],"console,websocket,database",,,0,2026-06-19 02:00:06,
3197,WARNING,🚨 Moras Críticas Detectadas,Se detectaron 334 moras críticas que requieren atención inmediata,[object Object],database,,,0,2026-06-19 04:00:00,
3198,WARNING,🚨 Moras Críticas Detectadas,Se detectaron 334 moras críticas que requieren atención inmediata,[object Object],"console,websocket,database",,,0,2026-06-19 04:00:00,
3199,WARNING,🚨 Moras Críticas Detectadas,Se detectaron 334 moras críticas que requieren atención inmediata,[object Object],database,,,0,2026-06-19 06:00:00,
3200,WARNING,🚨 Moras Críticas Detectadas,Se detectaron 334 moras críticas que requieren atención inmediata,[object Object],"console,websocket,database",,,0,2026-06-19 06:00:00,
3201,WARNING,🚨 Moras Críticas Detectadas,Se detectaron 334 moras críticas que requieren atención inmediata,[object Object],database,,,0,2026-06-19 08:00:00,
3202,WARNING,🚨 Moras Críticas Detectadas,Se detectaron 334 moras críticas que requieren atención inmediata,[object Object],"console,websocket,database",,,0,2026-06-19 08:00:00,
3203,WARNING,🚨 Moras Críticas Detectadas,Se detectaron 334 moras críticas que requieren atención inmediata,[object Object],database,,,0,2026-06-19 10:00:00,
3204,WARNING,🚨 Moras Críticas Detectadas,Se detectaron 334 moras críticas que requieren atención inmediata,[object Object],"console,websocket,database",,,0,2026-06-19 10:00:00,
3205,WARNING,🚨 Moras Críticas Detectadas,Se detectaron 334 moras críticas que requieren atención inmediata,[object Object],database,,,0,2026-06-19 12:00:00,
3206,WARNING,🚨 Moras Críticas Detectadas,Se detectaron 334 moras críticas que requieren atención inmediata,[object Object],"console,websocket,database",,,0,2026-06-19 12:00:00,
3207,WARNING,🚨 Moras Críticas Detectadas,Se detectaron 334 moras críticas que requieren atención inmediata,[object Object],database,,,0,2026-06-19 14:00:00,
3208,WARNING,🚨 Moras Críticas Detectadas,Se detectaron 334 moras críticas que requieren atención inmediata,[object Object],"console,websocket,database",,,0,2026-06-19 14:00:00,
3209,INFO,📊 Resumen Diario de Cartera,Vigente: 307 préstamos | Vencida: 317 préstamos,[object Object],database,,,0,2026-06-19 15:00:00,
3210,INFO,📊 Resumen Diario de Cartera,Vigente: 307 préstamos | Vencida: 317 préstamos,[object Object],"console,websocket,database",,,0,2026-06-19 15:00:00,
3211,WARNING,🚨 Moras Críticas Detectadas,Se detectaron 334 moras críticas que requieren atención inmediata,[object Object],database,,,0,2026-06-19 16:00:00,
3212,WARNING,🚨 Moras Críticas Detectadas,Se detectaron 334 moras críticas que requieren atención inmediata,[object Object],"console,websocket,database",,,0,2026-06-19 16:00:00,
3213,INFO,📊 Resumen Diario de Cartera,Vigente: 307 préstamos | Vencida: 317 préstamos,[object Object],database,,,0,2026-06-19 16:00:00,
3214,INFO,📊 Resumen Diario de Cartera,Vigente: 307 préstamos | Vencida: 317 préstamos,[object Object],"console,websocket,database",,,0,2026-06-19 16:00:00,
3215,INFO,📊 Resumen Diario de Cartera,Vigente: 307 préstamos | Vencida: 317 préstamos,[object Object],database,,,0,2026-06-19 17:00:00,
3216,INFO,📊 Resumen Diario de Cartera,Vigente: 307 préstamos | Vencida: 317 préstamos,[object Object],"console,websocket,database",,,0,2026-06-19 17:00:00,
3217,WARNING,🚨 Moras Críticas Detectadas,Se detectaron 334 moras críticas que requieren atención inmediata,[object Object],database,,,0,2026-06-19 18:00:00,
3218,WARNING,🚨 Moras Críticas Detectadas,Se detectaron 334 moras críticas que requieren atención inmediata,[object Object],"console,websocket,database",,,0,2026-06-19 18:00:00,
3219,INFO,📊 Resumen Diario de Cartera,Vigente: 307 préstamos | Vencida: 317 préstamos,[object Object],database,,,0,2026-06-19 18:00:00,
3220,INFO,📊 Resumen Diario de Cartera,Vigente: 307 préstamos | Vencida: 317 préstamos,[object Object],"console,websocket,database",,,0,2026-06-19 18:00:00,
3221,INFO,📊 Resumen Diario de Cartera,Vigente: 307 préstamos | Vencida: 317 préstamos,[object Object],database,,,0,2026-06-19 19:00:00,
3222,INFO,📊 Resumen Diario de Cartera,Vigente: 307 préstamos | Vencida: 317 préstamos,[object Object],"console,websocket,database",,,0,2026-06-19 19:00:00,
3223,WARNING,🚨 Moras Críticas Detectadas,Se detectaron 334 moras críticas que requieren atención inmediata,[object Object],database,,,0,2026-06-19 20:00:00,
3224,WARNING,🚨 Moras Críticas Detectadas,Se detectaron 334 moras críticas que requieren atención inmediata,[object Object],"console,websocket,database",,,0,2026-06-19 20:00:00,
3225,INFO,📊 Resumen Diario de Cartera,Vigente: 307 préstamos | Vencida: 317 préstamos,[object Object],database,,,0,2026-06-19 20:00:00,
3226,INFO,📊 Resumen Diario de Cartera,Vigente: 307 préstamos | Vencida: 317 préstamos,[object Object],"console,websocket,database",,,0,2026-06-19 20:00:00,
3227,INFO,📊 Resumen Diario de Cartera,Vigente: 307 préstamos | Vencida: 317 préstamos,[object Object],database,,,0,2026-06-19 21:00:00,
3228,INFO,📊 Resumen Diario de Cartera,Vigente: 307 préstamos | Vencida: 317 préstamos,[object Object],"console,websocket,database",,,0,2026-06-19 21:00:00,
3229,WARNING,🚨 Moras Críticas Detectadas,Se detectaron 334 moras críticas que requieren atención inmediata,[object Object],database,,,0,2026-06-19 22:00:00,
3230,WARNING,🚨 Moras Críticas Detectadas,Se detectaron 334 moras críticas que requieren atención inmediata,[object Object],"console,websocket,database",,,0,2026-06-19 22:00:00,
3231,INFO,📊 Resumen Diario de Cartera,Vigente: 307 préstamos | Vencida: 317 préstamos,[object Object],database,,,0,2026-06-19 22:00:00,
3232,INFO,📊 Resumen Diario de Cartera,Vigente: 307 préstamos | Vencida: 317 préstamos,[object Object],"console,websocket,database",,,0,2026-06-19 22:00:00,
3233,INFO,📊 Resumen Diario de Cartera,Vigente: 313 préstamos | Vencida: 316 préstamos,[object Object],database,,,0,2026-06-19 23:00:00,
3234,INFO,📊 Resumen Diario de Cartera,Vigente: 313 préstamos | Vencida: 316 préstamos,[object Object],"console,websocket,database",,,0,2026-06-19 23:00:00,
3235,INFO,📊 Resumen Diario de Cartera,Vigente: 313 préstamos | Vencida: 315 préstamos,[object Object],database,,,0,2026-06-19 23:06:58,
3236,INFO,📊 Resumen Diario de Cartera,Vigente: 313 préstamos | Vencida: 315 préstamos,[object Object],"console,websocket,database",,,0,2026-06-19 23:06:58,
3237,INFO,✅ Proceso de Mora Completado,Proceso automático de mora ejecutado exitosamente en 539ms,[object Object],database,,,0,2026-06-19 23:06:58,
3238,INFO,✅ Proceso de Mora Completado,Proceso automático de mora ejecutado exitosamente en 539ms,[object Object],"console,websocket,database",,,0,2026-06-19 23:06:58,
3239,INFO,📊 Resumen Diario de Cartera,Vigente: 314 préstamos | Vencida: 315 préstamos,[object Object],database,,,0,2026-06-19 23:13:26,
3240,INFO,📊 Resumen Diario de Cartera,Vigente: 314 préstamos | Vencida: 315 préstamos,[object Object],"console,websocket,database",,,0,2026-06-19 23:13:26,
3241,INFO,✅ Proceso de Mora Completado,Proceso automático de mora ejecutado exitosamente en 2188ms,[object Object],database,,,0,2026-06-19 23:13:29,
3242,INFO,✅ Proceso de Mora Completado,Proceso automático de mora ejecutado exitosamente en 2188ms,[object Object],"console,websocket,database",,,0,2026-06-19 23:13:29,
3243,INFO,📊 Resumen Diario de Cartera,Vigente: 319 préstamos | Vencida: 313 préstamos,[object Object],database,,,0,2026-06-19 23:24:16,
3244,INFO,📊 Resumen Diario de Cartera,Vigente: 319 préstamos | Vencida: 313 préstamos,[object Object],"console,websocket,database",,,0,2026-06-19 23:24:16,
3245,INFO,✅ Proceso de Mora Completado,Proceso automático de mora ejecutado exitosamente en 2046ms,[object Object],database,,,0,2026-06-19 23:24:18,
3246,INFO,✅ Proceso de Mora Completado,Proceso automático de mora ejecutado exitosamente en 2046ms,[object Object],"console,websocket,database",,,0,2026-06-19 23:24:18,
3247,INFO,📊 Resumen Diario de Cartera,Vigente: 319 préstamos | Vencida: 313 préstamos,[object Object],database,,,0,2026-06-19 23:24:21,
3248,INFO,📊 Resumen Diario de Cartera,Vigente: 319 préstamos | Vencida: 313 préstamos,[object Object],"console,websocket,database",,,0,2026-06-19 23:24:21,
3249,INFO,✅ Proceso de Mora Completado,Proceso automático de mora ejecutado exitosamente en 736ms,[object Object],database,,,0,2026-06-19 23:24:22,
3250,INFO,✅ Proceso de Mora Completado,Proceso automático de mora ejecutado exitosamente en 736ms,[object Object],"console,websocket,database",,,0,2026-06-19 23:24:22,
3251,WARNING,🚨 Moras Críticas Detectadas,Se detectaron 332 moras críticas que requieren atención inmediata,[object Object],database,,,0,2026-06-20 00:00:00,
3252,WARNING,🚨 Moras Críticas Detectadas,Se detectaron 332 moras críticas que requieren atención inmediata,[object Object],"console,websocket,database",,,0,2026-06-20 00:00:00,
3253,INFO,📊 Resumen Diario de Cartera,Vigente: 308 préstamos | Vencida: 324 préstamos,[object Object],database,,,0,2026-06-20 00:00:00,
3254,INFO,📊 Resumen Diario de Cartera,Vigente: 308 préstamos | Vencida: 324 préstamos,[object Object],"console,websocket,database",,,0,2026-06-20 00:00:00,
3255,INFO,📊 Resumen Diario de Cartera,Vigente: 308 préstamos | Vencida: 324 préstamos,[object Object],database,,,0,2026-06-20 01:00:00,
3256,INFO,📊 Resumen Diario de Cartera,Vigente: 308 préstamos | Vencida: 324 préstamos,[object Object],"console,websocket,database",,,0,2026-06-20 01:00:00,
3257,WARNING,🚨 Moras Críticas Detectadas,Se detectaron 332 moras críticas que requieren atención inmediata,[object Object],database,,,0,2026-06-20 02:00:00,
3258,WARNING,🚨 Moras Críticas Detectadas,Se detectaron 332 moras críticas que requieren atención inmediata,[object Object],"console,websocket,database",,,0,2026-06-20 02:00:00,
3259,INFO,✅ Proceso de Mora Completado,Proceso automático de mora ejecutado exitosamente en 2642ms,[object Object],database,,,0,2026-06-20 02:00:02,
3260,INFO,✅ Proceso de Mora Completado,Proceso automático de mora ejecutado exitosamente en 2642ms,[object Object],"console,websocket,database",,,0,2026-06-20 02:00:02,
3261,WARNING,🚨 Moras Críticas Detectadas,Se detectaron 351 moras críticas que requieren atención inmediata,[object Object],database,,,0,2026-06-20 04:00:00,
3262,WARNING,🚨 Moras Críticas Detectadas,Se detectaron 351 moras críticas que requieren atención inmediata,[object Object],"console,websocket,database",,,0,2026-06-20 04:00:00,
3263,WARNING,🚨 Moras Críticas Detectadas,Se detectaron 351 moras críticas que requieren atención inmediata,[object Object],database,,,0,2026-06-20 06:00:00,
3264,WARNING,🚨 Moras Críticas Detectadas,Se detectaron 351 moras críticas que requieren atención inmediata,[object Object],"console,websocket,database",,,0,2026-06-20 06:00:00,
3265,WARNING,🚨 Moras Críticas Detectadas,Se detectaron 351 moras críticas que requieren atención inmediata,[object Object],database,,,0,2026-06-20 08:00:00,
3266,WARNING,🚨 Moras Críticas Detectadas,Se detectaron 351 moras críticas que requieren atención inmediata,[object Object],"console,websocket,database",,,0,2026-06-20 08:00:00,
3267,WARNING,🚨 Moras Críticas Detectadas,Se detectaron 351 moras críticas que requieren atención inmediata,[object Object],database,,,0,2026-06-20 10:00:00,
3268,WARNING,🚨 Moras Críticas Detectadas,Se detectaron 351 moras críticas que requieren atención inmediata,[object Object],"console,websocket,database",,,0,2026-06-20 10:00:00,
3269,WARNING,🚨 Moras Críticas Detectadas,Se detectaron 351 moras críticas que requieren atención inmediata,[object Object],database,,,0,2026-06-20 12:00:00,
3270,WARNING,🚨 Moras Críticas Detectadas,Se detectaron 351 moras críticas que requieren atención inmediata,[object Object],"console,websocket,database",,,0,2026-06-20 12:00:00,
3271,WARNING,🚨 Moras Críticas Detectadas,Se detectaron 351 moras críticas que requieren atención inmediata,[object Object],database,,,0,2026-06-20 14:00:00,
3272,WARNING,🚨 Moras Críticas Detectadas,Se detectaron 351 moras críticas que requieren atención inmediata,[object Object],"console,websocket,database",,,0,2026-06-20 14:00:00,
3273,INFO,📊 Resumen Diario de Cartera,Vigente: 309 préstamos | Vencida: 323 préstamos,[object Object],database,,,0,2026-06-20 15:00:00,
3274,INFO,📊 Resumen Diario de Cartera,Vigente: 309 préstamos | Vencida: 323 préstamos,[object Object],"console,websocket,database",,,0,2026-06-20 15:00:00,
3275,WARNING,🚨 Moras Críticas Detectadas,Se detectaron 351 moras críticas que requieren atención inmediata,[object Object],database,,,0,2026-06-20 16:00:00,
3276,WARNING,🚨 Moras Críticas Detectadas,Se detectaron 351 moras críticas que requieren atención inmediata,[object Object],"console,websocket,database",,,0,2026-06-20 16:00:00,
3277,INFO,📊 Resumen Diario de Cartera,Vigente: 309 préstamos | Vencida: 323 préstamos,[object Object],database,,,0,2026-06-20 16:00:00,
3278,INFO,📊 Resumen Diario de Cartera,Vigente: 309 préstamos | Vencida: 323 préstamos,[object Object],"console,websocket,database",,,0,2026-06-20 16:00:00,
3279,INFO,📊 Resumen Diario de Cartera,Vigente: 309 préstamos | Vencida: 323 préstamos,[object Object],database,,,0,2026-06-20 17:00:00,
3280,INFO,📊 Resumen Diario de Cartera,Vigente: 309 préstamos | Vencida: 323 préstamos,[object Object],"console,websocket,database",,,0,2026-06-20 17:00:00,
3281,WARNING,🚨 Moras Críticas Detectadas,Se detectaron 350 moras críticas que requieren atención inmediata,[object Object],database,,,0,2026-06-20 18:00:00,
3282,WARNING,🚨 Moras Críticas Detectadas,Se detectaron 350 moras críticas que requieren atención inmediata,[object Object],"console,websocket,database",,,0,2026-06-20 18:00:00,
3283,INFO,📊 Resumen Diario de Cartera,Vigente: 310 préstamos | Vencida: 321 préstamos,[object Object],database,,,0,2026-06-20 18:00:00,
3284,INFO,📊 Resumen Diario de Cartera,Vigente: 310 préstamos | Vencida: 321 préstamos,[object Object],"console,websocket,database",,,0,2026-06-20 18:00:00,
3285,INFO,📊 Resumen Diario de Cartera,Vigente: 310 préstamos | Vencida: 321 préstamos,[object Object],database,,,0,2026-06-20 19:00:00,
3286,INFO,📊 Resumen Diario de Cartera,Vigente: 310 préstamos | Vencida: 321 préstamos,[object Object],"console,websocket,database",,,0,2026-06-20 19:00:00,
3287,WARNING,🚨 Moras Críticas Detectadas,Se detectaron 350 moras críticas que requieren atención inmediata,[object Object],database,,,0,2026-06-20 20:00:00,
3288,WARNING,🚨 Moras Críticas Detectadas,Se detectaron 350 moras críticas que requieren atención inmediata,[object Object],"console,websocket,database",,,0,2026-06-20 20:00:00,
3289,INFO,📊 Resumen Diario de Cartera,Vigente: 310 préstamos | Vencida: 321 préstamos,[object Object],database,,,0,2026-06-20 20:00:00,
3290,INFO,📊 Resumen Diario de Cartera,Vigente: 310 préstamos | Vencida: 321 préstamos,[object Object],"console,websocket,database",,,0,2026-06-20 20:00:00,
3291,INFO,📊 Resumen Diario de Cartera,Vigente: 310 préstamos | Vencida: 321 préstamos,[object Object],database,,,0,2026-06-20 21:00:00,
3292,INFO,📊 Resumen Diario de Cartera,Vigente: 310 préstamos | Vencida: 321 préstamos,[object Object],"console,websocket,database",,,0,2026-06-20 21:00:00,
3293,WARNING,🚨 Moras Críticas Detectadas,Se detectaron 350 moras críticas que requieren atención inmediata,[object Object],database,,,0,2026-06-20 22:00:00,
3294,WARNING,🚨 Moras Críticas Detectadas,Se detectaron 350 moras críticas que requieren atención inmediata,[object Object],"console,websocket,database",,,0,2026-06-20 22:00:00,
3295,INFO,📊 Resumen Diario de Cartera,Vigente: 310 préstamos | Vencida: 321 préstamos,[object Object],database,,,0,2026-06-20 22:00:00,
3296,INFO,📊 Resumen Diario de Cartera,Vigente: 310 préstamos | Vencida: 321 préstamos,[object Object],"console,websocket,database",,,0,2026-06-20 22:00:00,
3297,INFO,📊 Resumen Diario de Cartera,Vigente: 310 préstamos | Vencida: 321 préstamos,[object Object],database,,,0,2026-06-20 23:00:00,
3298,INFO,📊 Resumen Diario de Cartera,Vigente: 310 préstamos | Vencida: 321 préstamos,[object Object],"console,websocket,database",,,0,2026-06-20 23:00:00,
3299,WARNING,🚨 Moras Críticas Detectadas,Se detectaron 350 moras críticas que requieren atención inmediata,[object Object],database,,,0,2026-06-21 00:00:00,
3300,WARNING,🚨 Moras Críticas Detectadas,Se detectaron 350 moras críticas que requieren atención inmediata,[object Object],"console,websocket,database",,,0,2026-06-21 00:00:00,
3301,INFO,📊 Resumen Diario de Cartera,Vigente: 310 préstamos | Vencida: 321 préstamos,[object Object],database,,,0,2026-06-21 00:00:00,
3302,INFO,📊 Resumen Diario de Cartera,Vigente: 310 préstamos | Vencida: 321 préstamos,[object Object],"console,websocket,database",,,0,2026-06-21 00:00:00,
3303,INFO,📊 Resumen Diario de Cartera,Vigente: 310 préstamos | Vencida: 321 préstamos,[object Object],database,,,0,2026-06-21 01:00:00,
3304,INFO,📊 Resumen Diario de Cartera,Vigente: 310 préstamos | Vencida: 321 préstamos,[object Object],"console,websocket,database",,,0,2026-06-21 01:00:00,
3305,WARNING,🚨 Moras Críticas Detectadas,Se detectaron 350 moras críticas que requieren atención inmediata,[object Object],database,,,0,2026-06-21 02:00:00,
3306,WARNING,🚨 Moras Críticas Detectadas,Se detectaron 350 moras críticas que requieren atención inmediata,[object Object],"console,websocket,database",,,0,2026-06-21 02:00:00,
3307,INFO,✅ Proceso de Mora Completado,Proceso automático de mora ejecutado exitosamente en 3556ms,[object Object],database,,,0,2026-06-21 02:00:03,
3308,INFO,✅ Proceso de Mora Completado,Proceso automático de mora ejecutado exitosamente en 3556ms,[object Object],"console,websocket,database",,,0,2026-06-21 02:00:03,
3309,WARNING,🚨 Moras Críticas Detectadas,Se detectaron 361 moras críticas que requieren atención inmediata,[object Object],database,,,0,2026-06-21 04:00:00,
3310,WARNING,🚨 Moras Críticas Detectadas,Se detectaron 361 moras críticas que requieren atención inmediata,[object Object],"console,websocket,database",,,0,2026-06-21 04:00:00,
3311,WARNING,🚨 Moras Críticas Detectadas,Se detectaron 361 moras críticas que requieren atención inmediata,[object Object],database,,,0,2026-06-21 06:00:00,
3312,WARNING,🚨 Moras Críticas Detectadas,Se detectaron 361 moras críticas que requieren atención inmediata,[object Object],"console,websocket,database",,,0,2026-06-21 06:00:00,
3313,WARNING,🚨 Moras Críticas Detectadas,Se detectaron 361 moras críticas que requieren atención inmediata,[object Object],database,,,0,2026-06-21 08:00:00,
3314,WARNING,🚨 Moras Críticas Detectadas,Se detectaron 361 moras críticas que requieren atención inmediata,[object Object],"console,websocket,database",,,0,2026-06-21 08:00:00,
3315,WARNING,🚨 Moras Críticas Detectadas,Se detectaron 361 moras críticas que requieren atención inmediata,[object Object],database,,,0,2026-06-21 10:00:00,
3316,WARNING,🚨 Moras Críticas Detectadas,Se detectaron 361 moras críticas que requieren atención inmediata,[object Object],"console,websocket,database",,,0,2026-06-21 10:00:00,
3317,WARNING,🚨 Moras Críticas Detectadas,Se detectaron 361 moras críticas que requieren atención inmediata,[object Object],database,,,0,2026-06-21 12:00:00,
3318,WARNING,🚨 Moras Críticas Detectadas,Se detectaron 361 moras críticas que requieren atención inmediata,[object Object],"console,websocket,database",,,0,2026-06-21 12:00:00,
3319,WARNING,🚨 Moras Críticas Detectadas,Se detectaron 361 moras críticas que requieren atención inmediata,[object Object],database,,,0,2026-06-21 14:00:00,
3320,WARNING,🚨 Moras Críticas Detectadas,Se detectaron 361 moras críticas que requieren atención inmediata,[object Object],"console,websocket,database",,,0,2026-06-21 14:00:00,
3321,INFO,📊 Resumen Diario de Cartera,Vigente: 310 préstamos | Vencida: 321 préstamos,[object Object],database,,,0,2026-06-21 15:00:00,
3322,INFO,📊 Resumen Diario de Cartera,Vigente: 310 préstamos | Vencida: 321 préstamos,[object Object],"console,websocket,database",,,0,2026-06-21 15:00:00,
3323,WARNING,🚨 Moras Críticas Detectadas,Se detectaron 361 moras críticas que requieren atención inmediata,[object Object],database,,,0,2026-06-21 16:00:00,
3324,WARNING,🚨 Moras Críticas Detectadas,Se detectaron 361 moras críticas que requieren atención inmediata,[object Object],"console,websocket,database",,,0,2026-06-21 16:00:00,
3325,INFO,📊 Resumen Diario de Cartera,Vigente: 310 préstamos | Vencida: 321 préstamos,[object Object],database,,,0,2026-06-21 16:00:00,
3326,INFO,📊 Resumen Diario de Cartera,Vigente: 310 préstamos | Vencida: 321 préstamos,[object Object],"console,websocket,database",,,0,2026-06-21 16:00:00,
3327,INFO,📊 Resumen Diario de Cartera,Vigente: 310 préstamos | Vencida: 321 préstamos,[object Object],database,,,0,2026-06-21 17:00:00,
3328,INFO,📊 Resumen Diario de Cartera,Vigente: 310 préstamos | Vencida: 321 préstamos,[object Object],"console,websocket,database",,,0,2026-06-21 17:00:00,
3329,WARNING,🚨 Moras Críticas Detectadas,Se detectaron 361 moras críticas que requieren atención inmediata,[object Object],database,,,0,2026-06-21 18:00:00,
3330,WARNING,🚨 Moras Críticas Detectadas,Se detectaron 361 moras críticas que requieren atención inmediata,[object Object],"console,websocket,database",,,0,2026-06-21 18:00:00,
3331,INFO,📊 Resumen Diario de Cartera,Vigente: 310 préstamos | Vencida: 321 préstamos,[object Object],database,,,0,2026-06-21 18:00:00,
3332,INFO,📊 Resumen Diario de Cartera,Vigente: 310 préstamos | Vencida: 321 préstamos,[object Object],"console,websocket,database",,,0,2026-06-21 18:00:00,
3333,INFO,📊 Resumen Diario de Cartera,Vigente: 310 préstamos | Vencida: 321 préstamos,[object Object],database,,,0,2026-06-21 19:00:00,
3334,INFO,📊 Resumen Diario de Cartera,Vigente: 310 préstamos | Vencida: 321 préstamos,[object Object],"console,websocket,database",,,0,2026-06-21 19:00:00,
3335,WARNING,🚨 Moras Críticas Detectadas,Se detectaron 361 moras críticas que requieren atención inmediata,[object Object],database,,,0,2026-06-21 20:00:00,
3336,WARNING,🚨 Moras Críticas Detectadas,Se detectaron 361 moras críticas que requieren atención inmediata,[object Object],"console,websocket,database",,,0,2026-06-21 20:00:00,
3337,INFO,📊 Resumen Diario de Cartera,Vigente: 310 préstamos | Vencida: 321 préstamos,[object Object],database,,,0,2026-06-21 20:00:00,
3338,INFO,📊 Resumen Diario de Cartera,Vigente: 310 préstamos | Vencida: 321 préstamos,[object Object],"console,websocket,database",,,0,2026-06-21 20:00:00,
3339,INFO,📊 Resumen Diario de Cartera,Vigente: 310 préstamos | Vencida: 321 préstamos,[object Object],database,,,0,2026-06-21 21:00:00,
3340,INFO,📊 Resumen Diario de Cartera,Vigente: 310 préstamos | Vencida: 321 préstamos,[object Object],"console,websocket,database",,,0,2026-06-21 21:00:00,
3341,WARNING,🚨 Moras Críticas Detectadas,Se detectaron 361 moras críticas que requieren atención inmediata,[object Object],database,,,0,2026-06-21 22:00:00,
3342,WARNING,🚨 Moras Críticas Detectadas,Se detectaron 361 moras críticas que requieren atención inmediata,[object Object],"console,websocket,database",,,0,2026-06-21 22:00:00,
3343,INFO,📊 Resumen Diario de Cartera,Vigente: 310 préstamos | Vencida: 321 préstamos,[object Object],database,,,0,2026-06-21 22:00:00,
3344,INFO,📊 Resumen Diario de Cartera,Vigente: 310 préstamos | Vencida: 321 préstamos,[object Object],"console,websocket,database",,,0,2026-06-21 22:00:00,
3345,INFO,📊 Resumen Diario de Cartera,Vigente: 310 préstamos | Vencida: 321 préstamos,[object Object],database,,,0,2026-06-21 23:00:00,
3346,INFO,📊 Resumen Diario de Cartera,Vigente: 310 préstamos | Vencida: 321 préstamos,[object Object],"console,websocket,database",,,0,2026-06-21 23:00:00,
3347,WARNING,🚨 Moras Críticas Detectadas,Se detectaron 361 moras críticas que requieren atención inmediata,[object Object],database,,,0,2026-06-22 00:00:00,
3348,WARNING,🚨 Moras Críticas Detectadas,Se detectaron 361 moras críticas que requieren atención inmediata,[object Object],"console,websocket,database",,,0,2026-06-22 00:00:00,
3349,INFO,📊 Resumen Diario de Cartera,Vigente: 310 préstamos | Vencida: 321 préstamos,[object Object],database,,,0,2026-06-22 00:00:00,
3350,INFO,📊 Resumen Diario de Cartera,Vigente: 310 préstamos | Vencida: 321 préstamos,[object Object],"console,websocket,database",,,0,2026-06-22 00:00:00,
3351,INFO,📊 Resumen Diario de Cartera,Vigente: 310 préstamos | Vencida: 321 préstamos,[object Object],database,,,0,2026-06-22 01:00:00,
3352,INFO,📊 Resumen Diario de Cartera,Vigente: 310 préstamos | Vencida: 321 préstamos,[object Object],"console,websocket,database",,,0,2026-06-22 01:00:00,
3353,WARNING,🚨 Moras Críticas Detectadas,Se detectaron 361 moras críticas que requieren atención inmediata,[object Object],database,,,0,2026-06-22 02:00:00,
3354,WARNING,🚨 Moras Críticas Detectadas,Se detectaron 361 moras críticas que requieren atención inmediata,[object Object],"console,websocket,database",,,0,2026-06-22 02:00:00,
3355,INFO,✅ Proceso de Mora Completado,Proceso automático de mora ejecutado exitosamente en 3554ms,[object Object],database,,,0,2026-06-22 02:00:03,
3356,INFO,✅ Proceso de Mora Completado,Proceso automático de mora ejecutado exitosamente en 3554ms,[object Object],"console,websocket,database",,,0,2026-06-22 02:00:03,
3357,WARNING,🚨 Moras Críticas Detectadas,Se detectaron 419 moras críticas que requieren atención inmediata,[object Object],database,,,0,2026-06-22 04:00:00,
3358,WARNING,🚨 Moras Críticas Detectadas,Se detectaron 419 moras críticas que requieren atención inmediata,[object Object],"console,websocket,database",,,0,2026-06-22 04:00:00,
3359,WARNING,🚨 Moras Críticas Detectadas,Se detectaron 419 moras críticas que requieren atención inmediata,[object Object],database,,,0,2026-06-22 06:00:00,
3360,WARNING,🚨 Moras Críticas Detectadas,Se detectaron 419 moras críticas que requieren atención inmediata,[object Object],"console,websocket,database",,,0,2026-06-22 06:00:00,
3361,WARNING,🚨 Moras Críticas Detectadas,Se detectaron 419 moras críticas que requieren atención inmediata,[object Object],database,,,0,2026-06-22 08:00:00,
3362,WARNING,🚨 Moras Críticas Detectadas,Se detectaron 419 moras críticas que requieren atención inmediata,[object Object],"console,websocket,database",,,0,2026-06-22 08:00:00,
3363,WARNING,🚨 Moras Críticas Detectadas,Se detectaron 419 moras críticas que requieren atención inmediata,[object Object],database,,,0,2026-06-22 10:00:00,
3364,WARNING,🚨 Moras Críticas Detectadas,Se detectaron 419 moras críticas que requieren atención inmediata,[object Object],"console,websocket,database",,,0,2026-06-22 10:00:00,
3365,WARNING,🚨 Moras Críticas Detectadas,Se detectaron 419 moras críticas que requieren atención inmediata,[object Object],database,,,0,2026-06-22 12:00:00,
3366,WARNING,🚨 Moras Críticas Detectadas,Se detectaron 419 moras críticas que requieren atención inmediata,[object Object],"console,websocket,database",,,0,2026-06-22 12:00:00,
3367,WARNING,🚨 Moras Críticas Detectadas,Se detectaron 419 moras críticas que requieren atención inmediata,[object Object],database,,,0,2026-06-22 14:00:00,
3368,WARNING,🚨 Moras Críticas Detectadas,Se detectaron 419 moras críticas que requieren atención inmediata,[object Object],"console,websocket,database",,,0,2026-06-22 14:00:00,
3369,INFO,📊 Resumen Diario de Cartera,Vigente: 310 préstamos | Vencida: 321 préstamos,[object Object],database,,,0,2026-06-22 15:00:00,
3370,INFO,📊 Resumen Diario de Cartera,Vigente: 310 préstamos | Vencida: 321 préstamos,[object Object],"console,websocket,database",,,0,2026-06-22 15:00:00,
3371,WARNING,🚨 Moras Críticas Detectadas,Se detectaron 419 moras críticas que requieren atención inmediata,[object Object],database,,,0,2026-06-22 16:00:00,
3372,WARNING,🚨 Moras Críticas Detectadas,Se detectaron 419 moras críticas que requieren atención inmediata,[object Object],"console,websocket,database",,,0,2026-06-22 16:00:00,
3373,INFO,📊 Resumen Diario de Cartera,Vigente: 310 préstamos | Vencida: 321 préstamos,[object Object],database,,,0,2026-06-22 16:00:00,
3374,INFO,📊 Resumen Diario de Cartera,Vigente: 310 préstamos | Vencida: 321 préstamos,[object Object],"console,websocket,database",,,0,2026-06-22 16:00:00,
3375,INFO,📊 Resumen Diario de Cartera,Vigente: 310 préstamos | Vencida: 321 préstamos,[object Object],database,,,0,2026-06-22 17:00:00,
3376,INFO,📊 Resumen Diario de Cartera,Vigente: 310 préstamos | Vencida: 321 préstamos,[object Object],"console,websocket,database",,,0,2026-06-22 17:00:00,
3377,INFO,📊 Resumen Diario de Cartera,Vigente: 310 préstamos | Vencida: 321 préstamos,[object Object],database,,,0,2026-06-22 17:09:25,
3378,INFO,📊 Resumen Diario de Cartera,Vigente: 310 préstamos | Vencida: 321 préstamos,[object Object],"console,websocket,database",,,0,2026-06-22 17:09:25,
3379,INFO,✅ Proceso de Mora Completado,Proceso automático de mora ejecutado exitosamente en 2961ms,[object Object],database,,,0,2026-06-22 17:09:28,
3380,INFO,✅ Proceso de Mora Completado,Proceso automático de mora ejecutado exitosamente en 2961ms,[object Object],"console,websocket,database",,,0,2026-06-22 17:09:28,
3381,WARNING,🚨 Moras Críticas Detectadas,Se detectaron 419 moras críticas que requieren atención inmediata,[object Object],database,,,0,2026-06-22 18:00:00,
3382,WARNING,🚨 Moras Críticas Detectadas,Se detectaron 419 moras críticas que requieren atención inmediata,[object Object],"console,websocket,database",,,0,2026-06-22 18:00:00,
3383,INFO,📊 Resumen Diario de Cartera,Vigente: 310 préstamos | Vencida: 321 préstamos,[object Object],database,,,0,2026-06-22 18:00:00,
3384,INFO,📊 Resumen Diario de Cartera,Vigente: 310 préstamos | Vencida: 321 préstamos,[object Object],"console,websocket,database",,,0,2026-06-22 18:00:00,
3385,INFO,📊 Resumen Diario de Cartera,Vigente: 310 préstamos | Vencida: 321 préstamos,[object Object],database,,,0,2026-06-22 19:00:00,
3386,INFO,📊 Resumen Diario de Cartera,Vigente: 310 préstamos | Vencida: 321 préstamos,[object Object],"console,websocket,database",,,0,2026-06-22 19:00:00,
3387,WARNING,🚨 Moras Críticas Detectadas,Se detectaron 419 moras críticas que requieren atención inmediata,[object Object],database,,,0,2026-06-22 20:00:00,
3388,WARNING,🚨 Moras Críticas Detectadas,Se detectaron 419 moras críticas que requieren atención inmediata,[object Object],"console,websocket,database",,,0,2026-06-22 20:00:00,
3389,INFO,📊 Resumen Diario de Cartera,Vigente: 310 préstamos | Vencida: 321 préstamos,[object Object],database,,,0,2026-06-22 20:00:00,
3390,INFO,📊 Resumen Diario de Cartera,Vigente: 310 préstamos | Vencida: 321 préstamos,[object Object],"console,websocket,database",,,0,2026-06-22 20:00:00,
3391,INFO,📊 Resumen Diario de Cartera,Vigente: 310 préstamos | Vencida: 321 préstamos,[object Object],database,,,0,2026-06-22 21:00:00,
3392,INFO,📊 Resumen Diario de Cartera,Vigente: 310 préstamos | Vencida: 321 préstamos,[object Object],"console,websocket,database",,,0,2026-06-22 21:00:00,
3393,WARNING,🚨 Moras Críticas Detectadas,Se detectaron 419 moras críticas que requieren atención inmediata,[object Object],database,,,0,2026-06-22 22:00:00,
3394,WARNING,🚨 Moras Críticas Detectadas,Se detectaron 419 moras críticas que requieren atención inmediata,[object Object],"console,websocket,database",,,0,2026-06-22 22:00:00,
3395,INFO,📊 Resumen Diario de Cartera,Vigente: 310 préstamos | Vencida: 321 préstamos,[object Object],database,,,0,2026-06-22 22:00:00,
3396,INFO,📊 Resumen Diario de Cartera,Vigente: 310 préstamos | Vencida: 321 préstamos,[object Object],"console,websocket,database",,,0,2026-06-22 22:00:00,
3397,INFO,📊 Resumen Diario de Cartera,Vigente: 310 préstamos | Vencida: 321 préstamos,[object Object],database,,,0,2026-06-22 22:30:11,
3398,INFO,📊 Resumen Diario de Cartera,Vigente: 310 préstamos | Vencida: 321 préstamos,[object Object],"console,websocket,database",,,0,2026-06-22 22:30:11,
3399,INFO,✅ Proceso de Mora Completado,Proceso automático de mora ejecutado exitosamente en 1436ms,[object Object],database,,,0,2026-06-22 22:30:13,
3400,INFO,✅ Proceso de Mora Completado,Proceso automático de mora ejecutado exitosamente en 1436ms,[object Object],"console,websocket,database",,,0,2026-06-22 22:30:13,
3401,INFO,📊 Resumen Diario de Cartera,Vigente: 310 préstamos | Vencida: 321 préstamos,[object Object],database,,,0,2026-06-22 23:00:00,
3402,INFO,📊 Resumen Diario de Cartera,Vigente: 310 préstamos | Vencida: 321 préstamos,[object Object],"console,websocket,database",,,0,2026-06-22 23:00:00,
3403,WARNING,🚨 Moras Críticas Detectadas,Se detectaron 419 moras críticas que requieren atención inmediata,[object Object],database,,,0,2026-06-23 00:00:00,
3404,WARNING,🚨 Moras Críticas Detectadas,Se detectaron 419 moras críticas que requieren atención inmediata,[object Object],"console,websocket,database",,,0,2026-06-23 00:00:00,
3405,INFO,📊 Resumen Diario de Cartera,Vigente: 309 préstamos | Vencida: 322 préstamos,[object Object],database,,,0,2026-06-23 00:00:00,
3406,INFO,📊 Resumen Diario de Cartera,Vigente: 309 préstamos | Vencida: 322 préstamos,[object Object],"console,websocket,database",,,0,2026-06-23 00:00:00,
3407,INFO,📊 Resumen Diario de Cartera,Vigente: 309 préstamos | Vencida: 322 préstamos,[object Object],database,,,0,2026-06-23 01:00:00,
3408,INFO,📊 Resumen Diario de Cartera,Vigente: 309 préstamos | Vencida: 322 préstamos,[object Object],"console,websocket,database",,,0,2026-06-23 01:00:00,
3409,WARNING,🚨 Moras Críticas Detectadas,Se detectaron 419 moras críticas que requieren atención inmediata,[object Object],database,,,0,2026-06-23 02:00:00,
3410,WARNING,🚨 Moras Críticas Detectadas,Se detectaron 419 moras críticas que requieren atención inmediata,[object Object],"console,websocket,database",,,0,2026-06-23 02:00:00,
3411,INFO,✅ Proceso de Mora Completado,Proceso automático de mora ejecutado exitosamente en 4517ms,[object Object],database,,,0,2026-06-23 02:00:04,
3412,INFO,✅ Proceso de Mora Completado,Proceso automático de mora ejecutado exitosamente en 4517ms,[object Object],"console,websocket,database",,,0,2026-06-23 02:00:04,
3413,WARNING,🚨 Moras Críticas Detectadas,Se detectaron 435 moras críticas que requieren atención inmediata,[object Object],database,,,0,2026-06-23 04:00:00,
3414,WARNING,🚨 Moras Críticas Detectadas,Se detectaron 435 moras críticas que requieren atención inmediata,[object Object],"console,websocket,database",,,0,2026-06-23 04:00:00,
3415,WARNING,🚨 Moras Críticas Detectadas,Se detectaron 435 moras críticas que requieren atención inmediata,[object Object],database,,,0,2026-06-23 06:00:00,
3416,WARNING,🚨 Moras Críticas Detectadas,Se detectaron 435 moras críticas que requieren atención inmediata,[object Object],"console,websocket,database",,,0,2026-06-23 06:00:00,
3417,WARNING,🚨 Moras Críticas Detectadas,Se detectaron 435 moras críticas que requieren atención inmediata,[object Object],database,,,0,2026-06-23 08:00:00,
3418,WARNING,🚨 Moras Críticas Detectadas,Se detectaron 435 moras críticas que requieren atención inmediata,[object Object],"console,websocket,database",,,0,2026-06-23 08:00:00,
3419,WARNING,🚨 Moras Críticas Detectadas,Se detectaron 435 moras críticas que requieren atención inmediata,[object Object],database,,,0,2026-06-23 10:00:00,
3420,WARNING,🚨 Moras Críticas Detectadas,Se detectaron 435 moras críticas que requieren atención inmediata,[object Object],"console,websocket,database",,,0,2026-06-23 10:00:00,
3421,WARNING,🚨 Moras Críticas Detectadas,Se detectaron 435 moras críticas que requieren atención inmediata,[object Object],database,,,0,2026-06-23 12:00:00,
3422,WARNING,🚨 Moras Críticas Detectadas,Se detectaron 435 moras críticas que requieren atención inmediata,[object Object],"console,websocket,database",,,0,2026-06-23 12:00:00,
3423,WARNING,🚨 Moras Críticas Detectadas,Se detectaron 435 moras críticas que requieren atención inmediata,[object Object],database,,,0,2026-06-23 14:00:00,
3424,WARNING,🚨 Moras Críticas Detectadas,Se detectaron 435 moras críticas que requieren atención inmediata,[object Object],"console,websocket,database",,,0,2026-06-23 14:00:00,
3425,INFO,📊 Resumen Diario de Cartera,Vigente: 309 préstamos | Vencida: 322 préstamos,[object Object],database,,,0,2026-06-23 14:29:03,
3426,INFO,📊 Resumen Diario de Cartera,Vigente: 309 préstamos | Vencida: 322 préstamos,[object Object],"console,websocket,database",,,0,2026-06-23 14:29:03,
3427,INFO,✅ Proceso de Mora Completado,Proceso automático de mora ejecutado exitosamente en 2460ms,[object Object],database,,,0,2026-06-23 14:29:05,
3428,INFO,✅ Proceso de Mora Completado,Proceso automático de mora ejecutado exitosamente en 2460ms,[object Object],"console,websocket,database",,,0,2026-06-23 14:29:05,
3429,INFO,📊 Resumen Diario de Cartera,Vigente: 309 préstamos | Vencida: 322 préstamos,[object Object],database,,,0,2026-06-23 15:00:00,
3430,INFO,📊 Resumen Diario de Cartera,Vigente: 309 préstamos | Vencida: 322 préstamos,[object Object],"console,websocket,database",,,0,2026-06-23 15:00:00,
3431,WARNING,🚨 Moras Críticas Detectadas,Se detectaron 435 moras críticas que requieren atención inmediata,[object Object],database,,,0,2026-06-23 16:00:00,
3432,WARNING,🚨 Moras Críticas Detectadas,Se detectaron 435 moras críticas que requieren atención inmediata,[object Object],"console,websocket,database",,,0,2026-06-23 16:00:00,
3433,INFO,📊 Resumen Diario de Cartera,Vigente: 309 préstamos | Vencida: 322 préstamos,[object Object],database,,,0,2026-06-23 16:00:00,
3434,INFO,📊 Resumen Diario de Cartera,Vigente: 309 préstamos | Vencida: 322 préstamos,[object Object],"console,websocket,database",,,0,2026-06-23 16:00:00,
3435,INFO,📊 Resumen Diario de Cartera,Vigente: 309 préstamos | Vencida: 322 préstamos,[object Object],database,,,0,2026-06-23 17:00:00,
3436,INFO,📊 Resumen Diario de Cartera,Vigente: 309 préstamos | Vencida: 322 préstamos,[object Object],"console,websocket,database",,,0,2026-06-23 17:00:00,
3437,WARNING,🚨 Moras Críticas Detectadas,Se detectaron 435 moras críticas que requieren atención inmediata,[object Object],database,,,0,2026-06-23 18:00:00,
3438,WARNING,🚨 Moras Críticas Detectadas,Se detectaron 435 moras críticas que requieren atención inmediata,[object Object],"console,websocket,database",,,0,2026-06-23 18:00:00,
3439,INFO,📊 Resumen Diario de Cartera,Vigente: 309 préstamos | Vencida: 322 préstamos,[object Object],database,,,0,2026-06-23 18:00:00,
3440,INFO,📊 Resumen Diario de Cartera,Vigente: 309 préstamos | Vencida: 322 préstamos,[object Object],"console,websocket,database",,,0,2026-06-23 18:00:00,
3441,INFO,📊 Resumen Diario de Cartera,Vigente: 309 préstamos | Vencida: 322 préstamos,[object Object],database,,,0,2026-06-23 19:00:00,
3442,INFO,📊 Resumen Diario de Cartera,Vigente: 309 préstamos | Vencida: 322 préstamos,[object Object],"console,websocket,database",,,0,2026-06-23 19:00:00,
3443,WARNING,🚨 Moras Críticas Detectadas,Se detectaron 435 moras críticas que requieren atención inmediata,[object Object],database,,,0,2026-06-23 20:00:00,
3444,WARNING,🚨 Moras Críticas Detectadas,Se detectaron 435 moras críticas que requieren atención inmediata,[object Object],"console,websocket,database",,,0,2026-06-23 20:00:00,
3445,INFO,📊 Resumen Diario de Cartera,Vigente: 309 préstamos | Vencida: 322 préstamos,[object Object],database,,,0,2026-06-23 20:00:00,
3446,INFO,📊 Resumen Diario de Cartera,Vigente: 309 préstamos | Vencida: 322 préstamos,[object Object],"console,websocket,database",,,0,2026-06-23 20:00:00,
3447,INFO,📊 Resumen Diario de Cartera,Vigente: 309 préstamos | Vencida: 322 préstamos,[object Object],database,,,0,2026-06-23 21:00:00,
3448,INFO,📊 Resumen Diario de Cartera,Vigente: 309 préstamos | Vencida: 322 préstamos,[object Object],"console,websocket,database",,,0,2026-06-23 21:00:00,
3449,WARNING,🚨 Moras Críticas Detectadas,Se detectaron 435 moras críticas que requieren atención inmediata,[object Object],database,,,0,2026-06-23 22:00:00,
3450,WARNING,🚨 Moras Críticas Detectadas,Se detectaron 435 moras críticas que requieren atención inmediata,[object Object],"console,websocket,database",,,0,2026-06-23 22:00:00,
3451,INFO,📊 Resumen Diario de Cartera,Vigente: 309 préstamos | Vencida: 322 préstamos,[object Object],database,,,0,2026-06-23 22:00:00,
3452,INFO,📊 Resumen Diario de Cartera,Vigente: 309 préstamos | Vencida: 322 préstamos,[object Object],"console,websocket,database",,,0,2026-06-23 22:00:00,
3453,INFO,📊 Resumen Diario de Cartera,Vigente: 309 préstamos | Vencida: 322 préstamos,[object Object],database,,,0,2026-06-23 22:23:41,
3454,INFO,📊 Resumen Diario de Cartera,Vigente: 309 préstamos | Vencida: 322 préstamos,[object Object],"console,websocket,database",,,0,2026-06-23 22:23:41,
3455,INFO,✅ Proceso de Mora Completado,Proceso automático de mora ejecutado exitosamente en 3368ms,[object Object],database,,,0,2026-06-23 22:23:44,
3456,INFO,✅ Proceso de Mora Completado,Proceso automático de mora ejecutado exitosamente en 3368ms,[object Object],"console,websocket,database",,,0,2026-06-23 22:23:44,
3457,INFO,📊 Resumen Diario de Cartera,Vigente: 309 préstamos | Vencida: 322 préstamos,[object Object],database,,,0,2026-06-23 22:23:48,
3458,INFO,📊 Resumen Diario de Cartera,Vigente: 309 préstamos | Vencida: 322 préstamos,[object Object],"console,websocket,database",,,0,2026-06-23 22:23:48,
3459,INFO,✅ Proceso de Mora Completado,Proceso automático de mora ejecutado exitosamente en 1655ms,[object Object],database,,,0,2026-06-23 22:23:49,
3460,INFO,✅ Proceso de Mora Completado,Proceso automático de mora ejecutado exitosamente en 1655ms,[object Object],"console,websocket,database",,,0,2026-06-23 22:23:49,
3461,INFO,📊 Resumen Diario de Cartera,Vigente: 309 préstamos | Vencida: 322 préstamos,[object Object],database,,,0,2026-06-23 22:29:40,
3462,INFO,📊 Resumen Diario de Cartera,Vigente: 309 préstamos | Vencida: 322 préstamos,[object Object],"console,websocket,database",,,0,2026-06-23 22:29:40,
3463,INFO,✅ Proceso de Mora Completado,Proceso automático de mora ejecutado exitosamente en 3125ms,[object Object],database,,,0,2026-06-23 22:29:43,
3464,INFO,✅ Proceso de Mora Completado,Proceso automático de mora ejecutado exitosamente en 3125ms,[object Object],"console,websocket,database",,,0,2026-06-23 22:29:43,
3465,INFO,📊 Resumen Diario de Cartera,Vigente: 309 préstamos | Vencida: 322 préstamos,[object Object],database,,,0,2026-06-23 23:00:00,
3466,INFO,📊 Resumen Diario de Cartera,Vigente: 309 préstamos | Vencida: 322 préstamos,[object Object],"console,websocket,database",,,0,2026-06-23 23:00:00,
3467,WARNING,🚨 Moras Críticas Detectadas,Se detectaron 435 moras críticas que requieren atención inmediata,[object Object],database,,,0,2026-06-24 00:00:00,
3468,WARNING,🚨 Moras Críticas Detectadas,Se detectaron 435 moras críticas que requieren atención inmediata,[object Object],"console,websocket,database",,,0,2026-06-24 00:00:00,
3469,INFO,📊 Resumen Diario de Cartera,Vigente: 305 préstamos | Vencida: 326 préstamos,[object Object],database,,,0,2026-06-24 00:00:00,
3470,INFO,📊 Resumen Diario de Cartera,Vigente: 305 préstamos | Vencida: 326 préstamos,[object Object],"console,websocket,database",,,0,2026-06-24 00:00:00,
3471,INFO,📊 Resumen Diario de Cartera,Vigente: 305 préstamos | Vencida: 326 préstamos,[object Object],database,,,0,2026-06-24 00:48:42,
3472,INFO,📊 Resumen Diario de Cartera,Vigente: 305 préstamos | Vencida: 326 préstamos,[object Object],"console,websocket,database",,,0,2026-06-24 00:48:42,
3473,INFO,✅ Proceso de Mora Completado,Proceso automático de mora ejecutado exitosamente en 2744ms,[object Object],database,,,0,2026-06-24 00:48:45,
3474,INFO,✅ Proceso de Mora Completado,Proceso automático de mora ejecutado exitosamente en 2744ms,[object Object],"console,websocket,database",,,0,2026-06-24 00:48:45,
3475,INFO,📊 Resumen Diario de Cartera,Vigente: 305 préstamos | Vencida: 326 préstamos,[object Object],database,,,0,2026-06-24 01:00:00,
3476,INFO,📊 Resumen Diario de Cartera,Vigente: 305 préstamos | Vencida: 326 préstamos,[object Object],"console,websocket,database",,,0,2026-06-24 01:00:00,
3477,WARNING,🚨 Moras Críticas Detectadas,Se detectaron 435 moras críticas que requieren atención inmediata,[object Object],database,,,0,2026-06-24 02:00:00,
3478,WARNING,🚨 Moras Críticas Detectadas,Se detectaron 435 moras críticas que requieren atención inmediata,[object Object],"console,websocket,database",,,0,2026-06-24 02:00:00,
3479,INFO,✅ Proceso de Mora Completado,Proceso automático de mora ejecutado exitosamente en 2051ms,[object Object],database,,,0,2026-06-24 02:00:02,
3480,INFO,✅ Proceso de Mora Completado,Proceso automático de mora ejecutado exitosamente en 2051ms,[object Object],"console,websocket,database",,,0,2026-06-24 02:00:02,
3481,WARNING,🚨 Moras Críticas Detectadas,Se detectaron 435 moras críticas que requieren atención inmediata,[object Object],database,,,0,2026-06-24 04:00:00,
3482,WARNING,🚨 Moras Críticas Detectadas,Se detectaron 435 moras críticas que requieren atención inmediata,[object Object],"console,websocket,database",,,0,2026-06-24 04:00:00,
3483,WARNING,🚨 Moras Críticas Detectadas,Se detectaron 435 moras críticas que requieren atención inmediata,[object Object],database,,,0,2026-06-24 06:00:00,
3484,WARNING,🚨 Moras Críticas Detectadas,Se detectaron 435 moras críticas que requieren atención inmediata,[object Object],"console,websocket,database",,,0,2026-06-24 06:00:00,
3485,WARNING,🚨 Moras Críticas Detectadas,Se detectaron 435 moras críticas que requieren atención inmediata,[object Object],database,,,0,2026-06-24 08:00:00,
3486,WARNING,🚨 Moras Críticas Detectadas,Se detectaron 435 moras críticas que requieren atención inmediata,[object Object],"console,websocket,database",,,0,2026-06-24 08:00:00,
3487,WARNING,🚨 Moras Críticas Detectadas,Se detectaron 435 moras críticas que requieren atención inmediata,[object Object],database,,,0,2026-06-24 10:00:00,
3488,WARNING,🚨 Moras Críticas Detectadas,Se detectaron 435 moras críticas que requieren atención inmediata,[object Object],"console,websocket,database",,,0,2026-06-24 10:00:00,
3489,WARNING,🚨 Moras Críticas Detectadas,Se detectaron 435 moras críticas que requieren atención inmediata,[object Object],database,,,0,2026-06-24 12:00:00,
3490,WARNING,🚨 Moras Críticas Detectadas,Se detectaron 435 moras críticas que requieren atención inmediata,[object Object],"console,websocket,database",,,0,2026-06-24 12:00:00,
3491,WARNING,🚨 Moras Críticas Detectadas,Se detectaron 435 moras críticas que requieren atención inmediata,[object Object],database,,,0,2026-06-24 14:00:00,
3492,WARNING,🚨 Moras Críticas Detectadas,Se detectaron 435 moras críticas que requieren atención inmediata,[object Object],"console,websocket,database",,,0,2026-06-24 14:00:00,
3493,INFO,📊 Resumen Diario de Cartera,Vigente: 305 préstamos | Vencida: 326 préstamos,[object Object],database,,,0,2026-06-24 15:00:00,
3494,INFO,📊 Resumen Diario de Cartera,Vigente: 305 préstamos | Vencida: 326 préstamos,[object Object],"console,websocket,database",,,0,2026-06-24 15:00:00,
3495,WARNING,🚨 Moras Críticas Detectadas,Se detectaron 432 moras críticas que requieren atención inmediata,[object Object],database,,,0,2026-06-24 16:00:00,
3496,WARNING,🚨 Moras Críticas Detectadas,Se detectaron 432 moras críticas que requieren atención inmediata,[object Object],"console,websocket,database",,,0,2026-06-24 16:00:00,
3497,INFO,📊 Resumen Diario de Cartera,Vigente: 305 préstamos | Vencida: 326 préstamos,[object Object],database,,,0,2026-06-24 16:00:00,
3498,INFO,📊 Resumen Diario de Cartera,Vigente: 305 préstamos | Vencida: 326 préstamos,[object Object],"console,websocket,database",,,0,2026-06-24 16:00:00,
3499,INFO,📊 Resumen Diario de Cartera,Vigente: 305 préstamos | Vencida: 326 préstamos,[object Object],database,,,0,2026-06-24 17:00:00,
3500,INFO,📊 Resumen Diario de Cartera,Vigente: 305 préstamos | Vencida: 326 préstamos,[object Object],"console,websocket,database",,,0,2026-06-24 17:00:00,
3501,WARNING,🚨 Moras Críticas Detectadas,Se detectaron 432 moras críticas que requieren atención inmediata,[object Object],database,,,0,2026-06-24 18:00:00,
3502,WARNING,🚨 Moras Críticas Detectadas,Se detectaron 432 moras críticas que requieren atención inmediata,[object Object],"console,websocket,database",,,0,2026-06-24 18:00:00,
3503,INFO,📊 Resumen Diario de Cartera,Vigente: 305 préstamos | Vencida: 326 préstamos,[object Object],database,,,0,2026-06-24 18:00:00,
3504,INFO,📊 Resumen Diario de Cartera,Vigente: 305 préstamos | Vencida: 326 préstamos,[object Object],"console,websocket,database",,,0,2026-06-24 18:00:00,
3505,INFO,📊 Resumen Diario de Cartera,Vigente: 305 préstamos | Vencida: 326 préstamos,[object Object],database,,,0,2026-06-24 19:00:00,
3506,INFO,📊 Resumen Diario de Cartera,Vigente: 305 préstamos | Vencida: 326 préstamos,[object Object],"console,websocket,database",,,0,2026-06-24 19:00:00,
3507,WARNING,🚨 Moras Críticas Detectadas,Se detectaron 428 moras críticas que requieren atención inmediata,[object Object],database,,,0,2026-06-24 20:00:00,
3508,WARNING,🚨 Moras Críticas Detectadas,Se detectaron 428 moras críticas que requieren atención inmediata,[object Object],"console,websocket,database",,,0,2026-06-24 20:00:00,
3509,INFO,📊 Resumen Diario de Cartera,Vigente: 307 préstamos | Vencida: 324 préstamos,[object Object],database,,,0,2026-06-24 20:00:00,
3510,INFO,📊 Resumen Diario de Cartera,Vigente: 307 préstamos | Vencida: 324 préstamos,[object Object],"console,websocket,database",,,0,2026-06-24 20:00:00,
3511,INFO,📊 Resumen Diario de Cartera,Vigente: 308 préstamos | Vencida: 322 préstamos,[object Object],database,,,0,2026-06-24 21:00:00,
3512,INFO,📊 Resumen Diario de Cartera,Vigente: 308 préstamos | Vencida: 322 préstamos,[object Object],"console,websocket,database",,,0,2026-06-24 21:00:00,
3513,WARNING,🚨 Moras Críticas Detectadas,Se detectaron 426 moras críticas que requieren atención inmediata,[object Object],database,,,0,2026-06-24 22:00:00,
3514,WARNING,🚨 Moras Críticas Detectadas,Se detectaron 426 moras críticas que requieren atención inmediata,[object Object],"console,websocket,database",,,0,2026-06-24 22:00:00,
3515,INFO,📊 Resumen Diario de Cartera,Vigente: 308 préstamos | Vencida: 321 préstamos,[object Object],database,,,0,2026-06-24 22:00:00,
3516,INFO,📊 Resumen Diario de Cartera,Vigente: 308 préstamos | Vencida: 321 préstamos,[object Object],"console,websocket,database",,,0,2026-06-24 22:00:00,
3517,INFO,📊 Resumen Diario de Cartera,Vigente: 308 préstamos | Vencida: 321 préstamos,[object Object],database,,,0,2026-06-24 23:00:00,
3518,INFO,📊 Resumen Diario de Cartera,Vigente: 308 préstamos | Vencida: 321 préstamos,[object Object],"console,websocket,database",,,0,2026-06-24 23:00:00,
3519,WARNING,🚨 Moras Críticas Detectadas,Se detectaron 426 moras críticas que requieren atención inmediata,[object Object],database,,,0,2026-06-25 00:00:00,
3520,WARNING,🚨 Moras Críticas Detectadas,Se detectaron 426 moras críticas que requieren atención inmediata,[object Object],"console,websocket,database",,,0,2026-06-25 00:00:00,
3521,INFO,📊 Resumen Diario de Cartera,Vigente: 293 préstamos | Vencida: 336 préstamos,[object Object],database,,,0,2026-06-25 00:00:00,
3522,INFO,📊 Resumen Diario de Cartera,Vigente: 293 préstamos | Vencida: 336 préstamos,[object Object],"console,websocket,database",,,0,2026-06-25 00:00:00,
3523,INFO,📊 Resumen Diario de Cartera,Vigente: 293 préstamos | Vencida: 336 préstamos,[object Object],database,,,0,2026-06-25 01:00:00,
3524,INFO,📊 Resumen Diario de Cartera,Vigente: 293 préstamos | Vencida: 336 préstamos,[object Object],"console,websocket,database",,,0,2026-06-25 01:00:00,
3525,INFO,📊 Resumen Diario de Cartera,Vigente: 293 préstamos | Vencida: 336 préstamos,[object Object],database,,,0,2026-06-25 01:28:03,
3526,INFO,📊 Resumen Diario de Cartera,Vigente: 293 préstamos | Vencida: 336 préstamos,[object Object],"console,websocket,database",,,0,2026-06-25 01:28:03,
3527,INFO,✅ Proceso de Mora Completado,Proceso automático de mora ejecutado exitosamente en 5913ms,[object Object],database,,,0,2026-06-25 01:28:09,
3528,INFO,✅ Proceso de Mora Completado,Proceso automático de mora ejecutado exitosamente en 5913ms,[object Object],"console,websocket,database",,,0,2026-06-25 01:28:09,
3529,WARNING,🚨 Moras Críticas Detectadas,Se detectaron 430 moras críticas que requieren atención inmediata,[object Object],database,,,0,2026-06-25 02:00:00,
3530,WARNING,🚨 Moras Críticas Detectadas,Se detectaron 430 moras críticas que requieren atención inmediata,[object Object],"console,websocket,database",,,0,2026-06-25 02:00:00,
3531,INFO,✅ Proceso de Mora Completado,Proceso automático de mora ejecutado exitosamente en 3192ms,[object Object],database,,,0,2026-06-25 02:00:03,
3532,INFO,✅ Proceso de Mora Completado,Proceso automático de mora ejecutado exitosamente en 3192ms,[object Object],"console,websocket,database",,,0,2026-06-25 02:00:03,
3533,WARNING,🚨 Moras Críticas Detectadas,Se detectaron 430 moras críticas que requieren atención inmediata,[object Object],database,,,0,2026-06-25 04:00:00,
3534,WARNING,🚨 Moras Críticas Detectadas,Se detectaron 430 moras críticas que requieren atención inmediata,[object Object],"console,websocket,database",,,0,2026-06-25 04:00:00,
3535,WARNING,🚨 Moras Críticas Detectadas,Se detectaron 430 moras críticas que requieren atención inmediata,[object Object],database,,,0,2026-06-25 06:00:00,
3536,WARNING,🚨 Moras Críticas Detectadas,Se detectaron 430 moras críticas que requieren atención inmediata,[object Object],"console,websocket,database",,,0,2026-06-25 06:00:00,
3537,WARNING,🚨 Moras Críticas Detectadas,Se detectaron 430 moras críticas que requieren atención inmediata,[object Object],database,,,0,2026-06-25 08:00:00,
3538,WARNING,🚨 Moras Críticas Detectadas,Se detectaron 430 moras críticas que requieren atención inmediata,[object Object],"console,websocket,database",,,0,2026-06-25 08:00:00,
3539,WARNING,🚨 Moras Críticas Detectadas,Se detectaron 430 moras críticas que requieren atención inmediata,[object Object],database,,,0,2026-06-25 10:00:00,
3540,WARNING,🚨 Moras Críticas Detectadas,Se detectaron 430 moras críticas que requieren atención inmediata,[object Object],"console,websocket,database",,,0,2026-06-25 10:00:00,
3541,WARNING,🚨 Moras Críticas Detectadas,Se detectaron 430 moras críticas que requieren atención inmediata,[object Object],database,,,0,2026-06-25 12:00:00,
3542,WARNING,🚨 Moras Críticas Detectadas,Se detectaron 430 moras críticas que requieren atención inmediata,[object Object],"console,websocket,database",,,0,2026-06-25 12:00:00,
3543,WARNING,🚨 Moras Críticas Detectadas,Se detectaron 430 moras críticas que requieren atención inmediata,[object Object],database,,,0,2026-06-25 14:00:00,
3544,WARNING,🚨 Moras Críticas Detectadas,Se detectaron 430 moras críticas que requieren atención inmediata,[object Object],"console,websocket,database",,,0,2026-06-25 14:00:00,
3545,INFO,📊 Resumen Diario de Cartera,Vigente: 293 préstamos | Vencida: 336 préstamos,[object Object],database,,,0,2026-06-25 15:00:00,
3546,INFO,📊 Resumen Diario de Cartera,Vigente: 293 préstamos | Vencida: 336 préstamos,[object Object],"console,websocket,database",,,0,2026-06-25 15:00:00,
3547,WARNING,🚨 Moras Críticas Detectadas,Se detectaron 430 moras críticas que requieren atención inmediata,[object Object],database,,,0,2026-06-25 16:00:00,
3548,WARNING,🚨 Moras Críticas Detectadas,Se detectaron 430 moras críticas que requieren atención inmediata,[object Object],"console,websocket,database",,,0,2026-06-25 16:00:00,
3549,INFO,📊 Resumen Diario de Cartera,Vigente: 293 préstamos | Vencida: 336 préstamos,[object Object],database,,,0,2026-06-25 16:00:00,
3550,INFO,📊 Resumen Diario de Cartera,Vigente: 293 préstamos | Vencida: 336 préstamos,[object Object],"console,websocket,database",,,0,2026-06-25 16:00:00,
3551,INFO,📊 Resumen Diario de Cartera,Vigente: 293 préstamos | Vencida: 336 préstamos,[object Object],database,,,0,2026-06-25 16:20:28,
3552,INFO,📊 Resumen Diario de Cartera,Vigente: 293 préstamos | Vencida: 336 préstamos,[object Object],"console,websocket,database",,,0,2026-06-25 16:20:28,
3553,INFO,✅ Proceso de Mora Completado,Proceso automático de mora ejecutado exitosamente en 2804ms,[object Object],database,,,0,2026-06-25 16:20:31,
3554,INFO,✅ Proceso de Mora Completado,Proceso automático de mora ejecutado exitosamente en 2804ms,[object Object],"console,websocket,database",,,0,2026-06-25 16:20:31,
3555,INFO,📊 Resumen Diario de Cartera,Vigente: 293 préstamos | Vencida: 336 préstamos,[object Object],database,,,0,2026-06-25 17:00:00,
3556,INFO,📊 Resumen Diario de Cartera,Vigente: 293 préstamos | Vencida: 336 préstamos,[object Object],"console,websocket,database",,,0,2026-06-25 17:00:00,
3557,WARNING,🚨 Moras Críticas Detectadas,Se detectaron 430 moras críticas que requieren atención inmediata,[object Object],database,,,0,2026-06-25 18:00:00,
3558,WARNING,🚨 Moras Críticas Detectadas,Se detectaron 430 moras críticas que requieren atención inmediata,[object Object],"console,websocket,database",,,0,2026-06-25 18:00:00,
3559,INFO,📊 Resumen Diario de Cartera,Vigente: 293 préstamos | Vencida: 336 préstamos,[object Object],database,,,0,2026-06-25 18:00:00,
3560,INFO,📊 Resumen Diario de Cartera,Vigente: 293 préstamos | Vencida: 336 préstamos,[object Object],"console,websocket,database",,,0,2026-06-25 18:00:00,
3561,INFO,📊 Resumen Diario de Cartera,Vigente: 293 préstamos | Vencida: 336 préstamos,[object Object],database,,,0,2026-06-25 19:00:00,
3562,INFO,📊 Resumen Diario de Cartera,Vigente: 293 préstamos | Vencida: 336 préstamos,[object Object],"console,websocket,database",,,0,2026-06-25 19:00:00,
3563,WARNING,🚨 Moras Críticas Detectadas,Se detectaron 430 moras críticas que requieren atención inmediata,[object Object],database,,,0,2026-06-25 20:00:00,
3564,WARNING,🚨 Moras Críticas Detectadas,Se detectaron 430 moras críticas que requieren atención inmediata,[object Object],"console,websocket,database",,,0,2026-06-25 20:00:00,
3565,INFO,📊 Resumen Diario de Cartera,Vigente: 292 préstamos | Vencida: 336 préstamos,[object Object],database,,,0,2026-06-25 20:00:00,
3566,INFO,📊 Resumen Diario de Cartera,Vigente: 292 préstamos | Vencida: 336 préstamos,[object Object],"console,websocket,database",,,0,2026-06-25 20:00:00,
3567,INFO,📊 Resumen Diario de Cartera,Vigente: 292 préstamos | Vencida: 336 préstamos,[object Object],database,,,0,2026-06-25 21:00:00,
3568,INFO,📊 Resumen Diario de Cartera,Vigente: 292 préstamos | Vencida: 336 préstamos,[object Object],"console,websocket,database",,,0,2026-06-25 21:00:00,
3569,WARNING,🚨 Moras Críticas Detectadas,Se detectaron 430 moras críticas que requieren atención inmediata,[object Object],database,,,0,2026-06-25 22:00:00,
3570,WARNING,🚨 Moras Críticas Detectadas,Se detectaron 430 moras críticas que requieren atención inmediata,[object Object],"console,websocket,database",,,0,2026-06-25 22:00:00,
3571,INFO,📊 Resumen Diario de Cartera,Vigente: 294 préstamos | Vencida: 336 préstamos,[object Object],database,,,0,2026-06-25 22:00:01,
3572,INFO,📊 Resumen Diario de Cartera,Vigente: 294 préstamos | Vencida: 336 préstamos,[object Object],"console,websocket,database",,,0,2026-06-25 22:00:01,
3573,INFO,📊 Resumen Diario de Cartera,Vigente: 302 préstamos | Vencida: 330 préstamos,[object Object],database,,,0,2026-06-25 23:00:00,
3574,INFO,📊 Resumen Diario de Cartera,Vigente: 302 préstamos | Vencida: 330 préstamos,[object Object],"console,websocket,database",,,0,2026-06-25 23:00:00,
3575,WARNING,🚨 Moras Críticas Detectadas,Se detectaron 430 moras críticas que requieren atención inmediata,[object Object],database,,,0,2026-06-26 00:00:00,
3576,WARNING,🚨 Moras Críticas Detectadas,Se detectaron 430 moras críticas que requieren atención inmediata,[object Object],"console,websocket,database",,,0,2026-06-26 00:00:00,
3577,INFO,📊 Resumen Diario de Cartera,Vigente: 296 préstamos | Vencida: 336 préstamos,[object Object],database,,,0,2026-06-26 00:00:00,
3578,INFO,📊 Resumen Diario de Cartera,Vigente: 296 préstamos | Vencida: 336 préstamos,[object Object],"console,websocket,database",,,0,2026-06-26 00:00:00,
3579,INFO,📊 Resumen Diario de Cartera,Vigente: 296 préstamos | Vencida: 336 préstamos,[object Object],database,,,0,2026-06-26 01:00:00,
3580,INFO,📊 Resumen Diario de Cartera,Vigente: 296 préstamos | Vencida: 336 préstamos,[object Object],"console,websocket,database",,,0,2026-06-26 01:00:00,
3581,WARNING,🚨 Moras Críticas Detectadas,Se detectaron 430 moras críticas que requieren atención inmediata,[object Object],database,,,0,2026-06-26 02:00:00,
3582,WARNING,🚨 Moras Críticas Detectadas,Se detectaron 430 moras críticas que requieren atención inmediata,[object Object],"console,websocket,database",,,0,2026-06-26 02:00:00,
3583,INFO,✅ Proceso de Mora Completado,Proceso automático de mora ejecutado exitosamente en 9455ms,[object Object],database,,,0,2026-06-26 02:00:09,
3584,INFO,✅ Proceso de Mora Completado,Proceso automático de mora ejecutado exitosamente en 9455ms,[object Object],"console,websocket,database",,,0,2026-06-26 02:00:09,
3585,WARNING,🚨 Moras Críticas Detectadas,Se detectaron 430 moras críticas que requieren atención inmediata,[object Object],database,,,0,2026-06-26 04:00:00,
3586,WARNING,🚨 Moras Críticas Detectadas,Se detectaron 430 moras críticas que requieren atención inmediata,[object Object],"console,websocket,database",,,0,2026-06-26 04:00:00,
3587,WARNING,🚨 Moras Críticas Detectadas,Se detectaron 430 moras críticas que requieren atención inmediata,[object Object],database,,,0,2026-06-26 06:00:00,
3588,WARNING,🚨 Moras Críticas Detectadas,Se detectaron 430 moras críticas que requieren atención inmediata,[object Object],"console,websocket,database",,,0,2026-06-26 06:00:00,
3589,WARNING,🚨 Moras Críticas Detectadas,Se detectaron 430 moras críticas que requieren atención inmediata,[object Object],database,,,0,2026-06-26 08:00:00,
3590,WARNING,🚨 Moras Críticas Detectadas,Se detectaron 430 moras críticas que requieren atención inmediata,[object Object],"console,websocket,database",,,0,2026-06-26 08:00:00,
3591,WARNING,🚨 Moras Críticas Detectadas,Se detectaron 430 moras críticas que requieren atención inmediata,[object Object],database,,,0,2026-06-26 10:00:00,
3592,WARNING,🚨 Moras Críticas Detectadas,Se detectaron 430 moras críticas que requieren atención inmediata,[object Object],"console,websocket,database",,,0,2026-06-26 10:00:00,
3593,WARNING,🚨 Moras Críticas Detectadas,Se detectaron 430 moras críticas que requieren atención inmediata,[object Object],database,,,0,2026-06-26 12:00:00,
3594,WARNING,🚨 Moras Críticas Detectadas,Se detectaron 430 moras críticas que requieren atención inmediata,[object Object],"console,websocket,database",,,0,2026-06-26 12:00:00,
3595,WARNING,🚨 Moras Críticas Detectadas,Se detectaron 430 moras críticas que requieren atención inmediata,[object Object],database,,,0,2026-06-26 14:00:00,
3596,WARNING,🚨 Moras Críticas Detectadas,Se detectaron 430 moras críticas que requieren atención inmediata,[object Object],"console,websocket,database",,,0,2026-06-26 14:00:00,
3597,INFO,📊 Resumen Diario de Cartera,Vigente: 296 préstamos | Vencida: 336 préstamos,[object Object],database,,,0,2026-06-26 15:00:00,
3598,INFO,📊 Resumen Diario de Cartera,Vigente: 296 préstamos | Vencida: 336 préstamos,[object Object],"console,websocket,database",,,0,2026-06-26 15:00:00,
3599,WARNING,🚨 Moras Críticas Detectadas,Se detectaron 429 moras críticas que requieren atención inmediata,[object Object],database,,,0,2026-06-26 16:00:00,
3600,WARNING,🚨 Moras Críticas Detectadas,Se detectaron 429 moras críticas que requieren atención inmediata,[object Object],"console,websocket,database",,,0,2026-06-26 16:00:00,
3601,INFO,📊 Resumen Diario de Cartera,Vigente: 295 préstamos | Vencida: 336 préstamos,[object Object],database,,,0,2026-06-26 16:00:00,
3602,INFO,📊 Resumen Diario de Cartera,Vigente: 295 préstamos | Vencida: 336 préstamos,[object Object],"console,websocket,database",,,0,2026-06-26 16:00:00,
3603,INFO,📊 Resumen Diario de Cartera,Vigente: 295 préstamos | Vencida: 336 préstamos,[object Object],database,,,0,2026-06-26 17:00:00,
3604,INFO,📊 Resumen Diario de Cartera,Vigente: 295 préstamos | Vencida: 336 préstamos,[object Object],"console,websocket,database",,,0,2026-06-26 17:00:00,
3605,WARNING,🚨 Moras Críticas Detectadas,Se detectaron 429 moras críticas que requieren atención inmediata,[object Object],database,,,0,2026-06-26 18:00:00,
3606,WARNING,🚨 Moras Críticas Detectadas,Se detectaron 429 moras críticas que requieren atención inmediata,[object Object],"console,websocket,database",,,0,2026-06-26 18:00:00,
3607,INFO,📊 Resumen Diario de Cartera,Vigente: 295 préstamos | Vencida: 336 préstamos,[object Object],database,,,0,2026-06-26 18:00:00,
3608,INFO,📊 Resumen Diario de Cartera,Vigente: 295 préstamos | Vencida: 336 préstamos,[object Object],"console,websocket,database",,,0,2026-06-26 18:00:00,
3609,INFO,📊 Resumen Diario de Cartera,Vigente: 295 préstamos | Vencida: 336 préstamos,[object Object],database,,,0,2026-06-26 19:00:00,
3610,INFO,📊 Resumen Diario de Cartera,Vigente: 295 préstamos | Vencida: 336 préstamos,[object Object],"console,websocket,database",,,0,2026-06-26 19:00:00,
3611,WARNING,🚨 Moras Críticas Detectadas,Se detectaron 429 moras críticas que requieren atención inmediata,[object Object],database,,,0,2026-06-26 20:00:00,
3612,WARNING,🚨 Moras Críticas Detectadas,Se detectaron 429 moras críticas que requieren atención inmediata,[object Object],"console,websocket,database",,,0,2026-06-26 20:00:00,
3613,INFO,📊 Resumen Diario de Cartera,Vigente: 295 préstamos | Vencida: 336 préstamos,[object Object],database,,,0,2026-06-26 20:00:00,
3614,INFO,📊 Resumen Diario de Cartera,Vigente: 295 préstamos | Vencida: 336 préstamos,[object Object],"console,websocket,database",,,0,2026-06-26 20:00:00,
3615,INFO,📊 Resumen Diario de Cartera,Vigente: 295 préstamos | Vencida: 336 préstamos,[object Object],database,,,0,2026-06-26 21:00:00,
3616,INFO,📊 Resumen Diario de Cartera,Vigente: 295 préstamos | Vencida: 336 préstamos,[object Object],"console,websocket,database",,,0,2026-06-26 21:00:00,
3617,WARNING,🚨 Moras Críticas Detectadas,Se detectaron 429 moras críticas que requieren atención inmediata,[object Object],database,,,0,2026-06-26 22:00:00,
3618,WARNING,🚨 Moras Críticas Detectadas,Se detectaron 429 moras críticas que requieren atención inmediata,[object Object],"console,websocket,database",,,0,2026-06-26 22:00:00,
3619,INFO,📊 Resumen Diario de Cartera,Vigente: 295 préstamos | Vencida: 336 préstamos,[object Object],database,,,0,2026-06-26 22:00:00,
3620,INFO,📊 Resumen Diario de Cartera,Vigente: 295 préstamos | Vencida: 336 préstamos,[object Object],"console,websocket,database",,,0,2026-06-26 22:00:00,
3621,INFO,📊 Resumen Diario de Cartera,Vigente: 301 préstamos | Vencida: 333 préstamos,[object Object],database,,,0,2026-06-26 23:00:00,
3622,INFO,📊 Resumen Diario de Cartera,Vigente: 301 préstamos | Vencida: 333 préstamos,[object Object],"console,websocket,database",,,0,2026-06-26 23:00:00,
3623,WARNING,🚨 Moras Críticas Detectadas,Se detectaron 427 moras críticas que requieren atención inmediata,[object Object],database,,,0,2026-06-27 00:00:00,
3624,WARNING,🚨 Moras Críticas Detectadas,Se detectaron 427 moras críticas que requieren atención inmediata,[object Object],"console,websocket,database",,,0,2026-06-27 00:00:00,
3625,INFO,📊 Resumen Diario de Cartera,Vigente: 230 préstamos | Vencida: 404 préstamos,[object Object],database,,,0,2026-06-27 00:00:00,
3626,INFO,📊 Resumen Diario de Cartera,Vigente: 230 préstamos | Vencida: 404 préstamos,[object Object],"console,websocket,database",,,0,2026-06-27 00:00:00,
3627,INFO,📊 Resumen Diario de Cartera,Vigente: 230 préstamos | Vencida: 404 préstamos,[object Object],database,,,0,2026-06-27 01:00:00,
3628,INFO,📊 Resumen Diario de Cartera,Vigente: 230 préstamos | Vencida: 404 préstamos,[object Object],"console,websocket,database",,,0,2026-06-27 01:00:00,
3629,WARNING,🚨 Moras Críticas Detectadas,Se detectaron 427 moras críticas que requieren atención inmediata,[object Object],database,,,0,2026-06-27 02:00:00,
3630,WARNING,🚨 Moras Críticas Detectadas,Se detectaron 427 moras críticas que requieren atención inmediata,[object Object],"console,websocket,database",,,0,2026-06-27 02:00:00,
3631,INFO,✅ Proceso de Mora Completado,Proceso automático de mora ejecutado exitosamente en 8070ms,[object Object],database,,,0,2026-06-27 02:00:08,
3632,INFO,✅ Proceso de Mora Completado,Proceso automático de mora ejecutado exitosamente en 8070ms,[object Object],"console,websocket,database",,,0,2026-06-27 02:00:08,
3633,WARNING,🚨 Moras Críticas Detectadas,Se detectaron 449 moras críticas que requieren atención inmediata,[object Object],database,,,0,2026-06-27 04:00:00,
3634,WARNING,🚨 Moras Críticas Detectadas,Se detectaron 449 moras críticas que requieren atención inmediata,[object Object],"console,websocket,database",,,0,2026-06-27 04:00:00,
3635,WARNING,🚨 Moras Críticas Detectadas,Se detectaron 449 moras críticas que requieren atención inmediata,[object Object],database,,,0,2026-06-27 06:00:00,
3636,WARNING,🚨 Moras Críticas Detectadas,Se detectaron 449 moras críticas que requieren atención inmediata,[object Object],"console,websocket,database",,,0,2026-06-27 06:00:00,
3637,WARNING,🚨 Moras Críticas Detectadas,Se detectaron 449 moras críticas que requieren atención inmediata,[object Object],database,,,0,2026-06-27 08:00:00,
3638,WARNING,🚨 Moras Críticas Detectadas,Se detectaron 449 moras críticas que requieren atención inmediata,[object Object],"console,websocket,database",,,0,2026-06-27 08:00:00,
3639,WARNING,🚨 Moras Críticas Detectadas,Se detectaron 449 moras críticas que requieren atención inmediata,[object Object],database,,,0,2026-06-27 10:00:00,
3640,WARNING,🚨 Moras Críticas Detectadas,Se detectaron 449 moras críticas que requieren atención inmediata,[object Object],"console,websocket,database",,,0,2026-06-27 10:00:00,
3641,WARNING,🚨 Moras Críticas Detectadas,Se detectaron 449 moras críticas que requieren atención inmediata,[object Object],database,,,0,2026-06-27 12:00:00,
3642,WARNING,🚨 Moras Críticas Detectadas,Se detectaron 449 moras críticas que requieren atención inmediata,[object Object],"console,websocket,database",,,0,2026-06-27 12:00:00,
3643,WARNING,🚨 Moras Críticas Detectadas,Se detectaron 449 moras críticas que requieren atención inmediata,[object Object],database,,,0,2026-06-27 14:00:00,
3644,WARNING,🚨 Moras Críticas Detectadas,Se detectaron 449 moras críticas que requieren atención inmediata,[object Object],"console,websocket,database",,,0,2026-06-27 14:00:00,
3645,INFO,📊 Resumen Diario de Cartera,Vigente: 230 préstamos | Vencida: 404 préstamos,[object Object],database,,,0,2026-06-27 15:00:00,
3646,INFO,📊 Resumen Diario de Cartera,Vigente: 230 préstamos | Vencida: 404 préstamos,[object Object],"console,websocket,database",,,0,2026-06-27 15:00:00,
3647,WARNING,🚨 Moras Críticas Detectadas,Se detectaron 449 moras críticas que requieren atención inmediata,[object Object],database,,,0,2026-06-27 16:00:00,
3648,WARNING,🚨 Moras Críticas Detectadas,Se detectaron 449 moras críticas que requieren atención inmediata,[object Object],"console,websocket,database",,,0,2026-06-27 16:00:00,
3649,INFO,📊 Resumen Diario de Cartera,Vigente: 230 préstamos | Vencida: 404 préstamos,[object Object],database,,,0,2026-06-27 16:00:00,
3650,INFO,📊 Resumen Diario de Cartera,Vigente: 230 préstamos | Vencida: 404 préstamos,[object Object],"console,websocket,database",,,0,2026-06-27 16:00:00,
3651,INFO,📊 Resumen Diario de Cartera,Vigente: 230 préstamos | Vencida: 404 préstamos,[object Object],database,,,0,2026-06-27 17:00:00,
3652,INFO,📊 Resumen Diario de Cartera,Vigente: 230 préstamos | Vencida: 404 préstamos,[object Object],"console,websocket,database",,,0,2026-06-27 17:00:00,
3653,WARNING,🚨 Moras Críticas Detectadas,Se detectaron 449 moras críticas que requieren atención inmediata,[object Object],database,,,0,2026-06-27 18:00:00,
3654,WARNING,🚨 Moras Críticas Detectadas,Se detectaron 449 moras críticas que requieren atención inmediata,[object Object],"console,websocket,database",,,0,2026-06-27 18:00:00,
3655,INFO,📊 Resumen Diario de Cartera,Vigente: 230 préstamos | Vencida: 404 préstamos,[object Object],database,,,0,2026-06-27 18:00:00,
3656,INFO,📊 Resumen Diario de Cartera,Vigente: 230 préstamos | Vencida: 404 préstamos,[object Object],"console,websocket,database",,,0,2026-06-27 18:00:00,
3657,INFO,📊 Resumen Diario de Cartera,Vigente: 230 préstamos | Vencida: 404 préstamos,[object Object],database,,,0,2026-06-27 19:00:00,
3658,INFO,📊 Resumen Diario de Cartera,Vigente: 230 préstamos | Vencida: 404 préstamos,[object Object],"console,websocket,database",,,0,2026-06-27 19:00:00,
3659,WARNING,🚨 Moras Críticas Detectadas,Se detectaron 449 moras críticas que requieren atención inmediata,[object Object],database,,,0,2026-06-27 20:00:00,
3660,WARNING,🚨 Moras Críticas Detectadas,Se detectaron 449 moras críticas que requieren atención inmediata,[object Object],"console,websocket,database",,,0,2026-06-27 20:00:00,
3661,INFO,📊 Resumen Diario de Cartera,Vigente: 231 préstamos | Vencida: 403 préstamos,[object Object],database,,,0,2026-06-27 20:00:00,
3662,INFO,📊 Resumen Diario de Cartera,Vigente: 231 préstamos | Vencida: 403 préstamos,[object Object],"console,websocket,database",,,0,2026-06-27 20:00:00,
3663,INFO,📊 Resumen Diario de Cartera,Vigente: 231 préstamos | Vencida: 403 préstamos,[object Object],database,,,0,2026-06-27 21:00:00,
3664,INFO,📊 Resumen Diario de Cartera,Vigente: 231 préstamos | Vencida: 403 préstamos,[object Object],"console,websocket,database",,,0,2026-06-27 21:00:00,
3665,WARNING,🚨 Moras Críticas Detectadas,Se detectaron 449 moras críticas que requieren atención inmediata,[object Object],database,,,0,2026-06-27 22:00:00,
3666,WARNING,🚨 Moras Críticas Detectadas,Se detectaron 449 moras críticas que requieren atención inmediata,[object Object],"console,websocket,database",,,0,2026-06-27 22:00:00,
3667,INFO,📊 Resumen Diario de Cartera,Vigente: 231 préstamos | Vencida: 403 préstamos,[object Object],database,,,0,2026-06-27 22:00:00,
3668,INFO,📊 Resumen Diario de Cartera,Vigente: 231 préstamos | Vencida: 403 préstamos,[object Object],"console,websocket,database",,,0,2026-06-27 22:00:00,
3669,INFO,📊 Resumen Diario de Cartera,Vigente: 231 préstamos | Vencida: 403 préstamos,[object Object],database,,,0,2026-06-27 23:00:00,
3670,INFO,📊 Resumen Diario de Cartera,Vigente: 231 préstamos | Vencida: 403 préstamos,[object Object],"console,websocket,database",,,0,2026-06-27 23:00:00,
3671,WARNING,🚨 Moras Críticas Detectadas,Se detectaron 449 moras críticas que requieren atención inmediata,[object Object],database,,,0,2026-06-28 00:00:00,
3672,WARNING,🚨 Moras Críticas Detectadas,Se detectaron 449 moras críticas que requieren atención inmediata,[object Object],"console,websocket,database",,,0,2026-06-28 00:00:00,
3673,INFO,📊 Resumen Diario de Cartera,Vigente: 231 préstamos | Vencida: 403 préstamos,[object Object],database,,,0,2026-06-28 00:00:00,
3674,INFO,📊 Resumen Diario de Cartera,Vigente: 231 préstamos | Vencida: 403 préstamos,[object Object],"console,websocket,database",,,0,2026-06-28 00:00:00,
3675,INFO,📊 Resumen Diario de Cartera,Vigente: 231 préstamos | Vencida: 403 préstamos,[object Object],database,,,0,2026-06-28 01:00:00,
3676,INFO,📊 Resumen Diario de Cartera,Vigente: 231 préstamos | Vencida: 403 préstamos,[object Object],"console,websocket,database",,,0,2026-06-28 01:00:00,
3677,WARNING,🚨 Moras Críticas Detectadas,Se detectaron 449 moras críticas que requieren atención inmediata,[object Object],database,,,0,2026-06-28 02:00:00,
3678,WARNING,🚨 Moras Críticas Detectadas,Se detectaron 449 moras críticas que requieren atención inmediata,[object Object],"console,websocket,database",,,0,2026-06-28 02:00:00,
3679,INFO,✅ Proceso de Mora Completado,Proceso automático de mora ejecutado exitosamente en 8188ms,[object Object],database,,,0,2026-06-28 02:00:08,
3680,INFO,✅ Proceso de Mora Completado,Proceso automático de mora ejecutado exitosamente en 8188ms,[object Object],"console,websocket,database",,,0,2026-06-28 02:00:08,
3681,WARNING,🚨 Moras Críticas Detectadas,Se detectaron 462 moras críticas que requieren atención inmediata,[object Object],database,,,0,2026-06-28 04:00:00,
3682,WARNING,🚨 Moras Críticas Detectadas,Se detectaron 462 moras críticas que requieren atención inmediata,[object Object],"console,websocket,database",,,0,2026-06-28 04:00:00,
3683,WARNING,🚨 Moras Críticas Detectadas,Se detectaron 462 moras críticas que requieren atención inmediata,[object Object],database,,,0,2026-06-28 06:00:00,
3684,WARNING,🚨 Moras Críticas Detectadas,Se detectaron 462 moras críticas que requieren atención inmediata,[object Object],"console,websocket,database",,,0,2026-06-28 06:00:00,
3685,WARNING,🚨 Moras Críticas Detectadas,Se detectaron 462 moras críticas que requieren atención inmediata,[object Object],database,,,0,2026-06-28 08:00:00,
3686,WARNING,🚨 Moras Críticas Detectadas,Se detectaron 462 moras críticas que requieren atención inmediata,[object Object],"console,websocket,database",,,0,2026-06-28 08:00:00,
3687,WARNING,🚨 Moras Críticas Detectadas,Se detectaron 462 moras críticas que requieren atención inmediata,[object Object],database,,,0,2026-06-28 10:00:00,
3688,WARNING,🚨 Moras Críticas Detectadas,Se detectaron 462 moras críticas que requieren atención inmediata,[object Object],"console,websocket,database",,,0,2026-06-28 10:00:00,
3689,WARNING,🚨 Moras Críticas Detectadas,Se detectaron 462 moras críticas que requieren atención inmediata,[object Object],database,,,0,2026-06-28 12:00:00,
3690,WARNING,🚨 Moras Críticas Detectadas,Se detectaron 462 moras críticas que requieren atención inmediata,[object Object],"console,websocket,database",,,0,2026-06-28 12:00:00,
3691,WARNING,🚨 Moras Críticas Detectadas,Se detectaron 462 moras críticas que requieren atención inmediata,[object Object],database,,,0,2026-06-28 14:00:00,
3692,WARNING,🚨 Moras Críticas Detectadas,Se detectaron 462 moras críticas que requieren atención inmediata,[object Object],"console,websocket,database",,,0,2026-06-28 14:00:00,
3693,INFO,📊 Resumen Diario de Cartera,Vigente: 231 préstamos | Vencida: 403 préstamos,[object Object],database,,,0,2026-06-28 15:00:00,
3694,INFO,📊 Resumen Diario de Cartera,Vigente: 231 préstamos | Vencida: 403 préstamos,[object Object],"console,websocket,database",,,0,2026-06-28 15:00:00,
3695,WARNING,🚨 Moras Críticas Detectadas,Se detectaron 462 moras críticas que requieren atención inmediata,[object Object],database,,,0,2026-06-28 16:00:00,
3696,WARNING,🚨 Moras Críticas Detectadas,Se detectaron 462 moras críticas que requieren atención inmediata,[object Object],"console,websocket,database",,,0,2026-06-28 16:00:00,
3697,INFO,📊 Resumen Diario de Cartera,Vigente: 231 préstamos | Vencida: 403 préstamos,[object Object],database,,,0,2026-06-28 16:00:00,
3698,INFO,📊 Resumen Diario de Cartera,Vigente: 231 préstamos | Vencida: 403 préstamos,[object Object],"console,websocket,database",,,0,2026-06-28 16:00:00,
3699,INFO,📊 Resumen Diario de Cartera,Vigente: 231 préstamos | Vencida: 403 préstamos,[object Object],database,,,0,2026-06-28 17:00:00,
3700,INFO,📊 Resumen Diario de Cartera,Vigente: 231 préstamos | Vencida: 403 préstamos,[object Object],"console,websocket,database",,,0,2026-06-28 17:00:00,
3701,WARNING,🚨 Moras Críticas Detectadas,Se detectaron 462 moras críticas que requieren atención inmediata,[object Object],database,,,0,2026-06-28 18:00:00,
3702,WARNING,🚨 Moras Críticas Detectadas,Se detectaron 462 moras críticas que requieren atención inmediata,[object Object],"console,websocket,database",,,0,2026-06-28 18:00:00,
3703,INFO,📊 Resumen Diario de Cartera,Vigente: 231 préstamos | Vencida: 403 préstamos,[object Object],database,,,0,2026-06-28 18:00:00,
3704,INFO,📊 Resumen Diario de Cartera,Vigente: 231 préstamos | Vencida: 403 préstamos,[object Object],"console,websocket,database",,,0,2026-06-28 18:00:00,
3705,INFO,📊 Resumen Diario de Cartera,Vigente: 231 préstamos | Vencida: 403 préstamos,[object Object],database,,,0,2026-06-28 19:00:00,
3706,INFO,📊 Resumen Diario de Cartera,Vigente: 231 préstamos | Vencida: 403 préstamos,[object Object],"console,websocket,database",,,0,2026-06-28 19:00:00,
3707,WARNING,🚨 Moras Críticas Detectadas,Se detectaron 462 moras críticas que requieren atención inmediata,[object Object],database,,,0,2026-06-28 20:00:00,
3708,WARNING,🚨 Moras Críticas Detectadas,Se detectaron 462 moras críticas que requieren atención inmediata,[object Object],"console,websocket,database",,,0,2026-06-28 20:00:00,
3709,INFO,📊 Resumen Diario de Cartera,Vigente: 231 préstamos | Vencida: 403 préstamos,[object Object],database,,,0,2026-06-28 20:00:00,
3710,INFO,📊 Resumen Diario de Cartera,Vigente: 231 préstamos | Vencida: 403 préstamos,[object Object],"console,websocket,database",,,0,2026-06-28 20:00:00,
3711,INFO,📊 Resumen Diario de Cartera,Vigente: 231 préstamos | Vencida: 403 préstamos,[object Object],database,,,0,2026-06-28 21:00:00,
3712,INFO,📊 Resumen Diario de Cartera,Vigente: 231 préstamos | Vencida: 403 préstamos,[object Object],"console,websocket,database",,,0,2026-06-28 21:00:00,
3713,WARNING,🚨 Moras Críticas Detectadas,Se detectaron 462 moras críticas que requieren atención inmediata,[object Object],database,,,0,2026-06-28 22:00:00,
3714,WARNING,🚨 Moras Críticas Detectadas,Se detectaron 462 moras críticas que requieren atención inmediata,[object Object],"console,websocket,database",,,0,2026-06-28 22:00:00,
3715,INFO,📊 Resumen Diario de Cartera,Vigente: 231 préstamos | Vencida: 403 préstamos,[object Object],database,,,0,2026-06-28 22:00:00,
3716,INFO,📊 Resumen Diario de Cartera,Vigente: 231 préstamos | Vencida: 403 préstamos,[object Object],"console,websocket,database",,,0,2026-06-28 22:00:00,
3717,INFO,📊 Resumen Diario de Cartera,Vigente: 231 préstamos | Vencida: 403 préstamos,[object Object],database,,,0,2026-06-28 23:00:00,
3718,INFO,📊 Resumen Diario de Cartera,Vigente: 231 préstamos | Vencida: 403 préstamos,[object Object],"console,websocket,database",,,0,2026-06-28 23:00:00,
3719,WARNING,🚨 Moras Críticas Detectadas,Se detectaron 462 moras críticas que requieren atención inmediata,[object Object],database,,,0,2026-06-29 00:00:00,
3720,WARNING,🚨 Moras Críticas Detectadas,Se detectaron 462 moras críticas que requieren atención inmediata,[object Object],"console,websocket,database",,,0,2026-06-29 00:00:00,
3721,INFO,📊 Resumen Diario de Cartera,Vigente: 231 préstamos | Vencida: 403 préstamos,[object Object],database,,,0,2026-06-29 00:00:00,
3722,INFO,📊 Resumen Diario de Cartera,Vigente: 231 préstamos | Vencida: 403 préstamos,[object Object],"console,websocket,database",,,0,2026-06-29 00:00:00,
3723,INFO,📊 Resumen Diario de Cartera,Vigente: 231 préstamos | Vencida: 403 préstamos,[object Object],database,,,0,2026-06-29 01:00:00,
3724,INFO,📊 Resumen Diario de Cartera,Vigente: 231 préstamos | Vencida: 403 préstamos,[object Object],"console,websocket,database",,,0,2026-06-29 01:00:00,
3725,WARNING,🚨 Moras Críticas Detectadas,Se detectaron 462 moras críticas que requieren atención inmediata,[object Object],database,,,0,2026-06-29 02:00:00,
3726,WARNING,🚨 Moras Críticas Detectadas,Se detectaron 462 moras críticas que requieren atención inmediata,[object Object],"console,websocket,database",,,0,2026-06-29 02:00:00,
3727,INFO,✅ Proceso de Mora Completado,Proceso automático de mora ejecutado exitosamente en 11164ms,[object Object],database,,,0,2026-06-29 02:00:11,
3728,INFO,✅ Proceso de Mora Completado,Proceso automático de mora ejecutado exitosamente en 11164ms,[object Object],"console,websocket,database",,,0,2026-06-29 02:00:11,
3729,WARNING,🚨 Moras Críticas Detectadas,Se detectaron 511 moras críticas que requieren atención inmediata,[object Object],database,,,0,2026-06-29 04:00:00,
3730,WARNING,🚨 Moras Críticas Detectadas,Se detectaron 511 moras críticas que requieren atención inmediata,[object Object],"console,websocket,database",,,0,2026-06-29 04:00:00,
3731,WARNING,🚨 Moras Críticas Detectadas,Se detectaron 511 moras críticas que requieren atención inmediata,[object Object],database,,,0,2026-06-29 06:00:00,
3732,WARNING,🚨 Moras Críticas Detectadas,Se detectaron 511 moras críticas que requieren atención inmediata,[object Object],"console,websocket,database",,,0,2026-06-29 06:00:00,
3733,WARNING,🚨 Moras Críticas Detectadas,Se detectaron 511 moras críticas que requieren atención inmediata,[object Object],database,,,0,2026-06-29 08:00:00,
3734,WARNING,🚨 Moras Críticas Detectadas,Se detectaron 511 moras críticas que requieren atención inmediata,[object Object],"console,websocket,database",,,0,2026-06-29 08:00:00,
3735,WARNING,🚨 Moras Críticas Detectadas,Se detectaron 511 moras críticas que requieren atención inmediata,[object Object],database,,,0,2026-06-29 10:00:00,
3736,WARNING,🚨 Moras Críticas Detectadas,Se detectaron 511 moras críticas que requieren atención inmediata,[object Object],"console,websocket,database",,,0,2026-06-29 10:00:00,
3737,WARNING,🚨 Moras Críticas Detectadas,Se detectaron 511 moras críticas que requieren atención inmediata,[object Object],database,,,0,2026-06-29 12:00:00,
3738,WARNING,🚨 Moras Críticas Detectadas,Se detectaron 511 moras críticas que requieren atención inmediata,[object Object],"console,websocket,database",,,0,2026-06-29 12:00:00,
3739,WARNING,🚨 Moras Críticas Detectadas,Se detectaron 511 moras críticas que requieren atención inmediata,[object Object],database,,,0,2026-06-29 14:00:00,
3740,WARNING,🚨 Moras Críticas Detectadas,Se detectaron 511 moras críticas que requieren atención inmediata,[object Object],"console,websocket,database",,,0,2026-06-29 14:00:00,
3741,INFO,📊 Resumen Diario de Cartera,Vigente: 231 préstamos | Vencida: 403 préstamos,[object Object],database,,,0,2026-06-29 15:00:00,
3742,INFO,📊 Resumen Diario de Cartera,Vigente: 231 préstamos | Vencida: 403 préstamos,[object Object],"console,websocket,database",,,0,2026-06-29 15:00:00,
3743,WARNING,🚨 Moras Críticas Detectadas,Se detectaron 511 moras críticas que requieren atención inmediata,[object Object],database,,,0,2026-06-29 16:00:00,
3744,WARNING,🚨 Moras Críticas Detectadas,Se detectaron 511 moras críticas que requieren atención inmediata,[object Object],"console,websocket,database",,,0,2026-06-29 16:00:00,
3745,INFO,📊 Resumen Diario de Cartera,Vigente: 231 préstamos | Vencida: 403 préstamos,[object Object],database,,,0,2026-06-29 16:00:00,
3746,INFO,📊 Resumen Diario de Cartera,Vigente: 231 préstamos | Vencida: 403 préstamos,[object Object],"console,websocket,database",,,0,2026-06-29 16:00:00,
3747,INFO,📊 Resumen Diario de Cartera,Vigente: 231 préstamos | Vencida: 403 préstamos,[object Object],database,,,0,2026-06-29 16:37:36,
3748,INFO,📊 Resumen Diario de Cartera,Vigente: 231 préstamos | Vencida: 403 préstamos,[object Object],"console,websocket,database",,,0,2026-06-29 16:37:36,
3749,INFO,✅ Proceso de Mora Completado,Proceso automático de mora ejecutado exitosamente en 1951ms,[object Object],database,,,0,2026-06-29 16:37:38,
3750,INFO,✅ Proceso de Mora Completado,Proceso automático de mora ejecutado exitosamente en 1951ms,[object Object],"console,websocket,database",,,0,2026-06-29 16:37:38,
3751,INFO,📊 Resumen Diario de Cartera,Vigente: 231 préstamos | Vencida: 403 préstamos,[object Object],database,,,0,2026-06-29 17:00:02,
3752,INFO,📊 Resumen Diario de Cartera,Vigente: 231 préstamos | Vencida: 403 préstamos,[object Object],"console,websocket,database",,,0,2026-06-29 17:00:02,
3753,WARNING,🚨 Moras Críticas Detectadas,Se detectaron 511 moras críticas que requieren atención inmediata,[object Object],database,,,0,2026-06-29 18:00:02,
3754,WARNING,🚨 Moras Críticas Detectadas,Se detectaron 511 moras críticas que requieren atención inmediata,[object Object],"console,websocket,database",,,0,2026-06-29 18:00:02,
3755,INFO,📊 Resumen Diario de Cartera,Vigente: 231 préstamos | Vencida: 403 préstamos,[object Object],database,,,0,2026-06-29 18:00:02,
3756,INFO,📊 Resumen Diario de Cartera,Vigente: 231 préstamos | Vencida: 403 préstamos,[object Object],"console,websocket,database",,,0,2026-06-29 18:00:02,
3757,INFO,📊 Resumen Diario de Cartera,Vigente: 231 préstamos | Vencida: 403 préstamos,[object Object],database,,,0,2026-06-29 19:00:02,
3758,INFO,📊 Resumen Diario de Cartera,Vigente: 231 préstamos | Vencida: 403 préstamos,[object Object],"console,websocket,database",,,0,2026-06-29 19:00:02,
3759,WARNING,🚨 Moras Críticas Detectadas,Se detectaron 511 moras críticas que requieren atención inmediata,[object Object],database,,,0,2026-06-29 20:00:02,
3760,WARNING,🚨 Moras Críticas Detectadas,Se detectaron 511 moras críticas que requieren atención inmediata,[object Object],"console,websocket,database",,,0,2026-06-29 20:00:02,
3761,INFO,📊 Resumen Diario de Cartera,Vigente: 231 préstamos | Vencida: 403 préstamos,[object Object],database,,,0,2026-06-29 20:00:02,
3762,INFO,📊 Resumen Diario de Cartera,Vigente: 231 préstamos | Vencida: 403 préstamos,[object Object],"console,websocket,database",,,0,2026-06-29 20:00:02,
3763,INFO,📊 Resumen Diario de Cartera,Vigente: 231 préstamos | Vencida: 403 préstamos,[object Object],database,,,0,2026-06-29 21:00:02,
3764,INFO,📊 Resumen Diario de Cartera,Vigente: 231 préstamos | Vencida: 403 préstamos,[object Object],"console,websocket,database",,,0,2026-06-29 21:00:02,
3765,WARNING,🚨 Moras Críticas Detectadas,Se detectaron 511 moras críticas que requieren atención inmediata,[object Object],database,,,0,2026-06-29 22:00:02,
3766,WARNING,🚨 Moras Críticas Detectadas,Se detectaron 511 moras críticas que requieren atención inmediata,[object Object],"console,websocket,database",,,0,2026-06-29 22:00:02,
3767,INFO,📊 Resumen Diario de Cartera,Vigente: 238 préstamos | Vencida: 400 préstamos,[object Object],database,,,0,2026-06-29 22:00:02,
3768,INFO,📊 Resumen Diario de Cartera,Vigente: 238 préstamos | Vencida: 400 préstamos,[object Object],"console,websocket,database",,,0,2026-06-29 22:00:02,
3769,INFO,📊 Resumen Diario de Cartera,Vigente: 243 préstamos | Vencida: 397 préstamos,[object Object],database,,,0,2026-06-29 23:00:02,
3770,INFO,📊 Resumen Diario de Cartera,Vigente: 243 préstamos | Vencida: 397 préstamos,[object Object],"console,websocket,database",,,0,2026-06-29 23:00:02,
3771,WARNING,🚨 Moras Críticas Detectadas,Se detectaron 505 moras críticas que requieren atención inmediata,[object Object],database,,,0,2026-06-30 00:00:02,
3772,WARNING,🚨 Moras Críticas Detectadas,Se detectaron 505 moras críticas que requieren atención inmediata,[object Object],"console,websocket,database",,,0,2026-06-30 00:00:02,
3773,INFO,📊 Resumen Diario de Cartera,Vigente: 229 préstamos | Vencida: 411 préstamos,[object Object],database,,,0,2026-06-30 00:00:02,
3774,INFO,📊 Resumen Diario de Cartera,Vigente: 229 préstamos | Vencida: 411 préstamos,[object Object],"console,websocket,database",,,0,2026-06-30 00:00:02,
3775,INFO,📊 Resumen Diario de Cartera,Vigente: 229 préstamos | Vencida: 411 préstamos,[object Object],database,,,0,2026-06-30 01:00:02,
3776,INFO,📊 Resumen Diario de Cartera,Vigente: 229 préstamos | Vencida: 411 préstamos,[object Object],"console,websocket,database",,,0,2026-06-30 01:00:02,
3777,WARNING,🚨 Moras Críticas Detectadas,Se detectaron 505 moras críticas que requieren atención inmediata,[object Object],database,,,0,2026-06-30 02:00:02,
3778,WARNING,🚨 Moras Críticas Detectadas,Se detectaron 505 moras críticas que requieren atención inmediata,[object Object],"console,websocket,database",,,0,2026-06-30 02:00:02,
3779,INFO,✅ Proceso de Mora Completado,Proceso automático de mora ejecutado exitosamente en 6568ms,[object Object],database,,,0,2026-06-30 02:00:08,
3780,INFO,✅ Proceso de Mora Completado,Proceso automático de mora ejecutado exitosamente en 6568ms,[object Object],"console,websocket,database",,,0,2026-06-30 02:00:08,
3781,WARNING,🚨 Moras Críticas Detectadas,Se detectaron 519 moras críticas que requieren atención inmediata,[object Object],database,,,0,2026-06-30 04:00:02,
3782,WARNING,🚨 Moras Críticas Detectadas,Se detectaron 519 moras críticas que requieren atención inmediata,[object Object],"console,websocket,database",,,0,2026-06-30 04:00:02,
3783,WARNING,🚨 Moras Críticas Detectadas,Se detectaron 519 moras críticas que requieren atención inmediata,[object Object],database,,,0,2026-06-30 06:00:02,
3784,WARNING,🚨 Moras Críticas Detectadas,Se detectaron 519 moras críticas que requieren atención inmediata,[object Object],"console,websocket,database",,,0,2026-06-30 06:00:02,
3785,INFO,📊 Resumen Diario de Cartera,Vigente: 229 préstamos | Vencida: 411 préstamos,[object Object],database,,,0,2026-06-30 06:08:37,
3786,INFO,📊 Resumen Diario de Cartera,Vigente: 229 préstamos | Vencida: 411 préstamos,[object Object],"console,websocket,database",,,0,2026-06-30 06:08:37,
3787,INFO,✅ Proceso de Mora Completado,Proceso automático de mora ejecutado exitosamente en 1137ms,[object Object],database,,,0,2026-06-30 06:08:38,
3788,INFO,✅ Proceso de Mora Completado,Proceso automático de mora ejecutado exitosamente en 1137ms,[object Object],"console,websocket,database",,,0,2026-06-30 06:08:38,
3789,WARNING,🚨 Moras Críticas Detectadas,Se detectaron 519 moras críticas que requieren atención inmediata,[object Object],database,,,0,2026-06-30 08:00:00,
3790,WARNING,🚨 Moras Críticas Detectadas,Se detectaron 519 moras críticas que requieren atención inmediata,[object Object],"console,websocket,database",,,0,2026-06-30 08:00:00,
3791,WARNING,🚨 Moras Críticas Detectadas,Se detectaron 519 moras críticas que requieren atención inmediata,[object Object],database,,,0,2026-06-30 10:00:00,
3792,WARNING,🚨 Moras Críticas Detectadas,Se detectaron 519 moras críticas que requieren atención inmediata,[object Object],"console,websocket,database",,,0,2026-06-30 10:00:00,
3793,WARNING,🚨 Moras Críticas Detectadas,Se detectaron 519 moras críticas que requieren atención inmediata,[object Object],database,,,0,2026-06-30 12:00:00,
3794,WARNING,🚨 Moras Críticas Detectadas,Se detectaron 519 moras críticas que requieren atención inmediata,[object Object],"console,websocket,database",,,0,2026-06-30 12:00:00,
3795,WARNING,🚨 Moras Críticas Detectadas,Se detectaron 519 moras críticas que requieren atención inmediata,[object Object],database,,,0,2026-06-30 14:00:00,
3796,WARNING,🚨 Moras Críticas Detectadas,Se detectaron 519 moras críticas que requieren atención inmediata,[object Object],"console,websocket,database",,,0,2026-06-30 14:00:00,
3797,INFO,📊 Resumen Diario de Cartera,Vigente: 229 préstamos | Vencida: 411 préstamos,[object Object],database,,,0,2026-06-30 15:00:00,
3798,INFO,📊 Resumen Diario de Cartera,Vigente: 229 préstamos | Vencida: 411 préstamos,[object Object],"console,websocket,database",,,0,2026-06-30 15:00:00,
3799,WARNING,🚨 Moras Críticas Detectadas,Se detectaron 519 moras críticas que requieren atención inmediata,[object Object],database,,,0,2026-06-30 16:00:00,
3800,WARNING,🚨 Moras Críticas Detectadas,Se detectaron 519 moras críticas que requieren atención inmediata,[object Object],"console,websocket,database",,,0,2026-06-30 16:00:00,
3801,INFO,📊 Resumen Diario de Cartera,Vigente: 229 préstamos | Vencida: 411 préstamos,[object Object],database,,,0,2026-06-30 16:00:00,
3802,INFO,📊 Resumen Diario de Cartera,Vigente: 229 préstamos | Vencida: 411 préstamos,[object Object],"console,websocket,database",,,0,2026-06-30 16:00:00,
3803,INFO,📊 Resumen Diario de Cartera,Vigente: 229 préstamos | Vencida: 411 préstamos,[object Object],database,,,0,2026-06-30 17:00:00,
3804,INFO,📊 Resumen Diario de Cartera,Vigente: 229 préstamos | Vencida: 411 préstamos,[object Object],"console,websocket,database",,,0,2026-06-30 17:00:00,
3805,WARNING,🚨 Moras Críticas Detectadas,Se detectaron 519 moras críticas que requieren atención inmediata,[object Object],database,,,0,2026-06-30 18:00:00,
3806,WARNING,🚨 Moras Críticas Detectadas,Se detectaron 519 moras críticas que requieren atención inmediata,[object Object],"console,websocket,database",,,0,2026-06-30 18:00:00,
3807,INFO,📊 Resumen Diario de Cartera,Vigente: 229 préstamos | Vencida: 411 préstamos,[object Object],database,,,0,2026-06-30 18:00:01,
3808,INFO,📊 Resumen Diario de Cartera,Vigente: 229 préstamos | Vencida: 411 préstamos,[object Object],"console,websocket,database",,,0,2026-06-30 18:00:01,
3809,INFO,📊 Resumen Diario de Cartera,Vigente: 229 préstamos | Vencida: 411 préstamos,[object Object],database,,,0,2026-06-30 19:00:00,
3810,INFO,📊 Resumen Diario de Cartera,Vigente: 229 préstamos | Vencida: 411 préstamos,[object Object],"console,websocket,database",,,0,2026-06-30 19:00:00,
3811,WARNING,🚨 Moras Críticas Detectadas,Se detectaron 519 moras críticas que requieren atención inmediata,[object Object],database,,,0,2026-06-30 20:00:00,
3812,WARNING,🚨 Moras Críticas Detectadas,Se detectaron 519 moras críticas que requieren atención inmediata,[object Object],"console,websocket,database",,,0,2026-06-30 20:00:00,
3813,INFO,📊 Resumen Diario de Cartera,Vigente: 229 préstamos | Vencida: 411 préstamos,[object Object],database,,,0,2026-06-30 20:00:00,
3814,INFO,📊 Resumen Diario de Cartera,Vigente: 229 préstamos | Vencida: 411 préstamos,[object Object],"console,websocket,database",,,0,2026-06-30 20:00:00,
3815,INFO,📊 Resumen Diario de Cartera,Vigente: 229 préstamos | Vencida: 411 préstamos,[object Object],database,,,0,2026-06-30 21:00:00,
3816,INFO,📊 Resumen Diario de Cartera,Vigente: 229 préstamos | Vencida: 411 préstamos,[object Object],"console,websocket,database",,,0,2026-06-30 21:00:00,
3817,WARNING,🚨 Moras Críticas Detectadas,Se detectaron 519 moras críticas que requieren atención inmediata,[object Object],database,,,0,2026-06-30 22:00:00,
3818,WARNING,🚨 Moras Críticas Detectadas,Se detectaron 519 moras críticas que requieren atención inmediata,[object Object],"console,websocket,database",,,0,2026-06-30 22:00:00,
3819,INFO,📊 Resumen Diario de Cartera,Vigente: 229 préstamos | Vencida: 411 préstamos,[object Object],database,,,0,2026-06-30 22:00:00,
3820,INFO,📊 Resumen Diario de Cartera,Vigente: 229 préstamos | Vencida: 411 préstamos,[object Object],"console,websocket,database",,,0,2026-06-30 22:00:00,
3821,INFO,📊 Resumen Diario de Cartera,Vigente: 229 préstamos | Vencida: 411 préstamos,[object Object],database,,,0,2026-06-30 23:00:00,
3822,INFO,📊 Resumen Diario de Cartera,Vigente: 229 préstamos | Vencida: 411 préstamos,[object Object],"console,websocket,database",,,0,2026-06-30 23:00:00,
3823,WARNING,🚨 Moras Críticas Detectadas,Se detectaron 519 moras críticas que requieren atención inmediata,[object Object],database,,,0,2026-07-01 00:00:00,
3824,WARNING,🚨 Moras Críticas Detectadas,Se detectaron 519 moras críticas que requieren atención inmediata,[object Object],"console,websocket,database",,,0,2026-07-01 00:00:00,
3825,INFO,📊 Resumen Diario de Cartera,Vigente: 216 préstamos | Vencida: 424 préstamos,[object Object],database,,,0,2026-07-01 00:00:00,
3826,INFO,📊 Resumen Diario de Cartera,Vigente: 216 préstamos | Vencida: 424 préstamos,[object Object],"console,websocket,database",,,0,2026-07-01 00:00:00,
3827,INFO,📊 Resumen Diario de Cartera,Vigente: 216 préstamos | Vencida: 424 préstamos,[object Object],database,,,0,2026-07-01 01:00:00,
3828,INFO,📊 Resumen Diario de Cartera,Vigente: 216 préstamos | Vencida: 424 préstamos,[object Object],"console,websocket,database",,,0,2026-07-01 01:00:00,
3829,WARNING,🚨 Moras Críticas Detectadas,Se detectaron 519 moras críticas que requieren atención inmediata,[object Object],database,,,0,2026-07-01 02:00:00,
3830,WARNING,🚨 Moras Críticas Detectadas,Se detectaron 519 moras críticas que requieren atención inmediata,[object Object],"console,websocket,database",,,0,2026-07-01 02:00:00,
3831,INFO,✅ Proceso de Mora Completado,Proceso automático de mora ejecutado exitosamente en 4336ms,[object Object],database,,,0,2026-07-01 02:00:04,
3832,INFO,✅ Proceso de Mora Completado,Proceso automático de mora ejecutado exitosamente en 4336ms,[object Object],"console,websocket,database",,,0,2026-07-01 02:00:04,
3833,WARNING,🚨 Moras Críticas Detectadas,Se detectaron 520 moras críticas que requieren atención inmediata,[object Object],database,,,0,2026-07-01 04:00:00,
3834,WARNING,🚨 Moras Críticas Detectadas,Se detectaron 520 moras críticas que requieren atención inmediata,[object Object],"console,websocket,database",,,0,2026-07-01 04:00:00,
3835,WARNING,🚨 Moras Críticas Detectadas,Se detectaron 520 moras críticas que requieren atención inmediata,[object Object],database,,,0,2026-07-01 06:00:00,
3836,WARNING,🚨 Moras Críticas Detectadas,Se detectaron 520 moras críticas que requieren atención inmediata,[object Object],"console,websocket,database",,,0,2026-07-01 06:00:00,
3837,WARNING,🚨 Moras Críticas Detectadas,Se detectaron 520 moras críticas que requieren atención inmediata,[object Object],database,,,0,2026-07-01 08:00:00,
3838,WARNING,🚨 Moras Críticas Detectadas,Se detectaron 520 moras críticas que requieren atención inmediata,[object Object],"console,websocket,database",,,0,2026-07-01 08:00:00,
3839,WARNING,🚨 Moras Críticas Detectadas,Se detectaron 520 moras críticas que requieren atención inmediata,[object Object],database,,,0,2026-07-01 10:00:00,
3840,WARNING,🚨 Moras Críticas Detectadas,Se detectaron 520 moras críticas que requieren atención inmediata,[object Object],"console,websocket,database",,,0,2026-07-01 10:00:00,
3841,WARNING,🚨 Moras Críticas Detectadas,Se detectaron 520 moras críticas que requieren atención inmediata,[object Object],database,,,0,2026-07-01 12:00:00,
3842,WARNING,🚨 Moras Críticas Detectadas,Se detectaron 520 moras críticas que requieren atención inmediata,[object Object],"console,websocket,database",,,0,2026-07-01 12:00:00,
3843,WARNING,🚨 Moras Críticas Detectadas,Se detectaron 520 moras críticas que requieren atención inmediata,[object Object],database,,,0,2026-07-01 14:00:00,
3844,WARNING,🚨 Moras Críticas Detectadas,Se detectaron 520 moras críticas que requieren atención inmediata,[object Object],"console,websocket,database",,,0,2026-07-01 14:00:00,
3845,INFO,📊 Resumen Diario de Cartera,Vigente: 216 préstamos | Vencida: 424 préstamos,[object Object],database,,,0,2026-07-01 15:00:00,
3846,INFO,📊 Resumen Diario de Cartera,Vigente: 216 préstamos | Vencida: 424 préstamos,[object Object],"console,websocket,database",,,0,2026-07-01 15:00:00,
3847,WARNING,🚨 Moras Críticas Detectadas,Se detectaron 520 moras críticas que requieren atención inmediata,[object Object],database,,,0,2026-07-01 16:00:00,
3848,WARNING,🚨 Moras Críticas Detectadas,Se detectaron 520 moras críticas que requieren atención inmediata,[object Object],"console,websocket,database",,,0,2026-07-01 16:00:00,
3849,INFO,📊 Resumen Diario de Cartera,Vigente: 216 préstamos | Vencida: 424 préstamos,[object Object],database,,,0,2026-07-01 16:00:00,
3850,INFO,📊 Resumen Diario de Cartera,Vigente: 216 préstamos | Vencida: 424 préstamos,[object Object],"console,websocket,database",,,0,2026-07-01 16:00:00,
3851,INFO,📊 Resumen Diario de Cartera,Vigente: 216 préstamos | Vencida: 424 préstamos,[object Object],database,,,0,2026-07-01 17:00:00,
3852,INFO,📊 Resumen Diario de Cartera,Vigente: 216 préstamos | Vencida: 424 préstamos,[object Object],"console,websocket,database",,,0,2026-07-01 17:00:00,
3853,WARNING,🚨 Moras Críticas Detectadas,Se detectaron 520 moras críticas que requieren atención inmediata,[object Object],database,,,0,2026-07-01 18:00:00,
3854,WARNING,🚨 Moras Críticas Detectadas,Se detectaron 520 moras críticas que requieren atención inmediata,[object Object],"console,websocket,database",,,0,2026-07-01 18:00:00,
3855,INFO,📊 Resumen Diario de Cartera,Vigente: 216 préstamos | Vencida: 424 préstamos,[object Object],database,,,0,2026-07-01 18:00:00,
3856,INFO,📊 Resumen Diario de Cartera,Vigente: 216 préstamos | Vencida: 424 préstamos,[object Object],"console,websocket,database",,,0,2026-07-01 18:00:00,
3857,INFO,📊 Resumen Diario de Cartera,Vigente: 216 préstamos | Vencida: 424 préstamos,[object Object],database,,,0,2026-07-01 19:00:00,
3858,INFO,📊 Resumen Diario de Cartera,Vigente: 216 préstamos | Vencida: 424 préstamos,[object Object],"console,websocket,database",,,0,2026-07-01 19:00:00,
3859,WARNING,🚨 Moras Críticas Detectadas,Se detectaron 520 moras críticas que requieren atención inmediata,[object Object],database,,,0,2026-07-01 20:00:00,
3860,WARNING,🚨 Moras Críticas Detectadas,Se detectaron 520 moras críticas que requieren atención inmediata,[object Object],"console,websocket,database",,,0,2026-07-01 20:00:00,
3861,INFO,📊 Resumen Diario de Cartera,Vigente: 216 préstamos | Vencida: 424 préstamos,[object Object],database,,,0,2026-07-01 20:00:00,
3862,INFO,📊 Resumen Diario de Cartera,Vigente: 216 préstamos | Vencida: 424 préstamos,[object Object],"console,websocket,database",,,0,2026-07-01 20:00:00,
3863,INFO,📊 Resumen Diario de Cartera,Vigente: 216 préstamos | Vencida: 424 préstamos,[object Object],database,,,0,2026-07-01 21:00:00,
3864,INFO,📊 Resumen Diario de Cartera,Vigente: 216 préstamos | Vencida: 424 préstamos,[object Object],"console,websocket,database",,,0,2026-07-01 21:00:00,
3865,WARNING,🚨 Moras Críticas Detectadas,Se detectaron 520 moras críticas que requieren atención inmediata,[object Object],database,,,0,2026-07-01 22:00:00,
3866,WARNING,🚨 Moras Críticas Detectadas,Se detectaron 520 moras críticas que requieren atención inmediata,[object Object],"console,websocket,database",,,0,2026-07-01 22:00:00,
3867,INFO,📊 Resumen Diario de Cartera,Vigente: 216 préstamos | Vencida: 424 préstamos,[object Object],database,,,0,2026-07-01 22:00:00,
3868,INFO,📊 Resumen Diario de Cartera,Vigente: 216 préstamos | Vencida: 424 préstamos,[object Object],"console,websocket,database",,,0,2026-07-01 22:00:00,
3869,INFO,📊 Resumen Diario de Cartera,Vigente: 216 préstamos | Vencida: 424 préstamos,[object Object],database,,,0,2026-07-01 23:00:00,
3870,INFO,📊 Resumen Diario de Cartera,Vigente: 216 préstamos | Vencida: 424 préstamos,[object Object],"console,websocket,database",,,0,2026-07-01 23:00:01,
3871,WARNING,🚨 Moras Críticas Detectadas,Se detectaron 520 moras críticas que requieren atención inmediata,[object Object],database,,,0,2026-07-02 00:00:00,
3872,WARNING,🚨 Moras Críticas Detectadas,Se detectaron 520 moras críticas que requieren atención inmediata,[object Object],"console,websocket,database",,,0,2026-07-02 00:00:00,
3873,INFO,📊 Resumen Diario de Cartera,Vigente: 179 préstamos | Vencida: 461 préstamos,[object Object],database,,,0,2026-07-02 00:00:00,
3874,INFO,📊 Resumen Diario de Cartera,Vigente: 179 préstamos | Vencida: 461 préstamos,[object Object],"console,websocket,database",,,0,2026-07-02 00:00:00,
3875,INFO,📊 Resumen Diario de Cartera,Vigente: 179 préstamos | Vencida: 461 préstamos,[object Object],database,,,0,2026-07-02 01:00:00,
3876,INFO,📊 Resumen Diario de Cartera,Vigente: 179 préstamos | Vencida: 461 préstamos,[object Object],"console,websocket,database",,,0,2026-07-02 01:00:00,
3877,WARNING,🚨 Moras Críticas Detectadas,Se detectaron 520 moras críticas que requieren atención inmediata,[object Object],database,,,0,2026-07-02 02:00:00,
3878,WARNING,🚨 Moras Críticas Detectadas,Se detectaron 520 moras críticas que requieren atención inmediata,[object Object],"console,websocket,database",,,0,2026-07-02 02:00:00,
3879,INFO,✅ Proceso de Mora Completado,Proceso automático de mora ejecutado exitosamente en 4632ms,[object Object],database,,,0,2026-07-02 02:00:04,
3880,INFO,✅ Proceso de Mora Completado,Proceso automático de mora ejecutado exitosamente en 4632ms,[object Object],"console,websocket,database",,,0,2026-07-02 02:00:04,
3881,WARNING,🚨 Moras Críticas Detectadas,Se detectaron 521 moras críticas que requieren atención inmediata,[object Object],database,,,0,2026-07-02 04:00:00,
3882,WARNING,🚨 Moras Críticas Detectadas,Se detectaron 521 moras críticas que requieren atención inmediata,[object Object],"console,websocket,database",,,0,2026-07-02 04:00:00,
3883,WARNING,🚨 Moras Críticas Detectadas,Se detectaron 521 moras críticas que requieren atención inmediata,[object Object],database,,,0,2026-07-02 06:00:00,
3884,WARNING,🚨 Moras Críticas Detectadas,Se detectaron 521 moras críticas que requieren atención inmediata,[object Object],"console,websocket,database",,,0,2026-07-02 06:00:00,
3885,WARNING,🚨 Moras Críticas Detectadas,Se detectaron 521 moras críticas que requieren atención inmediata,[object Object],database,,,0,2026-07-02 08:00:00,
3886,WARNING,🚨 Moras Críticas Detectadas,Se detectaron 521 moras críticas que requieren atención inmediata,[object Object],"console,websocket,database",,,0,2026-07-02 08:00:00,
3887,WARNING,🚨 Moras Críticas Detectadas,Se detectaron 521 moras críticas que requieren atención inmediata,[object Object],database,,,0,2026-07-02 10:00:00,
3888,WARNING,🚨 Moras Críticas Detectadas,Se detectaron 521 moras críticas que requieren atención inmediata,[object Object],"console,websocket,database",,,0,2026-07-02 10:00:08,
3889,WARNING,🚨 Moras Críticas Detectadas,Se detectaron 521 moras críticas que requieren atención inmediata,[object Object],database,,,0,2026-07-02 12:00:00,
3890,WARNING,🚨 Moras Críticas Detectadas,Se detectaron 521 moras críticas que requieren atención inmediata,[object Object],"console,websocket,database",,,0,2026-07-02 12:00:00,
3891,WARNING,🚨 Moras Críticas Detectadas,Se detectaron 521 moras críticas que requieren atención inmediata,[object Object],database,,,0,2026-07-02 14:00:00,
3892,WARNING,🚨 Moras Críticas Detectadas,Se detectaron 521 moras críticas que requieren atención inmediata,[object Object],"console,websocket,database",,,0,2026-07-02 14:00:00,
3893,INFO,📊 Resumen Diario de Cartera,Vigente: 179 préstamos | Vencida: 461 préstamos,[object Object],database,,,0,2026-07-02 15:00:00,
3894,INFO,📊 Resumen Diario de Cartera,Vigente: 179 préstamos | Vencida: 461 préstamos,[object Object],"console,websocket,database",,,0,2026-07-02 15:00:00,
3895,INFO,📊 Resumen Diario de Cartera,Vigente: 179 préstamos | Vencida: 461 préstamos,[object Object],database,,,0,2026-07-02 15:48:10,
3896,INFO,📊 Resumen Diario de Cartera,Vigente: 179 préstamos | Vencida: 461 préstamos,[object Object],"console,websocket,database",,,0,2026-07-02 15:48:10,
3897,INFO,✅ Proceso de Mora Completado,Proceso automático de mora ejecutado exitosamente en 3302ms,[object Object],database,,,0,2026-07-02 15:48:13,
3898,INFO,✅ Proceso de Mora Completado,Proceso automático de mora ejecutado exitosamente en 3302ms,[object Object],"console,websocket,database",,,0,2026-07-02 15:48:13,
3899,WARNING,🚨 Moras Críticas Detectadas,Se detectaron 521 moras críticas que requieren atención inmediata,[object Object],database,,,0,2026-07-02 16:00:00,
3900,WARNING,🚨 Moras Críticas Detectadas,Se detectaron 521 moras críticas que requieren atención inmediata,[object Object],"console,websocket,database",,,0,2026-07-02 16:00:00,
3901,INFO,📊 Resumen Diario de Cartera,Vigente: 179 préstamos | Vencida: 461 préstamos,[object Object],database,,,0,2026-07-02 16:00:00,
3902,INFO,📊 Resumen Diario de Cartera,Vigente: 179 préstamos | Vencida: 461 préstamos,[object Object],"console,websocket,database",,,0,2026-07-02 16:00:00,
3903,INFO,📊 Resumen Diario de Cartera,Vigente: 179 préstamos | Vencida: 461 préstamos,[object Object],database,,,0,2026-07-02 16:23:15,
3904,INFO,📊 Resumen Diario de Cartera,Vigente: 179 préstamos | Vencida: 461 préstamos,[object Object],"console,websocket,database",,,0,2026-07-02 16:23:15,
3905,INFO,✅ Proceso de Mora Completado,Proceso automático de mora ejecutado exitosamente en 1293ms,[object Object],database,,,0,2026-07-02 16:23:16,
3906,INFO,✅ Proceso de Mora Completado,Proceso automático de mora ejecutado exitosamente en 1293ms,[object Object],"console,websocket,database",,,0,2026-07-02 16:23:16,
3907,INFO,📊 Resumen Diario de Cartera,Vigente: 179 préstamos | Vencida: 461 préstamos,[object Object],database,,,0,2026-07-02 17:00:00,
3908,INFO,📊 Resumen Diario de Cartera,Vigente: 179 préstamos | Vencida: 461 préstamos,[object Object],"console,websocket,database",,,0,2026-07-02 17:00:00,
3909,WARNING,🚨 Moras Críticas Detectadas,Se detectaron 521 moras críticas que requieren atención inmediata,[object Object],database,,,0,2026-07-02 18:00:00,
3910,WARNING,🚨 Moras Críticas Detectadas,Se detectaron 521 moras críticas que requieren atención inmediata,[object Object],"console,websocket,database",,,0,2026-07-02 18:00:00,
3911,INFO,📊 Resumen Diario de Cartera,Vigente: 179 préstamos | Vencida: 461 préstamos,[object Object],database,,,0,2026-07-02 18:00:00,
3912,INFO,📊 Resumen Diario de Cartera,Vigente: 179 préstamos | Vencida: 461 préstamos,[object Object],"console,websocket,database",,,0,2026-07-02 18:00:00,
3913,INFO,📊 Resumen Diario de Cartera,Vigente: 179 préstamos | Vencida: 461 préstamos,[object Object],database,,,0,2026-07-02 19:00:00,
3914,INFO,📊 Resumen Diario de Cartera,Vigente: 179 préstamos | Vencida: 461 préstamos,[object Object],"console,websocket,database",,,0,2026-07-02 19:00:00,
3915,WARNING,🚨 Moras Críticas Detectadas,Se detectaron 521 moras críticas que requieren atención inmediata,[object Object],database,,,0,2026-07-02 20:00:00,
3916,WARNING,🚨 Moras Críticas Detectadas,Se detectaron 521 moras críticas que requieren atención inmediata,[object Object],"console,websocket,database",,,0,2026-07-02 20:00:00,
3917,INFO,📊 Resumen Diario de Cartera,Vigente: 179 préstamos | Vencida: 461 préstamos,[object Object],database,,,0,2026-07-02 20:00:00,
3918,INFO,📊 Resumen Diario de Cartera,Vigente: 179 préstamos | Vencida: 461 préstamos,[object Object],"console,websocket,database",,,0,2026-07-02 20:00:00,
3919,INFO,📊 Resumen Diario de Cartera,Vigente: 179 préstamos | Vencida: 461 préstamos,[object Object],database,,,0,2026-07-02 21:00:00,
3920,INFO,📊 Resumen Diario de Cartera,Vigente: 179 préstamos | Vencida: 461 préstamos,[object Object],"console,websocket,database",,,0,2026-07-02 21:00:00,
3921,WARNING,🚨 Moras Críticas Detectadas,Se detectaron 517 moras críticas que requieren atención inmediata,[object Object],database,,,0,2026-07-02 22:00:00,
3922,WARNING,🚨 Moras Críticas Detectadas,Se detectaron 517 moras críticas que requieren atención inmediata,[object Object],"console,websocket,database",,,0,2026-07-02 22:00:00,
3923,INFO,📊 Resumen Diario de Cartera,Vigente: 182 préstamos | Vencida: 454 préstamos,[object Object],database,,,0,2026-07-02 22:00:00,
3924,INFO,📊 Resumen Diario de Cartera,Vigente: 182 préstamos | Vencida: 454 préstamos,[object Object],"console,websocket,database",,,0,2026-07-02 22:00:00,
3925,INFO,📊 Resumen Diario de Cartera,Vigente: 186 préstamos | Vencida: 454 préstamos,[object Object],database,,,0,2026-07-02 23:00:00,
3926,INFO,📊 Resumen Diario de Cartera,Vigente: 186 préstamos | Vencida: 454 préstamos,[object Object],"console,websocket,database",,,0,2026-07-02 23:00:00,
3927,WARNING,🚨 Moras Críticas Detectadas,Se detectaron 517 moras críticas que requieren atención inmediata,[object Object],database,,,0,2026-07-03 00:00:00,
3928,WARNING,🚨 Moras Críticas Detectadas,Se detectaron 517 moras críticas que requieren atención inmediata,[object Object],"console,websocket,database",,,0,2026-07-03 00:00:00,
3929,INFO,📊 Resumen Diario de Cartera,Vigente: 149 préstamos | Vencida: 491 préstamos,[object Object],database,,,0,2026-07-03 00:00:00,
3930,INFO,📊 Resumen Diario de Cartera,Vigente: 149 préstamos | Vencida: 491 préstamos,[object Object],"console,websocket,database",,,0,2026-07-03 00:00:00,
3931,INFO,📊 Resumen Diario de Cartera,Vigente: 149 préstamos | Vencida: 491 préstamos,[object Object],database,,,0,2026-07-03 01:00:00,
3932,INFO,📊 Resumen Diario de Cartera,Vigente: 149 préstamos | Vencida: 491 préstamos,[object Object],"console,websocket,database",,,0,2026-07-03 01:00:00,
3933,WARNING,🚨 Moras Críticas Detectadas,Se detectaron 517 moras críticas que requieren atención inmediata,[object Object],database,,,0,2026-07-03 02:00:00,
3934,WARNING,🚨 Moras Críticas Detectadas,Se detectaron 517 moras críticas que requieren atención inmediata,[object Object],"console,websocket,database",,,0,2026-07-03 02:00:00,
3935,INFO,✅ Proceso de Mora Completado,Proceso automático de mora ejecutado exitosamente en 4304ms,[object Object],database,,,0,2026-07-03 02:00:04,
3936,INFO,✅ Proceso de Mora Completado,Proceso automático de mora ejecutado exitosamente en 4304ms,[object Object],"console,websocket,database",,,0,2026-07-03 02:00:04,
3937,WARNING,🚨 Moras Críticas Detectadas,Se detectaron 517 moras críticas que requieren atención inmediata,[object Object],database,,,0,2026-07-03 04:00:00,
3938,WARNING,🚨 Moras Críticas Detectadas,Se detectaron 517 moras críticas que requieren atención inmediata,[object Object],"console,websocket,database",,,0,2026-07-03 04:00:00,
3939,WARNING,🚨 Moras Críticas Detectadas,Se detectaron 517 moras críticas que requieren atención inmediata,[object Object],database,,,0,2026-07-03 06:00:00,
3940,WARNING,🚨 Moras Críticas Detectadas,Se detectaron 517 moras críticas que requieren atención inmediata,[object Object],"console,websocket,database",,,0,2026-07-03 06:00:00,
3941,WARNING,🚨 Moras Críticas Detectadas,Se detectaron 517 moras críticas que requieren atención inmediata,[object Object],database,,,0,2026-07-03 08:00:00,
3942,WARNING,🚨 Moras Críticas Detectadas,Se detectaron 517 moras críticas que requieren atención inmediata,[object Object],"console,websocket,database",,,0,2026-07-03 08:00:00,
3943,WARNING,🚨 Moras Críticas Detectadas,Se detectaron 517 moras críticas que requieren atención inmediata,[object Object],database,,,0,2026-07-03 10:00:00,
3944,WARNING,🚨 Moras Críticas Detectadas,Se detectaron 517 moras críticas que requieren atención inmediata,[object Object],"console,websocket,database",,,0,2026-07-03 10:00:00,
3945,WARNING,🚨 Moras Críticas Detectadas,Se detectaron 517 moras críticas que requieren atención inmediata,[object Object],database,,,0,2026-07-03 12:00:00,
3946,WARNING,🚨 Moras Críticas Detectadas,Se detectaron 517 moras críticas que requieren atención inmediata,[object Object],"console,websocket,database",,,0,2026-07-03 12:00:00,
3947,WARNING,🚨 Moras Críticas Detectadas,Se detectaron 517 moras críticas que requieren atención inmediata,[object Object],database,,,0,2026-07-03 14:00:00,
3948,WARNING,🚨 Moras Críticas Detectadas,Se detectaron 517 moras críticas que requieren atención inmediata,[object Object],"console,websocket,database",,,0,2026-07-03 14:00:00,
3949,INFO,📊 Resumen Diario de Cartera,Vigente: 149 préstamos | Vencida: 491 préstamos,[object Object],database,,,0,2026-07-03 14:29:18,
3950,INFO,📊 Resumen Diario de Cartera,Vigente: 149 préstamos | Vencida: 491 préstamos,[object Object],"console,websocket,database",,,0,2026-07-03 14:29:18,
3951,INFO,✅ Proceso de Mora Completado,Proceso automático de mora ejecutado exitosamente en 4589ms,[object Object],database,,,0,2026-07-03 14:29:22,
3952,INFO,✅ Proceso de Mora Completado,Proceso automático de mora ejecutado exitosamente en 4589ms,[object Object],"console,websocket,database",,,0,2026-07-03 14:29:22,
3953,INFO,📊 Resumen Diario de Cartera,Vigente: 149 préstamos | Vencida: 491 préstamos,[object Object],database,,,0,2026-07-03 15:00:00,
3954,INFO,📊 Resumen Diario de Cartera,Vigente: 149 préstamos | Vencida: 491 préstamos,[object Object],"console,websocket,database",,,0,2026-07-03 15:00:00,
3955,WARNING,🚨 Moras Críticas Detectadas,Se detectaron 517 moras críticas que requieren atención inmediata,[object Object],database,,,0,2026-07-03 16:00:00,
3956,WARNING,🚨 Moras Críticas Detectadas,Se detectaron 517 moras críticas que requieren atención inmediata,[object Object],"console,websocket,database",,,0,2026-07-03 16:00:00,
3957,INFO,📊 Resumen Diario de Cartera,Vigente: 149 préstamos | Vencida: 491 préstamos,[object Object],database,,,0,2026-07-03 16:00:00,
3958,INFO,📊 Resumen Diario de Cartera,Vigente: 149 préstamos | Vencida: 491 préstamos,[object Object],"console,websocket,database",,,0,2026-07-03 16:00:00,
3959,INFO,📊 Resumen Diario de Cartera,Vigente: 149 préstamos | Vencida: 491 préstamos,[object Object],database,,,0,2026-07-03 17:00:00,
3960,INFO,📊 Resumen Diario de Cartera,Vigente: 149 préstamos | Vencida: 491 préstamos,[object Object],"console,websocket,database",,,0,2026-07-03 17:00:00,
3961,WARNING,🚨 Moras Críticas Detectadas,Se detectaron 517 moras críticas que requieren atención inmediata,[object Object],database,,,0,2026-07-03 18:00:00,
3962,WARNING,🚨 Moras Críticas Detectadas,Se detectaron 517 moras críticas que requieren atención inmediata,[object Object],"console,websocket,database",,,0,2026-07-03 18:00:00,
3963,INFO,📊 Resumen Diario de Cartera,Vigente: 149 préstamos | Vencida: 491 préstamos,[object Object],database,,,0,2026-07-03 18:00:00,
3964,INFO,📊 Resumen Diario de Cartera,Vigente: 149 préstamos | Vencida: 491 préstamos,[object Object],"console,websocket,database",,,0,2026-07-03 18:00:00,
3965,INFO,📊 Resumen Diario de Cartera,Vigente: 149 préstamos | Vencida: 491 préstamos,[object Object],database,,,0,2026-07-03 19:00:00,
3966,INFO,📊 Resumen Diario de Cartera,Vigente: 149 préstamos | Vencida: 491 préstamos,[object Object],"console,websocket,database",,,0,2026-07-03 19:00:00,
3967,WARNING,🚨 Moras Críticas Detectadas,Se detectaron 517 moras críticas que requieren atención inmediata,[object Object],database,,,0,2026-07-03 20:00:00,
3968,WARNING,🚨 Moras Críticas Detectadas,Se detectaron 517 moras críticas que requieren atención inmediata,[object Object],"console,websocket,database",,,0,2026-07-03 20:00:00,
3969,INFO,📊 Resumen Diario de Cartera,Vigente: 149 préstamos | Vencida: 491 préstamos,[object Object],database,,,0,2026-07-03 20:00:00,
3970,INFO,📊 Resumen Diario de Cartera,Vigente: 149 préstamos | Vencida: 491 préstamos,[object Object],"console,websocket,database",,,0,2026-07-03 20:00:00,
3971,INFO,📊 Resumen Diario de Cartera,Vigente: 150 préstamos | Vencida: 490 préstamos,[object Object],database,,,0,2026-07-03 21:00:00,
3972,INFO,📊 Resumen Diario de Cartera,Vigente: 150 préstamos | Vencida: 490 préstamos,[object Object],"console,websocket,database",,,0,2026-07-03 21:00:00,
3973,WARNING,🚨 Moras Críticas Detectadas,Se detectaron 512 moras críticas que requieren atención inmediata,[object Object],database,,,0,2026-07-03 22:00:00,
3974,WARNING,🚨 Moras Críticas Detectadas,Se detectaron 512 moras críticas que requieren atención inmediata,[object Object],"console,websocket,database",,,0,2026-07-03 22:00:00,
3975,INFO,📊 Resumen Diario de Cartera,Vigente: 152 préstamos | Vencida: 482 préstamos,[object Object],database,,,0,2026-07-03 22:00:00,
3976,INFO,📊 Resumen Diario de Cartera,Vigente: 152 préstamos | Vencida: 482 préstamos,[object Object],"console,websocket,database",,,0,2026-07-03 22:00:00,
3977,INFO,📊 Resumen Diario de Cartera,Vigente: 161 préstamos | Vencida: 482 préstamos,[object Object],database,,,0,2026-07-03 23:00:00,
3978,INFO,📊 Resumen Diario de Cartera,Vigente: 161 préstamos | Vencida: 482 préstamos,[object Object],"console,websocket,database",,,0,2026-07-03 23:00:00,
3979,WARNING,🚨 Moras Críticas Detectadas,Se detectaron 512 moras críticas que requieren atención inmediata,[object Object],database,,,0,2026-07-04 00:00:00,
3980,WARNING,🚨 Moras Críticas Detectadas,Se detectaron 512 moras críticas que requieren atención inmediata,[object Object],"console,websocket,database",,,0,2026-07-04 00:00:00,
3981,INFO,📊 Resumen Diario de Cartera,Vigente: 144 préstamos | Vencida: 499 préstamos,[object Object],database,,,0,2026-07-04 00:00:00,
3982,INFO,📊 Resumen Diario de Cartera,Vigente: 144 préstamos | Vencida: 499 préstamos,[object Object],"console,websocket,database",,,0,2026-07-04 00:00:00,
3983,INFO,📊 Resumen Diario de Cartera,Vigente: 144 préstamos | Vencida: 499 préstamos,[object Object],database,,,0,2026-07-04 01:00:00,
3984,INFO,📊 Resumen Diario de Cartera,Vigente: 144 préstamos | Vencida: 499 préstamos,[object Object],"console,websocket,database",,,0,2026-07-04 01:00:00,
3985,WARNING,🚨 Moras Críticas Detectadas,Se detectaron 512 moras críticas que requieren atención inmediata,[object Object],database,,,0,2026-07-04 02:00:00,
3986,WARNING,🚨 Moras Críticas Detectadas,Se detectaron 512 moras críticas que requieren atención inmediata,[object Object],"console,websocket,database",,,0,2026-07-04 02:00:00,
3987,INFO,✅ Proceso de Mora Completado,Proceso automático de mora ejecutado exitosamente en 8304ms,[object Object],database,,,0,2026-07-04 02:00:08,
3988,INFO,✅ Proceso de Mora Completado,Proceso automático de mora ejecutado exitosamente en 8304ms,[object Object],"console,websocket,database",,,0,2026-07-04 02:00:08,
3989,WARNING,🚨 Moras Críticas Detectadas,Se detectaron 529 moras críticas que requieren atención inmediata,[object Object],database,,,0,2026-07-04 04:00:00,
3990,WARNING,🚨 Moras Críticas Detectadas,Se detectaron 529 moras críticas que requieren atención inmediata,[object Object],"console,websocket,database",,,0,2026-07-04 04:00:00,
3991,WARNING,🚨 Moras Críticas Detectadas,Se detectaron 529 moras críticas que requieren atención inmediata,[object Object],database,,,0,2026-07-04 06:00:00,
3992,WARNING,🚨 Moras Críticas Detectadas,Se detectaron 529 moras críticas que requieren atención inmediata,[object Object],"console,websocket,database",,,0,2026-07-04 06:00:00,
3993,WARNING,🚨 Moras Críticas Detectadas,Se detectaron 529 moras críticas que requieren atención inmediata,[object Object],database,,,0,2026-07-04 08:00:00,
3994,WARNING,🚨 Moras Críticas Detectadas,Se detectaron 529 moras críticas que requieren atención inmediata,[object Object],"console,websocket,database",,,0,2026-07-04 08:00:00,
3995,WARNING,🚨 Moras Críticas Detectadas,Se detectaron 529 moras críticas que requieren atención inmediata,[object Object],database,,,0,2026-07-04 10:00:00,
3996,WARNING,🚨 Moras Críticas Detectadas,Se detectaron 529 moras críticas que requieren atención inmediata,[object Object],"console,websocket,database",,,0,2026-07-04 10:00:00,
3997,WARNING,🚨 Moras Críticas Detectadas,Se detectaron 529 moras críticas que requieren atención inmediata,[object Object],database,,,0,2026-07-04 12:00:00,
3998,WARNING,🚨 Moras Críticas Detectadas,Se detectaron 529 moras críticas que requieren atención inmediata,[object Object],"console,websocket,database",,,0,2026-07-04 12:00:00,
3999,WARNING,🚨 Moras Críticas Detectadas,Se detectaron 529 moras críticas que requieren atención inmediata,[object Object],database,,,0,2026-07-04 14:00:00,
4000,WARNING,🚨 Moras Críticas Detectadas,Se detectaron 529 moras críticas que requieren atención inmediata,[object Object],"console,websocket,database",,,0,2026-07-04 14:00:00,
4001,INFO,📊 Resumen Diario de Cartera,Vigente: 146 préstamos | Vencida: 495 préstamos,[object Object],database,,,0,2026-07-04 15:00:00,
4002,INFO,📊 Resumen Diario de Cartera,Vigente: 146 préstamos | Vencida: 495 préstamos,[object Object],"console,websocket,database",,,0,2026-07-04 15:00:00,
4003,WARNING,🚨 Moras Críticas Detectadas,Se detectaron 529 moras críticas que requieren atención inmediata,[object Object],database,,,0,2026-07-04 16:00:00,
4004,WARNING,🚨 Moras Críticas Detectadas,Se detectaron 529 moras críticas que requieren atención inmediata,[object Object],"console,websocket,database",,,0,2026-07-04 16:00:00,
4005,INFO,📊 Resumen Diario de Cartera,Vigente: 148 préstamos | Vencida: 495 préstamos,[object Object],database,,,0,2026-07-04 16:00:00,
4006,INFO,📊 Resumen Diario de Cartera,Vigente: 148 préstamos | Vencida: 495 préstamos,[object Object],"console,websocket,database",,,0,2026-07-04 16:00:00,
4007,INFO,📊 Resumen Diario de Cartera,Vigente: 148 préstamos | Vencida: 495 préstamos,[object Object],database,,,0,2026-07-04 17:00:00,
4008,INFO,📊 Resumen Diario de Cartera,Vigente: 148 préstamos | Vencida: 495 préstamos,[object Object],"console,websocket,database",,,0,2026-07-04 17:00:00,
4009,WARNING,🚨 Moras Críticas Detectadas,Se detectaron 529 moras críticas que requieren atención inmediata,[object Object],database,,,0,2026-07-04 18:00:00,
4010,WARNING,🚨 Moras Críticas Detectadas,Se detectaron 529 moras críticas que requieren atención inmediata,[object Object],"console,websocket,database",,,0,2026-07-04 18:00:00,
4011,INFO,📊 Resumen Diario de Cartera,Vigente: 148 préstamos | Vencida: 495 préstamos,[object Object],database,,,0,2026-07-04 18:00:00,
4012,INFO,📊 Resumen Diario de Cartera,Vigente: 148 préstamos | Vencida: 495 préstamos,[object Object],"console,websocket,database",,,0,2026-07-04 18:00:00,
4013,INFO,📊 Resumen Diario de Cartera,Vigente: 148 préstamos | Vencida: 495 préstamos,[object Object],database,,,0,2026-07-04 19:00:00,
4014,INFO,📊 Resumen Diario de Cartera,Vigente: 148 préstamos | Vencida: 495 préstamos,[object Object],"console,websocket,database",,,0,2026-07-04 19:00:00,
4015,WARNING,🚨 Moras Críticas Detectadas,Se detectaron 529 moras críticas que requieren atención inmediata,[object Object],database,,,0,2026-07-04 20:00:00,
4016,WARNING,🚨 Moras Críticas Detectadas,Se detectaron 529 moras críticas que requieren atención inmediata,[object Object],"console,websocket,database",,,0,2026-07-04 20:00:00,
4017,INFO,📊 Resumen Diario de Cartera,Vigente: 148 préstamos | Vencida: 495 préstamos,[object Object],database,,,0,2026-07-04 20:00:00,
4018,INFO,📊 Resumen Diario de Cartera,Vigente: 148 préstamos | Vencida: 495 préstamos,[object Object],"console,websocket,database",,,0,2026-07-04 20:00:00,
4019,INFO,📊 Resumen Diario de Cartera,Vigente: 148 préstamos | Vencida: 495 préstamos,[object Object],database,,,0,2026-07-04 21:00:00,
4020,INFO,📊 Resumen Diario de Cartera,Vigente: 148 préstamos | Vencida: 495 préstamos,[object Object],"console,websocket,database",,,0,2026-07-04 21:00:00,
4021,WARNING,🚨 Moras Críticas Detectadas,Se detectaron 529 moras críticas que requieren atención inmediata,[object Object],database,,,0,2026-07-04 22:00:00,
4022,WARNING,🚨 Moras Críticas Detectadas,Se detectaron 529 moras críticas que requieren atención inmediata,[object Object],"console,websocket,database",,,0,2026-07-04 22:00:00,
4023,INFO,📊 Resumen Diario de Cartera,Vigente: 148 préstamos | Vencida: 495 préstamos,[object Object],database,,,0,2026-07-04 22:00:00,
4024,INFO,📊 Resumen Diario de Cartera,Vigente: 148 préstamos | Vencida: 495 préstamos,[object Object],"console,websocket,database",,,0,2026-07-04 22:00:00,
4025,INFO,📊 Resumen Diario de Cartera,Vigente: 148 préstamos | Vencida: 495 préstamos,[object Object],database,,,0,2026-07-04 23:00:00,
4026,INFO,📊 Resumen Diario de Cartera,Vigente: 148 préstamos | Vencida: 495 préstamos,[object Object],"console,websocket,database",,,0,2026-07-04 23:00:00,
4027,WARNING,🚨 Moras Críticas Detectadas,Se detectaron 529 moras críticas que requieren atención inmediata,[object Object],database,,,0,2026-07-05 00:00:00,
4028,WARNING,🚨 Moras Críticas Detectadas,Se detectaron 529 moras críticas que requieren atención inmediata,[object Object],"console,websocket,database",,,0,2026-07-05 00:00:00,
4029,INFO,📊 Resumen Diario de Cartera,Vigente: 148 préstamos | Vencida: 495 préstamos,[object Object],database,,,0,2026-07-05 00:00:00,
4030,INFO,📊 Resumen Diario de Cartera,Vigente: 148 préstamos | Vencida: 495 préstamos,[object Object],"console,websocket,database",,,0,2026-07-05 00:00:00,
4031,INFO,📊 Resumen Diario de Cartera,Vigente: 148 préstamos | Vencida: 495 préstamos,[object Object],database,,,0,2026-07-05 01:00:00,
4032,INFO,📊 Resumen Diario de Cartera,Vigente: 148 préstamos | Vencida: 495 préstamos,[object Object],"console,websocket,database",,,0,2026-07-05 01:00:00,
4033,WARNING,🚨 Moras Críticas Detectadas,Se detectaron 529 moras críticas que requieren atención inmediata,[object Object],database,,,0,2026-07-05 02:00:00,
4034,WARNING,🚨 Moras Críticas Detectadas,Se detectaron 529 moras críticas que requieren atención inmediata,[object Object],"console,websocket,database",,,0,2026-07-05 02:00:00,
4035,INFO,✅ Proceso de Mora Completado,Proceso automático de mora ejecutado exitosamente en 10758ms,[object Object],database,,,0,2026-07-05 02:00:10,
4036,INFO,✅ Proceso de Mora Completado,Proceso automático de mora ejecutado exitosamente en 10758ms,[object Object],"console,websocket,database",,,0,2026-07-05 02:00:10,
4037,WARNING,🚨 Moras Críticas Detectadas,Se detectaron 546 moras críticas que requieren atención inmediata,[object Object],database,,,0,2026-07-05 04:00:00,
4038,WARNING,🚨 Moras Críticas Detectadas,Se detectaron 546 moras críticas que requieren atención inmediata,[object Object],"console,websocket,database",,,0,2026-07-05 04:00:00,
4039,WARNING,🚨 Moras Críticas Detectadas,Se detectaron 546 moras críticas que requieren atención inmediata,[object Object],database,,,0,2026-07-05 06:00:00,
4040,WARNING,🚨 Moras Críticas Detectadas,Se detectaron 546 moras críticas que requieren atención inmediata,[object Object],"console,websocket,database",,,0,2026-07-05 06:00:00,
4041,WARNING,🚨 Moras Críticas Detectadas,Se detectaron 546 moras críticas que requieren atención inmediata,[object Object],database,,,0,2026-07-05 08:00:00,
4042,WARNING,🚨 Moras Críticas Detectadas,Se detectaron 546 moras críticas que requieren atención inmediata,[object Object],"console,websocket,database",,,0,2026-07-05 08:00:00,
4043,WARNING,🚨 Moras Críticas Detectadas,Se detectaron 546 moras críticas que requieren atención inmediata,[object Object],database,,,0,2026-07-05 10:00:00,
4044,WARNING,🚨 Moras Críticas Detectadas,Se detectaron 546 moras críticas que requieren atención inmediata,[object Object],"console,websocket,database",,,0,2026-07-05 10:00:00,
4045,WARNING,🚨 Moras Críticas Detectadas,Se detectaron 546 moras críticas que requieren atención inmediata,[object Object],database,,,0,2026-07-05 12:00:00,
4046,WARNING,🚨 Moras Críticas Detectadas,Se detectaron 546 moras críticas que requieren atención inmediata,[object Object],"console,websocket,database",,,0,2026-07-05 12:00:00,
4047,WARNING,🚨 Moras Críticas Detectadas,Se detectaron 546 moras críticas que requieren atención inmediata,[object Object],database,,,0,2026-07-05 14:00:00,
4048,WARNING,🚨 Moras Críticas Detectadas,Se detectaron 546 moras críticas que requieren atención inmediata,[object Object],"console,websocket,database",,,0,2026-07-05 14:00:00,
4049,INFO,📊 Resumen Diario de Cartera,Vigente: 148 préstamos | Vencida: 495 préstamos,[object Object],database,,,0,2026-07-05 15:00:00,
4050,INFO,📊 Resumen Diario de Cartera,Vigente: 148 préstamos | Vencida: 495 préstamos,[object Object],"console,websocket,database",,,0,2026-07-05 15:00:00,
4051,WARNING,🚨 Moras Críticas Detectadas,Se detectaron 546 moras críticas que requieren atención inmediata,[object Object],database,,,0,2026-07-05 16:00:00,
4052,WARNING,🚨 Moras Críticas Detectadas,Se detectaron 546 moras críticas que requieren atención inmediata,[object Object],"console,websocket,database",,,0,2026-07-05 16:00:00,
4053,INFO,📊 Resumen Diario de Cartera,Vigente: 148 préstamos | Vencida: 495 préstamos,[object Object],database,,,0,2026-07-05 16:00:00,
4054,INFO,📊 Resumen Diario de Cartera,Vigente: 148 préstamos | Vencida: 495 préstamos,[object Object],"console,websocket,database",,,0,2026-07-05 16:00:00,
4055,INFO,📊 Resumen Diario de Cartera,Vigente: 148 préstamos | Vencida: 495 préstamos,[object Object],database,,,0,2026-07-05 17:00:00,
4056,INFO,📊 Resumen Diario de Cartera,Vigente: 148 préstamos | Vencida: 495 préstamos,[object Object],"console,websocket,database",,,0,2026-07-05 17:00:00,
4057,WARNING,🚨 Moras Críticas Detectadas,Se detectaron 546 moras críticas que requieren atención inmediata,[object Object],database,,,0,2026-07-05 18:00:00,
4058,WARNING,🚨 Moras Críticas Detectadas,Se detectaron 546 moras críticas que requieren atención inmediata,[object Object],"console,websocket,database",,,0,2026-07-05 18:00:00,
4059,INFO,📊 Resumen Diario de Cartera,Vigente: 148 préstamos | Vencida: 495 préstamos,[object Object],database,,,0,2026-07-05 18:00:00,
4060,INFO,📊 Resumen Diario de Cartera,Vigente: 148 préstamos | Vencida: 495 préstamos,[object Object],"console,websocket,database",,,0,2026-07-05 18:00:00,
4061,INFO,📊 Resumen Diario de Cartera,Vigente: 148 préstamos | Vencida: 495 préstamos,[object Object],database,,,0,2026-07-05 19:00:00,
4062,INFO,📊 Resumen Diario de Cartera,Vigente: 148 préstamos | Vencida: 495 préstamos,[object Object],"console,websocket,database",,,0,2026-07-05 19:00:00,
4063,WARNING,🚨 Moras Críticas Detectadas,Se detectaron 546 moras críticas que requieren atención inmediata,[object Object],database,,,0,2026-07-05 20:00:00,
4064,WARNING,🚨 Moras Críticas Detectadas,Se detectaron 546 moras críticas que requieren atención inmediata,[object Object],"console,websocket,database",,,0,2026-07-05 20:00:00,
4065,INFO,📊 Resumen Diario de Cartera,Vigente: 148 préstamos | Vencida: 495 préstamos,[object Object],database,,,0,2026-07-05 20:00:00,
4066,INFO,📊 Resumen Diario de Cartera,Vigente: 148 préstamos | Vencida: 495 préstamos,[object Object],"console,websocket,database",,,0,2026-07-05 20:00:00,
4067,INFO,📊 Resumen Diario de Cartera,Vigente: 148 préstamos | Vencida: 495 préstamos,[object Object],database,,,0,2026-07-05 21:00:00,
4068,INFO,📊 Resumen Diario de Cartera,Vigente: 148 préstamos | Vencida: 495 préstamos,[object Object],"console,websocket,database",,,0,2026-07-05 21:00:00,
4069,WARNING,🚨 Moras Críticas Detectadas,Se detectaron 546 moras críticas que requieren atención inmediata,[object Object],database,,,0,2026-07-05 22:00:00,
4070,WARNING,🚨 Moras Críticas Detectadas,Se detectaron 546 moras críticas que requieren atención inmediata,[object Object],"console,websocket,database",,,0,2026-07-05 22:00:00,
4071,INFO,📊 Resumen Diario de Cartera,Vigente: 148 préstamos | Vencida: 495 préstamos,[object Object],database,,,0,2026-07-05 22:00:00,
4072,INFO,📊 Resumen Diario de Cartera,Vigente: 148 préstamos | Vencida: 495 préstamos,[object Object],"console,websocket,database",,,0,2026-07-05 22:00:00,
4073,INFO,📊 Resumen Diario de Cartera,Vigente: 148 préstamos | Vencida: 495 préstamos,[object Object],database,,,0,2026-07-05 23:00:00,
4074,INFO,📊 Resumen Diario de Cartera,Vigente: 148 préstamos | Vencida: 495 préstamos,[object Object],"console,websocket,database",,,0,2026-07-05 23:00:00,
4075,WARNING,🚨 Moras Críticas Detectadas,Se detectaron 546 moras críticas que requieren atención inmediata,[object Object],database,,,0,2026-07-06 00:00:00,
4076,WARNING,🚨 Moras Críticas Detectadas,Se detectaron 546 moras críticas que requieren atención inmediata,[object Object],"console,websocket,database",,,0,2026-07-06 00:00:00,
4077,INFO,📊 Resumen Diario de Cartera,Vigente: 148 préstamos | Vencida: 495 préstamos,[object Object],database,,,0,2026-07-06 00:00:00,
4078,INFO,📊 Resumen Diario de Cartera,Vigente: 148 préstamos | Vencida: 495 préstamos,[object Object],"console,websocket,database",,,0,2026-07-06 00:00:00,
4079,INFO,📊 Resumen Diario de Cartera,Vigente: 148 préstamos | Vencida: 495 préstamos,[object Object],database,,,0,2026-07-06 01:00:00,
4080,INFO,📊 Resumen Diario de Cartera,Vigente: 148 préstamos | Vencida: 495 préstamos,[object Object],"console,websocket,database",,,0,2026-07-06 01:00:00,
4081,WARNING,🚨 Moras Críticas Detectadas,Se detectaron 546 moras críticas que requieren atención inmediata,[object Object],database,,,0,2026-07-06 02:00:00,
4082,WARNING,🚨 Moras Críticas Detectadas,Se detectaron 546 moras críticas que requieren atención inmediata,[object Object],"console,websocket,database",,,0,2026-07-06 02:00:00,
4083,INFO,✅ Proceso de Mora Completado,Proceso automático de mora ejecutado exitosamente en 9095ms,[object Object],database,,,0,2026-07-06 02:00:09,
4084,INFO,✅ Proceso de Mora Completado,Proceso automático de mora ejecutado exitosamente en 9095ms,[object Object],"console,websocket,database",,,0,2026-07-06 02:00:09,
4085,WARNING,🚨 Moras Críticas Detectadas,Se detectaron 589 moras críticas que requieren atención inmediata,[object Object],database,,,0,2026-07-06 04:00:00,
4086,WARNING,🚨 Moras Críticas Detectadas,Se detectaron 589 moras críticas que requieren atención inmediata,[object Object],"console,websocket,database",,,0,2026-07-06 04:00:00,
4087,WARNING,🚨 Moras Críticas Detectadas,Se detectaron 589 moras críticas que requieren atención inmediata,[object Object],database,,,0,2026-07-06 06:00:00,
4088,WARNING,🚨 Moras Críticas Detectadas,Se detectaron 589 moras críticas que requieren atención inmediata,[object Object],"console,websocket,database",,,0,2026-07-06 06:00:00,
4089,WARNING,🚨 Moras Críticas Detectadas,Se detectaron 589 moras críticas que requieren atención inmediata,[object Object],database,,,0,2026-07-06 08:00:00,
4090,WARNING,🚨 Moras Críticas Detectadas,Se detectaron 589 moras críticas que requieren atención inmediata,[object Object],"console,websocket,database",,,0,2026-07-06 08:00:00,
4091,WARNING,🚨 Moras Críticas Detectadas,Se detectaron 589 moras críticas que requieren atención inmediata,[object Object],database,,,0,2026-07-06 10:00:00,
4092,WARNING,🚨 Moras Críticas Detectadas,Se detectaron 589 moras críticas que requieren atención inmediata,[object Object],"console,websocket,database",,,0,2026-07-06 10:00:00,
4093,WARNING,🚨 Moras Críticas Detectadas,Se detectaron 589 moras críticas que requieren atención inmediata,[object Object],database,,,0,2026-07-06 12:00:00,
4094,WARNING,🚨 Moras Críticas Detectadas,Se detectaron 589 moras críticas que requieren atención inmediata,[object Object],"console,websocket,database",,,0,2026-07-06 12:00:00,
4095,WARNING,🚨 Moras Críticas Detectadas,Se detectaron 589 moras críticas que requieren atención inmediata,[object Object],database,,,0,2026-07-06 14:00:00,
4096,WARNING,🚨 Moras Críticas Detectadas,Se detectaron 589 moras críticas que requieren atención inmediata,[object Object],"console,websocket,database",,,0,2026-07-06 14:00:00,
4097,INFO,📊 Resumen Diario de Cartera,Vigente: 148 préstamos | Vencida: 495 préstamos,[object Object],database,,,0,2026-07-06 15:00:00,
4098,INFO,📊 Resumen Diario de Cartera,Vigente: 148 préstamos | Vencida: 495 préstamos,[object Object],"console,websocket,database",,,0,2026-07-06 15:00:00,
4099,WARNING,🚨 Moras Críticas Detectadas,Se detectaron 589 moras críticas que requieren atención inmediata,[object Object],database,,,0,2026-07-06 16:00:00,
4100,WARNING,🚨 Moras Críticas Detectadas,Se detectaron 589 moras críticas que requieren atención inmediata,[object Object],"console,websocket,database",,,0,2026-07-06 16:00:00,
4101,INFO,📊 Resumen Diario de Cartera,Vigente: 148 préstamos | Vencida: 495 préstamos,[object Object],database,,,0,2026-07-06 16:00:00,
4102,INFO,📊 Resumen Diario de Cartera,Vigente: 148 préstamos | Vencida: 495 préstamos,[object Object],"console,websocket,database",,,0,2026-07-06 16:00:00,
4103,INFO,📊 Resumen Diario de Cartera,Vigente: 148 préstamos | Vencida: 495 préstamos,[object Object],database,,,0,2026-07-06 17:00:00,
4104,INFO,📊 Resumen Diario de Cartera,Vigente: 148 préstamos | Vencida: 495 préstamos,[object Object],"console,websocket,database",,,0,2026-07-06 17:00:00,
4105,WARNING,🚨 Moras Críticas Detectadas,Se detectaron 589 moras críticas que requieren atención inmediata,[object Object],database,,,0,2026-07-06 18:00:00,
4106,WARNING,🚨 Moras Críticas Detectadas,Se detectaron 589 moras críticas que requieren atención inmediata,[object Object],"console,websocket,database",,,0,2026-07-06 18:00:00,
4107,INFO,📊 Resumen Diario de Cartera,Vigente: 148 préstamos | Vencida: 495 préstamos,[object Object],database,,,0,2026-07-06 18:00:00,
4108,INFO,📊 Resumen Diario de Cartera,Vigente: 148 préstamos | Vencida: 495 préstamos,[object Object],"console,websocket,database",,,0,2026-07-06 18:00:00,
4109,INFO,📊 Resumen Diario de Cartera,Vigente: 148 préstamos | Vencida: 495 préstamos,[object Object],database,,,0,2026-07-06 19:00:00,
4110,INFO,📊 Resumen Diario de Cartera,Vigente: 148 préstamos | Vencida: 495 préstamos,[object Object],"console,websocket,database",,,0,2026-07-06 19:00:00,
4111,WARNING,🚨 Moras Críticas Detectadas,Se detectaron 589 moras críticas que requieren atención inmediata,[object Object],database,,,0,2026-07-06 20:00:00,
4112,WARNING,🚨 Moras Críticas Detectadas,Se detectaron 589 moras críticas que requieren atención inmediata,[object Object],"console,websocket,database",,,0,2026-07-06 20:00:00,
4113,INFO,📊 Resumen Diario de Cartera,Vigente: 148 préstamos | Vencida: 495 préstamos,[object Object],database,,,0,2026-07-06 20:00:00,
4114,INFO,📊 Resumen Diario de Cartera,Vigente: 148 préstamos | Vencida: 495 préstamos,[object Object],"console,websocket,database",,,0,2026-07-06 20:00:00,
4115,INFO,📊 Resumen Diario de Cartera,Vigente: 148 préstamos | Vencida: 495 préstamos,[object Object],database,,,0,2026-07-06 21:00:00,
4116,INFO,📊 Resumen Diario de Cartera,Vigente: 148 préstamos | Vencida: 495 préstamos,[object Object],"console,websocket,database",,,0,2026-07-06 21:00:00,
4117,WARNING,🚨 Moras Críticas Detectadas,Se detectaron 589 moras críticas que requieren atención inmediata,[object Object],database,,,0,2026-07-06 22:00:00,
4118,WARNING,🚨 Moras Críticas Detectadas,Se detectaron 589 moras críticas que requieren atención inmediata,[object Object],"console,websocket,database",,,0,2026-07-06 22:00:00,
4119,INFO,📊 Resumen Diario de Cartera,Vigente: 148 préstamos | Vencida: 495 préstamos,[object Object],database,,,0,2026-07-06 22:00:00,
4120,INFO,📊 Resumen Diario de Cartera,Vigente: 148 préstamos | Vencida: 495 préstamos,[object Object],"console,websocket,database",,,0,2026-07-06 22:00:00,
4121,INFO,📊 Resumen Diario de Cartera,Vigente: 148 préstamos | Vencida: 495 préstamos,[object Object],database,,,0,2026-07-06 23:00:00,
4122,INFO,📊 Resumen Diario de Cartera,Vigente: 148 préstamos | Vencida: 495 préstamos,[object Object],"console,websocket,database",,,0,2026-07-06 23:00:00,
4123,WARNING,🚨 Moras Críticas Detectadas,Se detectaron 589 moras críticas que requieren atención inmediata,[object Object],database,,,0,2026-07-07 00:00:00,
4124,WARNING,🚨 Moras Críticas Detectadas,Se detectaron 589 moras críticas que requieren atención inmediata,[object Object],"console,websocket,database",,,0,2026-07-07 00:00:00,
4125,INFO,📊 Resumen Diario de Cartera,Vigente: 118 préstamos | Vencida: 525 préstamos,[object Object],database,,,0,2026-07-07 00:00:00,
4126,INFO,📊 Resumen Diario de Cartera,Vigente: 118 préstamos | Vencida: 525 préstamos,[object Object],"console,websocket,database",,,0,2026-07-07 00:00:00,
4127,INFO,📊 Resumen Diario de Cartera,Vigente: 118 préstamos | Vencida: 525 préstamos,[object Object],database,,,0,2026-07-07 01:00:00,
4128,INFO,📊 Resumen Diario de Cartera,Vigente: 118 préstamos | Vencida: 525 préstamos,[object Object],"console,websocket,database",,,0,2026-07-07 01:00:00,
4129,WARNING,🚨 Moras Críticas Detectadas,Se detectaron 589 moras críticas que requieren atención inmediata,[object Object],database,,,0,2026-07-07 02:00:00,
4130,WARNING,🚨 Moras Críticas Detectadas,Se detectaron 589 moras críticas que requieren atención inmediata,[object Object],"console,websocket,database",,,0,2026-07-07 02:00:00,
4131,INFO,✅ Proceso de Mora Completado,Proceso automático de mora ejecutado exitosamente en 9000ms,[object Object],database,,,0,2026-07-07 02:00:09,
4132,INFO,✅ Proceso de Mora Completado,Proceso automático de mora ejecutado exitosamente en 9000ms,[object Object],"console,websocket,database",,,0,2026-07-07 02:00:09,
4133,WARNING,🚨 Moras Críticas Detectadas,Se detectaron 606 moras críticas que requieren atención inmediata,[object Object],database,,,0,2026-07-07 04:00:00,
4134,WARNING,🚨 Moras Críticas Detectadas,Se detectaron 606 moras críticas que requieren atención inmediata,[object Object],"console,websocket,database",,,0,2026-07-07 04:00:00,
4135,WARNING,🚨 Moras Críticas Detectadas,Se detectaron 606 moras críticas que requieren atención inmediata,[object Object],database,,,0,2026-07-07 06:00:00,
4136,WARNING,🚨 Moras Críticas Detectadas,Se detectaron 606 moras críticas que requieren atención inmediata,[object Object],"console,websocket,database",,,0,2026-07-07 06:00:00,
4137,WARNING,🚨 Moras Críticas Detectadas,Se detectaron 606 moras críticas que requieren atención inmediata,[object Object],database,,,0,2026-07-07 08:00:00,
4138,WARNING,🚨 Moras Críticas Detectadas,Se detectaron 606 moras críticas que requieren atención inmediata,[object Object],"console,websocket,database",,,0,2026-07-07 08:00:00,
4139,WARNING,🚨 Moras Críticas Detectadas,Se detectaron 606 moras críticas que requieren atención inmediata,[object Object],database,,,0,2026-07-07 10:00:00,
4140,WARNING,🚨 Moras Críticas Detectadas,Se detectaron 606 moras críticas que requieren atención inmediata,[object Object],"console,websocket,database",,,0,2026-07-07 10:00:00,
4141,WARNING,🚨 Moras Críticas Detectadas,Se detectaron 606 moras críticas que requieren atención inmediata,[object Object],database,,,0,2026-07-07 12:00:00,
4142,WARNING,🚨 Moras Críticas Detectadas,Se detectaron 606 moras críticas que requieren atención inmediata,[object Object],"console,websocket,database",,,0,2026-07-07 12:00:00,
4143,WARNING,🚨 Moras Críticas Detectadas,Se detectaron 606 moras críticas que requieren atención inmediata,[object Object],database,,,0,2026-07-07 14:00:00,
4144,WARNING,🚨 Moras Críticas Detectadas,Se detectaron 606 moras críticas que requieren atención inmediata,[object Object],"console,websocket,database",,,0,2026-07-07 14:00:00,
4145,INFO,📊 Resumen Diario de Cartera,Vigente: 118 préstamos | Vencida: 525 préstamos,[object Object],database,,,0,2026-07-07 15:00:00,
4146,INFO,📊 Resumen Diario de Cartera,Vigente: 118 préstamos | Vencida: 525 préstamos,[object Object],"console,websocket,database",,,0,2026-07-07 15:00:00,
4147,WARNING,🚨 Moras Críticas Detectadas,Se detectaron 606 moras críticas que requieren atención inmediata,[object Object],database,,,0,2026-07-07 16:00:00,
4148,WARNING,🚨 Moras Críticas Detectadas,Se detectaron 606 moras críticas que requieren atención inmediata,[object Object],"console,websocket,database",,,0,2026-07-07 16:00:00,
4149,INFO,📊 Resumen Diario de Cartera,Vigente: 118 préstamos | Vencida: 525 préstamos,[object Object],database,,,0,2026-07-07 16:00:00,
4150,INFO,📊 Resumen Diario de Cartera,Vigente: 118 préstamos | Vencida: 525 préstamos,[object Object],"console,websocket,database",,,0,2026-07-07 16:00:00,
4151,INFO,📊 Resumen Diario de Cartera,Vigente: 118 préstamos | Vencida: 525 préstamos,[object Object],database,,,0,2026-07-07 17:00:01,
4152,INFO,📊 Resumen Diario de Cartera,Vigente: 118 préstamos | Vencida: 525 préstamos,[object Object],"console,websocket,database",,,0,2026-07-07 17:00:01,
4153,WARNING,🚨 Moras Críticas Detectadas,Se detectaron 606 moras críticas que requieren atención inmediata,[object Object],database,,,0,2026-07-07 18:00:00,
4154,WARNING,🚨 Moras Críticas Detectadas,Se detectaron 606 moras críticas que requieren atención inmediata,[object Object],"console,websocket,database",,,0,2026-07-07 18:00:00,
4155,INFO,📊 Resumen Diario de Cartera,Vigente: 118 préstamos | Vencida: 525 préstamos,[object Object],database,,,0,2026-07-07 18:00:00,
4156,INFO,📊 Resumen Diario de Cartera,Vigente: 118 préstamos | Vencida: 525 préstamos,[object Object],"console,websocket,database",,,0,2026-07-07 18:00:00,
4157,INFO,📊 Resumen Diario de Cartera,Vigente: 118 préstamos | Vencida: 525 préstamos,[object Object],database,,,0,2026-07-07 19:00:00,
4158,INFO,📊 Resumen Diario de Cartera,Vigente: 118 préstamos | Vencida: 525 préstamos,[object Object],"console,websocket,database",,,0,2026-07-07 19:00:00,
4159,WARNING,🚨 Moras Críticas Detectadas,Se detectaron 606 moras críticas que requieren atención inmediata,[object Object],database,,,0,2026-07-07 20:00:00,
4160,WARNING,🚨 Moras Críticas Detectadas,Se detectaron 606 moras críticas que requieren atención inmediata,[object Object],"console,websocket,database",,,0,2026-07-07 20:00:00,
4161,INFO,📊 Resumen Diario de Cartera,Vigente: 118 préstamos | Vencida: 525 préstamos,[object Object],database,,,0,2026-07-07 20:00:00,
4162,INFO,📊 Resumen Diario de Cartera,Vigente: 118 préstamos | Vencida: 525 préstamos,[object Object],"console,websocket,database",,,0,2026-07-07 20:00:00,
4163,INFO,📊 Resumen Diario de Cartera,Vigente: 123 préstamos | Vencida: 525 préstamos,[object Object],database,,,0,2026-07-07 21:00:00,
4164,INFO,📊 Resumen Diario de Cartera,Vigente: 123 préstamos | Vencida: 525 préstamos,[object Object],"console,websocket,database",,,0,2026-07-07 21:00:00,
4165,WARNING,🚨 Moras Críticas Detectadas,Se detectaron 606 moras críticas que requieren atención inmediata,[object Object],database,,,0,2026-07-07 22:00:00,
4166,WARNING,🚨 Moras Críticas Detectadas,Se detectaron 606 moras críticas que requieren atención inmediata,[object Object],"console,websocket,database",,,0,2026-07-07 22:00:00,
4167,INFO,📊 Resumen Diario de Cartera,Vigente: 123 préstamos | Vencida: 525 préstamos,[object Object],database,,,0,2026-07-07 22:00:00,
4168,INFO,📊 Resumen Diario de Cartera,Vigente: 123 préstamos | Vencida: 525 préstamos,[object Object],"console,websocket,database",,,0,2026-07-07 22:00:00,
4169,INFO,📊 Resumen Diario de Cartera,Vigente: 123 préstamos | Vencida: 525 préstamos,[object Object],database,,,0,2026-07-07 23:00:00,
4170,INFO,📊 Resumen Diario de Cartera,Vigente: 123 préstamos | Vencida: 525 préstamos,[object Object],"console,websocket,database",,,0,2026-07-07 23:00:00,
4171,WARNING,🚨 Moras Críticas Detectadas,Se detectaron 606 moras críticas que requieren atención inmediata,[object Object],database,,,0,2026-07-08 00:00:00,
4172,WARNING,🚨 Moras Críticas Detectadas,Se detectaron 606 moras críticas que requieren atención inmediata,[object Object],"console,websocket,database",,,0,2026-07-08 00:00:00,
4173,INFO,📊 Resumen Diario de Cartera,Vigente: 111 préstamos | Vencida: 537 préstamos,[object Object],database,,,0,2026-07-08 00:00:00,
4174,INFO,📊 Resumen Diario de Cartera,Vigente: 111 préstamos | Vencida: 537 préstamos,[object Object],"console,websocket,database",,,0,2026-07-08 00:00:00,
4175,INFO,📊 Resumen Diario de Cartera,Vigente: 111 préstamos | Vencida: 537 préstamos,[object Object],database,,,0,2026-07-08 01:00:00,
4176,INFO,📊 Resumen Diario de Cartera,Vigente: 111 préstamos | Vencida: 537 préstamos,[object Object],"console,websocket,database",,,0,2026-07-08 01:00:00,
4177,WARNING,🚨 Moras Críticas Detectadas,Se detectaron 606 moras críticas que requieren atención inmediata,[object Object],database,,,0,2026-07-08 02:00:00,
4178,WARNING,🚨 Moras Críticas Detectadas,Se detectaron 606 moras críticas que requieren atención inmediata,[object Object],"console,websocket,database",,,0,2026-07-08 02:00:00,
4179,INFO,✅ Proceso de Mora Completado,Proceso automático de mora ejecutado exitosamente en 9902ms,[object Object],database,,,0,2026-07-08 02:00:09,
4180,INFO,✅ Proceso de Mora Completado,Proceso automático de mora ejecutado exitosamente en 9902ms,[object Object],"console,websocket,database",,,0,2026-07-08 02:00:09,
4181,WARNING,🚨 Moras Críticas Detectadas,Se detectaron 606 moras críticas que requieren atención inmediata,[object Object],database,,,0,2026-07-08 04:00:00,
4182,WARNING,🚨 Moras Críticas Detectadas,Se detectaron 606 moras críticas que requieren atención inmediata,[object Object],"console,websocket,database",,,0,2026-07-08 04:00:00,
4183,WARNING,🚨 Moras Críticas Detectadas,Se detectaron 606 moras críticas que requieren atención inmediata,[object Object],database,,,0,2026-07-08 06:00:00,
4184,WARNING,🚨 Moras Críticas Detectadas,Se detectaron 606 moras críticas que requieren atención inmediata,[object Object],"console,websocket,database",,,0,2026-07-08 06:00:00,
4185,WARNING,🚨 Moras Críticas Detectadas,Se detectaron 606 moras críticas que requieren atención inmediata,[object Object],database,,,0,2026-07-08 08:00:00,
4186,WARNING,🚨 Moras Críticas Detectadas,Se detectaron 606 moras críticas que requieren atención inmediata,[object Object],"console,websocket,database",,,0,2026-07-08 08:00:00,
4187,WARNING,🚨 Moras Críticas Detectadas,Se detectaron 606 moras críticas que requieren atención inmediata,[object Object],database,,,0,2026-07-08 10:00:00,
4188,WARNING,🚨 Moras Críticas Detectadas,Se detectaron 606 moras críticas que requieren atención inmediata,[object Object],"console,websocket,database",,,0,2026-07-08 10:00:00,
4189,WARNING,🚨 Moras Críticas Detectadas,Se detectaron 606 moras críticas que requieren atención inmediata,[object Object],database,,,0,2026-07-08 12:00:00,
4190,WARNING,🚨 Moras Críticas Detectadas,Se detectaron 606 moras críticas que requieren atención inmediata,[object Object],"console,websocket,database",,,0,2026-07-08 12:00:00,
4191,WARNING,🚨 Moras Críticas Detectadas,Se detectaron 606 moras críticas que requieren atención inmediata,[object Object],database,,,0,2026-07-08 14:00:00,
4192,WARNING,🚨 Moras Críticas Detectadas,Se detectaron 606 moras críticas que requieren atención inmediata,[object Object],"console,websocket,database",,,0,2026-07-08 14:00:00,
4193,INFO,📊 Resumen Diario de Cartera,Vigente: 111 préstamos | Vencida: 537 préstamos,[object Object],database,,,0,2026-07-08 15:00:00,
4194,INFO,📊 Resumen Diario de Cartera,Vigente: 111 préstamos | Vencida: 537 préstamos,[object Object],"console,websocket,database",,,0,2026-07-08 15:00:00,
4195,WARNING,🚨 Moras Críticas Detectadas,Se detectaron 606 moras críticas que requieren atención inmediata,[object Object],database,,,0,2026-07-08 16:00:00,
4196,WARNING,🚨 Moras Críticas Detectadas,Se detectaron 606 moras críticas que requieren atención inmediata,[object Object],"console,websocket,database",,,0,2026-07-08 16:00:00,
4197,INFO,📊 Resumen Diario de Cartera,Vigente: 111 préstamos | Vencida: 537 préstamos,[object Object],database,,,0,2026-07-08 16:00:00,
4198,INFO,📊 Resumen Diario de Cartera,Vigente: 111 préstamos | Vencida: 537 préstamos,[object Object],"console,websocket,database",,,0,2026-07-08 16:00:00,
4199,INFO,📊 Resumen Diario de Cartera,Vigente: 111 préstamos | Vencida: 537 préstamos,[object Object],database,,,0,2026-07-08 17:00:00,
4200,INFO,📊 Resumen Diario de Cartera,Vigente: 111 préstamos | Vencida: 537 préstamos,[object Object],"console,websocket,database",,,0,2026-07-08 17:00:00,
4201,INFO,📊 Resumen Diario de Cartera,Vigente: 111 préstamos | Vencida: 537 préstamos,[object Object],database,,,0,2026-07-08 18:32:01,
4202,INFO,📊 Resumen Diario de Cartera,Vigente: 111 préstamos | Vencida: 537 préstamos,[object Object],"console,websocket,database",,,0,2026-07-08 18:32:01,
4203,INFO,✅ Proceso de Mora Completado,Proceso automático de mora ejecutado exitosamente en 8538ms,[object Object],database,,,0,2026-07-08 18:32:10,
4204,INFO,✅ Proceso de Mora Completado,Proceso automático de mora ejecutado exitosamente en 8538ms,[object Object],"console,websocket,database",,,0,2026-07-08 18:32:10,
4205,INFO,📊 Resumen Diario de Cartera,Vigente: 111 préstamos | Vencida: 537 préstamos,[object Object],database,,,0,2026-07-08 18:42:07,
4206,INFO,📊 Resumen Diario de Cartera,Vigente: 111 préstamos | Vencida: 537 préstamos,[object Object],"console,websocket,database",,,0,2026-07-08 18:42:07,
4207,INFO,✅ Proceso de Mora Completado,Proceso automático de mora ejecutado exitosamente en 909ms,[object Object],database,,,0,2026-07-08 18:42:08,
4208,INFO,✅ Proceso de Mora Completado,Proceso automático de mora ejecutado exitosamente en 909ms,[object Object],"console,websocket,database",,,0,2026-07-08 18:42:08,
4209,INFO,📊 Resumen Diario de Cartera,Vigente: 111 préstamos | Vencida: 537 préstamos,[object Object],database,,,0,2026-07-08 19:00:00,
4210,INFO,📊 Resumen Diario de Cartera,Vigente: 111 préstamos | Vencida: 537 préstamos,[object Object],"console,websocket,database",,,0,2026-07-08 19:00:00,
4211,WARNING,🚨 Moras Críticas Detectadas,Se detectaron 606 moras críticas que requieren atención inmediata,[object Object],database,,,0,2026-07-08 20:00:00,
4212,WARNING,🚨 Moras Críticas Detectadas,Se detectaron 606 moras críticas que requieren atención inmediata,[object Object],"console,websocket,database",,,0,2026-07-08 20:00:00,
4213,INFO,📊 Resumen Diario de Cartera,Vigente: 111 préstamos | Vencida: 537 préstamos,[object Object],database,,,0,2026-07-08 20:00:00,
4214,INFO,📊 Resumen Diario de Cartera,Vigente: 111 préstamos | Vencida: 537 préstamos,[object Object],"console,websocket,database",,,0,2026-07-08 20:00:00,
4215,INFO,📊 Resumen Diario de Cartera,Vigente: 111 préstamos | Vencida: 537 préstamos,[object Object],database,,,0,2026-07-08 20:24:40,
4216,INFO,📊 Resumen Diario de Cartera,Vigente: 111 préstamos | Vencida: 537 préstamos,[object Object],"console,websocket,database",,,0,2026-07-08 20:24:40,
4217,INFO,✅ Proceso de Mora Completado,Proceso automático de mora ejecutado exitosamente en 940ms,[object Object],database,,,0,2026-07-08 20:24:41,
4218,INFO,✅ Proceso de Mora Completado,Proceso automático de mora ejecutado exitosamente en 940ms,[object Object],"console,websocket,database",,,0,2026-07-08 20:24:41,
4219,INFO,📊 Resumen Diario de Cartera,Vigente: 111 préstamos | Vencida: 537 préstamos,[object Object],database,,,0,2026-07-08 20:25:32,
4220,INFO,📊 Resumen Diario de Cartera,Vigente: 111 préstamos | Vencida: 537 préstamos,[object Object],"console,websocket,database",,,0,2026-07-08 20:25:32,
4221,INFO,✅ Proceso de Mora Completado,Proceso automático de mora ejecutado exitosamente en 974ms,[object Object],database,,,0,2026-07-08 20:25:33,
4222,INFO,✅ Proceso de Mora Completado,Proceso automático de mora ejecutado exitosamente en 974ms,[object Object],"console,websocket,database",,,0,2026-07-08 20:25:33,
4223,INFO,📊 Resumen Diario de Cartera,Vigente: 111 préstamos | Vencida: 537 préstamos,[object Object],database,,,0,2026-07-08 20:25:37,
4224,INFO,📊 Resumen Diario de Cartera,Vigente: 111 préstamos | Vencida: 537 préstamos,[object Object],"console,websocket,database",,,0,2026-07-08 20:25:37,
4225,INFO,✅ Proceso de Mora Completado,Proceso automático de mora ejecutado exitosamente en 944ms,[object Object],database,,,0,2026-07-08 20:25:38,
4226,INFO,✅ Proceso de Mora Completado,Proceso automático de mora ejecutado exitosamente en 944ms,[object Object],"console,websocket,database",,,0,2026-07-08 20:25:38,
4227,INFO,📊 Resumen Diario de Cartera,Vigente: 111 préstamos | Vencida: 537 préstamos,[object Object],database,,,0,2026-07-08 20:25:46,
4228,INFO,📊 Resumen Diario de Cartera,Vigente: 111 préstamos | Vencida: 537 préstamos,[object Object],"console,websocket,database",,,0,2026-07-08 20:25:46,
4229,INFO,✅ Proceso de Mora Completado,Proceso automático de mora ejecutado exitosamente en 797ms,[object Object],database,,,0,2026-07-08 20:25:47,
4230,INFO,✅ Proceso de Mora Completado,Proceso automático de mora ejecutado exitosamente en 797ms,[object Object],"console,websocket,database",,,0,2026-07-08 20:25:47,
4231,INFO,📊 Resumen Diario de Cartera,Vigente: 111 préstamos | Vencida: 537 préstamos,[object Object],database,,,0,2026-07-08 20:26:02,
4232,INFO,📊 Resumen Diario de Cartera,Vigente: 111 préstamos | Vencida: 537 préstamos,[object Object],"console,websocket,database",,,0,2026-07-08 20:26:02,
4233,INFO,✅ Proceso de Mora Completado,Proceso automático de mora ejecutado exitosamente en 1206ms,[object Object],database,,,0,2026-07-08 20:26:03,
4234,INFO,✅ Proceso de Mora Completado,Proceso automático de mora ejecutado exitosamente en 1206ms,[object Object],"console,websocket,database",,,0,2026-07-08 20:26:03,
4235,INFO,📊 Resumen Diario de Cartera,Vigente: 111 préstamos | Vencida: 537 préstamos,[object Object],database,,,0,2026-07-08 21:00:00,
4236,INFO,📊 Resumen Diario de Cartera,Vigente: 111 préstamos | Vencida: 537 préstamos,[object Object],"console,websocket,database",,,0,2026-07-08 21:00:00,
4237,WARNING,🚨 Moras Críticas Detectadas,Se detectaron 606 moras críticas que requieren atención inmediata,[object Object],database,,,0,2026-07-08 22:00:00,
4238,WARNING,🚨 Moras Críticas Detectadas,Se detectaron 606 moras críticas que requieren atención inmediata,[object Object],"console,websocket,database",,,0,2026-07-08 22:00:00,
4239,INFO,📊 Resumen Diario de Cartera,Vigente: 111 préstamos | Vencida: 537 préstamos,[object Object],database,,,0,2026-07-08 22:00:00,
4240,INFO,📊 Resumen Diario de Cartera,Vigente: 111 préstamos | Vencida: 537 préstamos,[object Object],"console,websocket,database",,,0,2026-07-08 22:00:00,
4241,INFO,📊 Resumen Diario de Cartera,Vigente: 111 préstamos | Vencida: 536 préstamos,[object Object],database,,,0,2026-07-08 23:00:00,
4242,INFO,📊 Resumen Diario de Cartera,Vigente: 111 préstamos | Vencida: 536 préstamos,[object Object],"console,websocket,database",,,0,2026-07-08 23:00:00,
4243,WARNING,🚨 Moras Críticas Detectadas,Se detectaron 606 moras críticas que requieren atención inmediata,[object Object],database,,,0,2026-07-09 00:00:00,
4244,WARNING,🚨 Moras Críticas Detectadas,Se detectaron 606 moras críticas que requieren atención inmediata,[object Object],"console,websocket,database",,,0,2026-07-09 00:00:00,
4245,INFO,📊 Resumen Diario de Cartera,Vigente: 107 préstamos | Vencida: 541 préstamos,[object Object],database,,,0,2026-07-09 00:00:00,
4246,INFO,📊 Resumen Diario de Cartera,Vigente: 107 préstamos | Vencida: 541 préstamos,[object Object],"console,websocket,database",,,0,2026-07-09 00:00:00,
4247,INFO,📊 Resumen Diario de Cartera,Vigente: 107 préstamos | Vencida: 541 préstamos,[object Object],database,,,0,2026-07-09 01:00:00,
4248,INFO,📊 Resumen Diario de Cartera,Vigente: 107 préstamos | Vencida: 541 préstamos,[object Object],"console,websocket,database",,,0,2026-07-09 01:00:00,
4249,WARNING,🚨 Moras Críticas Detectadas,Se detectaron 606 moras críticas que requieren atención inmediata,[object Object],database,,,0,2026-07-09 02:00:00,
4250,WARNING,🚨 Moras Críticas Detectadas,Se detectaron 606 moras críticas que requieren atención inmediata,[object Object],"console,websocket,database",,,0,2026-07-09 02:00:00,
4251,INFO,✅ Proceso de Mora Completado,Proceso automático de mora ejecutado exitosamente en 5850ms,[object Object],database,,,0,2026-07-09 02:00:05,
4252,INFO,✅ Proceso de Mora Completado,Proceso automático de mora ejecutado exitosamente en 5850ms,[object Object],"console,websocket,database",,,0,2026-07-09 02:00:05,
4253,WARNING,🚨 Moras Críticas Detectadas,Se detectaron 606 moras críticas que requieren atención inmediata,[object Object],database,,,0,2026-07-09 04:00:00,
4254,WARNING,🚨 Moras Críticas Detectadas,Se detectaron 606 moras críticas que requieren atención inmediata,[object Object],"console,websocket,database",,,0,2026-07-09 04:00:00,
4255,WARNING,🚨 Moras Críticas Detectadas,Se detectaron 606 moras críticas que requieren atención inmediata,[object Object],database,,,0,2026-07-09 06:00:00,
4256,WARNING,🚨 Moras Críticas Detectadas,Se detectaron 606 moras críticas que requieren atención inmediata,[object Object],"console,websocket,database",,,0,2026-07-09 06:00:00,
4257,WARNING,🚨 Moras Críticas Detectadas,Se detectaron 606 moras críticas que requieren atención inmediata,[object Object],database,,,0,2026-07-09 08:00:00,
4258,WARNING,🚨 Moras Críticas Detectadas,Se detectaron 606 moras críticas que requieren atención inmediata,[object Object],"console,websocket,database",,,0,2026-07-09 08:00:00,
4259,WARNING,🚨 Moras Críticas Detectadas,Se detectaron 606 moras críticas que requieren atención inmediata,[object Object],database,,,0,2026-07-09 10:00:00,
4260,WARNING,🚨 Moras Críticas Detectadas,Se detectaron 606 moras críticas que requieren atención inmediata,[object Object],"console,websocket,database",,,0,2026-07-09 10:00:00,
4261,WARNING,🚨 Moras Críticas Detectadas,Se detectaron 606 moras críticas que requieren atención inmediata,[object Object],database,,,0,2026-07-09 12:00:00,
4262,WARNING,🚨 Moras Críticas Detectadas,Se detectaron 606 moras críticas que requieren atención inmediata,[object Object],"console,websocket,database",,,0,2026-07-09 12:00:00,
4263,WARNING,🚨 Moras Críticas Detectadas,Se detectaron 606 moras críticas que requieren atención inmediata,[object Object],database,,,0,2026-07-09 14:00:00,
4264,WARNING,🚨 Moras Críticas Detectadas,Se detectaron 606 moras críticas que requieren atención inmediata,[object Object],"console,websocket,database",,,0,2026-07-09 14:00:00,
4265,INFO,📊 Resumen Diario de Cartera,Vigente: 107 préstamos | Vencida: 541 préstamos,[object Object],database,,,0,2026-07-09 15:00:00,
4266,INFO,📊 Resumen Diario de Cartera,Vigente: 107 préstamos | Vencida: 541 préstamos,[object Object],"console,websocket,database",,,0,2026-07-09 15:00:00,
4267,WARNING,🚨 Moras Críticas Detectadas,Se detectaron 606 moras críticas que requieren atención inmediata,[object Object],database,,,0,2026-07-09 16:00:00,
4268,WARNING,🚨 Moras Críticas Detectadas,Se detectaron 606 moras críticas que requieren atención inmediata,[object Object],"console,websocket,database",,,0,2026-07-09 16:00:00,
4269,INFO,📊 Resumen Diario de Cartera,Vigente: 107 préstamos | Vencida: 541 préstamos,[object Object],database,,,0,2026-07-09 16:00:00,
4270,INFO,📊 Resumen Diario de Cartera,Vigente: 107 préstamos | Vencida: 541 préstamos,[object Object],"console,websocket,database",,,0,2026-07-09 16:00:00,
4271,INFO,📊 Resumen Diario de Cartera,Vigente: 107 préstamos | Vencida: 541 préstamos,[object Object],database,,,0,2026-07-09 17:00:00,
4272,INFO,📊 Resumen Diario de Cartera,Vigente: 107 préstamos | Vencida: 541 préstamos,[object Object],"console,websocket,database",,,0,2026-07-09 17:00:00,
4273,WARNING,🚨 Moras Críticas Detectadas,Se detectaron 606 moras críticas que requieren atención inmediata,[object Object],database,,,0,2026-07-09 18:00:00,
4274,WARNING,🚨 Moras Críticas Detectadas,Se detectaron 606 moras críticas que requieren atención inmediata,[object Object],"console,websocket,database",,,0,2026-07-09 18:00:00,
4275,INFO,📊 Resumen Diario de Cartera,Vigente: 107 préstamos | Vencida: 541 préstamos,[object Object],database,,,0,2026-07-09 18:00:00,
4276,INFO,📊 Resumen Diario de Cartera,Vigente: 107 préstamos | Vencida: 541 préstamos,[object Object],"console,websocket,database",,,0,2026-07-09 18:00:00,
4277,INFO,📊 Resumen Diario de Cartera,Vigente: 107 préstamos | Vencida: 541 préstamos,[object Object],database,,,0,2026-07-09 19:00:00,
4278,INFO,📊 Resumen Diario de Cartera,Vigente: 107 préstamos | Vencida: 541 préstamos,[object Object],"console,websocket,database",,,0,2026-07-09 19:00:00,
4279,WARNING,🚨 Moras Críticas Detectadas,Se detectaron 606 moras críticas que requieren atención inmediata,[object Object],database,,,0,2026-07-09 20:00:00,
4280,WARNING,🚨 Moras Críticas Detectadas,Se detectaron 606 moras críticas que requieren atención inmediata,[object Object],"console,websocket,database",,,0,2026-07-09 20:00:00,
4281,INFO,📊 Resumen Diario de Cartera,Vigente: 110 préstamos | Vencida: 538 préstamos,[object Object],database,,,0,2026-07-09 20:00:00,
4282,INFO,📊 Resumen Diario de Cartera,Vigente: 110 préstamos | Vencida: 538 préstamos,[object Object],"console,websocket,database",,,0,2026-07-09 20:00:00,
4283,INFO,📊 Resumen Diario de Cartera,Vigente: 117 préstamos | Vencida: 533 préstamos,[object Object],database,,,0,2026-07-09 21:00:00,
4284,INFO,📊 Resumen Diario de Cartera,Vigente: 117 préstamos | Vencida: 533 préstamos,[object Object],"console,websocket,database",,,0,2026-07-09 21:00:00,
4285,WARNING,🚨 Moras Críticas Detectadas,Se detectaron 603 moras críticas que requieren atención inmediata,[object Object],database,,,0,2026-07-09 22:00:00,
4286,WARNING,🚨 Moras Críticas Detectadas,Se detectaron 603 moras críticas que requieren atención inmediata,[object Object],"console,websocket,database",,,0,2026-07-09 22:00:00,
4287,INFO,📊 Resumen Diario de Cartera,Vigente: 123 préstamos | Vencida: 529 préstamos,[object Object],database,,,0,2026-07-09 22:00:00,
4288,INFO,📊 Resumen Diario de Cartera,Vigente: 123 préstamos | Vencida: 529 préstamos,[object Object],"console,websocket,database",,,0,2026-07-09 22:00:00,
4289,INFO,📊 Resumen Diario de Cartera,Vigente: 126 préstamos | Vencida: 529 préstamos,[object Object],database,,,0,2026-07-09 23:00:00,
4290,INFO,📊 Resumen Diario de Cartera,Vigente: 126 préstamos | Vencida: 529 préstamos,[object Object],"console,websocket,database",,,0,2026-07-09 23:00:00,
4291,WARNING,🚨 Moras Críticas Detectadas,Se detectaron 603 moras críticas que requieren atención inmediata,[object Object],database,,,0,2026-07-10 00:00:00,
4292,WARNING,🚨 Moras Críticas Detectadas,Se detectaron 603 moras críticas que requieren atención inmediata,[object Object],"console,websocket,database",,,0,2026-07-10 00:00:00,
4293,INFO,📊 Resumen Diario de Cartera,Vigente: 122 préstamos | Vencida: 534 préstamos,[object Object],database,,,0,2026-07-10 00:00:00,
4294,INFO,📊 Resumen Diario de Cartera,Vigente: 122 préstamos | Vencida: 534 préstamos,[object Object],"console,websocket,database",,,0,2026-07-10 00:00:00,
4295,INFO,📊 Resumen Diario de Cartera,Vigente: 122 préstamos | Vencida: 534 préstamos,[object Object],database,,,0,2026-07-10 01:00:00,
4296,INFO,📊 Resumen Diario de Cartera,Vigente: 122 préstamos | Vencida: 534 préstamos,[object Object],"console,websocket,database",,,0,2026-07-10 01:00:00,
4297,WARNING,🚨 Moras Críticas Detectadas,Se detectaron 603 moras críticas que requieren atención inmediata,[object Object],database,,,0,2026-07-10 02:00:00,
4298,WARNING,🚨 Moras Críticas Detectadas,Se detectaron 603 moras críticas que requieren atención inmediata,[object Object],"console,websocket,database",,,0,2026-07-10 02:00:00,
4299,INFO,✅ Proceso de Mora Completado,Proceso automático de mora ejecutado exitosamente en 5603ms,[object Object],database,,,0,2026-07-10 02:00:05,
4300,INFO,✅ Proceso de Mora Completado,Proceso automático de mora ejecutado exitosamente en 5603ms,[object Object],"console,websocket,database",,,0,2026-07-10 02:00:05,
4301,WARNING,🚨 Moras Críticas Detectadas,Se detectaron 628 moras críticas que requieren atención inmediata,[object Object],database,,,0,2026-07-10 04:00:00,
4302,WARNING,🚨 Moras Críticas Detectadas,Se detectaron 628 moras críticas que requieren atención inmediata,[object Object],"console,websocket,database",,,0,2026-07-10 04:00:00,
4303,WARNING,🚨 Moras Críticas Detectadas,Se detectaron 628 moras críticas que requieren atención inmediata,[object Object],database,,,0,2026-07-10 06:00:00,
4304,WARNING,🚨 Moras Críticas Detectadas,Se detectaron 628 moras críticas que requieren atención inmediata,[object Object],"console,websocket,database",,,0,2026-07-10 06:00:00,
4305,WARNING,🚨 Moras Críticas Detectadas,Se detectaron 628 moras críticas que requieren atención inmediata,[object Object],database,,,0,2026-07-10 08:00:00,
4306,WARNING,🚨 Moras Críticas Detectadas,Se detectaron 628 moras críticas que requieren atención inmediata,[object Object],"console,websocket,database",,,0,2026-07-10 08:00:00,
4307,WARNING,🚨 Moras Críticas Detectadas,Se detectaron 628 moras críticas que requieren atención inmediata,[object Object],database,,,0,2026-07-10 10:00:00,
4308,WARNING,🚨 Moras Críticas Detectadas,Se detectaron 628 moras críticas que requieren atención inmediata,[object Object],"console,websocket,database",,,0,2026-07-10 10:00:00,
4309,WARNING,🚨 Moras Críticas Detectadas,Se detectaron 628 moras críticas que requieren atención inmediata,[object Object],database,,,0,2026-07-10 12:00:00,
4310,WARNING,🚨 Moras Críticas Detectadas,Se detectaron 628 moras críticas que requieren atención inmediata,[object Object],"console,websocket,database",,,0,2026-07-10 12:00:00,
4311,WARNING,🚨 Moras Críticas Detectadas,Se detectaron 628 moras críticas que requieren atención inmediata,[object Object],database,,,0,2026-07-10 14:00:00,
4312,WARNING,🚨 Moras Críticas Detectadas,Se detectaron 628 moras críticas que requieren atención inmediata,[object Object],"console,websocket,database",,,0,2026-07-10 14:00:00,
4313,INFO,📊 Resumen Diario de Cartera,Vigente: 122 préstamos | Vencida: 534 préstamos,[object Object],database,,,0,2026-07-10 15:00:00,
4314,INFO,📊 Resumen Diario de Cartera,Vigente: 122 préstamos | Vencida: 534 préstamos,[object Object],"console,websocket,database",,,0,2026-07-10 15:00:00,
4315,WARNING,🚨 Moras Críticas Detectadas,Se detectaron 628 moras críticas que requieren atención inmediata,[object Object],database,,,0,2026-07-10 16:00:00,
4316,WARNING,🚨 Moras Críticas Detectadas,Se detectaron 628 moras críticas que requieren atención inmediata,[object Object],"console,websocket,database",,,0,2026-07-10 16:00:00,
4317,INFO,📊 Resumen Diario de Cartera,Vigente: 122 préstamos | Vencida: 534 préstamos,[object Object],database,,,0,2026-07-10 16:00:00,
4318,INFO,📊 Resumen Diario de Cartera,Vigente: 122 préstamos | Vencida: 534 préstamos,[object Object],"console,websocket,database",,,0,2026-07-10 16:00:00,
4319,INFO,📊 Resumen Diario de Cartera,Vigente: 122 préstamos | Vencida: 534 préstamos,[object Object],database,,,0,2026-07-10 17:00:00,
4320,INFO,📊 Resumen Diario de Cartera,Vigente: 122 préstamos | Vencida: 534 préstamos,[object Object],"console,websocket,database",,,0,2026-07-10 17:00:00,
4321,WARNING,🚨 Moras Críticas Detectadas,Se detectaron 628 moras críticas que requieren atención inmediata,[object Object],database,,,0,2026-07-10 18:00:00,
4322,WARNING,🚨 Moras Críticas Detectadas,Se detectaron 628 moras críticas que requieren atención inmediata,[object Object],"console,websocket,database",,,0,2026-07-10 18:00:00,
4323,INFO,📊 Resumen Diario de Cartera,Vigente: 122 préstamos | Vencida: 534 préstamos,[object Object],database,,,0,2026-07-10 18:00:00,
4324,INFO,📊 Resumen Diario de Cartera,Vigente: 122 préstamos | Vencida: 534 préstamos,[object Object],"console,websocket,database",,,0,2026-07-10 18:00:00,
4325,INFO,📊 Resumen Diario de Cartera,Vigente: 122 préstamos | Vencida: 534 préstamos,[object Object],database,,,0,2026-07-10 19:00:00,
4326,INFO,📊 Resumen Diario de Cartera,Vigente: 122 préstamos | Vencida: 534 préstamos,[object Object],"console,websocket,database",,,0,2026-07-10 19:00:00,
4327,WARNING,🚨 Moras Críticas Detectadas,Se detectaron 624 moras críticas que requieren atención inmediata,[object Object],database,,,0,2026-07-10 20:00:00,
4328,WARNING,🚨 Moras Críticas Detectadas,Se detectaron 624 moras críticas que requieren atención inmediata,[object Object],"console,websocket,database",,,0,2026-07-10 20:00:00,
4329,INFO,📊 Resumen Diario de Cartera,Vigente: 124 préstamos | Vencida: 526 préstamos,[object Object],database,,,0,2026-07-10 20:00:00,
4330,INFO,📊 Resumen Diario de Cartera,Vigente: 124 préstamos | Vencida: 526 préstamos,[object Object],"console,websocket,database",,,0,2026-07-10 20:00:00,
4331,INFO,📊 Resumen Diario de Cartera,Vigente: 131 préstamos | Vencida: 526 préstamos,[object Object],database,,,0,2026-07-10 21:00:00,
4332,INFO,📊 Resumen Diario de Cartera,Vigente: 131 préstamos | Vencida: 526 préstamos,[object Object],"console,websocket,database",,,0,2026-07-10 21:00:00,
4333,WARNING,🚨 Moras Críticas Detectadas,Se detectaron 624 moras críticas que requieren atención inmediata,[object Object],database,,,0,2026-07-10 22:00:00,
4334,WARNING,🚨 Moras Críticas Detectadas,Se detectaron 624 moras críticas que requieren atención inmediata,[object Object],"console,websocket,database",,,0,2026-07-10 22:00:00,
4335,INFO,📊 Resumen Diario de Cartera,Vigente: 131 préstamos | Vencida: 526 préstamos,[object Object],database,,,0,2026-07-10 22:00:00,
4336,INFO,📊 Resumen Diario de Cartera,Vigente: 131 préstamos | Vencida: 526 préstamos,[object Object],"console,websocket,database",,,0,2026-07-10 22:00:00,
4337,INFO,📊 Resumen Diario de Cartera,Vigente: 132 préstamos | Vencida: 526 préstamos,[object Object],database,,,0,2026-07-10 23:00:00,
4338,INFO,📊 Resumen Diario de Cartera,Vigente: 132 préstamos | Vencida: 526 préstamos,[object Object],"console,websocket,database",,,0,2026-07-10 23:00:00,
4339,WARNING,🚨 Moras Críticas Detectadas,Se detectaron 624 moras críticas que requieren atención inmediata,[object Object],database,,,0,2026-07-11 00:00:00,
4340,WARNING,🚨 Moras Críticas Detectadas,Se detectaron 624 moras críticas que requieren atención inmediata,[object Object],"console,websocket,database",,,0,2026-07-11 00:00:00,
4341,INFO,📊 Resumen Diario de Cartera,Vigente: 117 préstamos | Vencida: 541 préstamos,[object Object],database,,,0,2026-07-11 00:00:00,
4342,INFO,📊 Resumen Diario de Cartera,Vigente: 117 préstamos | Vencida: 541 préstamos,[object Object],"console,websocket,database",,,0,2026-07-11 00:00:00,
4343,INFO,📊 Resumen Diario de Cartera,Vigente: 117 préstamos | Vencida: 541 préstamos,[object Object],database,,,0,2026-07-11 01:00:00,
4344,INFO,📊 Resumen Diario de Cartera,Vigente: 117 préstamos | Vencida: 541 préstamos,[object Object],"console,websocket,database",,,0,2026-07-11 01:00:00,
4345,WARNING,🚨 Moras Críticas Detectadas,Se detectaron 624 moras críticas que requieren atención inmediata,[object Object],database,,,0,2026-07-11 02:00:00,
4346,WARNING,🚨 Moras Críticas Detectadas,Se detectaron 624 moras críticas que requieren atención inmediata,[object Object],"console,websocket,database",,,0,2026-07-11 02:00:00,
4347,INFO,✅ Proceso de Mora Completado,Proceso automático de mora ejecutado exitosamente en 5845ms,[object Object],database,,,0,2026-07-11 02:00:05,
4348,INFO,✅ Proceso de Mora Completado,Proceso automático de mora ejecutado exitosamente en 5845ms,[object Object],"console,websocket,database",,,0,2026-07-11 02:00:05,
4349,WARNING,🚨 Moras Críticas Detectadas,Se detectaron 705 moras críticas que requieren atención inmediata,[object Object],database,,,0,2026-07-11 04:00:00,
4350,WARNING,🚨 Moras Críticas Detectadas,Se detectaron 705 moras críticas que requieren atención inmediata,[object Object],"console,websocket,database",,,0,2026-07-11 04:00:00,
4351,WARNING,🚨 Moras Críticas Detectadas,Se detectaron 705 moras críticas que requieren atención inmediata,[object Object],database,,,0,2026-07-11 06:00:00,
4352,WARNING,🚨 Moras Críticas Detectadas,Se detectaron 705 moras críticas que requieren atención inmediata,[object Object],"console,websocket,database",,,0,2026-07-11 06:00:00,
4353,WARNING,🚨 Moras Críticas Detectadas,Se detectaron 705 moras críticas que requieren atención inmediata,[object Object],database,,,0,2026-07-11 08:00:00,
4354,WARNING,🚨 Moras Críticas Detectadas,Se detectaron 705 moras críticas que requieren atención inmediata,[object Object],"console,websocket,database",,,0,2026-07-11 08:00:00,
4355,WARNING,🚨 Moras Críticas Detectadas,Se detectaron 705 moras críticas que requieren atención inmediata,[object Object],database,,,0,2026-07-11 10:00:00,
4356,WARNING,🚨 Moras Críticas Detectadas,Se detectaron 705 moras críticas que requieren atención inmediata,[object Object],"console,websocket,database",,,0,2026-07-11 10:00:00,
4357,WARNING,🚨 Moras Críticas Detectadas,Se detectaron 705 moras críticas que requieren atención inmediata,[object Object],database,,,0,2026-07-11 12:00:00,
4358,WARNING,🚨 Moras Críticas Detectadas,Se detectaron 705 moras críticas que requieren atención inmediata,[object Object],"console,websocket,database",,,0,2026-07-11 12:00:00,
4359,WARNING,🚨 Moras Críticas Detectadas,Se detectaron 705 moras críticas que requieren atención inmediata,[object Object],database,,,0,2026-07-11 14:00:00,
4360,WARNING,🚨 Moras Críticas Detectadas,Se detectaron 705 moras críticas que requieren atención inmediata,[object Object],"console,websocket,database",,,0,2026-07-11 14:00:00,
4361,INFO,📊 Resumen Diario de Cartera,Vigente: 117 préstamos | Vencida: 541 préstamos,[object Object],database,,,0,2026-07-11 15:00:00,
4362,INFO,📊 Resumen Diario de Cartera,Vigente: 117 préstamos | Vencida: 541 préstamos,[object Object],"console,websocket,database",,,0,2026-07-11 15:00:00,
4363,WARNING,🚨 Moras Críticas Detectadas,Se detectaron 705 moras críticas que requieren atención inmediata,[object Object],database,,,0,2026-07-11 16:00:00,
4364,WARNING,🚨 Moras Críticas Detectadas,Se detectaron 705 moras críticas que requieren atención inmediata,[object Object],"console,websocket,database",,,0,2026-07-11 16:00:00,
4365,INFO,📊 Resumen Diario de Cartera,Vigente: 117 préstamos | Vencida: 541 préstamos,[object Object],database,,,0,2026-07-11 16:00:00,
4366,INFO,📊 Resumen Diario de Cartera,Vigente: 117 préstamos | Vencida: 541 préstamos,[object Object],"console,websocket,database",,,0,2026-07-11 16:00:00,
4367,INFO,📊 Resumen Diario de Cartera,Vigente: 117 préstamos | Vencida: 541 préstamos,[object Object],database,,,0,2026-07-11 17:00:00,
4368,INFO,📊 Resumen Diario de Cartera,Vigente: 117 préstamos | Vencida: 541 préstamos,[object Object],"console,websocket,database",,,0,2026-07-11 17:00:00,
4369,WARNING,🚨 Moras Críticas Detectadas,Se detectaron 705 moras críticas que requieren atención inmediata,[object Object],database,,,0,2026-07-11 18:00:00,
4370,WARNING,🚨 Moras Críticas Detectadas,Se detectaron 705 moras críticas que requieren atención inmediata,[object Object],"console,websocket,database",,,0,2026-07-11 18:00:00,
4371,INFO,📊 Resumen Diario de Cartera,Vigente: 117 préstamos | Vencida: 541 préstamos,[object Object],database,,,0,2026-07-11 18:00:00,
4372,INFO,📊 Resumen Diario de Cartera,Vigente: 117 préstamos | Vencida: 541 préstamos,[object Object],"console,websocket,database",,,0,2026-07-11 18:00:00,
4373,INFO,📊 Resumen Diario de Cartera,Vigente: 117 préstamos | Vencida: 541 préstamos,[object Object],database,,,0,2026-07-11 19:00:00,
4374,INFO,📊 Resumen Diario de Cartera,Vigente: 117 préstamos | Vencida: 541 préstamos,[object Object],"console,websocket,database",,,0,2026-07-11 19:00:00,
4375,WARNING,🚨 Moras Críticas Detectadas,Se detectaron 705 moras críticas que requieren atención inmediata,[object Object],database,,,0,2026-07-11 20:00:00,
4376,WARNING,🚨 Moras Críticas Detectadas,Se detectaron 705 moras críticas que requieren atención inmediata,[object Object],"console,websocket,database",,,0,2026-07-11 20:00:00,
4377,INFO,📊 Resumen Diario de Cartera,Vigente: 117 préstamos | Vencida: 541 préstamos,[object Object],database,,,0,2026-07-11 20:00:00,
4378,INFO,📊 Resumen Diario de Cartera,Vigente: 117 préstamos | Vencida: 541 préstamos,[object Object],"console,websocket,database",,,0,2026-07-11 20:00:00,
4379,INFO,📊 Resumen Diario de Cartera,Vigente: 117 préstamos | Vencida: 541 préstamos,[object Object],database,,,0,2026-07-11 21:00:00,
4380,INFO,📊 Resumen Diario de Cartera,Vigente: 117 préstamos | Vencida: 541 préstamos,[object Object],"console,websocket,database",,,0,2026-07-11 21:00:00,
4381,WARNING,🚨 Moras Críticas Detectadas,Se detectaron 705 moras críticas que requieren atención inmediata,[object Object],database,,,0,2026-07-11 22:00:00,
4382,WARNING,🚨 Moras Críticas Detectadas,Se detectaron 705 moras críticas que requieren atención inmediata,[object Object],"console,websocket,database",,,0,2026-07-11 22:00:00,
4383,INFO,📊 Resumen Diario de Cartera,Vigente: 117 préstamos | Vencida: 541 préstamos,[object Object],database,,,0,2026-07-11 22:00:00,
4384,INFO,📊 Resumen Diario de Cartera,Vigente: 117 préstamos | Vencida: 541 préstamos,[object Object],"console,websocket,database",,,0,2026-07-11 22:00:00,
4385,INFO,📊 Resumen Diario de Cartera,Vigente: 117 préstamos | Vencida: 541 préstamos,[object Object],database,,,0,2026-07-11 23:00:00,
4386,INFO,📊 Resumen Diario de Cartera,Vigente: 117 préstamos | Vencida: 541 préstamos,[object Object],"console,websocket,database",,,0,2026-07-11 23:00:00,
4387,WARNING,🚨 Moras Críticas Detectadas,Se detectaron 705 moras críticas que requieren atención inmediata,[object Object],database,,,0,2026-07-12 00:00:00,
4388,WARNING,🚨 Moras Críticas Detectadas,Se detectaron 705 moras críticas que requieren atención inmediata,[object Object],"console,websocket,database",,,0,2026-07-12 00:00:00,
4389,INFO,📊 Resumen Diario de Cartera,Vigente: 117 préstamos | Vencida: 541 préstamos,[object Object],database,,,0,2026-07-12 00:00:00,
4390,INFO,📊 Resumen Diario de Cartera,Vigente: 117 préstamos | Vencida: 541 préstamos,[object Object],"console,websocket,database",,,0,2026-07-12 00:00:00,
4391,INFO,📊 Resumen Diario de Cartera,Vigente: 117 préstamos | Vencida: 541 préstamos,[object Object],database,,,0,2026-07-12 01:00:00,
4392,INFO,📊 Resumen Diario de Cartera,Vigente: 117 préstamos | Vencida: 541 préstamos,[object Object],"console,websocket,database",,,0,2026-07-12 01:00:00,
4393,WARNING,🚨 Moras Críticas Detectadas,Se detectaron 705 moras críticas que requieren atención inmediata,[object Object],database,,,0,2026-07-12 02:00:00,
4394,WARNING,🚨 Moras Críticas Detectadas,Se detectaron 705 moras críticas que requieren atención inmediata,[object Object],"console,websocket,database",,,0,2026-07-12 02:00:00,
4395,INFO,✅ Proceso de Mora Completado,Proceso automático de mora ejecutado exitosamente en 5994ms,[object Object],database,,,0,2026-07-12 02:00:06,
4396,INFO,✅ Proceso de Mora Completado,Proceso automático de mora ejecutado exitosamente en 5994ms,[object Object],"console,websocket,database",,,0,2026-07-12 02:00:06,
4397,WARNING,🚨 Moras Críticas Detectadas,Se detectaron 747 moras críticas que requieren atención inmediata,[object Object],database,,,0,2026-07-12 04:00:00,
4398,WARNING,🚨 Moras Críticas Detectadas,Se detectaron 747 moras críticas que requieren atención inmediata,[object Object],"console,websocket,database",,,0,2026-07-12 04:00:00,
4399,WARNING,🚨 Moras Críticas Detectadas,Se detectaron 747 moras críticas que requieren atención inmediata,[object Object],database,,,0,2026-07-12 06:00:00,
4400,WARNING,🚨 Moras Críticas Detectadas,Se detectaron 747 moras críticas que requieren atención inmediata,[object Object],"console,websocket,database",,,0,2026-07-12 06:00:00,
4401,WARNING,🚨 Moras Críticas Detectadas,Se detectaron 747 moras críticas que requieren atención inmediata,[object Object],database,,,0,2026-07-12 08:00:00,
4402,WARNING,🚨 Moras Críticas Detectadas,Se detectaron 747 moras críticas que requieren atención inmediata,[object Object],"console,websocket,database",,,0,2026-07-12 08:00:00,
4403,WARNING,🚨 Moras Críticas Detectadas,Se detectaron 747 moras críticas que requieren atención inmediata,[object Object],database,,,0,2026-07-12 10:00:00,
4404,WARNING,🚨 Moras Críticas Detectadas,Se detectaron 747 moras críticas que requieren atención inmediata,[object Object],"console,websocket,database",,,0,2026-07-12 10:00:00,
4405,WARNING,🚨 Moras Críticas Detectadas,Se detectaron 747 moras críticas que requieren atención inmediata,[object Object],database,,,0,2026-07-12 12:00:00,
4406,WARNING,🚨 Moras Críticas Detectadas,Se detectaron 747 moras críticas que requieren atención inmediata,[object Object],"console,websocket,database",,,0,2026-07-12 12:00:00,
4407,WARNING,🚨 Moras Críticas Detectadas,Se detectaron 747 moras críticas que requieren atención inmediata,[object Object],database,,,0,2026-07-12 14:00:00,
4408,WARNING,🚨 Moras Críticas Detectadas,Se detectaron 747 moras críticas que requieren atención inmediata,[object Object],"console,websocket,database",,,0,2026-07-12 14:00:00,
4409,INFO,📊 Resumen Diario de Cartera,Vigente: 117 préstamos | Vencida: 541 préstamos,[object Object],database,,,0,2026-07-12 15:00:00,
4410,INFO,📊 Resumen Diario de Cartera,Vigente: 117 préstamos | Vencida: 541 préstamos,[object Object],"console,websocket,database",,,0,2026-07-12 15:00:00,
4411,WARNING,🚨 Moras Críticas Detectadas,Se detectaron 747 moras críticas que requieren atención inmediata,[object Object],database,,,0,2026-07-12 16:00:00,
4412,WARNING,🚨 Moras Críticas Detectadas,Se detectaron 747 moras críticas que requieren atención inmediata,[object Object],"console,websocket,database",,,0,2026-07-12 16:00:00,
4413,INFO,📊 Resumen Diario de Cartera,Vigente: 117 préstamos | Vencida: 541 préstamos,[object Object],database,,,0,2026-07-12 16:00:00,
4414,INFO,📊 Resumen Diario de Cartera,Vigente: 117 préstamos | Vencida: 541 préstamos,[object Object],"console,websocket,database",,,0,2026-07-12 16:00:00,
4415,INFO,📊 Resumen Diario de Cartera,Vigente: 117 préstamos | Vencida: 541 préstamos,[object Object],database,,,0,2026-07-12 17:00:00,
4416,INFO,📊 Resumen Diario de Cartera,Vigente: 117 préstamos | Vencida: 541 préstamos,[object Object],"console,websocket,database",,,0,2026-07-12 17:00:00,
4417,WARNING,🚨 Moras Críticas Detectadas,Se detectaron 747 moras críticas que requieren atención inmediata,[object Object],database,,,0,2026-07-12 18:00:00,
4418,WARNING,🚨 Moras Críticas Detectadas,Se detectaron 747 moras críticas que requieren atención inmediata,[object Object],"console,websocket,database",,,0,2026-07-12 18:00:00,
4419,INFO,📊 Resumen Diario de Cartera,Vigente: 117 préstamos | Vencida: 541 préstamos,[object Object],database,,,0,2026-07-12 18:00:00,
4420,INFO,📊 Resumen Diario de Cartera,Vigente: 117 préstamos | Vencida: 541 préstamos,[object Object],"console,websocket,database",,,0,2026-07-12 18:00:00,
4421,INFO,📊 Resumen Diario de Cartera,Vigente: 117 préstamos | Vencida: 541 préstamos,[object Object],database,,,0,2026-07-12 19:00:00,
4422,INFO,📊 Resumen Diario de Cartera,Vigente: 117 préstamos | Vencida: 541 préstamos,[object Object],"console,websocket,database",,,0,2026-07-12 19:00:00,
4423,WARNING,🚨 Moras Críticas Detectadas,Se detectaron 747 moras críticas que requieren atención inmediata,[object Object],database,,,0,2026-07-12 20:00:00,
4424,WARNING,🚨 Moras Críticas Detectadas,Se detectaron 747 moras críticas que requieren atención inmediata,[object Object],"console,websocket,database",,,0,2026-07-12 20:00:00,
4425,INFO,📊 Resumen Diario de Cartera,Vigente: 117 préstamos | Vencida: 541 préstamos,[object Object],database,,,0,2026-07-12 20:00:00,
4426,INFO,📊 Resumen Diario de Cartera,Vigente: 117 préstamos | Vencida: 541 préstamos,[object Object],"console,websocket,database",,,0,2026-07-12 20:00:00,
4427,INFO,📊 Resumen Diario de Cartera,Vigente: 117 préstamos | Vencida: 541 préstamos,[object Object],database,,,0,2026-07-12 21:00:00,
4428,INFO,📊 Resumen Diario de Cartera,Vigente: 117 préstamos | Vencida: 541 préstamos,[object Object],"console,websocket,database",,,0,2026-07-12 21:00:00,
4429,WARNING,🚨 Moras Críticas Detectadas,Se detectaron 747 moras críticas que requieren atención inmediata,[object Object],database,,,0,2026-07-12 22:00:00,
4430,WARNING,🚨 Moras Críticas Detectadas,Se detectaron 747 moras críticas que requieren atención inmediata,[object Object],"console,websocket,database",,,0,2026-07-12 22:00:00,
4431,INFO,📊 Resumen Diario de Cartera,Vigente: 117 préstamos | Vencida: 541 préstamos,[object Object],database,,,0,2026-07-12 22:00:00,
4432,INFO,📊 Resumen Diario de Cartera,Vigente: 117 préstamos | Vencida: 541 préstamos,[object Object],"console,websocket,database",,,0,2026-07-12 22:00:00,
4433,INFO,📊 Resumen Diario de Cartera,Vigente: 117 préstamos | Vencida: 541 préstamos,[object Object],database,,,0,2026-07-12 23:00:00,
4434,INFO,📊 Resumen Diario de Cartera,Vigente: 117 préstamos | Vencida: 541 préstamos,[object Object],"console,websocket,database",,,0,2026-07-12 23:00:00,
4435,WARNING,🚨 Moras Críticas Detectadas,Se detectaron 747 moras críticas que requieren atención inmediata,[object Object],database,,,0,2026-07-13 00:00:00,
4436,WARNING,🚨 Moras Críticas Detectadas,Se detectaron 747 moras críticas que requieren atención inmediata,[object Object],"console,websocket,database",,,0,2026-07-13 00:00:00,
4437,INFO,📊 Resumen Diario de Cartera,Vigente: 117 préstamos | Vencida: 541 préstamos,[object Object],database,,,0,2026-07-13 00:00:00,
4438,INFO,📊 Resumen Diario de Cartera,Vigente: 117 préstamos | Vencida: 541 préstamos,[object Object],"console,websocket,database",,,0,2026-07-13 00:00:00,
4439,INFO,📊 Resumen Diario de Cartera,Vigente: 117 préstamos | Vencida: 541 préstamos,[object Object],database,,,0,2026-07-13 01:00:00,
4440,INFO,📊 Resumen Diario de Cartera,Vigente: 117 préstamos | Vencida: 541 préstamos,[object Object],"console,websocket,database",,,0,2026-07-13 01:00:00,
4441,WARNING,🚨 Moras Críticas Detectadas,Se detectaron 747 moras críticas que requieren atención inmediata,[object Object],database,,,0,2026-07-13 02:00:00,
4442,WARNING,🚨 Moras Críticas Detectadas,Se detectaron 747 moras críticas que requieren atención inmediata,[object Object],"console,websocket,database",,,0,2026-07-13 02:00:00,
4443,INFO,✅ Proceso de Mora Completado,Proceso automático de mora ejecutado exitosamente en 7052ms,[object Object],database,,,0,2026-07-13 02:00:07,
4444,INFO,✅ Proceso de Mora Completado,Proceso automático de mora ejecutado exitosamente en 7052ms,[object Object],"console,websocket,database",,,0,2026-07-13 02:00:07,
4445,WARNING,🚨 Moras Críticas Detectadas,Se detectaron 832 moras críticas que requieren atención inmediata,[object Object],database,,,0,2026-07-13 04:00:00,
4446,WARNING,🚨 Moras Críticas Detectadas,Se detectaron 832 moras críticas que requieren atención inmediata,[object Object],"console,websocket,database",,,0,2026-07-13 04:00:00,
4447,WARNING,🚨 Moras Críticas Detectadas,Se detectaron 832 moras críticas que requieren atención inmediata,[object Object],database,,,0,2026-07-13 06:00:00,
4448,WARNING,🚨 Moras Críticas Detectadas,Se detectaron 832 moras críticas que requieren atención inmediata,[object Object],"console,websocket,database",,,0,2026-07-13 06:00:00,
4449,WARNING,🚨 Moras Críticas Detectadas,Se detectaron 832 moras críticas que requieren atención inmediata,[object Object],database,,,0,2026-07-13 08:00:00,
4450,WARNING,🚨 Moras Críticas Detectadas,Se detectaron 832 moras críticas que requieren atención inmediata,[object Object],"console,websocket,database",,,0,2026-07-13 08:00:00,
4451,WARNING,🚨 Moras Críticas Detectadas,Se detectaron 832 moras críticas que requieren atención inmediata,[object Object],database,,,0,2026-07-13 10:00:00,
4452,WARNING,🚨 Moras Críticas Detectadas,Se detectaron 832 moras críticas que requieren atención inmediata,[object Object],"console,websocket,database",,,0,2026-07-13 10:00:00,
4453,WARNING,🚨 Moras Críticas Detectadas,Se detectaron 832 moras críticas que requieren atención inmediata,[object Object],database,,,0,2026-07-13 12:00:00,
4454,WARNING,🚨 Moras Críticas Detectadas,Se detectaron 832 moras críticas que requieren atención inmediata,[object Object],"console,websocket,database",,,0,2026-07-13 12:00:00,
4455,WARNING,🚨 Moras Críticas Detectadas,Se detectaron 832 moras críticas que requieren atención inmediata,[object Object],database,,,0,2026-07-13 14:00:00,
4456,WARNING,🚨 Moras Críticas Detectadas,Se detectaron 832 moras críticas que requieren atención inmediata,[object Object],"console,websocket,database",,,0,2026-07-13 14:00:00,
4457,INFO,📊 Resumen Diario de Cartera,Vigente: 117 préstamos | Vencida: 541 préstamos,[object Object],database,,,0,2026-07-13 15:00:00,
4458,INFO,📊 Resumen Diario de Cartera,Vigente: 117 préstamos | Vencida: 541 préstamos,[object Object],"console,websocket,database",,,0,2026-07-13 15:00:00,
4459,WARNING,🚨 Moras Críticas Detectadas,Se detectaron 832 moras críticas que requieren atención inmediata,[object Object],database,,,0,2026-07-13 16:00:00,
4460,WARNING,🚨 Moras Críticas Detectadas,Se detectaron 832 moras críticas que requieren atención inmediata,[object Object],"console,websocket,database",,,0,2026-07-13 16:00:00,
4461,INFO,📊 Resumen Diario de Cartera,Vigente: 117 préstamos | Vencida: 541 préstamos,[object Object],database,,,0,2026-07-13 16:00:00,
4462,INFO,📊 Resumen Diario de Cartera,Vigente: 117 préstamos | Vencida: 541 préstamos,[object Object],"console,websocket,database",,,0,2026-07-13 16:00:00,
4463,INFO,📊 Resumen Diario de Cartera,Vigente: 117 préstamos | Vencida: 541 préstamos,[object Object],database,,,0,2026-07-13 17:00:00,
4464,INFO,📊 Resumen Diario de Cartera,Vigente: 117 préstamos | Vencida: 541 préstamos,[object Object],"console,websocket,database",,,0,2026-07-13 17:00:00,
4465,WARNING,🚨 Moras Críticas Detectadas,Se detectaron 832 moras críticas que requieren atención inmediata,[object Object],database,,,0,2026-07-13 18:00:00,
4466,WARNING,🚨 Moras Críticas Detectadas,Se detectaron 832 moras críticas que requieren atención inmediata,[object Object],"console,websocket,database",,,0,2026-07-13 18:00:00,
4467,INFO,📊 Resumen Diario de Cartera,Vigente: 117 préstamos | Vencida: 541 préstamos,[object Object],database,,,0,2026-07-13 18:00:00,
4468,INFO,📊 Resumen Diario de Cartera,Vigente: 117 préstamos | Vencida: 541 préstamos,[object Object],"console,websocket,database",,,0,2026-07-13 18:00:00,
4469,INFO,📊 Resumen Diario de Cartera,Vigente: 117 préstamos | Vencida: 541 préstamos,[object Object],database,,,0,2026-07-13 19:00:00,
4470,INFO,📊 Resumen Diario de Cartera,Vigente: 117 préstamos | Vencida: 541 préstamos,[object Object],"console,websocket,database",,,0,2026-07-13 19:00:00,
4471,WARNING,🚨 Moras Críticas Detectadas,Se detectaron 832 moras críticas que requieren atención inmediata,[object Object],database,,,0,2026-07-13 20:00:00,
4472,WARNING,🚨 Moras Críticas Detectadas,Se detectaron 832 moras críticas que requieren atención inmediata,[object Object],"console,websocket,database",,,0,2026-07-13 20:00:00,
4473,INFO,📊 Resumen Diario de Cartera,Vigente: 117 préstamos | Vencida: 541 préstamos,[object Object],database,,,0,2026-07-13 20:00:00,
4474,INFO,📊 Resumen Diario de Cartera,Vigente: 117 préstamos | Vencida: 541 préstamos,[object Object],"console,websocket,database",,,0,2026-07-13 20:00:00,
4475,INFO,📊 Resumen Diario de Cartera,Vigente: 117 préstamos | Vencida: 541 préstamos,[object Object],database,,,0,2026-07-13 21:00:00,
4476,INFO,📊 Resumen Diario de Cartera,Vigente: 117 préstamos | Vencida: 541 préstamos,[object Object],"console,websocket,database",,,0,2026-07-13 21:00:00,
4477,WARNING,🚨 Moras Críticas Detectadas,Se detectaron 832 moras críticas que requieren atención inmediata,[object Object],database,,,0,2026-07-13 22:00:00,
4478,WARNING,🚨 Moras Críticas Detectadas,Se detectaron 832 moras críticas que requieren atención inmediata,[object Object],"console,websocket,database",,,0,2026-07-13 22:00:00,
4479,INFO,📊 Resumen Diario de Cartera,Vigente: 117 préstamos | Vencida: 541 préstamos,[object Object],database,,,0,2026-07-13 22:00:00,
4480,INFO,📊 Resumen Diario de Cartera,Vigente: 117 préstamos | Vencida: 541 préstamos,[object Object],"console,websocket,database",,,0,2026-07-13 22:00:00,
4481,INFO,📊 Resumen Diario de Cartera,Vigente: 117 préstamos | Vencida: 541 préstamos,[object Object],database,,,0,2026-07-13 23:00:00,
4482,INFO,📊 Resumen Diario de Cartera,Vigente: 117 préstamos | Vencida: 541 préstamos,[object Object],"console,websocket,database",,,0,2026-07-13 23:00:00,
4483,WARNING,🚨 Moras Críticas Detectadas,Se detectaron 832 moras críticas que requieren atención inmediata,[object Object],database,,,0,2026-07-14 00:00:00,
4484,WARNING,🚨 Moras Críticas Detectadas,Se detectaron 832 moras críticas que requieren atención inmediata,[object Object],"console,websocket,database",,,0,2026-07-14 00:00:00,
4485,INFO,📊 Resumen Diario de Cartera,Vigente: 109 préstamos | Vencida: 549 préstamos,[object Object],database,,,0,2026-07-14 00:00:00,
4486,INFO,📊 Resumen Diario de Cartera,Vigente: 109 préstamos | Vencida: 549 préstamos,[object Object],"console,websocket,database",,,0,2026-07-14 00:00:00,
4487,INFO,📊 Resumen Diario de Cartera,Vigente: 109 préstamos | Vencida: 549 préstamos,[object Object],database,,,0,2026-07-14 01:00:00,
4488,INFO,📊 Resumen Diario de Cartera,Vigente: 109 préstamos | Vencida: 549 préstamos,[object Object],"console,websocket,database",,,0,2026-07-14 01:00:00,
4489,WARNING,🚨 Moras Críticas Detectadas,Se detectaron 832 moras críticas que requieren atención inmediata,[object Object],database,,,0,2026-07-14 02:00:00,
4490,WARNING,🚨 Moras Críticas Detectadas,Se detectaron 832 moras críticas que requieren atención inmediata,[object Object],"console,websocket,database",,,0,2026-07-14 02:00:00,
4491,INFO,✅ Proceso de Mora Completado,Proceso automático de mora ejecutado exitosamente en 7592ms,[object Object],database,,,0,2026-07-14 02:00:07,
4492,INFO,✅ Proceso de Mora Completado,Proceso automático de mora ejecutado exitosamente en 7592ms,[object Object],"console,websocket,database",,,0,2026-07-14 02:00:07,
4493,WARNING,🚨 Moras Críticas Detectadas,Se detectaron 860 moras críticas que requieren atención inmediata,[object Object],database,,,0,2026-07-14 04:00:00,
4494,WARNING,🚨 Moras Críticas Detectadas,Se detectaron 860 moras críticas que requieren atención inmediata,[object Object],"console,websocket,database",,,0,2026-07-14 04:00:00,
4495,WARNING,🚨 Moras Críticas Detectadas,Se detectaron 860 moras críticas que requieren atención inmediata,[object Object],database,,,0,2026-07-14 06:00:00,
4496,WARNING,🚨 Moras Críticas Detectadas,Se detectaron 860 moras críticas que requieren atención inmediata,[object Object],"console,websocket,database",,,0,2026-07-14 06:00:00,
4497,WARNING,🚨 Moras Críticas Detectadas,Se detectaron 860 moras críticas que requieren atención inmediata,[object Object],database,,,0,2026-07-14 08:00:00,
4498,WARNING,🚨 Moras Críticas Detectadas,Se detectaron 860 moras críticas que requieren atención inmediata,[object Object],"console,websocket,database",,,0,2026-07-14 08:00:00,
4499,WARNING,🚨 Moras Críticas Detectadas,Se detectaron 860 moras críticas que requieren atención inmediata,[object Object],database,,,0,2026-07-14 10:00:00,
4500,WARNING,🚨 Moras Críticas Detectadas,Se detectaron 860 moras críticas que requieren atención inmediata,[object Object],"console,websocket,database",,,0,2026-07-14 10:00:00,
4501,WARNING,🚨 Moras Críticas Detectadas,Se detectaron 860 moras críticas que requieren atención inmediata,[object Object],database,,,0,2026-07-14 12:00:00,
4502,WARNING,🚨 Moras Críticas Detectadas,Se detectaron 860 moras críticas que requieren atención inmediata,[object Object],"console,websocket,database",,,0,2026-07-14 12:00:00,
4503,WARNING,🚨 Moras Críticas Detectadas,Se detectaron 860 moras críticas que requieren atención inmediata,[object Object],database,,,0,2026-07-14 14:00:00,
4504,WARNING,🚨 Moras Críticas Detectadas,Se detectaron 860 moras críticas que requieren atención inmediata,[object Object],"console,websocket,database",,,0,2026-07-14 14:00:00,
4505,INFO,📊 Resumen Diario de Cartera,Vigente: 109 préstamos | Vencida: 549 préstamos,[object Object],database,,,0,2026-07-14 15:00:00,
4506,INFO,📊 Resumen Diario de Cartera,Vigente: 109 préstamos | Vencida: 549 préstamos,[object Object],"console,websocket,database",,,0,2026-07-14 15:00:00,
4507,WARNING,🚨 Moras Críticas Detectadas,Se detectaron 860 moras críticas que requieren atención inmediata,[object Object],database,,,0,2026-07-14 16:00:00,
4508,WARNING,🚨 Moras Críticas Detectadas,Se detectaron 860 moras críticas que requieren atención inmediata,[object Object],"console,websocket,database",,,0,2026-07-14 16:00:00,
4509,INFO,📊 Resumen Diario de Cartera,Vigente: 109 préstamos | Vencida: 549 préstamos,[object Object],database,,,0,2026-07-14 16:00:00,
4510,INFO,📊 Resumen Diario de Cartera,Vigente: 109 préstamos | Vencida: 549 préstamos,[object Object],"console,websocket,database",,,0,2026-07-14 16:00:00,
4511,INFO,📊 Resumen Diario de Cartera,Vigente: 109 préstamos | Vencida: 549 préstamos,[object Object],database,,,0,2026-07-14 17:00:00,
4512,INFO,📊 Resumen Diario de Cartera,Vigente: 109 préstamos | Vencida: 549 préstamos,[object Object],"console,websocket,database",,,0,2026-07-14 17:00:00,
4513,WARNING,🚨 Moras Críticas Detectadas,Se detectaron 860 moras críticas que requieren atención inmediata,[object Object],database,,,0,2026-07-14 18:00:00,
4514,WARNING,🚨 Moras Críticas Detectadas,Se detectaron 860 moras críticas que requieren atención inmediata,[object Object],"console,websocket,database",,,0,2026-07-14 18:00:00,
4515,INFO,📊 Resumen Diario de Cartera,Vigente: 109 préstamos | Vencida: 549 préstamos,[object Object],database,,,0,2026-07-14 18:00:00,
4516,INFO,📊 Resumen Diario de Cartera,Vigente: 109 préstamos | Vencida: 549 préstamos,[object Object],"console,websocket,database",,,0,2026-07-14 18:00:00,
4517,INFO,📊 Resumen Diario de Cartera,Vigente: 109 préstamos | Vencida: 549 préstamos,[object Object],database,,,0,2026-07-14 19:00:00,
4518,INFO,📊 Resumen Diario de Cartera,Vigente: 109 préstamos | Vencida: 549 préstamos,[object Object],"console,websocket,database",,,0,2026-07-14 19:00:00,
4519,WARNING,🚨 Moras Críticas Detectadas,Se detectaron 860 moras críticas que requieren atención inmediata,[object Object],database,,,0,2026-07-14 20:00:00,
4520,WARNING,🚨 Moras Críticas Detectadas,Se detectaron 860 moras críticas que requieren atención inmediata,[object Object],"console,websocket,database",,,0,2026-07-14 20:00:00,
4521,INFO,📊 Resumen Diario de Cartera,Vigente: 109 préstamos | Vencida: 549 préstamos,[object Object],database,,,0,2026-07-14 20:00:00,
4522,INFO,📊 Resumen Diario de Cartera,Vigente: 109 préstamos | Vencida: 549 préstamos,[object Object],"console,websocket,database",,,0,2026-07-14 20:00:00,
4523,INFO,📊 Resumen Diario de Cartera,Vigente: 109 préstamos | Vencida: 549 préstamos,[object Object],database,,,0,2026-07-14 21:00:00,
4524,INFO,📊 Resumen Diario de Cartera,Vigente: 109 préstamos | Vencida: 549 préstamos,[object Object],"console,websocket,database",,,0,2026-07-14 21:00:00,
4525,WARNING,🚨 Moras Críticas Detectadas,Se detectaron 860 moras críticas que requieren atención inmediata,[object Object],database,,,0,2026-07-14 22:00:00,
4526,WARNING,🚨 Moras Críticas Detectadas,Se detectaron 860 moras críticas que requieren atención inmediata,[object Object],"console,websocket,database",,,0,2026-07-14 22:00:00,
4527,INFO,📊 Resumen Diario de Cartera,Vigente: 109 préstamos | Vencida: 549 préstamos,[object Object],database,,,0,2026-07-14 22:00:00,
4528,INFO,📊 Resumen Diario de Cartera,Vigente: 109 préstamos | Vencida: 549 préstamos,[object Object],"console,websocket,database",,,0,2026-07-14 22:00:00,
4529,INFO,📊 Resumen Diario de Cartera,Vigente: 109 préstamos | Vencida: 549 préstamos,[object Object],database,,,0,2026-07-14 23:00:00,
4530,INFO,📊 Resumen Diario de Cartera,Vigente: 109 préstamos | Vencida: 549 préstamos,[object Object],"console,websocket,database",,,0,2026-07-14 23:00:00,
4531,WARNING,🚨 Moras Críticas Detectadas,Se detectaron 860 moras críticas que requieren atención inmediata,[object Object],database,,,0,2026-07-15 00:00:00,
4532,WARNING,🚨 Moras Críticas Detectadas,Se detectaron 860 moras críticas que requieren atención inmediata,[object Object],"console,websocket,database",,,0,2026-07-15 00:00:00,
4533,INFO,📊 Resumen Diario de Cartera,Vigente: 103 préstamos | Vencida: 555 préstamos,[object Object],database,,,0,2026-07-15 00:00:00,
4534,INFO,📊 Resumen Diario de Cartera,Vigente: 103 préstamos | Vencida: 555 préstamos,[object Object],"console,websocket,database",,,0,2026-07-15 00:00:00,
4535,INFO,📊 Resumen Diario de Cartera,Vigente: 103 préstamos | Vencida: 555 préstamos,[object Object],database,,,0,2026-07-15 01:00:00,
4536,INFO,📊 Resumen Diario de Cartera,Vigente: 103 préstamos | Vencida: 555 préstamos,[object Object],"console,websocket,database",,,0,2026-07-15 01:00:00,
4537,WARNING,🚨 Moras Críticas Detectadas,Se detectaron 860 moras críticas que requieren atención inmediata,[object Object],database,,,0,2026-07-15 02:00:00,
4538,WARNING,🚨 Moras Críticas Detectadas,Se detectaron 860 moras críticas que requieren atención inmediata,[object Object],"console,websocket,database",,,0,2026-07-15 02:00:00,
4539,INFO,✅ Proceso de Mora Completado,Proceso automático de mora ejecutado exitosamente en 6203ms,[object Object],database,,,0,2026-07-15 02:00:06,
4540,INFO,✅ Proceso de Mora Completado,Proceso automático de mora ejecutado exitosamente en 6203ms,[object Object],"console,websocket,database",,,0,2026-07-15 02:00:06,
4541,WARNING,🚨 Moras Críticas Detectadas,Se detectaron 860 moras críticas que requieren atención inmediata,[object Object],database,,,0,2026-07-15 04:00:00,
4542,WARNING,🚨 Moras Críticas Detectadas,Se detectaron 860 moras críticas que requieren atención inmediata,[object Object],"console,websocket,database",,,0,2026-07-15 04:00:00,
4543,WARNING,🚨 Moras Críticas Detectadas,Se detectaron 860 moras críticas que requieren atención inmediata,[object Object],database,,,0,2026-07-15 06:00:00,
4544,WARNING,🚨 Moras Críticas Detectadas,Se detectaron 860 moras críticas que requieren atención inmediata,[object Object],"console,websocket,database",,,0,2026-07-15 06:00:00,
4545,WARNING,🚨 Moras Críticas Detectadas,Se detectaron 860 moras críticas que requieren atención inmediata,[object Object],database,,,0,2026-07-15 08:00:00,
4546,WARNING,🚨 Moras Críticas Detectadas,Se detectaron 860 moras críticas que requieren atención inmediata,[object Object],"console,websocket,database",,,0,2026-07-15 08:00:00,
4547,WARNING,🚨 Moras Críticas Detectadas,Se detectaron 860 moras críticas que requieren atención inmediata,[object Object],database,,,0,2026-07-15 10:00:00,
4548,WARNING,🚨 Moras Críticas Detectadas,Se detectaron 860 moras críticas que requieren atención inmediata,[object Object],"console,websocket,database",,,0,2026-07-15 10:00:00,
4549,WARNING,🚨 Moras Críticas Detectadas,Se detectaron 860 moras críticas que requieren atención inmediata,[object Object],database,,,0,2026-07-15 12:00:00,
4550,WARNING,🚨 Moras Críticas Detectadas,Se detectaron 860 moras críticas que requieren atención inmediata,[object Object],"console,websocket,database",,,0,2026-07-15 12:00:00,
4551,WARNING,🚨 Moras Críticas Detectadas,Se detectaron 860 moras críticas que requieren atención inmediata,[object Object],database,,,0,2026-07-15 14:00:00,
4552,WARNING,🚨 Moras Críticas Detectadas,Se detectaron 860 moras críticas que requieren atención inmediata,[object Object],"console,websocket,database",,,0,2026-07-15 14:00:00,
4553,INFO,📊 Resumen Diario de Cartera,Vigente: 103 préstamos | Vencida: 555 préstamos,[object Object],database,,,0,2026-07-15 15:00:00,
4554,INFO,📊 Resumen Diario de Cartera,Vigente: 103 préstamos | Vencida: 555 préstamos,[object Object],"console,websocket,database",,,0,2026-07-15 15:00:00,
4555,WARNING,🚨 Moras Críticas Detectadas,Se detectaron 860 moras críticas que requieren atención inmediata,[object Object],database,,,0,2026-07-15 16:00:00,
4556,WARNING,🚨 Moras Críticas Detectadas,Se detectaron 860 moras críticas que requieren atención inmediata,[object Object],"console,websocket,database",,,0,2026-07-15 16:00:00,
4557,INFO,📊 Resumen Diario de Cartera,Vigente: 103 préstamos | Vencida: 555 préstamos,[object Object],database,,,0,2026-07-15 16:00:00,
4558,INFO,📊 Resumen Diario de Cartera,Vigente: 103 préstamos | Vencida: 555 préstamos,[object Object],"console,websocket,database",,,0,2026-07-15 16:00:00,
4559,INFO,📊 Resumen Diario de Cartera,Vigente: 103 préstamos | Vencida: 555 préstamos,[object Object],database,,,0,2026-07-15 17:00:00,
4560,INFO,📊 Resumen Diario de Cartera,Vigente: 103 préstamos | Vencida: 555 préstamos,[object Object],"console,websocket,database",,,0,2026-07-15 17:00:00,
4561,WARNING,🚨 Moras Críticas Detectadas,Se detectaron 860 moras críticas que requieren atención inmediata,[object Object],database,,,0,2026-07-15 18:00:00,
4562,WARNING,🚨 Moras Críticas Detectadas,Se detectaron 860 moras críticas que requieren atención inmediata,[object Object],"console,websocket,database",,,0,2026-07-15 18:00:00,
4563,INFO,📊 Resumen Diario de Cartera,Vigente: 103 préstamos | Vencida: 555 préstamos,[object Object],database,,,0,2026-07-15 18:00:00,
4564,INFO,📊 Resumen Diario de Cartera,Vigente: 103 préstamos | Vencida: 555 préstamos,[object Object],"console,websocket,database",,,0,2026-07-15 18:00:00,
4565,INFO,📊 Resumen Diario de Cartera,Vigente: 103 préstamos | Vencida: 555 préstamos,[object Object],database,,,0,2026-07-15 19:00:00,
4566,INFO,📊 Resumen Diario de Cartera,Vigente: 103 préstamos | Vencida: 555 préstamos,[object Object],"console,websocket,database",,,0,2026-07-15 19:00:00,
4567,WARNING,🚨 Moras Críticas Detectadas,Se detectaron 860 moras críticas que requieren atención inmediata,[object Object],database,,,0,2026-07-15 20:00:00,
4568,WARNING,🚨 Moras Críticas Detectadas,Se detectaron 860 moras críticas que requieren atención inmediata,[object Object],"console,websocket,database",,,0,2026-07-15 20:00:00,
4569,INFO,📊 Resumen Diario de Cartera,Vigente: 103 préstamos | Vencida: 555 préstamos,[object Object],database,,,0,2026-07-15 20:00:00,
4570,INFO,📊 Resumen Diario de Cartera,Vigente: 103 préstamos | Vencida: 555 préstamos,[object Object],"console,websocket,database",,,0,2026-07-15 20:00:00,
4571,INFO,📊 Resumen Diario de Cartera,Vigente: 103 préstamos | Vencida: 555 préstamos,[object Object],database,,,0,2026-07-15 21:00:00,
4572,INFO,📊 Resumen Diario de Cartera,Vigente: 103 préstamos | Vencida: 555 préstamos,[object Object],"console,websocket,database",,,0,2026-07-15 21:00:00,
4573,WARNING,🚨 Moras Críticas Detectadas,Se detectaron 860 moras críticas que requieren atención inmediata,[object Object],database,,,0,2026-07-15 22:00:00,
4574,WARNING,🚨 Moras Críticas Detectadas,Se detectaron 860 moras críticas que requieren atención inmediata,[object Object],"console,websocket,database",,,0,2026-07-15 22:00:00,
4575,INFO,📊 Resumen Diario de Cartera,Vigente: 103 préstamos | Vencida: 555 préstamos,[object Object],database,,,0,2026-07-15 22:00:00,
4576,INFO,📊 Resumen Diario de Cartera,Vigente: 103 préstamos | Vencida: 555 préstamos,[object Object],"console,websocket,database",,,0,2026-07-15 22:00:00,
4577,INFO,📊 Resumen Diario de Cartera,Vigente: 103 préstamos | Vencida: 555 préstamos,[object Object],database,,,0,2026-07-15 23:00:00,
4578,INFO,📊 Resumen Diario de Cartera,Vigente: 103 préstamos | Vencida: 555 préstamos,[object Object],"console,websocket,database",,,0,2026-07-15 23:00:00,
4579,WARNING,🚨 Moras Críticas Detectadas,Se detectaron 860 moras críticas que requieren atención inmediata,[object Object],database,,,0,2026-07-16 00:00:00,
4580,WARNING,🚨 Moras Críticas Detectadas,Se detectaron 860 moras críticas que requieren atención inmediata,[object Object],"console,websocket,database",,,0,2026-07-16 00:00:00,
4581,INFO,📊 Resumen Diario de Cartera,Vigente: 100 préstamos | Vencida: 558 préstamos,[object Object],database,,,0,2026-07-16 00:00:00,
4582,INFO,📊 Resumen Diario de Cartera,Vigente: 100 préstamos | Vencida: 558 préstamos,[object Object],"console,websocket,database",,,0,2026-07-16 00:00:00,
4583,INFO,📊 Resumen Diario de Cartera,Vigente: 100 préstamos | Vencida: 558 préstamos,[object Object],database,,,0,2026-07-16 01:00:00,
4584,INFO,📊 Resumen Diario de Cartera,Vigente: 100 préstamos | Vencida: 558 préstamos,[object Object],"console,websocket,database",,,0,2026-07-16 01:00:00,
4585,WARNING,🚨 Moras Críticas Detectadas,Se detectaron 860 moras críticas que requieren atención inmediata,[object Object],database,,,0,2026-07-16 02:00:00,
4586,WARNING,🚨 Moras Críticas Detectadas,Se detectaron 860 moras críticas que requieren atención inmediata,[object Object],"console,websocket,database",,,0,2026-07-16 02:00:00,
4587,INFO,✅ Proceso de Mora Completado,Proceso automático de mora ejecutado exitosamente en 6506ms,[object Object],database,,,0,2026-07-16 02:00:06,
4588,INFO,✅ Proceso de Mora Completado,Proceso automático de mora ejecutado exitosamente en 6506ms,[object Object],"console,websocket,database",,,0,2026-07-16 02:00:06,
4589,WARNING,🚨 Moras Críticas Detectadas,Se detectaron 860 moras críticas que requieren atención inmediata,[object Object],database,,,0,2026-07-16 04:00:00,
4590,WARNING,🚨 Moras Críticas Detectadas,Se detectaron 860 moras críticas que requieren atención inmediata,[object Object],"console,websocket,database",,,0,2026-07-16 04:00:00,
4591,WARNING,🚨 Moras Críticas Detectadas,Se detectaron 860 moras críticas que requieren atención inmediata,[object Object],database,,,0,2026-07-16 06:00:00,
4592,WARNING,🚨 Moras Críticas Detectadas,Se detectaron 860 moras críticas que requieren atención inmediata,[object Object],"console,websocket,database",,,0,2026-07-16 06:00:00,
4593,WARNING,🚨 Moras Críticas Detectadas,Se detectaron 860 moras críticas que requieren atención inmediata,[object Object],database,,,0,2026-07-16 08:00:00,
4594,WARNING,🚨 Moras Críticas Detectadas,Se detectaron 860 moras críticas que requieren atención inmediata,[object Object],"console,websocket,database",,,0,2026-07-16 08:00:00,
4595,WARNING,🚨 Moras Críticas Detectadas,Se detectaron 860 moras críticas que requieren atención inmediata,[object Object],database,,,0,2026-07-16 10:00:00,
4596,WARNING,🚨 Moras Críticas Detectadas,Se detectaron 860 moras críticas que requieren atención inmediata,[object Object],"console,websocket,database",,,0,2026-07-16 10:00:00,
4597,WARNING,🚨 Moras Críticas Detectadas,Se detectaron 860 moras críticas que requieren atención inmediata,[object Object],database,,,0,2026-07-16 12:00:00,
4598,WARNING,🚨 Moras Críticas Detectadas,Se detectaron 860 moras críticas que requieren atención inmediata,[object Object],"console,websocket,database",,,0,2026-07-16 12:00:00,
4599,WARNING,🚨 Moras Críticas Detectadas,Se detectaron 860 moras críticas que requieren atención inmediata,[object Object],database,,,0,2026-07-16 14:00:00,
4600,WARNING,🚨 Moras Críticas Detectadas,Se detectaron 860 moras críticas que requieren atención inmediata,[object Object],"console,websocket,database",,,0,2026-07-16 14:00:00,
4601,INFO,📊 Resumen Diario de Cartera,Vigente: 100 préstamos | Vencida: 558 préstamos,[object Object],database,,,0,2026-07-16 15:00:00,
4602,INFO,📊 Resumen Diario de Cartera,Vigente: 100 préstamos | Vencida: 558 préstamos,[object Object],"console,websocket,database",,,0,2026-07-16 15:00:00,
4603,WARNING,🚨 Moras Críticas Detectadas,Se detectaron 860 moras críticas que requieren atención inmediata,[object Object],database,,,0,2026-07-16 16:00:00,
4604,WARNING,🚨 Moras Críticas Detectadas,Se detectaron 860 moras críticas que requieren atención inmediata,[object Object],"console,websocket,database",,,0,2026-07-16 16:00:00,
4605,INFO,📊 Resumen Diario de Cartera,Vigente: 100 préstamos | Vencida: 558 préstamos,[object Object],database,,,0,2026-07-16 16:00:00,
4606,INFO,📊 Resumen Diario de Cartera,Vigente: 100 préstamos | Vencida: 558 préstamos,[object Object],"console,websocket,database",,,0,2026-07-16 16:00:00,
4607,INFO,📊 Resumen Diario de Cartera,Vigente: 100 préstamos | Vencida: 558 préstamos,[object Object],database,,,0,2026-07-16 17:00:00,
4608,INFO,📊 Resumen Diario de Cartera,Vigente: 100 préstamos | Vencida: 558 préstamos,[object Object],"console,websocket,database",,,0,2026-07-16 17:00:00,
4609,WARNING,🚨 Moras Críticas Detectadas,Se detectaron 860 moras críticas que requieren atención inmediata,[object Object],database,,,0,2026-07-16 18:00:00,
4610,WARNING,🚨 Moras Críticas Detectadas,Se detectaron 860 moras críticas que requieren atención inmediata,[object Object],"console,websocket,database",,,0,2026-07-16 18:00:00,
4611,INFO,📊 Resumen Diario de Cartera,Vigente: 103 préstamos | Vencida: 556 préstamos,[object Object],database,,,0,2026-07-16 18:00:00,
4612,INFO,📊 Resumen Diario de Cartera,Vigente: 103 préstamos | Vencida: 556 préstamos,[object Object],"console,websocket,database",,,0,2026-07-16 18:00:00,
4613,INFO,📊 Resumen Diario de Cartera,Vigente: 103 préstamos | Vencida: 556 préstamos,[object Object],database,,,0,2026-07-16 19:00:00,
4614,INFO,📊 Resumen Diario de Cartera,Vigente: 103 préstamos | Vencida: 556 préstamos,[object Object],"console,websocket,database",,,0,2026-07-16 19:00:00,
4615,WARNING,🚨 Moras Críticas Detectadas,Se detectaron 860 moras críticas que requieren atención inmediata,[object Object],database,,,0,2026-07-16 20:00:00,
4616,WARNING,🚨 Moras Críticas Detectadas,Se detectaron 860 moras críticas que requieren atención inmediata,[object Object],"console,websocket,database",,,0,2026-07-16 20:00:00,
4617,INFO,📊 Resumen Diario de Cartera,Vigente: 103 préstamos | Vencida: 556 préstamos,[object Object],database,,,0,2026-07-16 20:00:00,
4618,INFO,📊 Resumen Diario de Cartera,Vigente: 103 préstamos | Vencida: 556 préstamos,[object Object],"console,websocket,database",,,0,2026-07-16 20:00:00,
4619,INFO,📊 Resumen Diario de Cartera,Vigente: 103 préstamos | Vencida: 556 préstamos,[object Object],database,,,0,2026-07-16 21:00:00,
4620,INFO,📊 Resumen Diario de Cartera,Vigente: 103 préstamos | Vencida: 556 préstamos,[object Object],"console,websocket,database",,,0,2026-07-16 21:00:00,
4621,WARNING,🚨 Moras Críticas Detectadas,Se detectaron 860 moras críticas que requieren atención inmediata,[object Object],database,,,0,2026-07-16 22:00:00,
4622,WARNING,🚨 Moras Críticas Detectadas,Se detectaron 860 moras críticas que requieren atención inmediata,[object Object],"console,websocket,database",,,0,2026-07-16 22:00:00,
4623,INFO,📊 Resumen Diario de Cartera,Vigente: 103 préstamos | Vencida: 556 préstamos,[object Object],database,,,0,2026-07-16 22:00:00,
4624,INFO,📊 Resumen Diario de Cartera,Vigente: 103 préstamos | Vencida: 556 préstamos,[object Object],"console,websocket,database",,,0,2026-07-16 22:00:00,
4625,INFO,📊 Resumen Diario de Cartera,Vigente: 103 préstamos | Vencida: 556 préstamos,[object Object],database,,,0,2026-07-16 23:00:00,
4626,INFO,📊 Resumen Diario de Cartera,Vigente: 103 préstamos | Vencida: 556 préstamos,[object Object],"console,websocket,database",,,0,2026-07-16 23:00:00,
4627,WARNING,🚨 Moras Críticas Detectadas,Se detectaron 858 moras críticas que requieren atención inmediata,[object Object],database,,,0,2026-07-17 00:00:00,
4628,WARNING,🚨 Moras Críticas Detectadas,Se detectaron 858 moras críticas que requieren atención inmediata,[object Object],"console,websocket,database",,,0,2026-07-17 00:00:00,
4629,INFO,📊 Resumen Diario de Cartera,Vigente: 102 préstamos | Vencida: 563 préstamos,[object Object],database,,,0,2026-07-17 00:00:00,
4630,INFO,📊 Resumen Diario de Cartera,Vigente: 102 préstamos | Vencida: 563 préstamos,[object Object],"console,websocket,database",,,0,2026-07-17 00:00:00,
4631,INFO,📊 Resumen Diario de Cartera,Vigente: 102 préstamos | Vencida: 563 préstamos,[object Object],database,,,0,2026-07-17 01:00:00,
4632,INFO,📊 Resumen Diario de Cartera,Vigente: 102 préstamos | Vencida: 563 préstamos,[object Object],"console,websocket,database",,,0,2026-07-17 01:00:00,
4633,WARNING,🚨 Moras Críticas Detectadas,Se detectaron 858 moras críticas que requieren atención inmediata,[object Object],database,,,0,2026-07-17 02:00:00,
4634,WARNING,🚨 Moras Críticas Detectadas,Se detectaron 858 moras críticas que requieren atención inmediata,[object Object],"console,websocket,database",,,0,2026-07-17 02:00:00,
4635,INFO,✅ Proceso de Mora Completado,Proceso automático de mora ejecutado exitosamente en 7711ms,[object Object],database,,,0,2026-07-17 02:00:07,
4636,INFO,✅ Proceso de Mora Completado,Proceso automático de mora ejecutado exitosamente en 7711ms,[object Object],"console,websocket,database",,,0,2026-07-17 02:00:07,
4637,WARNING,🚨 Moras Críticas Detectadas,Se detectaron 883 moras críticas que requieren atención inmediata,[object Object],database,,,0,2026-07-17 04:00:00,
4638,WARNING,🚨 Moras Críticas Detectadas,Se detectaron 883 moras críticas que requieren atención inmediata,[object Object],"console,websocket,database",,,0,2026-07-17 04:00:00,
4639,WARNING,🚨 Moras Críticas Detectadas,Se detectaron 883 moras críticas que requieren atención inmediata,[object Object],database,,,0,2026-07-17 06:00:00,
4640,WARNING,🚨 Moras Críticas Detectadas,Se detectaron 883 moras críticas que requieren atención inmediata,[object Object],"console,websocket,database",,,0,2026-07-17 06:00:00,
4641,WARNING,🚨 Moras Críticas Detectadas,Se detectaron 883 moras críticas que requieren atención inmediata,[object Object],database,,,0,2026-07-17 08:00:00,
4642,WARNING,🚨 Moras Críticas Detectadas,Se detectaron 883 moras críticas que requieren atención inmediata,[object Object],"console,websocket,database",,,0,2026-07-17 08:00:00,
4643,WARNING,🚨 Moras Críticas Detectadas,Se detectaron 883 moras críticas que requieren atención inmediata,[object Object],database,,,0,2026-07-17 10:00:00,
4644,WARNING,🚨 Moras Críticas Detectadas,Se detectaron 883 moras críticas que requieren atención inmediata,[object Object],"console,websocket,database",,,0,2026-07-17 10:00:00,
4645,WARNING,🚨 Moras Críticas Detectadas,Se detectaron 883 moras críticas que requieren atención inmediata,[object Object],database,,,0,2026-07-17 12:00:00,
4646,WARNING,🚨 Moras Críticas Detectadas,Se detectaron 883 moras críticas que requieren atención inmediata,[object Object],"console,websocket,database",,,0,2026-07-17 12:00:00,
4647,WARNING,🚨 Moras Críticas Detectadas,Se detectaron 883 moras críticas que requieren atención inmediata,[object Object],database,,,0,2026-07-17 14:00:00,
4648,WARNING,🚨 Moras Críticas Detectadas,Se detectaron 883 moras críticas que requieren atención inmediata,[object Object],"console,websocket,database",,,0,2026-07-17 14:00:00,
4649,INFO,📊 Resumen Diario de Cartera,Vigente: 102 préstamos | Vencida: 563 préstamos,[object Object],database,,,0,2026-07-17 15:00:00,
4650,INFO,📊 Resumen Diario de Cartera,Vigente: 102 préstamos | Vencida: 563 préstamos,[object Object],"console,websocket,database",,,0,2026-07-17 15:00:00,
4651,WARNING,🚨 Moras Críticas Detectadas,Se detectaron 883 moras críticas que requieren atención inmediata,[object Object],database,,,0,2026-07-17 16:00:00,
4652,WARNING,🚨 Moras Críticas Detectadas,Se detectaron 883 moras críticas que requieren atención inmediata,[object Object],"console,websocket,database",,,0,2026-07-17 16:00:00,
4653,INFO,📊 Resumen Diario de Cartera,Vigente: 102 préstamos | Vencida: 563 préstamos,[object Object],database,,,0,2026-07-17 16:00:00,
4654,INFO,📊 Resumen Diario de Cartera,Vigente: 102 préstamos | Vencida: 563 préstamos,[object Object],"console,websocket,database",,,0,2026-07-17 16:00:00,
4655,INFO,📊 Resumen Diario de Cartera,Vigente: 102 préstamos | Vencida: 563 préstamos,[object Object],database,,,0,2026-07-17 17:00:00,
4656,INFO,📊 Resumen Diario de Cartera,Vigente: 102 préstamos | Vencida: 563 préstamos,[object Object],"console,websocket,database",,,0,2026-07-17 17:00:00,
4657,WARNING,🚨 Moras Críticas Detectadas,Se detectaron 883 moras críticas que requieren atención inmediata,[object Object],database,,,0,2026-07-17 18:00:00,
4658,WARNING,🚨 Moras Críticas Detectadas,Se detectaron 883 moras críticas que requieren atención inmediata,[object Object],"console,websocket,database",,,0,2026-07-17 18:00:00,
4659,INFO,📊 Resumen Diario de Cartera,Vigente: 102 préstamos | Vencida: 563 préstamos,[object Object],database,,,0,2026-07-17 18:00:00,
4660,INFO,📊 Resumen Diario de Cartera,Vigente: 102 préstamos | Vencida: 563 préstamos,[object Object],"console,websocket,database",,,0,2026-07-17 18:00:00,
4661,INFO,📊 Resumen Diario de Cartera,Vigente: 102 préstamos | Vencida: 563 préstamos,[object Object],database,,,0,2026-07-17 19:00:00,
4662,INFO,📊 Resumen Diario de Cartera,Vigente: 102 préstamos | Vencida: 563 préstamos,[object Object],"console,websocket,database",,,0,2026-07-17 19:00:00,
4663,WARNING,🚨 Moras Críticas Detectadas,Se detectaron 883 moras críticas que requieren atención inmediata,[object Object],database,,,0,2026-07-17 20:00:00,
4664,WARNING,🚨 Moras Críticas Detectadas,Se detectaron 883 moras críticas que requieren atención inmediata,[object Object],"console,websocket,database",,,0,2026-07-17 20:00:00,
4665,INFO,📊 Resumen Diario de Cartera,Vigente: 110 préstamos | Vencida: 556 préstamos,[object Object],database,,,0,2026-07-17 20:00:00,
4666,INFO,📊 Resumen Diario de Cartera,Vigente: 110 préstamos | Vencida: 556 préstamos,[object Object],"console,websocket,database",,,0,2026-07-17 20:00:00,
4667,INFO,📊 Resumen Diario de Cartera,Vigente: 116 préstamos | Vencida: 552 préstamos,[object Object],database,,,0,2026-07-17 21:00:00,
4668,INFO,📊 Resumen Diario de Cartera,Vigente: 116 préstamos | Vencida: 552 préstamos,[object Object],"console,websocket,database",,,0,2026-07-17 21:00:00,
4669,WARNING,🚨 Moras Críticas Detectadas,Se detectaron 876 moras críticas que requieren atención inmediata,[object Object],database,,,0,2026-07-17 22:00:00,
4670,WARNING,🚨 Moras Críticas Detectadas,Se detectaron 876 moras críticas que requieren atención inmediata,[object Object],"console,websocket,database",,,0,2026-07-17 22:00:00,
4671,INFO,📊 Resumen Diario de Cartera,Vigente: 123 préstamos | Vencida: 546 préstamos,[object Object],database,,,0,2026-07-17 22:00:00,
4672,INFO,📊 Resumen Diario de Cartera,Vigente: 123 préstamos | Vencida: 546 préstamos,[object Object],"console,websocket,database",,,0,2026-07-17 22:00:00,
4673,INFO,📊 Resumen Diario de Cartera,Vigente: 123 préstamos | Vencida: 543 préstamos,[object Object],database,,,0,2026-07-17 23:00:00,
4674,INFO,📊 Resumen Diario de Cartera,Vigente: 123 préstamos | Vencida: 543 préstamos,[object Object],"console,websocket,database",,,0,2026-07-17 23:00:00,
4675,WARNING,🚨 Moras Críticas Detectadas,Se detectaron 870 moras críticas que requieren atención inmediata,[object Object],database,,,0,2026-07-18 00:00:00,
4676,WARNING,🚨 Moras Críticas Detectadas,Se detectaron 870 moras críticas que requieren atención inmediata,[object Object],"console,websocket,database",,,0,2026-07-18 00:00:00,
4677,INFO,📊 Resumen Diario de Cartera,Vigente: 121 préstamos | Vencida: 550 préstamos,[object Object],database,,,0,2026-07-18 00:00:00,
4678,INFO,📊 Resumen Diario de Cartera,Vigente: 121 préstamos | Vencida: 550 préstamos,[object Object],"console,websocket,database",,,0,2026-07-18 00:00:00,
4679,INFO,📊 Resumen Diario de Cartera,Vigente: 121 préstamos | Vencida: 550 préstamos,[object Object],database,,,0,2026-07-18 01:00:00,
4680,INFO,📊 Resumen Diario de Cartera,Vigente: 121 préstamos | Vencida: 550 préstamos,[object Object],"console,websocket,database",,,0,2026-07-18 01:00:00,
4681,WARNING,🚨 Moras Críticas Detectadas,Se detectaron 870 moras críticas que requieren atención inmediata,[object Object],database,,,0,2026-07-18 02:00:00,
4682,WARNING,🚨 Moras Críticas Detectadas,Se detectaron 870 moras críticas que requieren atención inmediata,[object Object],"console,websocket,database",,,0,2026-07-18 02:00:00,
4683,INFO,✅ Proceso de Mora Completado,Proceso automático de mora ejecutado exitosamente en 7234ms,[object Object],database,,,0,2026-07-18 02:00:07,
4684,INFO,✅ Proceso de Mora Completado,Proceso automático de mora ejecutado exitosamente en 7234ms,[object Object],"console,websocket,database",,,0,2026-07-18 02:00:07,
4685,WARNING,🚨 Moras Críticas Detectadas,Se detectaron 949 moras críticas que requieren atención inmediata,[object Object],database,,,0,2026-07-18 04:00:00,
4686,WARNING,🚨 Moras Críticas Detectadas,Se detectaron 949 moras críticas que requieren atención inmediata,[object Object],"console,websocket,database",,,0,2026-07-18 04:00:00,
4687,WARNING,🚨 Moras Críticas Detectadas,Se detectaron 949 moras críticas que requieren atención inmediata,[object Object],database,,,0,2026-07-18 06:00:00,
4688,WARNING,🚨 Moras Críticas Detectadas,Se detectaron 949 moras críticas que requieren atención inmediata,[object Object],"console,websocket,database",,,0,2026-07-18 06:00:00,
4689,WARNING,🚨 Moras Críticas Detectadas,Se detectaron 949 moras críticas que requieren atención inmediata,[object Object],database,,,0,2026-07-18 08:00:00,
4690,WARNING,🚨 Moras Críticas Detectadas,Se detectaron 949 moras críticas que requieren atención inmediata,[object Object],"console,websocket,database",,,0,2026-07-18 08:00:00,
4691,WARNING,🚨 Moras Críticas Detectadas,Se detectaron 949 moras críticas que requieren atención inmediata,[object Object],database,,,0,2026-07-18 10:00:00,
4692,WARNING,🚨 Moras Críticas Detectadas,Se detectaron 949 moras críticas que requieren atención inmediata,[object Object],"console,websocket,database",,,0,2026-07-18 10:00:00,
4693,WARNING,🚨 Moras Críticas Detectadas,Se detectaron 949 moras críticas que requieren atención inmediata,[object Object],database,,,0,2026-07-18 12:00:00,
4694,WARNING,🚨 Moras Críticas Detectadas,Se detectaron 949 moras críticas que requieren atención inmediata,[object Object],"console,websocket,database",,,0,2026-07-18 12:00:00,
4695,WARNING,🚨 Moras Críticas Detectadas,Se detectaron 949 moras críticas que requieren atención inmediata,[object Object],database,,,0,2026-07-18 14:00:00,
4696,WARNING,🚨 Moras Críticas Detectadas,Se detectaron 949 moras críticas que requieren atención inmediata,[object Object],"console,websocket,database",,,0,2026-07-18 14:00:00,
4697,INFO,📊 Resumen Diario de Cartera,Vigente: 121 préstamos | Vencida: 550 préstamos,[object Object],database,,,0,2026-07-18 15:00:00,
4698,INFO,📊 Resumen Diario de Cartera,Vigente: 121 préstamos | Vencida: 550 préstamos,[object Object],"console,websocket,database",,,0,2026-07-18 15:00:00,
4699,WARNING,🚨 Moras Críticas Detectadas,Se detectaron 949 moras críticas que requieren atención inmediata,[object Object],database,,,0,2026-07-18 16:00:00,
4700,WARNING,🚨 Moras Críticas Detectadas,Se detectaron 949 moras críticas que requieren atención inmediata,[object Object],"console,websocket,database",,,0,2026-07-18 16:00:00,
4701,INFO,📊 Resumen Diario de Cartera,Vigente: 121 préstamos | Vencida: 550 préstamos,[object Object],database,,,0,2026-07-18 16:00:00,
4702,INFO,📊 Resumen Diario de Cartera,Vigente: 121 préstamos | Vencida: 550 préstamos,[object Object],"console,websocket,database",,,0,2026-07-18 16:00:00,
4703,INFO,📊 Resumen Diario de Cartera,Vigente: 121 préstamos | Vencida: 550 préstamos,[object Object],database,,,0,2026-07-18 17:00:00,
4704,INFO,📊 Resumen Diario de Cartera,Vigente: 121 préstamos | Vencida: 550 préstamos,[object Object],"console,websocket,database",,,0,2026-07-18 17:00:00,
4705,WARNING,🚨 Moras Críticas Detectadas,Se detectaron 949 moras críticas que requieren atención inmediata,[object Object],database,,,0,2026-07-18 18:00:00,
4706,WARNING,🚨 Moras Críticas Detectadas,Se detectaron 949 moras críticas que requieren atención inmediata,[object Object],"console,websocket,database",,,0,2026-07-18 18:00:00,
4707,INFO,📊 Resumen Diario de Cartera,Vigente: 121 préstamos | Vencida: 550 préstamos,[object Object],database,,,0,2026-07-18 18:00:00,
4708,INFO,📊 Resumen Diario de Cartera,Vigente: 121 préstamos | Vencida: 550 préstamos,[object Object],"console,websocket,database",,,0,2026-07-18 18:00:00,
4709,INFO,📊 Resumen Diario de Cartera,Vigente: 121 préstamos | Vencida: 550 préstamos,[object Object],database,,,0,2026-07-18 19:00:00,
4710,INFO,📊 Resumen Diario de Cartera,Vigente: 121 préstamos | Vencida: 550 préstamos,[object Object],"console,websocket,database",,,0,2026-07-18 19:00:00,
4711,WARNING,🚨 Moras Críticas Detectadas,Se detectaron 949 moras críticas que requieren atención inmediata,[object Object],database,,,0,2026-07-18 20:00:00,
4712,WARNING,🚨 Moras Críticas Detectadas,Se detectaron 949 moras críticas que requieren atención inmediata,[object Object],"console,websocket,database",,,0,2026-07-18 20:00:00,
4713,INFO,📊 Resumen Diario de Cartera,Vigente: 121 préstamos | Vencida: 550 préstamos,[object Object],database,,,0,2026-07-18 20:00:00,
4714,INFO,📊 Resumen Diario de Cartera,Vigente: 121 préstamos | Vencida: 550 préstamos,[object Object],"console,websocket,database",,,0,2026-07-18 20:00:00,
4715,INFO,📊 Resumen Diario de Cartera,Vigente: 121 préstamos | Vencida: 550 préstamos,[object Object],database,,,0,2026-07-18 21:00:00,
4716,INFO,📊 Resumen Diario de Cartera,Vigente: 121 préstamos | Vencida: 550 préstamos,[object Object],"console,websocket,database",,,0,2026-07-18 21:00:00,
4717,WARNING,🚨 Moras Críticas Detectadas,Se detectaron 949 moras críticas que requieren atención inmediata,[object Object],database,,,0,2026-07-18 22:00:00,
4718,WARNING,🚨 Moras Críticas Detectadas,Se detectaron 949 moras críticas que requieren atención inmediata,[object Object],"console,websocket,database",,,0,2026-07-18 22:00:00,
4719,INFO,📊 Resumen Diario de Cartera,Vigente: 121 préstamos | Vencida: 550 préstamos,[object Object],database,,,0,2026-07-18 22:00:00,
4720,INFO,📊 Resumen Diario de Cartera,Vigente: 121 préstamos | Vencida: 550 préstamos,[object Object],"console,websocket,database",,,0,2026-07-18 22:00:00,
4721,INFO,📊 Resumen Diario de Cartera,Vigente: 121 préstamos | Vencida: 550 préstamos,[object Object],database,,,0,2026-07-18 23:00:00,
4722,INFO,📊 Resumen Diario de Cartera,Vigente: 121 préstamos | Vencida: 550 préstamos,[object Object],"console,websocket,database",,,0,2026-07-18 23:00:00,
4723,WARNING,🚨 Moras Críticas Detectadas,Se detectaron 949 moras críticas que requieren atención inmediata,[object Object],database,,,0,2026-07-19 00:00:00,
4724,WARNING,🚨 Moras Críticas Detectadas,Se detectaron 949 moras críticas que requieren atención inmediata,[object Object],"console,websocket,database",,,0,2026-07-19 00:00:00,
4725,INFO,📊 Resumen Diario de Cartera,Vigente: 121 préstamos | Vencida: 550 préstamos,[object Object],database,,,0,2026-07-19 00:00:00,
4726,INFO,📊 Resumen Diario de Cartera,Vigente: 121 préstamos | Vencida: 550 préstamos,[object Object],"console,websocket,database",,,0,2026-07-19 00:00:00,
4727,INFO,📊 Resumen Diario de Cartera,Vigente: 121 préstamos | Vencida: 550 préstamos,[object Object],database,,,0,2026-07-19 01:00:00,
4728,INFO,📊 Resumen Diario de Cartera,Vigente: 121 préstamos | Vencida: 550 préstamos,[object Object],"console,websocket,database",,,0,2026-07-19 01:00:00,
4729,WARNING,🚨 Moras Críticas Detectadas,Se detectaron 949 moras críticas que requieren atención inmediata,[object Object],database,,,0,2026-07-19 02:00:00,
4730,WARNING,🚨 Moras Críticas Detectadas,Se detectaron 949 moras críticas que requieren atención inmediata,[object Object],"console,websocket,database",,,0,2026-07-19 02:00:00,
4731,INFO,✅ Proceso de Mora Completado,Proceso automático de mora ejecutado exitosamente en 7485ms,[object Object],database,,,0,2026-07-19 02:00:07,
4732,INFO,✅ Proceso de Mora Completado,Proceso automático de mora ejecutado exitosamente en 7485ms,[object Object],"console,websocket,database",,,0,2026-07-19 02:00:07,
4733,WARNING,🚨 Moras Críticas Detectadas,Se detectaron 1003 moras críticas que requieren atención inmediata,[object Object],database,,,0,2026-07-19 04:00:00,
4734,WARNING,🚨 Moras Críticas Detectadas,Se detectaron 1003 moras críticas que requieren atención inmediata,[object Object],"console,websocket,database",,,0,2026-07-19 04:00:00,
4735,WARNING,🚨 Moras Críticas Detectadas,Se detectaron 1003 moras críticas que requieren atención inmediata,[object Object],database,,,0,2026-07-19 06:00:00,
4736,WARNING,🚨 Moras Críticas Detectadas,Se detectaron 1003 moras críticas que requieren atención inmediata,[object Object],"console,websocket,database",,,0,2026-07-19 06:00:00,
4737,WARNING,🚨 Moras Críticas Detectadas,Se detectaron 1003 moras críticas que requieren atención inmediata,[object Object],database,,,0,2026-07-19 08:00:00,
4738,WARNING,🚨 Moras Críticas Detectadas,Se detectaron 1003 moras críticas que requieren atención inmediata,[object Object],"console,websocket,database",,,0,2026-07-19 08:00:00,
4739,WARNING,🚨 Moras Críticas Detectadas,Se detectaron 1003 moras críticas que requieren atención inmediata,[object Object],database,,,0,2026-07-19 10:00:00,
4740,WARNING,🚨 Moras Críticas Detectadas,Se detectaron 1003 moras críticas que requieren atención inmediata,[object Object],"console,websocket,database",,,0,2026-07-19 10:00:00,
4741,WARNING,🚨 Moras Críticas Detectadas,Se detectaron 1003 moras críticas que requieren atención inmediata,[object Object],database,,,0,2026-07-19 12:00:00,
4742,WARNING,🚨 Moras Críticas Detectadas,Se detectaron 1003 moras críticas que requieren atención inmediata,[object Object],"console,websocket,database",,,0,2026-07-19 12:00:00,
4743,WARNING,🚨 Moras Críticas Detectadas,Se detectaron 1003 moras críticas que requieren atención inmediata,[object Object],database,,,0,2026-07-19 14:00:00,
4744,WARNING,🚨 Moras Críticas Detectadas,Se detectaron 1003 moras críticas que requieren atención inmediata,[object Object],"console,websocket,database",,,0,2026-07-19 14:00:00,
4745,INFO,📊 Resumen Diario de Cartera,Vigente: 121 préstamos | Vencida: 550 préstamos,[object Object],database,,,0,2026-07-19 15:00:00,
4746,INFO,📊 Resumen Diario de Cartera,Vigente: 121 préstamos | Vencida: 550 préstamos,[object Object],"console,websocket,database",,,0,2026-07-19 15:00:00,
4747,WARNING,🚨 Moras Críticas Detectadas,Se detectaron 1003 moras críticas que requieren atención inmediata,[object Object],database,,,0,2026-07-19 16:00:00,
4748,WARNING,🚨 Moras Críticas Detectadas,Se detectaron 1003 moras críticas que requieren atención inmediata,[object Object],"console,websocket,database",,,0,2026-07-19 16:00:00,
4749,INFO,📊 Resumen Diario de Cartera,Vigente: 121 préstamos | Vencida: 550 préstamos,[object Object],database,,,0,2026-07-19 16:00:00,
4750,INFO,📊 Resumen Diario de Cartera,Vigente: 121 préstamos | Vencida: 550 préstamos,[object Object],"console,websocket,database",,,0,2026-07-19 16:00:00,
4751,INFO,📊 Resumen Diario de Cartera,Vigente: 121 préstamos | Vencida: 550 préstamos,[object Object],database,,,0,2026-07-19 17:00:00,
4752,INFO,📊 Resumen Diario de Cartera,Vigente: 121 préstamos | Vencida: 550 préstamos,[object Object],"console,websocket,database",,,0,2026-07-19 17:00:00,
4753,WARNING,🚨 Moras Críticas Detectadas,Se detectaron 1003 moras críticas que requieren atención inmediata,[object Object],database,,,0,2026-07-19 18:00:00,
4754,WARNING,🚨 Moras Críticas Detectadas,Se detectaron 1003 moras críticas que requieren atención inmediata,[object Object],"console,websocket,database",,,0,2026-07-19 18:00:00,
4755,INFO,📊 Resumen Diario de Cartera,Vigente: 121 préstamos | Vencida: 550 préstamos,[object Object],database,,,0,2026-07-19 18:00:00,
4756,INFO,📊 Resumen Diario de Cartera,Vigente: 121 préstamos | Vencida: 550 préstamos,[object Object],"console,websocket,database",,,0,2026-07-19 18:00:00,
4757,INFO,📊 Resumen Diario de Cartera,Vigente: 121 préstamos | Vencida: 550 préstamos,[object Object],database,,,0,2026-07-19 19:00:00,
4758,INFO,📊 Resumen Diario de Cartera,Vigente: 121 préstamos | Vencida: 550 préstamos,[object Object],"console,websocket,database",,,0,2026-07-19 19:00:00,
4759,WARNING,🚨 Moras Críticas Detectadas,Se detectaron 1003 moras críticas que requieren atención inmediata,[object Object],database,,,0,2026-07-19 20:00:00,
4760,WARNING,🚨 Moras Críticas Detectadas,Se detectaron 1003 moras críticas que requieren atención inmediata,[object Object],"console,websocket,database",,,0,2026-07-19 20:00:00,
4761,INFO,📊 Resumen Diario de Cartera,Vigente: 121 préstamos | Vencida: 550 préstamos,[object Object],database,,,0,2026-07-19 20:00:00,
4762,INFO,📊 Resumen Diario de Cartera,Vigente: 121 préstamos | Vencida: 550 préstamos,[object Object],"console,websocket,database",,,0,2026-07-19 20:00:00,
4763,INFO,📊 Resumen Diario de Cartera,Vigente: 121 préstamos | Vencida: 550 préstamos,[object Object],database,,,0,2026-07-19 21:00:00,
4764,INFO,📊 Resumen Diario de Cartera,Vigente: 121 préstamos | Vencida: 550 préstamos,[object Object],"console,websocket,database",,,0,2026-07-19 21:00:00,
4765,WARNING,🚨 Moras Críticas Detectadas,Se detectaron 1003 moras críticas que requieren atención inmediata,[object Object],database,,,0,2026-07-19 22:00:00,
4766,WARNING,🚨 Moras Críticas Detectadas,Se detectaron 1003 moras críticas que requieren atención inmediata,[object Object],"console,websocket,database",,,0,2026-07-19 22:00:00,
4767,INFO,📊 Resumen Diario de Cartera,Vigente: 121 préstamos | Vencida: 550 préstamos,[object Object],database,,,0,2026-07-19 22:00:00,
4768,INFO,📊 Resumen Diario de Cartera,Vigente: 121 préstamos | Vencida: 550 préstamos,[object Object],"console,websocket,database",,,0,2026-07-19 22:00:00,
4769,INFO,📊 Resumen Diario de Cartera,Vigente: 121 préstamos | Vencida: 550 préstamos,[object Object],database,,,0,2026-07-19 23:00:00,
4770,INFO,📊 Resumen Diario de Cartera,Vigente: 121 préstamos | Vencida: 550 préstamos,[object Object],"console,websocket,database",,,0,2026-07-19 23:00:00,
4771,WARNING,🚨 Moras Críticas Detectadas,Se detectaron 1003 moras críticas que requieren atención inmediata,[object Object],database,,,0,2026-07-20 00:00:00,
4772,WARNING,🚨 Moras Críticas Detectadas,Se detectaron 1003 moras críticas que requieren atención inmediata,[object Object],"console,websocket,database",,,0,2026-07-20 00:00:00,
4773,INFO,📊 Resumen Diario de Cartera,Vigente: 121 préstamos | Vencida: 550 préstamos,[object Object],database,,,0,2026-07-20 00:00:00,
4774,INFO,📊 Resumen Diario de Cartera,Vigente: 121 préstamos | Vencida: 550 préstamos,[object Object],"console,websocket,database",,,0,2026-07-20 00:00:00,
4775,INFO,📊 Resumen Diario de Cartera,Vigente: 121 préstamos | Vencida: 550 préstamos,[object Object],database,,,0,2026-07-20 01:00:00,
4776,INFO,📊 Resumen Diario de Cartera,Vigente: 121 préstamos | Vencida: 550 préstamos,[object Object],"console,websocket,database",,,0,2026-07-20 01:00:00,
4777,WARNING,🚨 Moras Críticas Detectadas,Se detectaron 1003 moras críticas que requieren atención inmediata,[object Object],database,,,0,2026-07-20 02:00:00,
4778,WARNING,🚨 Moras Críticas Detectadas,Se detectaron 1003 moras críticas que requieren atención inmediata,[object Object],"console,websocket,database",,,0,2026-07-20 02:00:00,
4779,INFO,✅ Proceso de Mora Completado,Proceso automático de mora ejecutado exitosamente en 5828ms,[object Object],database,,,0,2026-07-20 02:00:05,
4780,INFO,✅ Proceso de Mora Completado,Proceso automático de mora ejecutado exitosamente en 5828ms,[object Object],"console,websocket,database",,,0,2026-07-20 02:00:05,
4781,WARNING,🚨 Moras Críticas Detectadas,Se detectaron 1073 moras críticas que requieren atención inmediata,[object Object],database,,,0,2026-07-20 04:00:00,
4782,WARNING,🚨 Moras Críticas Detectadas,Se detectaron 1073 moras críticas que requieren atención inmediata,[object Object],"console,websocket,database",,,0,2026-07-20 04:00:00,
4783,WARNING,🚨 Moras Críticas Detectadas,Se detectaron 1073 moras críticas que requieren atención inmediata,[object Object],database,,,0,2026-07-20 06:00:00,
4784,WARNING,🚨 Moras Críticas Detectadas,Se detectaron 1073 moras críticas que requieren atención inmediata,[object Object],"console,websocket,database",,,0,2026-07-20 06:00:00,
4785,WARNING,🚨 Moras Críticas Detectadas,Se detectaron 1073 moras críticas que requieren atención inmediata,[object Object],database,,,0,2026-07-20 08:00:00,
4786,WARNING,🚨 Moras Críticas Detectadas,Se detectaron 1073 moras críticas que requieren atención inmediata,[object Object],"console,websocket,database",,,0,2026-07-20 08:00:00,
4787,WARNING,🚨 Moras Críticas Detectadas,Se detectaron 1073 moras críticas que requieren atención inmediata,[object Object],database,,,0,2026-07-20 10:00:00,
4788,WARNING,🚨 Moras Críticas Detectadas,Se detectaron 1073 moras críticas que requieren atención inmediata,[object Object],"console,websocket,database",,,0,2026-07-20 10:00:00,
4789,WARNING,🚨 Moras Críticas Detectadas,Se detectaron 1073 moras críticas que requieren atención inmediata,[object Object],database,,,0,2026-07-20 12:00:00,
4790,WARNING,🚨 Moras Críticas Detectadas,Se detectaron 1073 moras críticas que requieren atención inmediata,[object Object],"console,websocket,database",,,0,2026-07-20 12:00:00,
4791,WARNING,🚨 Moras Críticas Detectadas,Se detectaron 1073 moras críticas que requieren atención inmediata,[object Object],database,,,0,2026-07-20 14:00:00,
4792,WARNING,🚨 Moras Críticas Detectadas,Se detectaron 1073 moras críticas que requieren atención inmediata,[object Object],"console,websocket,database",,,0,2026-07-20 14:00:00,
4793,INFO,📊 Resumen Diario de Cartera,Vigente: 121 préstamos | Vencida: 550 préstamos,[object Object],database,,,0,2026-07-20 15:00:00,
4794,INFO,📊 Resumen Diario de Cartera,Vigente: 121 préstamos | Vencida: 550 préstamos,[object Object],"console,websocket,database",,,0,2026-07-20 15:00:00,
4795,WARNING,🚨 Moras Críticas Detectadas,Se detectaron 1073 moras críticas que requieren atención inmediata,[object Object],database,,,0,2026-07-20 16:00:00,
4796,WARNING,🚨 Moras Críticas Detectadas,Se detectaron 1073 moras críticas que requieren atención inmediata,[object Object],"console,websocket,database",,,0,2026-07-20 16:00:00,
4797,INFO,📊 Resumen Diario de Cartera,Vigente: 121 préstamos | Vencida: 550 préstamos,[object Object],database,,,0,2026-07-20 16:00:00,
4798,INFO,📊 Resumen Diario de Cartera,Vigente: 121 préstamos | Vencida: 550 préstamos,[object Object],"console,websocket,database",,,0,2026-07-20 16:00:00,
4799,INFO,📊 Resumen Diario de Cartera,Vigente: 121 préstamos | Vencida: 550 préstamos,[object Object],database,,,0,2026-07-20 17:00:00,
4800,INFO,📊 Resumen Diario de Cartera,Vigente: 121 préstamos | Vencida: 550 préstamos,[object Object],"console,websocket,database",,,0,2026-07-20 17:00:00,
4801,WARNING,🚨 Moras Críticas Detectadas,Se detectaron 1073 moras críticas que requieren atención inmediata,[object Object],database,,,0,2026-07-20 18:00:00,
4802,WARNING,🚨 Moras Críticas Detectadas,Se detectaron 1073 moras críticas que requieren atención inmediata,[object Object],"console,websocket,database",,,0,2026-07-20 18:00:00,
4803,INFO,📊 Resumen Diario de Cartera,Vigente: 121 préstamos | Vencida: 550 préstamos,[object Object],database,,,0,2026-07-20 18:00:00,
4804,INFO,📊 Resumen Diario de Cartera,Vigente: 121 préstamos | Vencida: 550 préstamos,[object Object],"console,websocket,database",,,0,2026-07-20 18:00:00,
4805,INFO,📊 Resumen Diario de Cartera,Vigente: 121 préstamos | Vencida: 550 préstamos,[object Object],database,,,0,2026-07-20 19:00:00,
4806,INFO,📊 Resumen Diario de Cartera,Vigente: 121 préstamos | Vencida: 550 préstamos,[object Object],"console,websocket,database",,,0,2026-07-20 19:00:00,
4807,WARNING,🚨 Moras Críticas Detectadas,Se detectaron 1073 moras críticas que requieren atención inmediata,[object Object],database,,,0,2026-07-20 20:00:00,
4808,WARNING,🚨 Moras Críticas Detectadas,Se detectaron 1073 moras críticas que requieren atención inmediata,[object Object],"console,websocket,database",,,0,2026-07-20 20:00:00,
4809,INFO,📊 Resumen Diario de Cartera,Vigente: 121 préstamos | Vencida: 550 préstamos,[object Object],database,,,0,2026-07-20 20:00:00,
4810,INFO,📊 Resumen Diario de Cartera,Vigente: 121 préstamos | Vencida: 550 préstamos,[object Object],"console,websocket,database",,,0,2026-07-20 20:00:00,
4811,INFO,📊 Resumen Diario de Cartera,Vigente: 121 préstamos | Vencida: 550 préstamos,[object Object],database,,,0,2026-07-20 21:00:00,
4812,INFO,📊 Resumen Diario de Cartera,Vigente: 121 préstamos | Vencida: 550 préstamos,[object Object],"console,websocket,database",,,0,2026-07-20 21:00:00,
4813,WARNING,🚨 Moras Críticas Detectadas,Se detectaron 1073 moras críticas que requieren atención inmediata,[object Object],database,,,0,2026-07-20 22:00:00,
4814,WARNING,🚨 Moras Críticas Detectadas,Se detectaron 1073 moras críticas que requieren atención inmediata,[object Object],"console,websocket,database",,,0,2026-07-20 22:00:00,
4815,INFO,📊 Resumen Diario de Cartera,Vigente: 121 préstamos | Vencida: 550 préstamos,[object Object],database,,,0,2026-07-20 22:00:00,
4816,INFO,📊 Resumen Diario de Cartera,Vigente: 121 préstamos | Vencida: 550 préstamos,[object Object],"console,websocket,database",,,0,2026-07-20 22:00:00,
4817,INFO,📊 Resumen Diario de Cartera,Vigente: 121 préstamos | Vencida: 550 préstamos,[object Object],database,,,0,2026-07-20 23:00:00,
4818,INFO,📊 Resumen Diario de Cartera,Vigente: 121 préstamos | Vencida: 550 préstamos,[object Object],"console,websocket,database",,,0,2026-07-20 23:00:00,
4819,WARNING,🚨 Moras Críticas Detectadas,Se detectaron 1073 moras críticas que requieren atención inmediata,[object Object],database,,,0,2026-07-21 00:00:00,
4820,WARNING,🚨 Moras Críticas Detectadas,Se detectaron 1073 moras críticas que requieren atención inmediata,[object Object],"console,websocket,database",,,0,2026-07-21 00:00:00,
4821,INFO,📊 Resumen Diario de Cartera,Vigente: 117 préstamos | Vencida: 554 préstamos,[object Object],database,,,0,2026-07-21 00:00:00,
4822,INFO,📊 Resumen Diario de Cartera,Vigente: 117 préstamos | Vencida: 554 préstamos,[object Object],"console,websocket,database",,,0,2026-07-21 00:00:00,
4823,INFO,📊 Resumen Diario de Cartera,Vigente: 117 préstamos | Vencida: 554 préstamos,[object Object],database,,,0,2026-07-21 01:00:00,
4824,INFO,📊 Resumen Diario de Cartera,Vigente: 117 préstamos | Vencida: 554 préstamos,[object Object],"console,websocket,database",,,0,2026-07-21 01:00:00,
4825,WARNING,🚨 Moras Críticas Detectadas,Se detectaron 1073 moras críticas que requieren atención inmediata,[object Object],database,,,0,2026-07-21 02:00:00,
4826,WARNING,🚨 Moras Críticas Detectadas,Se detectaron 1073 moras críticas que requieren atención inmediata,[object Object],"console,websocket,database",,,0,2026-07-21 02:00:00,
4827,INFO,✅ Proceso de Mora Completado,Proceso automático de mora ejecutado exitosamente en 6924ms,[object Object],database,,,0,2026-07-21 02:00:06,
4828,INFO,✅ Proceso de Mora Completado,Proceso automático de mora ejecutado exitosamente en 6924ms,[object Object],"console,websocket,database",,,0,2026-07-21 02:00:06,
4829,WARNING,🚨 Moras Críticas Detectadas,Se detectaron 1162 moras críticas que requieren atención inmediata,[object Object],database,,,0,2026-07-21 04:00:00,
4830,WARNING,🚨 Moras Críticas Detectadas,Se detectaron 1162 moras críticas que requieren atención inmediata,[object Object],"console,websocket,database",,,0,2026-07-21 04:00:00,
4831,WARNING,🚨 Moras Críticas Detectadas,Se detectaron 1162 moras críticas que requieren atención inmediata,[object Object],database,,,0,2026-07-21 06:00:00,
4832,WARNING,🚨 Moras Críticas Detectadas,Se detectaron 1162 moras críticas que requieren atención inmediata,[object Object],"console,websocket,database",,,0,2026-07-21 06:00:00,
4833,WARNING,🚨 Moras Críticas Detectadas,Se detectaron 1162 moras críticas que requieren atención inmediata,[object Object],database,,,0,2026-07-21 08:00:00,
4834,WARNING,🚨 Moras Críticas Detectadas,Se detectaron 1162 moras críticas que requieren atención inmediata,[object Object],"console,websocket,database",,,0,2026-07-21 08:00:00,
4835,WARNING,🚨 Moras Críticas Detectadas,Se detectaron 1162 moras críticas que requieren atención inmediata,[object Object],database,,,0,2026-07-21 10:00:00,
4836,WARNING,🚨 Moras Críticas Detectadas,Se detectaron 1162 moras críticas que requieren atención inmediata,[object Object],"console,websocket,database",,,0,2026-07-21 10:00:00,
4837,WARNING,🚨 Moras Críticas Detectadas,Se detectaron 1162 moras críticas que requieren atención inmediata,[object Object],database,,,0,2026-07-21 12:00:00,
4838,WARNING,🚨 Moras Críticas Detectadas,Se detectaron 1162 moras críticas que requieren atención inmediata,[object Object],"console,websocket,database",,,0,2026-07-21 12:00:00,
4839,WARNING,🚨 Moras Críticas Detectadas,Se detectaron 1162 moras críticas que requieren atención inmediata,[object Object],database,,,0,2026-07-21 14:00:00,
4840,WARNING,🚨 Moras Críticas Detectadas,Se detectaron 1162 moras críticas que requieren atención inmediata,[object Object],"console,websocket,database",,,0,2026-07-21 14:00:00,
4841,INFO,📊 Resumen Diario de Cartera,Vigente: 117 préstamos | Vencida: 554 préstamos,[object Object],database,,,0,2026-07-21 15:00:00,
4842,INFO,📊 Resumen Diario de Cartera,Vigente: 117 préstamos | Vencida: 554 préstamos,[object Object],"console,websocket,database",,,0,2026-07-21 15:00:00,
4843,WARNING,🚨 Moras Críticas Detectadas,Se detectaron 1162 moras críticas que requieren atención inmediata,[object Object],database,,,0,2026-07-21 16:00:00,
4844,WARNING,🚨 Moras Críticas Detectadas,Se detectaron 1162 moras críticas que requieren atención inmediata,[object Object],"console,websocket,database",,,0,2026-07-21 16:00:00,
4845,INFO,📊 Resumen Diario de Cartera,Vigente: 117 préstamos | Vencida: 554 préstamos,[object Object],database,,,0,2026-07-21 16:00:00,
4846,INFO,📊 Resumen Diario de Cartera,Vigente: 117 préstamos | Vencida: 554 préstamos,[object Object],"console,websocket,database",,,0,2026-07-21 16:00:00,
4847,INFO,📊 Resumen Diario de Cartera,Vigente: 117 préstamos | Vencida: 554 préstamos,[object Object],database,,,0,2026-07-21 17:00:00,
4848,INFO,📊 Resumen Diario de Cartera,Vigente: 117 préstamos | Vencida: 554 préstamos,[object Object],"console,websocket,database",,,0,2026-07-21 17:00:00,
4849,WARNING,🚨 Moras Críticas Detectadas,Se detectaron 1162 moras críticas que requieren atención inmediata,[object Object],database,,,0,2026-07-21 18:00:00,
4850,WARNING,🚨 Moras Críticas Detectadas,Se detectaron 1162 moras críticas que requieren atención inmediata,[object Object],"console,websocket,database",,,0,2026-07-21 18:00:00,
4851,INFO,📊 Resumen Diario de Cartera,Vigente: 117 préstamos | Vencida: 554 préstamos,[object Object],database,,,0,2026-07-21 18:00:00,
4852,INFO,📊 Resumen Diario de Cartera,Vigente: 117 préstamos | Vencida: 554 préstamos,[object Object],"console,websocket,database",,,0,2026-07-21 18:00:00,
4853,INFO,📊 Resumen Diario de Cartera,Vigente: 117 préstamos | Vencida: 554 préstamos,[object Object],database,,,0,2026-07-21 19:00:00,
4854,INFO,📊 Resumen Diario de Cartera,Vigente: 117 préstamos | Vencida: 554 préstamos,[object Object],"console,websocket,database",,,0,2026-07-21 19:00:00,
4855,WARNING,🚨 Moras Críticas Detectadas,Se detectaron 1162 moras críticas que requieren atención inmediata,[object Object],database,,,0,2026-07-21 20:00:00,
4856,WARNING,🚨 Moras Críticas Detectadas,Se detectaron 1162 moras críticas que requieren atención inmediata,[object Object],"console,websocket,database",,,0,2026-07-21 20:00:00,
4857,INFO,📊 Resumen Diario de Cartera,Vigente: 117 préstamos | Vencida: 554 préstamos,[object Object],database,,,0,2026-07-21 20:00:00,
4858,INFO,📊 Resumen Diario de Cartera,Vigente: 117 préstamos | Vencida: 554 préstamos,[object Object],"console,websocket,database",,,0,2026-07-21 20:00:00,
4859,INFO,📊 Resumen Diario de Cartera,Vigente: 117 préstamos | Vencida: 554 préstamos,[object Object],database,,,0,2026-07-21 21:00:00,
4860,INFO,📊 Resumen Diario de Cartera,Vigente: 117 préstamos | Vencida: 554 préstamos,[object Object],"console,websocket,database",,,0,2026-07-21 21:00:00,
4861,WARNING,🚨 Moras Críticas Detectadas,Se detectaron 1162 moras críticas que requieren atención inmediata,[object Object],database,,,0,2026-07-21 22:00:00,
4862,WARNING,🚨 Moras Críticas Detectadas,Se detectaron 1162 moras críticas que requieren atención inmediata,[object Object],"console,websocket,database",,,0,2026-07-21 22:00:00,
4863,INFO,📊 Resumen Diario de Cartera,Vigente: 117 préstamos | Vencida: 554 préstamos,[object Object],database,,,0,2026-07-21 22:00:00,
4864,INFO,📊 Resumen Diario de Cartera,Vigente: 117 préstamos | Vencida: 554 préstamos,[object Object],"console,websocket,database",,,0,2026-07-21 22:00:00,
4865,INFO,📊 Resumen Diario de Cartera,Vigente: 117 préstamos | Vencida: 554 préstamos,[object Object],database,,,0,2026-07-21 23:00:00,
4866,INFO,📊 Resumen Diario de Cartera,Vigente: 117 préstamos | Vencida: 554 préstamos,[object Object],"console,websocket,database",,,0,2026-07-21 23:00:00,
4867,WARNING,🚨 Moras Críticas Detectadas,Se detectaron 1162 moras críticas que requieren atención inmediata,[object Object],database,,,0,2026-07-22 00:00:00,
4868,WARNING,🚨 Moras Críticas Detectadas,Se detectaron 1162 moras críticas que requieren atención inmediata,[object Object],"console,websocket,database",,,0,2026-07-22 00:00:00,
4869,INFO,📊 Resumen Diario de Cartera,Vigente: 110 préstamos | Vencida: 561 préstamos,[object Object],database,,,0,2026-07-22 00:00:00,
4870,INFO,📊 Resumen Diario de Cartera,Vigente: 110 préstamos | Vencida: 561 préstamos,[object Object],"console,websocket,database",,,0,2026-07-22 00:00:00,
4871,INFO,📊 Resumen Diario de Cartera,Vigente: 110 préstamos | Vencida: 561 préstamos,[object Object],database,,,0,2026-07-22 01:00:00,
4872,INFO,📊 Resumen Diario de Cartera,Vigente: 110 préstamos | Vencida: 561 préstamos,[object Object],"console,websocket,database",,,0,2026-07-22 01:00:00,
4873,WARNING,🚨 Moras Críticas Detectadas,Se detectaron 1162 moras críticas que requieren atención inmediata,[object Object],database,,,0,2026-07-22 02:00:00,
4874,WARNING,🚨 Moras Críticas Detectadas,Se detectaron 1162 moras críticas que requieren atención inmediata,[object Object],"console,websocket,database",,,0,2026-07-22 02:00:00,
4875,INFO,✅ Proceso de Mora Completado,Proceso automático de mora ejecutado exitosamente en 7034ms,[object Object],database,,,0,2026-07-22 02:00:07,
4876,INFO,✅ Proceso de Mora Completado,Proceso automático de mora ejecutado exitosamente en 7034ms,[object Object],"console,websocket,database",,,0,2026-07-22 02:00:07,
4877,WARNING,🚨 Moras Críticas Detectadas,Se detectaron 1169 moras críticas que requieren atención inmediata,[object Object],database,,,0,2026-07-22 04:00:00,
4878,WARNING,🚨 Moras Críticas Detectadas,Se detectaron 1169 moras críticas que requieren atención inmediata,[object Object],"console,websocket,database",,,0,2026-07-22 04:00:00,
4879,WARNING,🚨 Moras Críticas Detectadas,Se detectaron 1169 moras críticas que requieren atención inmediata,[object Object],database,,,0,2026-07-22 06:00:00,
4880,WARNING,🚨 Moras Críticas Detectadas,Se detectaron 1169 moras críticas que requieren atención inmediata,[object Object],"console,websocket,database",,,0,2026-07-22 06:00:00,
4881,WARNING,🚨 Moras Críticas Detectadas,Se detectaron 1169 moras críticas que requieren atención inmediata,[object Object],database,,,0,2026-07-22 08:00:00,
4882,WARNING,🚨 Moras Críticas Detectadas,Se detectaron 1169 moras críticas que requieren atención inmediata,[object Object],"console,websocket,database",,,0,2026-07-22 08:00:00,
4883,WARNING,🚨 Moras Críticas Detectadas,Se detectaron 1169 moras críticas que requieren atención inmediata,[object Object],database,,,0,2026-07-22 10:00:00,
4884,WARNING,🚨 Moras Críticas Detectadas,Se detectaron 1169 moras críticas que requieren atención inmediata,[object Object],"console,websocket,database",,,0,2026-07-22 10:00:00,
4885,WARNING,🚨 Moras Críticas Detectadas,Se detectaron 1169 moras críticas que requieren atención inmediata,[object Object],database,,,0,2026-07-22 12:00:00,
4886,WARNING,🚨 Moras Críticas Detectadas,Se detectaron 1169 moras críticas que requieren atención inmediata,[object Object],"console,websocket,database",,,0,2026-07-22 12:00:00,
4887,WARNING,🚨 Moras Críticas Detectadas,Se detectaron 1169 moras críticas que requieren atención inmediata,[object Object],database,,,0,2026-07-22 14:00:00,
4888,WARNING,🚨 Moras Críticas Detectadas,Se detectaron 1169 moras críticas que requieren atención inmediata,[object Object],"console,websocket,database",,,0,2026-07-22 14:00:00,
4889,INFO,📊 Resumen Diario de Cartera,Vigente: 110 préstamos | Vencida: 561 préstamos,[object Object],database,,,0,2026-07-22 15:00:00,
4890,INFO,📊 Resumen Diario de Cartera,Vigente: 110 préstamos | Vencida: 561 préstamos,[object Object],"console,websocket,database",,,0,2026-07-22 15:00:00,
4891,WARNING,🚨 Moras Críticas Detectadas,Se detectaron 1169 moras críticas que requieren atención inmediata,[object Object],database,,,0,2026-07-22 16:00:00,
4892,WARNING,🚨 Moras Críticas Detectadas,Se detectaron 1169 moras críticas que requieren atención inmediata,[object Object],"console,websocket,database",,,0,2026-07-22 16:00:00,
4893,INFO,📊 Resumen Diario de Cartera,Vigente: 110 préstamos | Vencida: 561 préstamos,[object Object],database,,,0,2026-07-22 16:00:00,
4894,INFO,📊 Resumen Diario de Cartera,Vigente: 110 préstamos | Vencida: 561 préstamos,[object Object],"console,websocket,database",,,0,2026-07-22 16:00:00,
4895,INFO,📊 Resumen Diario de Cartera,Vigente: 110 préstamos | Vencida: 561 préstamos,[object Object],database,,,0,2026-07-22 17:00:00,
4896,INFO,📊 Resumen Diario de Cartera,Vigente: 110 préstamos | Vencida: 561 préstamos,[object Object],"console,websocket,database",,,0,2026-07-22 17:00:00,
4897,WARNING,🚨 Moras Críticas Detectadas,Se detectaron 1169 moras críticas que requieren atención inmediata,[object Object],database,,,0,2026-07-22 18:00:00,
4898,WARNING,🚨 Moras Críticas Detectadas,Se detectaron 1169 moras críticas que requieren atención inmediata,[object Object],"console,websocket,database",,,0,2026-07-22 18:00:00,
4899,INFO,📊 Resumen Diario de Cartera,Vigente: 110 préstamos | Vencida: 561 préstamos,[object Object],database,,,0,2026-07-22 18:00:00,
4900,INFO,📊 Resumen Diario de Cartera,Vigente: 110 préstamos | Vencida: 561 préstamos,[object Object],"console,websocket,database",,,0,2026-07-22 18:00:00,
4901,INFO,📊 Resumen Diario de Cartera,Vigente: 110 préstamos | Vencida: 561 préstamos,[object Object],database,,,0,2026-07-22 19:00:00,
4902,INFO,📊 Resumen Diario de Cartera,Vigente: 110 préstamos | Vencida: 561 préstamos,[object Object],"console,websocket,database",,,0,2026-07-22 19:00:00,
4903,WARNING,🚨 Moras Críticas Detectadas,Se detectaron 1169 moras críticas que requieren atención inmediata,[object Object],database,,,0,2026-07-22 20:00:00,
4904,WARNING,🚨 Moras Críticas Detectadas,Se detectaron 1169 moras críticas que requieren atención inmediata,[object Object],"console,websocket,database",,,0,2026-07-22 20:00:00,
4905,INFO,📊 Resumen Diario de Cartera,Vigente: 110 préstamos | Vencida: 561 préstamos,[object Object],database,,,0,2026-07-22 20:00:00,
4906,INFO,📊 Resumen Diario de Cartera,Vigente: 110 préstamos | Vencida: 561 préstamos,[object Object],"console,websocket,database",,,0,2026-07-22 20:00:00,
4907,INFO,📊 Resumen Diario de Cartera,Vigente: 121 préstamos | Vencida: 559 préstamos,[object Object],database,,,0,2026-07-22 21:00:00,
4908,INFO,📊 Resumen Diario de Cartera,Vigente: 121 préstamos | Vencida: 559 préstamos,[object Object],"console,websocket,database",,,0,2026-07-22 21:00:00,
4909,WARNING,🚨 Moras Críticas Detectadas,Se detectaron 1151 moras críticas que requieren atención inmediata,[object Object],database,,,0,2026-07-22 22:00:00,
4910,WARNING,🚨 Moras Críticas Detectadas,Se detectaron 1151 moras críticas que requieren atención inmediata,[object Object],"console,websocket,database",,,0,2026-07-22 22:00:00,
4911,INFO,📊 Resumen Diario de Cartera,Vigente: 131 préstamos | Vencida: 550 préstamos,[object Object],database,,,0,2026-07-22 22:00:00,
4912,INFO,📊 Resumen Diario de Cartera,Vigente: 131 préstamos | Vencida: 550 préstamos,[object Object],"console,websocket,database",,,0,2026-07-22 22:00:00,
4913,INFO,📊 Resumen Diario de Cartera,Vigente: 136 préstamos | Vencida: 544 préstamos,[object Object],database,,,0,2026-07-22 23:00:00,
4914,INFO,📊 Resumen Diario de Cartera,Vigente: 136 préstamos | Vencida: 544 préstamos,[object Object],"console,websocket,database",,,0,2026-07-22 23:00:00,
4915,WARNING,🚨 Moras Críticas Detectadas,Se detectaron 1139 moras críticas que requieren atención inmediata,[object Object],database,,,0,2026-07-23 00:00:00,
4916,WARNING,🚨 Moras Críticas Detectadas,Se detectaron 1139 moras críticas que requieren atención inmediata,[object Object],"console,websocket,database",,,0,2026-07-23 00:00:00,
4917,INFO,📊 Resumen Diario de Cartera,Vigente: 129 préstamos | Vencida: 551 préstamos,[object Object],database,,,0,2026-07-23 00:00:00,
4918,INFO,📊 Resumen Diario de Cartera,Vigente: 129 préstamos | Vencida: 551 préstamos,[object Object],"console,websocket,database",,,0,2026-07-23 00:00:00,
4919,INFO,📊 Resumen Diario de Cartera,Vigente: 129 préstamos | Vencida: 551 préstamos,[object Object],database,,,0,2026-07-23 01:00:00,
4920,INFO,📊 Resumen Diario de Cartera,Vigente: 129 préstamos | Vencida: 551 préstamos,[object Object],"console,websocket,database",,,0,2026-07-23 01:00:00,
4921,WARNING,🚨 Moras Críticas Detectadas,Se detectaron 1139 moras críticas que requieren atención inmediata,[object Object],database,,,0,2026-07-23 02:00:00,
4922,WARNING,🚨 Moras Críticas Detectadas,Se detectaron 1139 moras críticas que requieren atención inmediata,[object Object],"console,websocket,database",,,0,2026-07-23 02:00:00,
4923,INFO,✅ Proceso de Mora Completado,Proceso automático de mora ejecutado exitosamente en 7043ms,[object Object],database,,,0,2026-07-23 02:00:07,
4924,INFO,✅ Proceso de Mora Completado,Proceso automático de mora ejecutado exitosamente en 7043ms,[object Object],"console,websocket,database",,,0,2026-07-23 02:00:07,
4925,WARNING,🚨 Moras Críticas Detectadas,Se detectaron 1142 moras críticas que requieren atención inmediata,[object Object],database,,,0,2026-07-23 04:00:00,
4926,WARNING,🚨 Moras Críticas Detectadas,Se detectaron 1142 moras críticas que requieren atención inmediata,[object Object],"console,websocket,database",,,0,2026-07-23 04:00:00,
4927,WARNING,🚨 Moras Críticas Detectadas,Se detectaron 1142 moras críticas que requieren atención inmediata,[object Object],database,,,0,2026-07-23 06:00:00,
4928,WARNING,🚨 Moras Críticas Detectadas,Se detectaron 1142 moras críticas que requieren atención inmediata,[object Object],"console,websocket,database",,,0,2026-07-23 06:00:00,
4929,WARNING,🚨 Moras Críticas Detectadas,Se detectaron 1142 moras críticas que requieren atención inmediata,[object Object],database,,,0,2026-07-23 08:00:00,
4930,WARNING,🚨 Moras Críticas Detectadas,Se detectaron 1142 moras críticas que requieren atención inmediata,[object Object],"console,websocket,database",,,0,2026-07-23 08:00:00,
4931,WARNING,🚨 Moras Críticas Detectadas,Se detectaron 1142 moras críticas que requieren atención inmediata,[object Object],database,,,0,2026-07-23 10:00:00,
4932,WARNING,🚨 Moras Críticas Detectadas,Se detectaron 1142 moras críticas que requieren atención inmediata,[object Object],"console,websocket,database",,,0,2026-07-23 10:00:00,
4933,WARNING,🚨 Moras Críticas Detectadas,Se detectaron 1142 moras críticas que requieren atención inmediata,[object Object],database,,,0,2026-07-23 12:00:00,
4934,WARNING,🚨 Moras Críticas Detectadas,Se detectaron 1142 moras críticas que requieren atención inmediata,[object Object],"console,websocket,database",,,0,2026-07-23 12:00:00,
4935,WARNING,🚨 Moras Críticas Detectadas,Se detectaron 1142 moras críticas que requieren atención inmediata,[object Object],database,,,0,2026-07-23 14:00:00,
4936,WARNING,🚨 Moras Críticas Detectadas,Se detectaron 1142 moras críticas que requieren atención inmediata,[object Object],"console,websocket,database",,,0,2026-07-23 14:00:00,
4937,INFO,📊 Resumen Diario de Cartera,Vigente: 137 préstamos | Vencida: 542 préstamos,[object Object],database,,,0,2026-07-23 15:00:00,
4938,INFO,📊 Resumen Diario de Cartera,Vigente: 137 préstamos | Vencida: 542 préstamos,[object Object],"console,websocket,database",,,0,2026-07-23 15:00:00,
4939,WARNING,🚨 Moras Críticas Detectadas,Se detectaron 1133 moras críticas que requieren atención inmediata,[object Object],database,,,0,2026-07-23 16:00:00,
4940,WARNING,🚨 Moras Críticas Detectadas,Se detectaron 1133 moras críticas que requieren atención inmediata,[object Object],"console,websocket,database",,,0,2026-07-23 16:00:00,
4941,INFO,📊 Resumen Diario de Cartera,Vigente: 137 préstamos | Vencida: 541 préstamos,[object Object],database,,,0,2026-07-23 16:00:00,
4942,INFO,📊 Resumen Diario de Cartera,Vigente: 137 préstamos | Vencida: 541 préstamos,[object Object],"console,websocket,database",,,0,2026-07-23 16:00:00,
4943,INFO,📊 Resumen Diario de Cartera,Vigente: 137 préstamos | Vencida: 541 préstamos,[object Object],database,,,0,2026-07-23 17:00:00,
4944,INFO,📊 Resumen Diario de Cartera,Vigente: 137 préstamos | Vencida: 541 préstamos,[object Object],"console,websocket,database",,,0,2026-07-23 17:00:00,
4945,WARNING,🚨 Moras Críticas Detectadas,Se detectaron 1133 moras críticas que requieren atención inmediata,[object Object],database,,,0,2026-07-23 18:00:00,
4946,WARNING,🚨 Moras Críticas Detectadas,Se detectaron 1133 moras críticas que requieren atención inmediata,[object Object],"console,websocket,database",,,0,2026-07-23 18:00:00,
4947,INFO,📊 Resumen Diario de Cartera,Vigente: 137 préstamos | Vencida: 541 préstamos,[object Object],database,,,0,2026-07-23 18:00:00,
4948,INFO,📊 Resumen Diario de Cartera,Vigente: 137 préstamos | Vencida: 541 préstamos,[object Object],"console,websocket,database",,,0,2026-07-23 18:00:00,
4949,INFO,📊 Resumen Diario de Cartera,Vigente: 137 préstamos | Vencida: 541 préstamos,[object Object],database,,,0,2026-07-23 19:00:00,
4950,INFO,📊 Resumen Diario de Cartera,Vigente: 137 préstamos | Vencida: 541 préstamos,[object Object],"console,websocket,database",,,0,2026-07-23 19:00:00,
4951,WARNING,🚨 Moras Críticas Detectadas,Se detectaron 1133 moras críticas que requieren atención inmediata,[object Object],database,,,0,2026-07-23 20:00:00,
4952,WARNING,🚨 Moras Críticas Detectadas,Se detectaron 1133 moras críticas que requieren atención inmediata,[object Object],"console,websocket,database",,,0,2026-07-23 20:00:00,
4953,INFO,📊 Resumen Diario de Cartera,Vigente: 137 préstamos | Vencida: 541 préstamos,[object Object],database,,,0,2026-07-23 20:00:00,
4954,INFO,📊 Resumen Diario de Cartera,Vigente: 137 préstamos | Vencida: 541 préstamos,[object Object],"console,websocket,database",,,0,2026-07-23 20:00:00,
4955,INFO,📊 Resumen Diario de Cartera,Vigente: 137 préstamos | Vencida: 541 préstamos,[object Object],database,,,0,2026-07-23 21:00:00,
4956,INFO,📊 Resumen Diario de Cartera,Vigente: 137 préstamos | Vencida: 541 préstamos,[object Object],"console,websocket,database",,,0,2026-07-23 21:00:00,
4957,WARNING,🚨 Moras Críticas Detectadas,Se detectaron 1133 moras críticas que requieren atención inmediata,[object Object],database,,,0,2026-07-23 22:00:00,
4958,WARNING,🚨 Moras Críticas Detectadas,Se detectaron 1133 moras críticas que requieren atención inmediata,[object Object],"console,websocket,database",,,0,2026-07-23 22:00:00,
4959,INFO,📊 Resumen Diario de Cartera,Vigente: 137 préstamos | Vencida: 541 préstamos,[object Object],database,,,0,2026-07-23 22:00:00,
4960,INFO,📊 Resumen Diario de Cartera,Vigente: 137 préstamos | Vencida: 541 préstamos,[object Object],"console,websocket,database",,,0,2026-07-23 22:00:00,
4961,INFO,📊 Resumen Diario de Cartera,Vigente: 137 préstamos | Vencida: 541 préstamos,[object Object],database,,,0,2026-07-23 23:00:00,
4962,INFO,📊 Resumen Diario de Cartera,Vigente: 137 préstamos | Vencida: 541 préstamos,[object Object],"console,websocket,database",,,0,2026-07-23 23:00:00,
4963,WARNING,🚨 Moras Críticas Detectadas,Se detectaron 1131 moras críticas que requieren atención inmediata,[object Object],database,,,0,2026-07-24 00:00:00,
4964,WARNING,🚨 Moras Críticas Detectadas,Se detectaron 1131 moras críticas que requieren atención inmediata,[object Object],"console,websocket,database",,,0,2026-07-24 00:00:00,
4965,INFO,📊 Resumen Diario de Cartera,Vigente: 131 préstamos | Vencida: 549 préstamos,[object Object],database,,,0,2026-07-24 00:00:00,
4966,INFO,📊 Resumen Diario de Cartera,Vigente: 131 préstamos | Vencida: 549 préstamos,[object Object],"console,websocket,database",,,0,2026-07-24 00:00:00,
4967,INFO,📊 Resumen Diario de Cartera,Vigente: 131 préstamos | Vencida: 549 préstamos,[object Object],database,,,0,2026-07-24 01:00:00,
4968,INFO,📊 Resumen Diario de Cartera,Vigente: 131 préstamos | Vencida: 549 préstamos,[object Object],"console,websocket,database",,,0,2026-07-24 01:00:00,
4969,WARNING,🚨 Moras Críticas Detectadas,Se detectaron 1131 moras críticas que requieren atención inmediata,[object Object],database,,,0,2026-07-24 02:00:00,
4970,WARNING,🚨 Moras Críticas Detectadas,Se detectaron 1131 moras críticas que requieren atención inmediata,[object Object],"console,websocket,database",,,0,2026-07-24 02:00:00,
4971,INFO,✅ Proceso de Mora Completado,Proceso automático de mora ejecutado exitosamente en 6574ms,[object Object],database,,,0,2026-07-24 02:00:06,
4972,INFO,✅ Proceso de Mora Completado,Proceso automático de mora ejecutado exitosamente en 6574ms,[object Object],"console,websocket,database",,,0,2026-07-24 02:00:06,
4973,WARNING,🚨 Moras Críticas Detectadas,Se detectaron 1165 moras críticas que requieren atención inmediata,[object Object],database,,,0,2026-07-24 04:00:00,
4974,WARNING,🚨 Moras Críticas Detectadas,Se detectaron 1165 moras críticas que requieren atención inmediata,[object Object],"console,websocket,database",,,0,2026-07-24 04:00:00,
4975,WARNING,🚨 Moras Críticas Detectadas,Se detectaron 1165 moras críticas que requieren atención inmediata,[object Object],database,,,0,2026-07-24 06:00:00,
4976,WARNING,🚨 Moras Críticas Detectadas,Se detectaron 1165 moras críticas que requieren atención inmediata,[object Object],"console,websocket,database",,,0,2026-07-24 06:00:00,
4977,WARNING,🚨 Moras Críticas Detectadas,Se detectaron 1165 moras críticas que requieren atención inmediata,[object Object],database,,,0,2026-07-24 08:00:00,
4978,WARNING,🚨 Moras Críticas Detectadas,Se detectaron 1165 moras críticas que requieren atención inmediata,[object Object],"console,websocket,database",,,0,2026-07-24 08:00:00,
4979,WARNING,🚨 Moras Críticas Detectadas,Se detectaron 1165 moras críticas que requieren atención inmediata,[object Object],database,,,0,2026-07-24 10:00:00,
4980,WARNING,🚨 Moras Críticas Detectadas,Se detectaron 1165 moras críticas que requieren atención inmediata,[object Object],"console,websocket,database",,,0,2026-07-24 10:00:00,
4981,WARNING,🚨 Moras Críticas Detectadas,Se detectaron 1165 moras críticas que requieren atención inmediata,[object Object],database,,,0,2026-07-24 12:00:00,
4982,WARNING,🚨 Moras Críticas Detectadas,Se detectaron 1165 moras críticas que requieren atención inmediata,[object Object],"console,websocket,database",,,0,2026-07-24 12:00:00,
4983,WARNING,🚨 Moras Críticas Detectadas,Se detectaron 1165 moras críticas que requieren atención inmediata,[object Object],database,,,0,2026-07-24 14:00:00,
4984,WARNING,🚨 Moras Críticas Detectadas,Se detectaron 1165 moras críticas que requieren atención inmediata,[object Object],"console,websocket,database",,,0,2026-07-24 14:00:00,
4985,INFO,📊 Resumen Diario de Cartera,Vigente: 131 préstamos | Vencida: 549 préstamos,[object Object],database,,,0,2026-07-24 15:00:00,
4986,INFO,📊 Resumen Diario de Cartera,Vigente: 131 préstamos | Vencida: 549 préstamos,[object Object],"console,websocket,database",,,0,2026-07-24 15:00:00,
4987,WARNING,🚨 Moras Críticas Detectadas,Se detectaron 1164 moras críticas que requieren atención inmediata,[object Object],database,,,0,2026-07-24 16:00:00,
4988,WARNING,🚨 Moras Críticas Detectadas,Se detectaron 1164 moras críticas que requieren atención inmediata,[object Object],"console,websocket,database",,,0,2026-07-24 16:00:00,
4989,INFO,📊 Resumen Diario de Cartera,Vigente: 131 préstamos | Vencida: 548 préstamos,[object Object],database,,,0,2026-07-24 16:00:00,
4990,INFO,📊 Resumen Diario de Cartera,Vigente: 131 préstamos | Vencida: 548 préstamos,[object Object],"console,websocket,database",,,0,2026-07-24 16:00:00,
4991,INFO,📊 Resumen Diario de Cartera,Vigente: 136 préstamos | Vencida: 546 préstamos,[object Object],database,,,0,2026-07-24 17:00:00,
4992,INFO,📊 Resumen Diario de Cartera,Vigente: 136 préstamos | Vencida: 546 préstamos,[object Object],"console,websocket,database",,,0,2026-07-24 17:00:00,
4993,WARNING,🚨 Moras Críticas Detectadas,Se detectaron 1164 moras críticas que requieren atención inmediata,[object Object],database,,,0,2026-07-24 18:00:00,
4994,WARNING,🚨 Moras Críticas Detectadas,Se detectaron 1164 moras críticas que requieren atención inmediata,[object Object],"console,websocket,database",,,0,2026-07-24 18:00:00,
4995,INFO,📊 Resumen Diario de Cartera,Vigente: 137 préstamos | Vencida: 542 préstamos,[object Object],database,,,0,2026-07-24 18:00:00,
4996,INFO,📊 Resumen Diario de Cartera,Vigente: 137 préstamos | Vencida: 542 préstamos,[object Object],"console,websocket,database",,,0,2026-07-24 18:00:00,
4997,INFO,📊 Resumen Diario de Cartera,Vigente: 137 préstamos | Vencida: 542 préstamos,[object Object],database,,,0,2026-07-24 19:00:00,
4998,INFO,📊 Resumen Diario de Cartera,Vigente: 137 préstamos | Vencida: 542 préstamos,[object Object],"console,websocket,database",,,0,2026-07-24 19:00:00,
4999,WARNING,🚨 Moras Críticas Detectadas,Se detectaron 1164 moras críticas que requieren atención inmediata,[object Object],database,,,0,2026-07-24 20:00:00,
5000,WARNING,🚨 Moras Críticas Detectadas,Se detectaron 1164 moras críticas que requieren atención inmediata,[object Object],"console,websocket,database",,,0,2026-07-24 20:00:00,
5001,INFO,📊 Resumen Diario de Cartera,Vigente: 137 préstamos | Vencida: 542 préstamos,[object Object],database,,,0,2026-07-24 20:00:00,
5002,INFO,📊 Resumen Diario de Cartera,Vigente: 137 préstamos | Vencida: 542 préstamos,[object Object],"console,websocket,database",,,0,2026-07-24 20:00:00,
5003,INFO,📊 Resumen Diario de Cartera,Vigente: 137 préstamos | Vencida: 542 préstamos,[object Object],database,,,0,2026-07-24 21:00:00,
5004,INFO,📊 Resumen Diario de Cartera,Vigente: 137 préstamos | Vencida: 542 préstamos,[object Object],"console,websocket,database",,,0,2026-07-24 21:00:00,
5005,WARNING,🚨 Moras Críticas Detectadas,Se detectaron 1164 moras críticas que requieren atención inmediata,[object Object],database,,,0,2026-07-24 22:00:00,
5006,WARNING,🚨 Moras Críticas Detectadas,Se detectaron 1164 moras críticas que requieren atención inmediata,[object Object],"console,websocket,database",,,0,2026-07-24 22:00:00,
5007,INFO,📊 Resumen Diario de Cartera,Vigente: 137 préstamos | Vencida: 542 préstamos,[object Object],database,,,0,2026-07-24 22:00:00,
5008,INFO,📊 Resumen Diario de Cartera,Vigente: 137 préstamos | Vencida: 542 préstamos,[object Object],"console,websocket,database",,,0,2026-07-24 22:00:00,
5009,INFO,📊 Resumen Diario de Cartera,Vigente: 137 préstamos | Vencida: 542 préstamos,[object Object],database,,,0,2026-07-24 23:00:00,
5010,INFO,📊 Resumen Diario de Cartera,Vigente: 137 préstamos | Vencida: 542 préstamos,[object Object],"console,websocket,database",,,0,2026-07-24 23:00:00,
5011,WARNING,🚨 Moras Críticas Detectadas,Se detectaron 1164 moras críticas que requieren atención inmediata,[object Object],database,,,0,2026-07-25 00:00:00,
5012,WARNING,🚨 Moras Críticas Detectadas,Se detectaron 1164 moras críticas que requieren atención inmediata,[object Object],"console,websocket,database",,,0,2026-07-25 00:00:00,
5013,INFO,📊 Resumen Diario de Cartera,Vigente: 126 préstamos | Vencida: 553 préstamos,[object Object],database,,,0,2026-07-25 00:00:00,
5014,INFO,📊 Resumen Diario de Cartera,Vigente: 126 préstamos | Vencida: 553 préstamos,[object Object],"console,websocket,database",,,0,2026-07-25 00:00:00,
5015,INFO,📊 Resumen Diario de Cartera,Vigente: 126 préstamos | Vencida: 553 préstamos,[object Object],database,,,0,2026-07-25 01:00:00,
5016,INFO,📊 Resumen Diario de Cartera,Vigente: 126 préstamos | Vencida: 553 préstamos,[object Object],"console,websocket,database",,,0,2026-07-25 01:00:00,
5017,WARNING,🚨 Moras Críticas Detectadas,Se detectaron 1164 moras críticas que requieren atención inmediata,[object Object],database,,,0,2026-07-25 02:00:00,
5018,WARNING,🚨 Moras Críticas Detectadas,Se detectaron 1164 moras críticas que requieren atención inmediata,[object Object],"console,websocket,database",,,0,2026-07-25 02:00:00,
5019,INFO,✅ Proceso de Mora Completado,Proceso automático de mora ejecutado exitosamente en 7249ms,[object Object],database,,,0,2026-07-25 02:00:07,
5020,INFO,✅ Proceso de Mora Completado,Proceso automático de mora ejecutado exitosamente en 7249ms,[object Object],"console,websocket,database",,,0,2026-07-25 02:00:07,
5021,WARNING,🚨 Moras Críticas Detectadas,Se detectaron 1248 moras críticas que requieren atención inmediata,[object Object],database,,,0,2026-07-25 04:00:00,
5022,WARNING,🚨 Moras Críticas Detectadas,Se detectaron 1248 moras críticas que requieren atención inmediata,[object Object],"console,websocket,database",,,0,2026-07-25 04:00:00,
