id_prestamo,id_usuario,monto,interes,plazo,fecha_inicio,fecha_fin,pago,saldo_restante,estatus,estado_cobranza,proposito,fecha_creacion,fecha_actualizacion,dias_mora,id_cliente,autorizacion,id_config,id_plazo,id_linea_credito,iva,id_prestamos_grupales,pagos_pendientes
850,11119423046816,8000.00,6.00,24,2025-10-21,2026-04-13,480.00,-640.00,Terminado,VENCIDA,Importacion desde cartera CSV,2026-03-27 15:33:16,2026-04-06 16:43:05,,11112839233,,5,2,5,0.00,,6
851,11119423046816,3000.00,8.00,13,2026-01-08,2026-04-06,300.00,0.00,Terminado,VENCIDA,Importacion desde cartera CSV,2026-03-27 15:33:16,2026-04-06 16:40:34,,11112839233,,9,5,5,0.00,,3
852,11119423046816,9800.00,6.00,24,2026-03-16,2026-08-31,588.00,5654.60,Aprobado,VENCIDA,Importacion desde cartera CSV,2026-03-27 15:33:16,2026-07-25 02:00:07,25,11112984597,,5,2,5,0.00,,11
853,11119423046816,10000.00,4.00,48,2026-02-09,2027-01-11,320.00,10000.00,Aprobado,VENCIDA,Importacion desde cartera CSV,2026-03-27 15:33:16,2026-07-25 02:00:07,46,11112903012,,8,6,5,0.00,,33
854,11119423046816,11000.00,6.00,24,2026-01-12,2026-06-29,660.00,-899.80,Terminado,VENCIDA,Importacion desde cartera CSV,2026-03-27 15:33:16,2026-06-29 00:00:00,,11113034548,,5,2,5,0.00,,2
855,11119423046816,10000.00,4.00,48,2025-09-01,2026-08-03,320.00,-622.93,Terminado,VENCIDA,Importacion desde cartera CSV,2026-03-27 15:33:16,2026-07-24 02:00:06,,11113034548,,8,6,5,0.00,,7
856,11119423046816,3000.00,6.00,24,2026-01-12,2026-06-29,180.00,-245.40,Terminado,VENCIDA,Importacion desde cartera CSV,2026-03-27 15:33:16,2026-06-29 00:00:00,,11112935428,,5,2,5,0.00,,2
857,11119423046816,9800.00,6.00,24,2026-01-12,2026-06-29,588.00,-801.64,Terminado,VENCIDA,Importacion desde cartera CSV,2026-03-27 15:33:16,2026-06-18 15:40:38,,11112925238,,5,2,5,0.00,,3
858,11119423046816,8000.00,4.00,48,2026-02-09,2027-01-11,256.00,7224.32,Aprobado,VENCIDA,Importacion desde cartera CSV,2026-03-27 15:33:16,2026-07-25 02:00:07,25,11112925238,,8,6,5,0.00,,30
859,11119423046816,6000.00,6.00,24,2026-01-05,2026-06-22,360.00,-481.20,Terminado,VENCIDA,Importacion desde cartera CSV,2026-03-27 15:33:16,2026-06-11 02:00:03,,11113202376,,5,2,5,0.00,,4
861,11119423046816,4000.00,6.00,24,2025-11-24,2026-05-11,240.00,-320.00,Terminado,VENCIDA,Importacion desde cartera CSV,2026-03-27 15:33:16,2026-05-06 16:05:38,,11112929397,,5,2,5,0.00,,3
862,11119423046816,3000.00,6.00,24,2025-11-24,2026-05-11,180.00,-240.00,Terminado,VENCIDA,Importacion desde cartera CSV,2026-03-27 15:33:16,2026-04-29 15:28:33,,11112939602,,5,2,5,0.00,,3
863,11119423046816,3000.00,6.00,24,2025-11-24,2026-05-11,180.00,0.00,Terminado,VENCIDA,Importacion desde cartera CSV,2026-03-27 15:33:16,2026-05-26 16:15:01,,11113189493,,5,2,5,0.00,,3
864,11119423046816,3000.00,6.00,24,2025-12-01,2026-05-18,180.00,-240.00,Terminado,VENCIDA,Importacion desde cartera CSV,2026-03-27 15:33:16,2026-05-07 15:27:06,,11113033563,,5,2,5,0.00,,4
865,11119423046816,3000.00,6.00,24,2025-12-08,2026-05-25,180.00,-240.00,Terminado,VENCIDA,Importacion desde cartera CSV,2026-03-27 15:33:16,2026-05-14 15:11:59,,11112996848,,5,2,5,0.00,,5
866,11119423046816,3000.00,6.00,24,2025-12-22,2026-06-08,180.00,0.00,Terminado,VENCIDA,Importacion desde cartera CSV,2026-03-27 15:33:16,2026-06-18 02:00:07,,11112805044,,5,2,5,0.00,,2
867,11119423046816,3000.00,6.00,24,2025-12-22,2026-06-08,180.00,0.00,Terminado,VENCIDA,Importacion desde cartera CSV,2026-03-27 15:33:16,2026-06-18 02:00:07,,11112802463,,5,2,5,0.00,,2
868,11119423046816,3000.00,6.00,24,2026-01-05,2026-06-22,180.00,-240.60,Terminado,VENCIDA,Importacion desde cartera CSV,2026-03-27 15:33:16,2026-06-11 02:00:03,,11113106411,,5,2,5,0.00,,4
869,11119423046816,3000.00,6.00,24,2026-02-02,2026-07-20,180.00,-252.00,Terminado,VENCIDA,Importacion desde cartera CSV,2026-03-27 15:33:16,2026-07-10 02:00:05,,11113232046,,5,2,5,0.00,,5
870,11119423046816,4000.00,6.00,24,2026-02-09,2026-07-27,240.00,-351.20,Terminado,VENCIDA,Importacion desde cartera CSV,2026-03-27 15:33:16,2026-07-18 02:00:07,,11113052056,,5,2,5,0.00,,6
871,11117142959637,12000.00,6.00,24,2025-11-25,2026-05-12,720.00,-960.00,Terminado,VENCIDA,Importacion desde cartera CSV,2026-03-27 15:33:16,2026-04-29 21:41:28,,11112918184,,5,2,5,0.00,,3
872,11117142959637,13000.00,6.00,24,2025-12-23,2026-06-09,779.99,-1040.00,Terminado,VENCIDA,Importacion desde cartera CSV,2026-03-27 15:33:16,2026-05-08 22:37:38,,11112899272,,5,2,5,0.00,,7
873,11117142959637,18000.00,4.00,48,2025-07-15,2026-06-08,576.00,0.00,Terminado,VENCIDA,Importacion desde cartera CSV,2026-03-27 15:33:16,2026-04-01 22:22:22,,11112899272,,8,6,5,0.00,,15
874,11117142959637,3000.00,6.00,24,2025-12-23,2026-06-09,180.00,-240.00,Terminado,VENCIDA,Importacion desde cartera CSV,2026-03-27 15:33:16,2026-05-14 15:27:33,,11113113239,,5,2,5,0.00,,7
875,11117142959637,13000.00,6.00,24,2025-11-25,2026-05-12,780.00,-1040.00,Terminado,VENCIDA,Importacion desde cartera CSV,2026-03-27 15:33:16,2026-04-15 21:31:46,,11112919810,,5,2,5,0.00,,5
876,11117142959637,16000.00,4.00,48,2026-01-06,2026-12-08,511.93,13369.34,Aprobado,VENCIDA,Importacion desde cartera CSV,2026-03-27 15:33:16,2026-07-25 02:00:07,45,11112919810,,8,6,5,0.00,,28
877,11117142959637,11000.00,6.00,24,2026-01-06,2026-06-23,659.99,1698.40,Aprobado,VENCIDA,Importacion desde cartera CSV,2026-03-27 15:33:16,2026-07-25 02:00:07,45,11112922068,,5,2,5,0.00,,4
878,11117142959637,9800.00,6.00,24,2026-03-17,2026-09-01,588.00,-1063.25,Terminado,VENCIDA,Importacion desde cartera CSV,2026-03-27 15:33:16,2026-07-17 02:00:07,,11112858472,,5,2,5,0.00,,14
879,11117142959637,10000.00,4.00,48,2026-02-17,2027-01-19,319.99,7931.73,Aprobado,VENCIDA,Importacion desde cartera CSV,2026-03-27 15:33:16,2026-07-17 02:00:07,,11112858472,,8,6,5,0.00,,27
880,11119422608973,9800.00,6.00,24,2026-03-03,2026-08-18,588.00,6217.12,Aprobado,VENCIDA,Importacion desde cartera CSV,2026-03-27 15:33:16,2026-07-25 02:00:07,45,11113013620,,5,2,5,0.00,,12
881,11117142959637,7000.00,6.00,24,2025-10-21,2026-03-31,419.99,0.00,Terminado,VENCIDA,Importacion desde cartera CSV,2026-03-27 15:33:16,2026-04-07 17:03:47,,11112665749,,5,2,5,0.00,,5
882,11117142959637,7000.00,6.00,24,2025-10-28,2026-04-07,419.99,0.00,Terminado,VENCIDA,Importacion desde cartera CSV,2026-03-27 15:33:16,2026-04-02 16:04:00,,11112985973,,5,2,5,0.00,,6
883,11117142959637,7000.00,6.00,24,2026-03-17,2026-09-01,420.00,5256.34,Aprobado,VENCIDA,Importacion desde cartera CSV,2026-03-27 15:33:16,2026-07-25 02:00:07,45,11112861463,,5,2,5,0.00,,14
884,11117142959637,10000.00,4.00,48,2026-01-13,2026-12-15,320.00,8675.20,Aprobado,VENCIDA,Importacion desde cartera CSV,2026-03-27 15:33:16,2026-07-25 02:00:07,45,11112861463,,8,6,5,0.00,,29
885,11119422608973,7000.00,6.00,24,2026-01-13,2026-06-30,419.99,-660.80,Terminado,VENCIDA,Importacion desde cartera CSV,2026-03-27 15:33:16,2026-06-28 02:00:08,,11112973194,,5,2,5,0.00,,5
886,11117142959637,12000.00,6.00,24,2025-03-17,2026-08-25,720.00,8193.60,Aprobado,VENCIDA,Importacion desde cartera CSV,2026-03-27 15:33:16,2026-07-25 02:00:07,410,11113006375,,5,2,5,0.00,,14
887,11117142959637,15000.00,4.00,48,2025-12-16,2026-11-17,480.00,11092.80,Aprobado,VENCIDA,Importacion desde cartera CSV,2026-03-27 15:33:16,2026-07-25 02:00:07,45,11113006375,,8,6,5,0.00,,25
888,11117142959637,4000.00,6.00,24,2025-11-25,2026-05-12,240.00,-320.00,Terminado,VENCIDA,Importacion desde cartera CSV,2026-03-27 15:33:16,2026-04-24 20:44:07,,11112938595,,5,2,5,0.00,,3
889,11117142959637,4000.00,6.00,24,2025-12-16,2026-06-02,240.00,0.00,Terminado,VENCIDA,Importacion desde cartera CSV,2026-03-27 15:33:16,2026-05-28 02:00:02,,11112933181,,5,2,5,0.00,,6
890,11117142959637,4000.00,6.00,24,2025-12-16,2026-06-02,240.00,0.00,Terminado,VENCIDA,Importacion desde cartera CSV,2026-03-27 15:33:16,2026-05-28 02:00:02,,11112985431,,5,2,5,0.00,,6
891,11117142959637,3000.00,6.00,24,2025-12-30,2026-06-16,180.00,-256.80,Terminado,VENCIDA,Importacion desde cartera CSV,2026-03-27 15:33:16,2026-05-28 15:53:19,,11113192667,,5,2,5,0.00,,3
892,11117142959637,4000.00,6.00,24,2026-02-10,2026-07-28,240.00,1817.60,Aprobado,VENCIDA,Importacion desde cartera CSV,2026-03-27 15:33:16,2026-07-25 02:00:07,45,11112988227,,5,2,5,0.00,,9
893,11117142959637,4000.00,6.00,24,2026-02-17,2026-08-04,240.00,2537.60,Aprobado,VENCIDA,Importacion desde cartera CSV,2026-03-27 15:33:16,2026-07-25 02:00:07,59,11113112491,,5,2,5,0.00,,12
894,11119423044721,7000.00,6.00,18,2026-03-18,2026-07-22,504.00,3201.22,Aprobado,VENCIDA,Importacion desde cartera CSV,2026-03-27 15:33:16,2026-07-25 02:00:07,37,11113057488,,6,3,5,0.00,,7
895,11119423044721,2000.00,8.00,13,2026-01-28,2026-04-29,200.00,0.00,Terminado,VENCIDA,Importacion desde cartera CSV,2026-03-27 15:33:16,2026-04-30 19:00:00,,11113057488,,9,5,5,0.00,,1
896,11119423044721,9000.00,6.00,18,2026-02-04,2026-06-10,648.00,917.68,Aprobado,ATRASADO,Importacion desde cartera CSV,2026-03-27 15:33:16,2026-07-25 02:00:07,44,11112966560,,6,3,5,0.00,,2
897,11119423044721,9800.00,6.00,24,2025-11-12,2026-04-29,588.00,-784.00,Terminado,VENCIDA,Importacion desde cartera CSV,2026-03-27 15:33:16,2026-04-25 15:33:57,,11113098291,,5,2,5,0.00,,3
898,11119423044721,3000.00,8.00,13,2026-01-28,2026-04-29,300.00,0.00,Terminado,VENCIDA,Importacion desde cartera CSV,2026-03-27 15:33:16,2026-04-30 19:00:00,,11113098291,,9,5,5,0.00,,1
899,11119423044721,9000.00,6.00,24,2025-11-04,2026-04-22,540.00,0.00,Terminado,VENCIDA,Importacion desde cartera CSV,2026-03-27 15:33:16,2026-04-08 17:14:33,,11113003608,,5,2,5,0.00,,8
900,11119423044721,9800.00,6.00,18,2026-01-14,2026-05-20,706.00,-262.00,Terminado,VENCIDA,Importacion desde cartera CSV,2026-03-27 15:33:16,2026-04-24 21:00:26,,11112805333,,6,3,5,0.00,,6
901,11119423044721,9800.00,6.00,18,2026-01-14,2026-05-20,706.00,-262.00,Terminado,VENCIDA,Importacion desde cartera CSV,2026-03-27 15:33:16,2026-05-14 16:40:52,,11112835706,,6,3,5,0.00,,4
902,11119423044721,4000.00,6.00,18,2026-01-14,2026-05-20,288.00,0.00,Terminado,VENCIDA,Importacion desde cartera CSV,2026-03-27 15:33:16,2026-06-03 22:28:37,,11113038739,,6,3,5,0.00,,4
903,11119423044721,6000.00,6.00,24,2026-01-07,2026-06-24,360.00,0.00,Terminado,VENCIDA,Importacion desde cartera CSV,2026-03-27 15:33:16,2026-07-10 02:00:05,13,11112979148,,5,2,5,0.00,,4
904,11119422608973,13000.00,6.00,18,2026-02-18,2026-06-24,936.00,0.00,Terminado,VENCIDA,Importacion desde cartera CSV,2026-03-27 15:33:16,2026-06-17 02:00:07,,11112954434,,6,3,5,0.00,,4
905,11119423044721,4000.00,6.00,18,2026-02-11,2026-06-17,288.00,-104.00,Terminado,VENCIDA,Importacion desde cartera CSV,2026-03-27 15:33:16,2026-05-14 16:41:24,,11113033055,,6,3,5,0.00,,8
906,11119423044721,9800.00,6.00,24,2025-10-16,2026-04-02,588.00,-898.34,Terminado,VENCIDA,Importacion desde cartera CSV,2026-03-27 15:33:16,2026-04-13 22:33:45,,11112956531,,5,2,5,0.00,,5
907,11119423044721,6000.00,6.00,24,2025-10-16,2026-04-02,360.00,-540.00,Terminado,VENCIDA,Importacion desde cartera CSV,2026-03-27 15:33:16,2026-04-13 22:35:02,,11112771908,,5,2,5,0.00,,5
908,11119423044721,6000.00,6.00,24,2025-10-16,2026-04-02,360.00,0.00,Terminado,VENCIDA,Importacion desde cartera CSV,2026-03-27 15:33:16,2026-06-24 15:21:26,,11112905722,,5,2,5,0.00,,7
909,11119423044721,10000.00,4.00,48,2025-09-25,2026-08-27,320.00,6041.65,Aprobado,VENCIDA,Importacion desde cartera CSV,2026-03-27 15:33:16,2026-07-25 02:00:07,148,11112971766,,8,6,5,0.00,,28
910,11119423044721,9800.00,6.00,24,2025-10-30,2026-04-16,588.00,6941.66,Aprobado,VENCIDA,Importacion desde cartera CSV,2026-03-27 15:33:16,2026-07-25 02:00:07,204,11112728771,,5,2,5,0.00,,17
911,11119423044721,15000.00,4.00,48,2025-06-12,2026-05-14,480.00,6562.50,Aprobado,VENCIDA,Importacion desde cartera CSV,2026-03-27 15:33:16,2026-07-25 02:00:07,176,11112728771,,8,6,5,0.00,,17
912,11119423044721,9800.00,6.00,24,2025-12-04,2026-05-21,588.00,2808.68,Aprobado,VENCIDA,Importacion desde cartera CSV,2026-03-27 15:33:16,2026-07-25 02:00:07,106,11112942643,,5,2,5,0.00,,8
913,11119423044721,9800.00,6.00,24,2025-07-10,2025-12-25,588.00,816.66,Aprobado,ATRASADO,Importacion desde cartera CSV,2026-03-27 15:33:16,2026-07-25 02:00:07,211,11112854485,,5,2,5,0.00,,2
914,11119422608973,9800.00,6.00,24,2025-08-28,2026-02-12,588.00,2156.00,Aprobado,VENCIDA,Importacion desde cartera CSV,2026-03-27 15:33:16,2026-07-25 02:00:07,190,11112953105,,5,2,5,0.00,,6
915,11119423046816,12000.00,6.00,24,2025-12-10,2026-05-27,720.00,0.00,Terminado,VENCIDA,Importacion desde cartera CSV,2026-03-27 15:33:16,2026-06-05 21:40:36,,11113129537,,5,2,5,0.00,,5
916,11119423046816,17000.00,4.00,48,2025-10-08,2026-09-09,544.00,5987.63,Aprobado,VENCIDA,Importacion desde cartera CSV,2026-03-27 15:33:16,2026-07-25 02:00:07,30,11113129537,,8,6,5,0.00,,13
917,11119423046816,12000.00,6.00,24,2025-12-10,2026-05-27,720.00,0.00,Terminado,VENCIDA,Importacion desde cartera CSV,2026-03-27 15:33:16,2026-06-05 21:40:36,,11112934778,,5,2,5,0.00,,5
918,11119423046816,17000.00,4.00,48,2025-09-17,2026-08-19,544.00,4352.00,Aprobado,VENCIDA,Importacion desde cartera CSV,2026-03-27 15:33:16,2026-07-25 02:00:07,30,11112934778,,8,6,5,0.00,,10
919,11119423046816,8000.00,6.00,24,2025-12-10,2026-05-27,480.00,2720.00,Aprobado,VENCIDA,Importacion desde cartera CSV,2026-03-27 15:33:16,2026-07-25 02:00:07,93,11113025167,,5,2,5,0.00,,7
920,11119423046816,12000.00,6.00,24,2025-12-10,2026-05-27,720.00,0.00,Terminado,VENCIDA,Importacion desde cartera CSV,2026-03-27 15:33:16,2026-06-05 21:40:36,,11112996211,,5,2,5,0.00,,5
921,11119423046816,17000.00,4.00,48,2026-10-08,2027-09-09,544.00,6120.00,Aprobado,VENCIDA,Importacion desde cartera CSV,2026-03-27 15:33:16,2026-06-17 19:00:00,,11112996211,,8,6,5,0.00,,13
922,11119423046816,9800.00,6.00,24,2025-12-10,2026-05-27,588.00,0.00,Terminado,VENCIDA,Importacion desde cartera CSV,2026-03-27 15:33:16,2026-06-05 21:40:36,,11113129161,,5,2,5,0.00,,5
923,11119423046816,4000.00,8.00,13,2026-02-11,2026-05-13,400.00,0.00,Terminado,VENCIDA,Importacion desde cartera CSV,2026-03-27 15:33:16,2026-06-05 21:40:36,,11113129161,,9,5,5,0.00,,3
924,11119423046816,9000.00,6.00,24,2025-12-17,2026-06-03,540.00,0.00,Terminado,VENCIDA,Importacion desde cartera CSV,2026-03-27 15:33:16,2026-06-05 21:40:36,,11112931340,,5,2,5,0.00,,6
925,11119423046816,4000.00,8.00,13,2026-01-16,2026-04-15,400.00,-160.00,Terminado,VENCIDA,Importacion desde cartera CSV,2026-03-27 15:33:16,2026-04-02 16:21:25,,11112931340,,9,5,5,0.00,,7
926,11119423046816,9800.00,6.00,24,2025-12-17,2026-06-03,588.00,0.00,Terminado,VENCIDA,Importacion desde cartera CSV,2026-03-27 15:33:16,2026-06-05 21:40:36,,11112909806,,5,2,5,0.00,,6
927,1111111111111111,9800.00,6.00,24,2026-01-07,2026-06-24,588.00,0.00,Terminado,VENCIDA,Importacion desde cartera CSV,2026-03-27 15:33:16,2026-07-10 02:00:05,,11112824835,,5,2,5,0.00,,2
928,1111111111111111,10000.00,4.00,48,2025-11-12,2026-10-14,320.00,4137.60,Aprobado,VENCIDA,Importacion desde cartera CSV,2026-03-27 15:33:16,2026-07-25 02:00:07,9,11112824835,,8,6,5,0.00,,15
929,11119423046816,3000.00,6.00,24,2025-11-12,2026-04-29,180.00,0.00,Terminado,VENCIDA,Importacion desde cartera CSV,2026-03-27 15:33:16,2026-04-28 17:04:41,,11113223015,,5,2,5,0.00,,15
930,1111111111111111,5000.00,6.00,24,2025-11-12,2026-04-29,300.00,0.00,Terminado,VENCIDA,Importacion desde cartera CSV,2026-03-27 15:33:16,2026-04-30 18:00:00,,11112818336,,5,2,5,0.00,,1
931,11119423046816,6000.00,6.00,24,2026-01-28,2026-07-15,360.00,-546.00,Terminado,VENCIDA,Importacion desde cartera CSV,2026-03-27 15:33:16,2026-07-04 02:00:08,,11112952009,,5,2,5,0.00,,5
932,11119422608973,6000.00,6.00,18,2026-01-01,2026-05-07,432.00,-156.00,Terminado,VENCIDA,Importacion desde cartera CSV,2026-03-27 15:33:16,2026-04-17 18:04:06,,11112971322,,6,3,5,0.00,,4
933,11119422608973,10000.00,4.00,48,2026-03-12,2027-02-11,320.00,12875.83,Aprobado,VENCIDA,Importacion desde cartera CSV,2026-03-27 15:33:16,2026-07-25 02:00:07,78,11112971322,,8,6,5,0.00,,42
934,11119422608973,4500.00,6.00,18,2026-01-08,2026-05-14,324.00,-117.00,Terminado,VENCIDA,Importacion desde cartera CSV,2026-03-27 15:33:16,2026-04-25 16:26:41,,11113066526,,6,3,5,0.00,,5
935,11119422608973,9000.00,6.00,18,2026-01-15,2026-05-21,648.00,-234.00,Terminado,VENCIDA,Importacion desde cartera CSV,2026-03-27 15:33:16,2026-04-30 18:59:04,,11112994997,,6,3,5,0.00,,4
936,11117142959637,3000.00,6.00,18,2026-01-29,2026-06-04,216.00,-78.00,Terminado,VENCIDA,Importacion desde cartera CSV,2026-03-27 15:33:16,2026-04-17 18:19:09,,11113121988,,6,3,5,0.00,,8
937,11117142959637,3000.00,6.00,18,2026-01-29,2026-06-04,216.00,-78.00,Terminado,VENCIDA,Importacion desde cartera CSV,2026-03-27 15:33:16,2026-04-30 18:59:29,,11112955447,,6,3,5,0.00,,6
938,11117142959637,4000.00,6.00,18,2026-03-05,2026-07-09,288.00,1563.00,Aprobado,VENCIDA,Importacion desde cartera CSV,2026-03-27 15:33:16,2026-07-25 02:00:07,43,11113019509,,6,3,5,0.00,,6
939,11117142959637,4000.00,6.00,18,2026-03-19,2026-07-23,288.00,-209.76,Terminado,VENCIDA,Importacion desde cartera CSV,2026-03-27 15:33:16,2026-07-04 02:00:08,,11113271100,,6,3,5,0.00,,8
940,11117142959637,3000.00,6.00,18,2026-02-19,2026-06-25,216.00,741.00,Aprobado,VENCIDA,Importacion desde cartera CSV,2026-03-27 15:33:16,2026-07-25 02:00:07,43,11113089746,,6,3,5,0.00,,4
941,11119423044721,4000.00,6.00,18,2026-02-19,2026-06-25,288.00,0.00,Terminado,VENCIDA,Importacion desde cartera CSV,2026-03-27 15:33:16,2026-07-11 02:00:05,,11112977454,,6,3,5,0.00,,4
942,11119423046816,12000.00,6.00,24,2026-02-20,2026-08-07,720.00,12720.00,Aprobado,VENCIDA,Importacion desde cartera CSV,2026-03-27 15:33:16,2026-07-25 02:00:07,112,11112871513,,5,2,5,0.00,,20
943,11119423046816,15000.00,5.00,32,2025-12-19,2026-07-31,669.50,12296.50,Aprobado,VENCIDA,Importacion desde cartera CSV,2026-03-27 15:33:16,2026-07-25 02:00:07,112,11112871513,,38,34,5,0.00,,19
944,11119423046816,9800.00,6.00,24,2025-10-25,2026-04-10,588.00,-1078.01,Terminado,VENCIDA,Importacion desde cartera CSV,2026-03-27 15:33:16,2026-04-14 16:45:29,,11112977354,,5,2,5,0.00,,6
945,11119423046816,9000.00,6.00,24,2025-11-21,2026-05-08,540.00,2310.00,Aprobado,VENCIDA,Importacion desde cartera CSV,2026-03-27 15:33:16,2026-07-25 02:00:07,105,11112997831,,5,2,5,0.00,,6
946,11119423046816,9800.00,6.00,24,2026-02-20,2026-08-07,588.00,10388.00,Aprobado,VENCIDA,Importacion desde cartera CSV,2026-03-27 15:33:16,2026-07-25 02:00:07,105,11112926916,,5,2,5,0.00,,19
947,11119423046816,2000.00,8.00,13,2026-01-09,2026-04-10,200.00,120.00,Aprobado,ATRASADO,Importacion desde cartera CSV,2026-03-27 15:33:16,2026-07-25 02:00:07,105,11112926916,,9,5,5,0.00,,2
948,11119423046816,6000.00,6.00,24,2026-02-20,2026-08-07,360.00,-562.80,Terminado,VENCIDA,Importacion desde cartera CSV,2026-03-27 15:33:16,2026-07-18 02:00:07,,11112985270,,5,2,5,0.00,,4
949,11119423046816,6000.00,6.00,24,2025-11-07,2026-04-24,360.00,960.00,Aprobado,VENCIDA,Importacion desde cartera CSV,2026-03-27 15:33:16,2026-07-25 02:00:07,105,11113043290,,5,2,5,0.00,,4
977,11119423046816,1500.00,8.00,13,2026-01-16,2026-04-17,150.00,0.00,Terminado,VENCIDA,Importacion desde cartera CSV,2026-03-27 15:42:15,2026-06-26 16:00:00,69,11113043290,,9,5,5,0.00,,3
978,11119423046816,12000.00,6.00,24,2025-12-05,2026-05-22,720.00,4800.00,Aprobado,VENCIDA,Importacion desde cartera CSV,2026-03-27 15:42:15,2026-07-25 02:00:07,105,11112949301,,5,2,5,0.00,,8
979,11119423046816,3000.00,6.00,24,2025-12-05,2026-05-22,180.00,0.00,Terminado,VENCIDA,Importacion desde cartera CSV,2026-03-27 15:42:15,2026-06-16 02:44:59,,11112913368,,5,2,5,0.00,,2
980,1111111111111111,3000.00,6.00,24,2025-12-05,2026-05-22,180.00,0.00,Terminado,VENCIDA,Importacion desde cartera CSV,2026-03-27 15:42:15,2026-06-16 02:44:59,,11112815237,,5,2,5,0.00,,2
981,1111111111111111,3000.00,6.00,24,2025-12-05,2026-05-22,180.00,0.00,Terminado,VENCIDA,Importacion desde cartera CSV,2026-03-27 15:42:15,2026-06-16 02:44:59,,11112837047,,5,2,5,0.00,,2
982,11117142959637,7000.00,6.00,24,2026-01-13,2026-06-30,420.00,-609.00,Terminado,VENCIDA,Importacion desde cartera CSV,2026-03-27 15:42:15,2026-06-11 02:00:03,,11113046199,,5,2,5,0.00,,5
983,11117142959637,7000.00,6.00,24,2026-01-13,2026-06-30,420.00,-652.40,Terminado,VENCIDA,Importacion desde cartera CSV,2026-03-27 15:42:15,2026-06-26 02:00:09,,11112948100,,5,2,5,0.00,,5
984,11117142959637,7000.00,6.00,24,2026-01-13,2026-06-30,420.00,1500.80,Aprobado,VENCIDA,Importacion desde cartera CSV,2026-03-27 15:42:15,2026-07-25 02:00:07,45,11113101701,,5,2,5,0.00,,5
985,11117142959637,2000.00,8.00,13,2026-03-10,2026-06-09,200.00,301.33,Aprobado,ATRASADO,Importacion desde cartera CSV,2026-03-27 15:42:15,2026-07-25 02:00:07,45,11113101701,,9,5,5,0.00,,2
986,11119423106150,9800.00,6.00,24,2026-01-20,2026-07-07,588.00,-929.04,Terminado,VENCIDA,Importacion desde cartera CSV,2026-03-27 15:42:15,2026-07-03 02:00:04,,11112819235,,5,2,5,0.00,,6
987,11119423106150,2000.00,8.00,13,2026-03-03,2026-06-02,200.00,0.00,Terminado,VENCIDA,Importacion desde cartera CSV,2026-03-27 15:42:15,2026-07-03 02:00:04,,11112819235,,9,5,5,0.00,,1
988,11117142959637,4000.00,6.00,24,2026-01-20,2026-07-07,240.00,-353.60,Terminado,VENCIDA,Importacion desde cartera CSV,2026-03-27 15:42:15,2026-06-26 02:00:09,,11112842761,,5,2,5,0.00,,6
989,11117142959637,7000.00,6.00,18,2025-12-30,2026-05-05,504.00,-1151.12,Terminado,VENCIDA,Importacion desde cartera CSV,2026-03-27 15:42:15,2026-04-22 21:30:35,,11112846982,,6,3,5,0.00,,4
990,11117142959637,7500.00,6.00,24,2026-02-03,2026-07-21,450.00,2958.00,Aprobado,VENCIDA,Importacion desde cartera CSV,2026-03-27 15:42:15,2026-07-25 02:00:07,45,11112908291,,5,2,5,0.00,,8
991,11119423044721,9000.00,6.00,18,2025-12-30,2026-05-05,648.00,0.00,Terminado,VENCIDA,Importacion desde cartera CSV,2026-03-27 15:42:15,2026-05-06 20:00:00,,11112892924,,6,3,5,0.00,,2
992,11119423044721,10000.00,4.00,48,2026-01-13,2026-12-15,320.00,10320.00,Aprobado,VENCIDA,Importacion desde cartera CSV,2026-03-27 15:42:15,2026-07-25 02:00:07,80,11112892924,,8,6,5,0.00,,34
993,11119423044721,9000.00,6.00,18,2025-12-30,2026-05-05,648.00,-234.00,Terminado,VENCIDA,Importacion desde cartera CSV,2026-03-27 15:42:15,2026-05-05 00:00:00,,11113005775,,6,3,5,0.00,,2
994,11119423044721,3000.00,8.00,13,2026-03-17,2026-06-16,300.00,2275.38,Aprobado,VENCIDA,Importacion desde cartera CSV,2026-03-27 15:42:15,2026-07-25 02:00:07,80,11113005775,,9,5,5,0.00,,8
995,11119423044721,9000.00,6.00,18,2025-12-30,2026-05-05,648.00,1710.00,Aprobado,VENCIDA,Importacion desde cartera CSV,2026-03-27 15:42:15,2026-07-25 02:00:07,94,11112975417,,6,3,5,0.00,,4
996,11119423044721,6000.00,6.00,18,2025-12-30,2026-05-05,432.00,0.00,Terminado,VENCIDA,Importacion desde cartera CSV,2026-03-27 15:42:15,2026-07-04 02:00:08,,11112859540,,6,3,5,0.00,,2
997,11119423044721,6000.00,6.00,18,2025-12-30,2026-05-05,432.00,-156.00,Terminado,VENCIDA,Importacion desde cartera CSV,2026-03-27 15:42:15,2026-05-05 00:00:00,,11112763649,,6,3,5,0.00,,2
998,11119423044721,3000.00,6.00,18,2025-12-23,2026-04-28,216.00,354.00,Aprobado,ATRASADO,Importacion desde cartera CSV,2026-03-27 15:42:15,2026-07-25 02:00:07,94,11113011924,,6,3,5,0.00,,2
999,11119423044721,4000.00,6.00,18,2026-01-06,2026-05-12,288.00,-104.00,Terminado,VENCIDA,Importacion desde cartera CSV,2026-03-27 15:42:15,2026-04-30 18:13:18,,11112884857,,6,3,5,0.00,,3
1000,11119423044721,3000.00,6.00,18,2026-01-06,2026-05-12,216.00,570.00,Aprobado,VENCIDA,Importacion desde cartera CSV,2026-03-27 15:42:15,2026-07-25 02:00:07,80,11113063797,,6,3,5,0.00,,3
1001,11119423044721,12000.00,6.00,24,2025-12-09,2026-05-26,720.00,2640.00,Aprobado,VENCIDA,Importacion desde cartera CSV,2026-03-27 15:42:15,2026-07-25 02:00:07,87,11112905319,,5,2,5,0.00,,6
1002,11119423044721,18000.00,4.00,48,2026-02-03,2027-01-05,576.00,19728.00,Aprobado,VENCIDA,Importacion desde cartera CSV,2026-03-27 15:42:15,2026-07-25 02:00:07,80,11112905319,,8,6,5,0.00,,37
1003,11119423044721,9800.00,6.00,24,2025-12-09,2026-05-26,588.00,980.00,Aprobado,VENCIDA,Importacion desde cartera CSV,2026-03-27 15:42:15,2026-07-25 02:00:07,66,11112972021,,5,2,5,0.00,,3
1004,11119423044721,3000.00,8.00,13,2026-02-17,2026-05-19,300.00,480.00,Aprobado,ATRASADO,Importacion desde cartera CSV,2026-03-27 15:42:15,2026-07-25 02:00:07,66,11112972021,,9,5,5,0.00,,2
1005,11119423044721,9800.00,6.00,24,2025-12-09,2026-05-26,588.00,980.00,Aprobado,VENCIDA,Importacion desde cartera CSV,2026-03-27 15:42:15,2026-07-25 02:00:07,66,11113176710,,5,2,5,0.00,,3
1006,11119423044721,3500.00,8.00,13,2026-02-03,2026-05-05,350.00,0.00,Terminado,VENCIDA,Importacion desde cartera CSV,2026-03-27 15:42:15,2026-05-13 02:00:00,,11113176710,,9,5,5,0.00,,2
1008,11119423044721,9800.00,6.00,24,2025-12-09,2026-05-26,588.00,1568.00,Aprobado,VENCIDA,Importacion desde cartera CSV,2026-03-27 15:42:15,2026-07-25 02:00:07,87,11112765503,,5,2,5,0.00,,6
1009,11119423044721,15000.00,4.00,48,2026-02-17,2027-01-19,480.00,17880.00,Aprobado,VENCIDA,Importacion desde cartera CSV,2026-03-27 15:42:15,2026-07-25 02:00:07,87,11112765503,,8,6,5,0.00,,39
1010,11119423044721,9000.00,6.00,24,2025-12-09,2026-05-26,540.00,1440.00,Aprobado,VENCIDA,Importacion desde cartera CSV,2026-03-27 15:42:15,2026-07-25 02:00:07,73,11112846629,,5,2,5,0.00,,4
1011,11119423044721,3000.00,8.00,13,2026-01-07,2026-04-07,300.00,-415.39,Terminado,VENCIDA,Importacion desde cartera CSV,2026-03-27 15:42:15,2026-04-07 18:38:37,,11112846629,,9,5,5,0.00,,6
1012,11119422608973,7000.00,6.00,24,2025-10-29,2026-04-14,420.00,0.00,Terminado,VENCIDA,Importacion desde cartera CSV,2026-03-27 15:42:15,2026-04-02 15:35:38,,11112942147,,5,2,5,0.00,,7
1013,11119423044721,5000.00,6.00,24,2025-11-18,2026-05-05,300.00,-916.67,Terminado,VENCIDA,Importacion desde cartera CSV,2026-03-27 15:42:15,2026-04-16 21:47:35,,11112908304,,5,2,5,0.00,,4
1014,11117142959637,3000.00,6.00,24,2025-11-18,2026-05-05,180.00,-550.00,Terminado,VENCIDA,Importacion desde cartera CSV,2026-03-27 15:42:15,2026-04-16 21:49:27,,11112976277,,5,2,5,0.00,,4
1015,11119423106150,3000.00,6.00,18,2025-11-27,2026-04-02,216.00,0.00,Terminado,VENCIDA,Importacion desde cartera CSV,2026-03-27 15:42:15,2026-04-02 16:31:58,,11113026843,,6,3,5,0.00,,5
1016,11119423106150,3000.00,6.00,18,2025-11-27,2026-04-02,216.00,0.00,Terminado,VENCIDA,Importacion desde cartera CSV,2026-03-27 15:42:15,2026-04-02 16:32:48,,11112984529,,6,3,5,0.00,,5
1017,11119423106150,3000.00,6.00,18,2025-11-27,2026-04-02,216.00,0.00,Terminado,VENCIDA,Importacion desde cartera CSV,2026-03-27 15:42:15,2026-04-02 16:33:36,,11112929341,,6,3,5,0.00,,5
1018,11119423106150,3000.00,6.00,18,2025-11-27,2026-04-02,216.00,0.00,Terminado,VENCIDA,Importacion desde cartera CSV,2026-03-27 15:42:15,2026-04-02 16:34:23,,11112878795,,6,3,5,0.00,,5
1019,11119423106150,3000.00,6.00,18,2025-11-27,2026-04-02,216.00,0.00,Terminado,VENCIDA,Importacion desde cartera CSV,2026-03-27 15:42:15,2026-04-02 16:35:14,,11113004593,,6,3,5,0.00,,5
1020,11117142959637,3000.00,6.00,18,2026-02-27,2026-07-02,166.67,-167.27,Terminado,VENCIDA,Importacion desde cartera CSV,2026-03-27 15:42:15,2026-04-02 16:41:28,,11112886288,,6,3,5,0.00,,18
1021,11119423046816,3000.00,6.00,24,2026-03-02,2026-08-17,180.00,1374.60,Aprobado,VENCIDA,Importacion desde cartera CSV,2026-03-27 15:42:15,2026-07-25 02:00:07,25,11113102113,,5,2,5,0.00,,9
1022,11119423046816,13000.00,6.00,24,2025-11-20,2026-05-07,780.00,0.00,Terminado,VENCIDA,Importacion desde cartera CSV,2026-03-27 15:42:15,2026-05-05 19:31:40,,11112847319,,5,2,5,0.00,,4
1023,11119423046816,35000.00,5.00,32,2026-02-12,2026-09-24,1621.00,21219.98,Aprobado,VENCIDA,Importacion desde cartera CSV,2026-03-27 15:42:15,2026-07-25 02:00:07,29,11112847319,,36,32,5,0.00,,15
1024,11119423106150,13000.00,6.00,24,2025-11-20,2026-05-07,780.00,-1040.00,Terminado,VENCIDA,Importacion desde cartera CSV,2026-03-27 15:42:15,2026-04-17 23:10:32,,11112918349,,5,2,5,0.00,,4
1025,11119423106150,25000.00,6.00,32,2026-01-29,2026-09-10,1206.00,13704.10,Aprobado,VENCIDA,Importacion desde cartera CSV,2026-03-27 15:42:15,2026-07-25 02:00:07,29,11112918349,,11,8,5,0.00,,13
1026,11119423046816,11000.00,6.00,24,2026-01-01,2026-06-18,660.00,0.00,Terminado,VENCIDA,Importacion desde cartera CSV,2026-03-27 15:42:15,2026-06-18 02:00:07,,11113299859,,5,2,5,0.00,,7
1027,11119423046816,15000.00,5.00,32,2025-09-25,2026-05-07,669.50,-424.00,Terminado,VENCIDA,Importacion desde cartera CSV,2026-03-27 15:42:15,2026-04-22 20:51:04,,11113299859,,38,34,5,0.00,,4
1028,11119423046816,7000.00,6.00,24,2026-02-12,2026-07-30,420.00,-676.80,Terminado,VENCIDA,Importacion desde cartera CSV,2026-03-27 15:42:15,2026-07-18 02:00:07,,11113115541,,5,2,5,0.00,,7
1029,11119423046816,15000.00,4.00,48,2025-08-21,2026-07-23,480.00,-907.20,Terminado,VENCIDA,Importacion desde cartera CSV,2026-03-27 15:42:15,2026-06-06 02:00:03,,11113115541,,8,6,5,0.00,,12
1030,11119423046816,12000.00,6.00,24,2025-10-25,2026-04-09,720.00,-1100.00,Terminado,VENCIDA,Importacion desde cartera CSV,2026-03-27 15:42:15,2026-04-09 16:43:39,,11113053166,,5,2,5,0.00,,5
1031,11119423046816,15000.00,4.00,48,2025-08-21,2026-07-23,480.00,-955.20,Terminado,VENCIDA,Importacion desde cartera CSV,2026-03-27 15:42:15,2026-06-14 02:00:06,,11113053166,,8,6,5,0.00,,12
1032,11119423046816,10000.00,6.00,24,2025-10-25,2026-04-09,600.00,0.00,Terminado,VENCIDA,Importacion desde cartera CSV,2026-03-27 15:42:15,2026-04-09 16:45:54,,11112716716,,5,2,5,0.00,,5
1033,11119423046816,15000.00,4.00,48,2025-11-20,2026-10-22,480.00,8128.00,Aprobado,VENCIDA,Importacion desde cartera CSV,2026-03-27 15:42:15,2026-07-25 02:00:07,29,11112716716,,8,6,5,0.00,,19
1034,11119423046816,35000.00,6.00,32,2026-03-05,2026-10-15,1688.50,27933.86,Aprobado,VENCIDA,Importacion desde cartera CSV,2026-03-27 15:42:15,2026-07-25 02:00:07,29,11112821419,,11,8,5,0.00,,18
1035,11119423046816,13000.00,6.00,24,2026-01-01,2026-06-18,780.00,-1040.00,Terminado,VENCIDA,Importacion desde cartera CSV,2026-03-27 15:42:15,2026-05-22 21:55:27,,11112792952,,5,2,5,0.00,,7
1036,11119423046816,10000.00,4.00,48,2025-07-17,2026-06-18,320.00,-560.00,Terminado,VENCIDA,Importacion desde cartera CSV,2026-03-27 15:42:15,2026-05-08 18:35:35,,11112792952,,8,6,5,0.00,,7
1037,11119423046816,13000.00,6.00,24,2025-11-27,2026-05-14,780.00,0.00,Terminado,VENCIDA,Importacion desde cartera CSV,2026-03-27 15:42:15,2026-05-31 02:00:04,,11113102023,,5,2,5,0.00,,2
1038,11119423046816,10000.00,4.00,48,2025-11-13,2026-10-15,320.00,5098.67,Aprobado,VENCIDA,Importacion desde cartera CSV,2026-03-27 15:42:15,2026-07-25 02:00:07,29,11113102023,,8,6,5,0.00,,18
1039,11119423046816,13000.00,6.00,24,2025-11-27,2026-05-14,780.00,-2383.34,Terminado,VENCIDA,Importacion desde cartera CSV,2026-03-27 15:42:15,2026-04-24 21:24:40,,11112973962,,5,2,5,0.00,,5
1040,11119423046816,12000.00,4.00,48,2026-02-12,2027-01-14,384.00,11110.40,Aprobado,VENCIDA,Importacion desde cartera CSV,2026-03-27 15:42:15,2026-07-25 02:00:07,29,11112973962,,8,6,5,0.00,,31
1041,11119423046816,12000.00,6.00,24,2025-10-30,2026-04-16,720.00,0.00,Terminado,VENCIDA,Importacion desde cartera CSV,2026-03-27 15:42:15,2026-04-15 21:42:39,,11113117861,,5,2,5,0.00,,6
1042,11119423046816,18000.00,4.00,48,2026-01-22,2026-12-24,576.00,14937.60,Aprobado,VENCIDA,Importacion desde cartera CSV,2026-03-27 15:42:15,2026-07-25 02:00:07,29,11113117861,,8,6,5,0.00,,28
1043,11119423046816,12000.00,6.00,24,2026-01-15,2026-07-02,720.00,-1057.00,Terminado,VENCIDA,Importacion desde cartera CSV,2026-03-27 15:42:15,2026-06-25 22:38:59,,11112724518,,5,2,5,0.00,,3
1044,11119423046816,10000.00,4.00,48,2025-12-04,2026-11-05,320.00,6058.67,Aprobado,VENCIDA,Importacion desde cartera CSV,2026-03-27 15:42:15,2026-07-25 02:00:07,29,11112724518,,8,6,5,0.00,,21
1045,11119423046816,13000.00,6.00,24,2026-01-29,2026-07-16,780.00,0.00,Terminado,VENCIDA,Importacion desde cartera CSV,2026-03-27 15:42:15,2026-07-11 02:00:05,,11113209269,,5,2,5,0.00,,5
1046,11119423046816,4000.00,8.00,13,2026-01-22,2026-04-23,400.00,-646.16,Terminado,VENCIDA,Importacion desde cartera CSV,2026-03-27 15:42:15,2026-04-23 00:00:00,,11113209269,,9,5,5,0.00,,2
1047,11119423046816,30000.00,6.00,32,2026-02-19,2026-10-01,1447.00,21048.88,Aprobado,VENCIDA,Importacion desde cartera CSV,2026-03-27 15:42:15,2026-07-25 02:00:07,29,11112706693,,11,8,5,0.00,,16
1048,11119423106150,5000.00,6.00,24,2025-11-13,2026-04-30,300.00,0.00,Terminado,VENCIDA,Importacion desde cartera CSV,2026-03-27 15:42:15,2026-05-05 19:50:31,,11112969340,,5,2,5,0.00,,3
1049,11119423106150,5000.00,6.00,24,2026-11-13,2027-04-30,300.00,0.00,Terminado,VENCIDA,Importacion desde cartera CSV,2026-03-27 15:42:15,2026-05-05 19:51:29,,11112936225,,5,2,5,0.00,,3
1050,11119423046816,9000.00,6.00,24,2026-03-05,2026-08-20,540.00,4509.00,Aprobado,VENCIDA,Importacion desde cartera CSV,2026-03-27 15:42:15,2026-07-25 02:00:07,29,11112952934,,5,2,5,0.00,,10
1051,11117142959637,7000.00,6.00,18,2026-02-09,2026-06-15,504.00,-182.00,Terminado,VENCIDA,Importacion desde cartera CSV,2026-03-27 15:42:15,2026-05-20 21:35:24,,11112946258,,6,3,5,0.00,,8
1052,11117142959637,6000.00,6.00,18,2026-02-09,2026-06-15,432.00,-156.00,Terminado,VENCIDA,Importacion desde cartera CSV,2026-03-27 15:42:15,2026-05-20 21:33:53,,11112839763,,6,3,5,0.00,,8
1053,11117142959637,6000.00,6.00,18,2026-02-09,2026-06-15,432.00,-156.00,Terminado,VENCIDA,Importacion desde cartera CSV,2026-03-27 15:42:15,2026-05-20 21:36:56,,11113058523,,6,3,5,0.00,,8
1054,11117142959637,3000.00,6.00,18,2026-02-09,2026-06-15,216.00,570.00,Aprobado,VENCIDA,Importacion desde cartera CSV,2026-03-27 15:42:15,2026-07-25 02:00:07,46,11112942297,,6,3,5,0.00,,3
1055,11117142959637,3000.00,6.00,18,2025-11-28,2026-03-30,216.00,0.00,Terminado,VENCIDA,Importacion desde cartera CSV,2026-03-27 15:42:15,2026-04-06 18:31:49,,11112916570,,6,3,5,0.00,,4
1056,11117142959637,6000.00,6.00,18,2026-01-30,2026-06-05,432.00,-163.20,Terminado,VENCIDA,Importacion desde cartera CSV,2026-03-27 15:42:15,2026-05-29 02:00:02,,11113018670,,6,3,5,0.00,,4
1057,11117142959637,8000.00,6.00,18,2026-01-30,2026-06-05,576.00,-217.60,Terminado,VENCIDA,Importacion desde cartera CSV,2026-03-27 15:42:15,2026-05-29 02:00:02,,11112886571,,6,3,5,0.00,,4
1058,11117142959637,9000.00,6.00,18,2026-01-30,2026-06-05,648.00,-244.80,Terminado,VENCIDA,Importacion desde cartera CSV,2026-03-27 15:42:15,2026-05-29 02:00:02,,11112873397,,6,3,5,0.00,,4
1059,11117142959637,10000.00,4.00,48,2025-08-01,2026-07-03,320.00,1354.67,Aprobado,VENCIDA,Importacion desde cartera CSV,2026-03-27 15:42:15,2026-07-25 02:00:07,49,11112873397,,8,6,5,0.00,,6
1060,11119422608973,9000.00,6.00,18,2025-12-19,2026-04-24,648.00,0.00,Terminado,VENCIDA,Importacion desde cartera CSV,2026-03-27 15:42:15,2026-04-30 02:00:00,,11113042585,,6,3,5,0.00,,2
1061,11117142959637,6000.00,6.00,18,2026-01-02,2026-05-08,432.00,0.00,Terminado,VENCIDA,Importacion desde cartera CSV,2026-03-27 15:42:15,2026-05-12 20:23:14,,11112988424,,6,3,5,0.00,,4
1062,11117142959637,3000.00,6.00,18,2025-12-01,2026-04-10,288.00,0.00,Terminado,VENCIDA,Importacion desde cartera CSV,2026-03-27 15:42:15,2026-04-01 21:12:47,,11112972707,,6,3,5,0.00,,5
1063,11117142959637,3000.00,6.00,18,2025-12-01,2026-04-10,288.00,-328.89,Terminado,VENCIDA,Importacion desde cartera CSV,2026-03-27 15:42:15,2026-04-14 17:22:39,,11112815619,,6,3,5,0.00,,5
1064,11117142959637,3000.00,6.00,18,2025-12-01,2026-04-10,288.00,-328.89,Terminado,VENCIDA,Importacion desde cartera CSV,2026-03-27 15:42:15,2026-04-14 17:23:16,,11112831329,,6,3,5,0.00,,5
1065,11117142959637,3000.00,6.00,18,2025-12-01,2026-04-10,288.00,-328.89,Terminado,VENCIDA,Importacion desde cartera CSV,2026-03-27 15:42:15,2026-04-14 17:23:47,,11112731837,,6,3,5,0.00,,5
1066,11117142959637,8000.00,6.00,18,2026-02-27,2026-07-03,576.00,0.00,Terminado,VENCIDA,Importacion desde cartera CSV,2026-03-27 15:42:15,2026-07-18 02:00:07,,11112778298,,6,3,5,0.00,,5
1067,11117142959637,8000.00,6.00,18,2026-02-20,2026-06-26,576.00,2066.00,Aprobado,VENCIDA,Importacion desde cartera CSV,2026-03-27 15:42:15,2026-07-25 02:00:07,42,11113093502,,6,3,5,0.00,,4
1068,11117142959637,5000.00,6.00,18,2025-12-20,2026-04-24,360.00,0.00,Terminado,VENCIDA,Importacion desde cartera CSV,2026-03-27 15:42:15,2026-04-01 21:16:45,,11113203887,,6,3,5,0.00,,7
1069,11117142959637,8000.00,6.00,18,2026-03-06,2026-07-10,576.00,3218.00,Aprobado,VENCIDA,Importacion desde cartera CSV,2026-03-27 15:42:15,2026-07-25 02:00:07,42,11113023290,,6,3,5,0.00,,6
1070,11117142959637,4000.00,6.00,18,2026-02-06,2026-06-12,288.00,457.00,Aprobado,ATRASADO,Importacion desde cartera CSV,2026-03-27 15:42:15,2026-07-25 02:00:07,42,11113169116,,6,3,5,0.00,,2
1071,11117142959637,9600.00,6.00,18,2026-02-13,2026-06-19,691.00,-322.01,Terminado,VENCIDA,Importacion desde cartera CSV,2026-03-27 15:42:15,2026-06-11 02:00:03,,11113042732,,6,3,5,0.00,,6
1072,11117142959637,5000.00,6.00,18,2025-12-16,2026-04-21,360.00,0.00,Terminado,VENCIDA,Importacion desde cartera CSV,2026-03-27 15:42:15,2026-04-24 02:00:00,,11113033057,,6,3,5,0.00,,2
1073,11117142959637,5000.00,6.00,18,2025-12-16,2026-04-21,360.00,0.00,Terminado,VENCIDA,Importacion desde cartera CSV,2026-03-27 15:42:15,2026-04-24 02:00:00,,11112992988,,6,3,5,0.00,,2
1074,11117142959637,5000.00,6.00,18,2025-12-16,2026-04-21,360.00,0.00,Terminado,VENCIDA,Importacion desde cartera CSV,2026-03-27 15:42:15,2026-04-24 02:00:00,,11112957246,,6,3,5,0.00,,2
1075,11117142959637,5000.00,6.00,18,2025-12-16,2026-04-21,360.00,0.00,Terminado,VENCIDA,Importacion desde cartera CSV,2026-03-27 15:42:15,2026-04-24 02:00:00,,11113066416,,6,3,5,0.00,,2
1076,11117142959637,4000.00,6.00,18,2025-12-16,2026-04-21,288.01,0.00,Terminado,VENCIDA,Importacion desde cartera CSV,2026-03-27 15:42:15,2026-04-24 02:00:00,,11112946341,,6,3,5,0.00,,2
1104,11117142959637,5000.00,6.00,18,2026-01-20,2026-05-26,360.00,-130.00,Terminado,VENCIDA,Importacion desde cartera CSV,2026-03-27 15:42:18,2026-05-06 20:05:43,,11113085031,,6,3,5,0.00,,5
1105,11117142959637,7000.00,6.00,18,2026-01-26,2026-06-01,504.00,322.00,Aprobado,ATRASADO,Importacion desde cartera CSV,2026-03-27 15:42:18,2026-07-25 02:00:07,46,11112869659,,6,3,5,0.00,,1
1106,11117142959637,7000.00,6.00,18,2026-01-26,2026-06-01,504.00,-182.00,Terminado,VENCIDA,Importacion desde cartera CSV,2026-03-27 15:42:18,2026-05-14 16:18:22,,11113031819,,6,3,5,0.00,,6
1107,11117142959637,7000.00,6.00,18,2026-02-02,2026-06-08,504.00,-182.00,Terminado,VENCIDA,Importacion desde cartera CSV,2026-03-27 15:42:18,2026-05-14 16:18:01,,11113022051,,6,3,5,0.00,,7
1108,11119423044721,5000.00,6.00,18,2026-02-04,2026-06-10,360.00,-130.00,Terminado,VENCIDA,Importacion desde cartera CSV,2026-03-27 15:42:18,2026-05-22 15:17:15,,11113109760,,6,3,5,0.00,,7
1109,11119423044721,5000.00,6.00,18,2026-02-04,2026-06-10,360.00,-130.00,Terminado,VENCIDA,Importacion desde cartera CSV,2026-03-27 15:42:18,2026-05-22 15:17:40,,11112998765,,6,3,5,0.00,,7
1110,11119423044721,3000.00,6.00,18,2026-02-04,2026-06-10,216.00,-78.00,Terminado,VENCIDA,Importacion desde cartera CSV,2026-03-27 15:42:18,2026-05-22 15:18:01,,11112905127,,6,3,5,0.00,,7
1111,11119423044721,3000.00,6.00,18,2026-02-04,2026-06-10,216.00,-78.00,Terminado,VENCIDA,Importacion desde cartera CSV,2026-03-27 15:42:18,2026-05-22 15:18:15,,11113047273,,6,3,5,0.00,,7
1112,11119423046816,3000.00,6.00,18,2026-02-25,2026-07-01,216.00,-78.00,Terminado,VENCIDA,Importacion desde cartera CSV,2026-03-27 15:42:18,2026-06-05 18:37:32,,11113033150,,6,3,5,0.00,,5
1113,11119423044721,3000.00,6.00,18,2026-03-11,2026-07-15,216.00,-81.33,Terminado,VENCIDA,Importacion desde cartera CSV,2026-03-27 15:42:18,2026-06-05 18:37:58,,11112785207,,6,3,5,0.00,,7
1114,11117142959637,3000.00,6.00,18,2026-03-03,2026-07-07,216.00,1177.68,Aprobado,VENCIDA,Importacion desde cartera CSV,2026-03-27 15:42:18,2026-07-25 02:00:07,45,11113068571,,6,3,5,0.00,,6
1115,11117142959637,3000.00,6.00,18,2026-03-03,2026-07-07,216.00,-126.24,Terminado,VENCIDA,Importacion desde cartera CSV,2026-03-27 15:42:18,2026-06-19 23:24:18,,11112952632,,6,3,5,0.00,,6
1116,11117142959637,3000.00,6.00,18,2026-03-03,2026-07-07,216.00,-126.24,Terminado,VENCIDA,Importacion desde cartera CSV,2026-03-27 15:42:18,2026-06-19 23:24:18,,11112881133,,6,3,5,0.00,,6
1117,11117142959637,4000.00,6.00,24,2026-03-10,2026-08-25,240.00,-481.60,Terminado,VENCIDA,Importacion desde cartera CSV,2026-03-27 15:42:18,2026-07-23 02:00:07,,11112833535,,5,2,5,0.00,,13
1118,11117142959637,4000.00,6.00,24,2026-03-10,2026-08-25,240.00,-481.60,Terminado,VENCIDA,Importacion desde cartera CSV,2026-03-27 15:42:18,2026-07-23 02:00:07,,11112897750,,5,2,5,0.00,,13
1121,11117142959637,4000.00,6.00,24,2026-03-10,2026-08-25,240.00,2756.00,Aprobado,VENCIDA,Importacion desde cartera CSV,2026-03-27 15:42:18,2026-07-25 02:00:07,45,11113194053,,5,2,5,0.00,,13
1122,11117142959637,4000.00,6.00,24,2026-03-10,2026-08-25,240.00,-481.60,Terminado,VENCIDA,Importacion desde cartera CSV,2026-03-27 15:42:18,2026-07-23 02:00:07,,11113053988,,5,2,5,0.00,,13
1123,11117142959637,3000.00,6.00,18,2026-03-16,2026-07-20,216.00,-89.25,Terminado,VENCIDA,Importacion desde cartera CSV,2026-03-27 15:42:18,2026-06-19 02:00:05,,11113229030,,6,3,5,0.00,,8
1124,11117142959637,3000.00,6.00,18,2026-03-16,2026-07-20,216.00,-89.25,Terminado,VENCIDA,Importacion desde cartera CSV,2026-03-27 15:42:18,2026-06-19 02:00:05,,11112897765,,6,3,5,0.00,,8
1125,11117142959637,3000.00,6.00,18,2026-03-16,2026-07-20,216.00,-89.25,Terminado,VENCIDA,Importacion desde cartera CSV,2026-03-27 15:42:18,2026-06-19 02:00:05,,11113004915,,6,3,5,0.00,,8
1126,11117142959637,3000.00,6.00,18,2026-03-16,2026-07-20,216.00,-89.25,Terminado,VENCIDA,Importacion desde cartera CSV,2026-03-27 15:42:18,2026-06-19 02:00:05,,11112958365,,6,3,5,0.00,,8
1127,11117142959637,13000.00,6.00,24,2026-03-13,2026-08-28,780.00,11429.17,Aprobado,VENCIDA,Importacion desde cartera CSV,2026-03-27 15:42:18,2026-07-25 02:00:07,63,11112907237,,5,2,5,0.00,,16
1128,11117142959637,8000.00,6.00,24,2025-10-25,2026-04-10,480.00,-733.34,Terminado,VENCIDA,Importacion desde cartera CSV,2026-03-27 15:42:18,2026-04-14 17:32:37,,11113013674,,5,2,5,0.00,,5
1129,11117142959637,13000.00,6.00,24,2026-03-13,2026-08-28,780.00,11429.17,Aprobado,VENCIDA,Importacion desde cartera CSV,2026-03-27 15:42:18,2026-07-25 02:00:07,63,11112957025,,5,2,5,0.00,,16
1130,11117142959637,10000.00,4.00,48,2025-08-15,2026-07-17,320.00,2640.00,Aprobado,VENCIDA,Importacion desde cartera CSV,2026-03-27 15:42:18,2026-07-25 02:00:07,63,11112957025,,8,6,5,0.00,,10
1131,11117142959637,4000.00,6.00,24,2026-03-06,2026-07-10,240.00,3275.20,Aprobado,VENCIDA,Importacion desde cartera CSV,2026-03-27 15:42:18,2026-07-25 02:00:07,63,11113086011,,5,2,5,0.00,,15
1132,11117142959637,9800.00,6.00,24,2026-03-06,2026-07-10,588.00,8024.24,Aprobado,VENCIDA,Importacion desde cartera CSV,2026-03-27 15:42:18,2026-07-25 02:00:07,63,11112895240,,5,2,5,0.00,,15
1133,11117142959637,3000.00,8.00,13,2026-01-30,2026-05-01,300.00,0.00,Terminado,VENCIDA,Importacion desde cartera CSV,2026-03-27 15:42:18,2026-05-12 20:49:09,,11112895240,,9,5,5,0.00,,3
1134,11117142959637,4000.00,6.00,24,2026-01-30,2026-07-17,240.00,2080.00,Aprobado,VENCIDA,Importacion desde cartera CSV,2026-03-27 15:42:18,2026-07-25 02:00:07,63,11112974117,,5,2,5,0.00,,10
1135,11119423106150,4000.00,6.00,24,2025-11-28,2026-05-15,240.00,-320.00,Terminado,VENCIDA,Importacion desde cartera CSV,2026-03-27 15:42:18,2026-04-24 20:52:12,,11112974492,,5,2,5,0.00,,5
1136,11117142959637,9800.00,6.00,24,2025-12-10,2026-05-27,588.00,0.00,Terminado,VENCIDA,Importacion desde cartera CSV,2026-03-27 15:42:18,2026-05-30 02:00:04,,11112967766,,5,2,5,0.00,,5
1137,11117142959637,13000.00,4.00,48,2025-07-09,2026-06-10,416.00,-736.32,Terminado,VENCIDA,Importacion desde cartera CSV,2026-03-27 15:42:18,2026-05-13 22:24:14,,11112967766,,8,6,5,0.00,,7
1138,11117142959637,12000.00,6.00,24,2025-12-10,2026-05-27,720.00,0.00,Terminado,VENCIDA,Importacion desde cartera CSV,2026-03-27 15:42:18,2026-05-30 02:00:04,,11112859053,,5,2,5,0.00,,5
1139,11117142959637,13000.00,4.00,48,2025-07-09,2026-06-10,416.00,-736.32,Terminado,VENCIDA,Importacion desde cartera CSV,2026-03-27 15:42:18,2026-05-13 22:24:34,,11112859053,,8,6,5,0.00,,7
1140,11117142959637,12000.00,6.00,24,2025-12-10,2026-05-27,720.00,-974.40,Terminado,VENCIDA,Importacion desde cartera CSV,2026-03-27 15:42:18,2026-05-08 23:05:35,,11112973790,,5,2,5,0.00,,5
1141,11117142959637,9800.00,6.00,24,2025-12-10,2026-05-27,588.00,-795.76,Terminado,VENCIDA,Importacion desde cartera CSV,2026-03-27 15:42:18,2026-05-08 23:06:00,,11113048867,,5,2,5,0.00,,5
1142,11117142959637,4000.00,6.00,24,2025-12-10,2026-05-27,240.00,-324.80,Terminado,VENCIDA,Importacion desde cartera CSV,2026-03-27 15:42:18,2026-05-08 23:06:21,,11112933824,,5,2,5,0.00,,5
1143,11117142959637,7000.00,6.00,24,2026-03-18,2026-09-02,420.00,6994.17,Aprobado,VENCIDA,Importacion desde cartera CSV,2026-03-27 15:42:18,2026-07-25 02:00:07,72,11112917978,,5,2,5,0.00,,18
1144,11117142959637,6000.00,6.00,24,2025-10-25,2026-04-08,360.00,0.00,Terminado,VENCIDA,Importacion desde cartera CSV,2026-03-27 15:42:18,2026-04-09 02:00:00,,11112739966,,5,2,5,0.00,,4
1145,11117142959637,5000.00,6.00,24,2025-12-31,2026-06-17,300.00,-511.00,Terminado,VENCIDA,Importacion desde cartera CSV,2026-03-27 15:42:18,2026-06-12 02:00:03,,11112979691,,5,2,5,0.00,,8
1146,11119422608973,9800.00,6.00,24,2026-02-04,2026-07-22,588.00,6848.24,Aprobado,VENCIDA,Importacion desde cartera CSV,2026-03-27 15:42:18,2026-07-25 02:00:07,79,11113121732,,5,2,5,0.00,,13
1147,11117142959637,3000.00,6.00,24,2025-12-24,2026-06-10,180.00,-306.60,Terminado,VENCIDA,Importacion desde cartera CSV,2026-03-27 15:42:18,2026-06-12 02:00:03,,11112732871,,5,2,5,0.00,,7
1148,11117142959637,30000.00,6.00,32,2026-02-19,2026-10-01,1447.00,28454.06,Aprobado,VENCIDA,Importacion desde cartera CSV,2026-03-27 15:42:18,2026-07-25 02:00:07,64,11112984205,,11,8,5,0.00,,21
1149,11117142959637,9800.00,6.00,18,2025-12-26,2026-04-30,706.00,0.00,Terminado,VENCIDA,Importacion desde cartera CSV,2026-03-27 15:42:18,2026-04-30 00:00:00,4,11113001966,,6,3,5,0.00,,0
1150,11117142959637,18000.00,4.00,48,2026-02-12,2027-01-14,576.00,20868.48,Aprobado,VENCIDA,Importacion desde cartera CSV,2026-03-27 15:42:18,2026-07-25 02:00:07,78,11113001966,,8,6,5,0.00,,38
1151,11117142959637,12000.00,6.00,18,2026-01-08,2026-05-14,864.00,1398.72,Aprobado,ATRASADO,Importacion desde cartera CSV,2026-03-27 15:42:18,2026-07-25 02:00:07,71,11113141758,,6,3,5,0.00,,2
1152,11119422608973,12000.00,6.00,18,2026-02-19,2026-06-25,864.00,6582.72,Aprobado,VENCIDA,Importacion desde cartera CSV,2026-03-27 15:42:18,2026-07-25 02:00:07,71,11112708888,,6,3,5,0.00,,8
1153,11119422608973,10000.00,4.00,48,2025-09-11,2026-08-13,320.00,4233.60,Aprobado,VENCIDA,Importacion desde cartera CSV,2026-03-27 15:42:18,2026-07-25 02:00:07,71,11112708888,,8,6,5,0.00,,15
1154,11117142959637,10000.00,6.00,18,2026-02-19,2026-06-25,720.00,5485.60,Aprobado,VENCIDA,Importacion desde cartera CSV,2026-03-27 15:42:18,2026-07-25 02:00:07,71,11112856649,,6,3,5,0.00,,8
1155,11117142959637,18000.00,6.00,32,2025-10-23,2026-06-04,868.00,0.00,Terminado,VENCIDA,Importacion desde cartera CSV,2026-03-27 15:42:18,2026-07-04 02:00:08,,11112802275,,11,8,5,0.00,,5
1156,11117142959637,9800.00,6.00,18,2026-03-05,2026-07-09,706.00,7489.88,Aprobado,VENCIDA,Importacion desde cartera CSV,2026-03-27 15:42:18,2026-07-25 02:00:07,78,11113136238,,6,3,5,0.00,,11
1157,11117142959637,10000.00,4.00,48,2026-01-15,2026-12-17,320.00,10313.60,Aprobado,VENCIDA,Importacion desde cartera CSV,2026-03-27 15:42:18,2026-07-25 02:00:07,78,11113136238,,8,6,5,0.00,,34
1158,11117142959637,9800.00,6.00,18,2026-02-26,2026-07-02,706.00,6783.88,Aprobado,VENCIDA,Importacion desde cartera CSV,2026-03-27 15:42:18,2026-07-25 02:00:07,78,11112984989,,6,3,5,0.00,,10
1159,11117142959637,10000.00,4.00,48,2025-10-02,2026-09-03,320.00,2968.33,Aprobado,VENCIDA,Importacion desde cartera CSV,2026-03-27 15:42:18,2026-07-25 02:00:07,71,11112984989,,8,6,5,0.00,,18
1160,11117142959637,9800.00,6.00,18,2026-01-08,2026-05-14,706.00,1841.88,Aprobado,VENCIDA,Importacion desde cartera CSV,2026-03-27 15:42:18,2026-07-25 02:00:07,78,11112947469,,6,3,5,0.00,,3
1161,11117142959637,12000.00,6.00,18,2026-03-19,2026-07-23,864.00,10042.67,Aprobado,VENCIDA,Importacion desde cartera CSV,2026-03-27 15:42:18,2026-07-25 02:00:07,71,11113104303,,6,3,5,0.00,,12
1162,11117142959637,15000.00,4.00,48,2026-01-08,2026-12-10,480.00,14510.40,Aprobado,VENCIDA,Importacion desde cartera CSV,2026-03-27 15:42:18,2026-07-25 02:00:07,71,11113104303,,8,6,5,0.00,,32
1163,11117142959637,12000.00,6.00,18,2026-02-12,2026-06-18,864.00,5718.72,Aprobado,VENCIDA,Importacion desde cartera CSV,2026-03-27 15:42:18,2026-07-25 02:00:07,71,11112941544,,6,3,5,0.00,,7
1164,11117142959637,3000.00,8.00,13,2026-01-09,2026-04-09,300.00,-126.00,Terminado,VENCIDA,Importacion desde cartera CSV,2026-03-27 15:42:18,2026-04-10 02:00:01,,11112941544,,9,5,5,0.00,,4
1165,11117142959637,12000.00,6.00,18,2026-01-08,2026-05-14,864.00,1398.72,Aprobado,ATRASADO,Importacion desde cartera CSV,2026-03-27 15:42:18,2026-07-25 02:00:07,71,11112837073,,6,3,5,0.00,,2
1166,11117142959637,6000.00,6.00,18,2026-03-26,2026-07-30,432.00,5453.33,Aprobado,VENCIDA,Importacion desde cartera CSV,2026-03-27 15:42:18,2026-07-25 02:00:07,71,11113007557,,6,3,5,0.00,,13
1167,11117142959637,6000.00,6.00,18,2026-03-05,2026-07-09,432.00,4155.36,Aprobado,VENCIDA,Importacion desde cartera CSV,2026-03-27 15:42:18,2026-07-25 02:00:07,71,11113102542,,6,3,5,0.00,,10
1168,11117142959637,4000.00,6.00,18,2026-01-15,2026-05-21,288.00,754.24,Aprobado,VENCIDA,Importacion desde cartera CSV,2026-03-27 15:42:18,2026-07-25 02:00:07,71,11112968122,,6,3,5,0.00,,3
1169,11117142959637,3000.00,6.00,18,2026-01-15,2026-05-21,216.00,565.68,Aprobado,VENCIDA,Importacion desde cartera CSV,2026-03-27 15:42:18,2026-07-25 02:00:07,71,11112971296,,6,3,5,0.00,,3
1170,11117142959637,4000.00,6.00,18,2026-01-22,2026-05-28,288.00,1042.24,Aprobado,VENCIDA,Importacion desde cartera CSV,2026-03-27 15:42:18,2026-07-25 02:00:07,71,11113121146,,6,3,5,0.00,,4
1171,11117142959637,6000.00,6.00,18,2026-01-22,2026-05-28,432.00,1995.36,Aprobado,VENCIDA,Importacion desde cartera CSV,2026-03-27 15:42:18,2026-07-25 02:00:07,78,11113036790,,6,3,5,0.00,,5
1172,11119423044721,8000.00,6.00,18,2026-01-08,2026-05-14,576.00,-219.52,Terminado,VENCIDA,Importacion desde cartera CSV,2026-03-27 15:42:18,2026-04-10 22:03:11,,11112982523,,6,3,5,0.00,,6
1173,11119423044721,8000.00,6.00,18,2025-12-25,2026-04-30,576.00,-219.52,Terminado,VENCIDA,Importacion desde cartera CSV,2026-03-27 15:42:18,2026-04-10 22:03:46,,11112907887,,6,3,5,0.00,,4
1174,11119423044721,9800.00,6.00,18,2025-12-25,2026-04-30,706.00,-276.12,Terminado,VENCIDA,Importacion desde cartera CSV,2026-03-27 15:42:18,2026-04-10 22:04:23,,11112707655,,6,3,5,0.00,,4
1175,11119423044721,15000.00,4.00,48,2026-02-05,2027-01-07,480.00,16430.40,Aprobado,VENCIDA,Importacion desde cartera CSV,2026-03-27 15:42:18,2026-07-25 02:00:07,71,11112707655,,8,6,5,0.00,,36
1176,11119423044721,9800.00,6.00,18,2025-12-25,2026-04-30,706.00,-276.12,Terminado,VENCIDA,Importacion desde cartera CSV,2026-03-27 15:42:18,2026-04-10 22:05:02,,11113205041,,6,3,5,0.00,,4
1177,11119423044721,3000.00,6.00,18,2026-01-01,2026-05-07,216.00,-82.32,Terminado,VENCIDA,Importacion desde cartera CSV,2026-03-27 15:42:18,2026-04-17 19:40:14,,11112866249,,6,3,5,0.00,,4
1178,11119423044721,3000.00,6.00,18,2026-01-08,2026-05-14,216.00,349.68,Aprobado,ATRASADO,Importacion desde cartera CSV,2026-03-27 15:42:18,2026-07-25 02:00:07,71,11112792766,,6,3,5,0.00,,2
1179,11119422608973,9000.00,6.00,24,2025-10-30,2026-04-16,540.00,-730.80,Terminado,VENCIDA,Importacion desde cartera CSV,2026-03-27 15:42:18,2026-04-16 00:00:00,,11112928768,,5,2,5,0.00,,2
1180,11117142959637,9800.00,6.00,24,2025-12-30,2026-06-16,588.00,-893.76,Terminado,VENCIDA,Importacion desde cartera CSV,2026-03-27 15:42:18,2026-06-04 18:05:50,,11112998182,,5,2,5,0.00,,3
1181,11117142959637,12000.00,6.00,24,2026-03-17,2026-09-01,720.00,8990.00,Aprobado,VENCIDA,Importacion desde cartera CSV,2026-03-27 15:42:18,2026-07-25 02:00:07,45,11112903380,,5,2,5,0.00,,14
1182,11117142959637,9800.00,6.00,24,2026-03-03,2026-08-18,588.00,6162.24,Aprobado,VENCIDA,Importacion desde cartera CSV,2026-03-27 15:42:18,2026-07-25 02:00:07,45,11112861770,,5,2,5,0.00,,12
1183,11117142959637,9800.00,6.00,24,2025-11-18,2026-05-05,588.00,-795.76,Terminado,VENCIDA,Importacion desde cartera CSV,2026-03-27 15:42:18,2026-04-15 21:22:26,,11112887138,,5,2,5,0.00,,4
1184,11117142959637,3000.00,8.00,13,2026-01-13,2026-04-14,300.00,0.00,Terminado,VENCIDA,Importacion desde cartera CSV,2026-03-27 15:42:18,2026-04-21 17:00:00,,11112887138,,9,5,5,0.00,,1
1185,11117142959637,9800.00,6.00,24,2025-10-28,2026-04-14,588.00,0.00,Terminado,VENCIDA,Importacion desde cartera CSV,2026-03-27 15:42:18,2026-04-14 00:00:00,,11112917095,,5,2,5,0.00,,1
1186,11117142959637,3000.00,8.00,13,2025-12-31,2026-03-31,300.00,0.00,Terminado,VENCIDA,Importacion desde cartera CSV,2026-03-27 15:42:18,2026-04-08 02:00:00,,11112917095,,9,5,5,0.00,,3
1187,11119423106150,9800.00,6.00,24,2025-11-25,2026-05-12,588.00,-795.76,Terminado,VENCIDA,Importacion desde cartera CSV,2026-03-27 15:42:18,2026-05-14 15:51:02,,11112863299,,5,2,5,0.00,,3
1188,11117142959637,4000.00,6.00,24,2026-01-20,2026-07-07,240.00,-408.00,Terminado,VENCIDA,Importacion desde cartera CSV,2026-03-27 15:42:18,2026-07-05 02:00:10,,11112935138,,5,2,5,0.00,,6
1189,11117142959637,4000.00,6.00,24,2026-02-17,2026-08-04,240.00,-364.80,Terminado,VENCIDA,Importacion desde cartera CSV,2026-03-27 15:42:18,2026-06-26 02:00:09,,11112874979,,5,2,5,0.00,,10
1190,11117142959637,4000.00,6.00,24,2026-03-17,2026-09-01,240.00,2996.00,Aprobado,VENCIDA,Importacion desde cartera CSV,2026-03-27 15:42:18,2026-07-25 02:00:07,45,11113168985,,5,2,5,0.00,,14
1191,11117142959637,8000.00,6.00,18,2025-12-17,2026-04-22,576.00,0.00,Terminado,VENCIDA,Importacion desde cartera CSV,2026-03-27 15:42:18,2026-04-22 00:00:00,5,11112842211,,6,3,5,0.00,,0
1192,11117142959637,8000.00,6.00,18,2025-12-17,2026-04-22,576.00,0.00,Terminado,VENCIDA,Importacion desde cartera CSV,2026-03-27 15:42:18,2026-04-01 20:02:11,6,11112936286,,6,3,5,0.00,,6
1193,11119422608973,6000.00,6.00,18,2025-12-17,2026-04-22,432.00,0.00,Terminado,VENCIDA,Importacion desde cartera CSV,2026-03-27 15:42:18,2026-04-01 20:05:40,6,11112924808,,6,3,5,0.00,,6
1194,11117142959637,5500.00,6.00,18,2025-12-17,2026-04-22,396.00,0.00,Terminado,VENCIDA,Importacion desde cartera CSV,2026-03-27 15:42:18,2026-04-01 20:03:25,6,11112981187,,6,3,5,0.00,,6
1195,11119422608973,8000.00,6.00,18,2025-12-17,2026-04-22,576.00,0.00,Terminado,VENCIDA,Importacion desde cartera CSV,2026-03-27 15:42:18,2026-04-29 02:00:00,,11112788591,,6,3,5,0.00,,2
1196,11117142959637,4000.00,6.00,18,2026-02-18,2026-06-24,288.00,977.24,Aprobado,VENCIDA,Importacion desde cartera CSV,2026-03-27 15:42:18,2026-07-25 02:00:07,44,11112931322,,6,3,5,0.00,,4
1197,11117142959637,5000.00,6.00,18,2026-01-14,2026-05-20,360.00,0.00,Terminado,VENCIDA,Importacion desde cartera CSV,2026-03-27 15:42:18,2026-06-03 22:28:37,,11112932922,,6,3,5,0.00,,4
1198,11117142959637,4000.00,6.00,18,2026-01-28,2026-06-03,288.00,0.00,Terminado,VENCIDA,Importacion desde cartera CSV,2026-03-27 15:42:18,2026-06-06 20:00:00,,11113052405,,6,3,5,0.00,,1
1199,11119423046816,10000.00,4.00,48,2025-10-29,2026-09-30,320.00,4446.93,Aprobado,VENCIDA,Importacion desde cartera CSV,2026-03-27 15:42:18,2026-07-25 02:00:07,30,11113168554,,8,6,5,0.00,,16
1200,11119423046816,6000.00,6.00,24,2026-02-18,2026-08-05,360.00,2223.60,Aprobado,VENCIDA,Importacion desde cartera CSV,2026-03-27 15:42:18,2026-07-25 02:00:07,30,11112788121,,5,2,5,0.00,,8
1201,11117142959637,3000.00,6.00,24,2025-11-14,2026-04-29,180.00,0.00,Terminado,VENCIDA,Importacion desde cartera CSV,2026-03-27 15:42:18,2026-06-07 02:00:02,35,11113052405,,5,2,5,0.00,,7
1202,11119423046816,3000.00,6.00,24,2025-12-24,2026-06-10,180.00,0.00,Terminado,VENCIDA,Importacion desde cartera CSV,2026-03-27 15:42:18,2026-06-18 02:00:07,,11112999671,,5,2,5,0.00,,7
1203,11119423046816,7000.00,6.00,24,2025-08-20,2026-02-04,420.00,3016.60,Aprobado,VENCIDA,Importacion desde cartera CSV,2026-03-27 15:42:18,2026-07-25 02:00:07,233,11113003674,,5,2,5,0.00,,11
1231,11119423046816,5000.00,6.00,24,2025-08-22,2026-02-04,299.99,1249.99,Aprobado,VENCIDA,Importacion desde cartera CSV,2026-03-27 15:42:21,2026-07-25 02:00:07,196,11112957047,,5,2,5,0.00,,6
1232,11119423046816,12000.00,6.00,24,2025-08-22,2026-02-04,720.00,2000.00,Aprobado,VENCIDA,Importacion desde cartera CSV,2026-03-27 15:42:21,2026-07-25 02:00:07,182,11113186700,,5,2,5,0.00,,4
1233,11117142959637,25000.00,6.00,32,2025-12-12,2026-07-24,1206.00,-2084.02,Terminado,VENCIDA,Importacion desde cartera CSV,2026-03-27 15:42:21,2026-07-24 02:00:06,,11112888569,,11,8,5,0.00,,4
1234,11117142959637,9800.00,6.00,24,2026-01-09,2026-06-26,587.99,0.00,Terminado,VENCIDA,Importacion desde cartera CSV,2026-03-27 15:42:21,2026-07-24 02:00:06,,11112888569,,5,2,5,0.00,,3
1235,11119423106150,4000.00,6.00,24,2025-11-21,2026-05-08,240.00,0.00,Terminado,VENCIDA,Importacion desde cartera CSV,2026-03-27 15:42:21,2026-05-13 15:06:09,,11113044045,,5,2,5,0.00,,4
1236,11119423044721,9800.00,6.00,24,2026-01-30,2026-07-17,587.99,-837.76,Terminado,VENCIDA,Importacion desde cartera CSV,2026-03-27 15:42:21,2026-06-19 22:35:48,,11113023238,,5,2,5,0.00,,6
1237,11117142959637,25000.00,6.00,32,2026-03-13,2026-10-23,1206.00,22426.37,Aprobado,VENCIDA,Importacion desde cartera CSV,2026-03-27 15:42:21,2026-07-25 02:00:07,35,11113279742,,11,8,5,0.00,,20
1238,11117142959637,9800.00,6.00,24,2025-11-28,2026-05-15,587.99,0.00,Terminado,VENCIDA,Importacion desde cartera CSV,2026-03-27 15:42:21,2026-05-13 15:09:01,,11113005465,,5,2,5,0.00,,5
1239,11117142959637,6000.00,6.00,24,2025-12-19,2026-06-05,360.00,0.00,Terminado,VENCIDA,Importacion desde cartera CSV,2026-03-27 15:42:21,2026-06-06 02:00:03,,11112862917,,5,2,5,0.00,,4
1240,11117142959637,6000.00,6.00,24,2025-12-19,2026-06-05,360.00,0.00,Terminado,VENCIDA,Importacion desde cartera CSV,2026-03-27 15:42:21,2026-06-07 02:00:02,,11112952328,,5,2,5,0.00,,4
1241,11119423106150,12000.00,6.00,24,2025-11-28,2026-05-15,720.00,-974.40,Terminado,VENCIDA,Importacion desde cartera CSV,2026-03-27 15:42:21,2026-05-08 22:09:24,,11113042756,,5,2,5,0.00,,5
1242,11119423106150,10000.00,4.00,48,2025-09-26,2026-08-28,320.00,3250.60,Aprobado,VENCIDA,Importacion desde cartera CSV,2026-03-27 15:42:21,2026-07-25 02:00:07,35,11113042756,,8,6,5,0.00,,12
1243,11117142959637,13000.00,6.00,24,2025-11-08,2026-04-24,780.00,-1055.60,Terminado,VENCIDA,Importacion desde cartera CSV,2026-03-27 15:42:21,2026-04-11 02:00:00,,11113058061,,5,2,5,0.00,,6
1244,11117142959637,15000.00,4.00,48,2026-01-09,2026-12-11,480.00,14030.40,Aprobado,VENCIDA,Importacion desde cartera CSV,2026-03-27 15:42:21,2026-07-25 02:00:07,63,11113058061,,8,6,5,0.00,,31
1245,11117142959637,25000.00,6.00,32,2025-11-07,2026-06-19,1206.00,709.88,Aprobado,ATRASADO,Importacion desde cartera CSV,2026-03-27 15:42:21,2026-07-25 02:00:07,35,11112965092,,11,8,5,0.00,,2
1246,11117142959637,40000.00,6.00,32,2026-02-27,2026-10-09,1930.00,32004.40,Aprobado,VENCIDA,Importacion desde cartera CSV,2026-03-27 15:42:21,2026-07-25 02:00:07,35,11113009751,,11,8,5,0.00,,18
1247,11117142959637,9800.00,6.00,24,2026-02-27,2026-08-14,588.00,-1383.76,Terminado,VENCIDA,Importacion desde cartera CSV,2026-03-27 15:42:21,2026-05-13 15:24:19,,11112962070,,5,2,5,0.00,,19
1248,11117142959637,15000.00,4.00,48,2026-01-02,2026-12-04,480.00,-1329.60,Terminado,VENCIDA,Importacion desde cartera CSV,2026-03-27 15:42:21,2026-05-13 15:31:18,,11112962070,,8,6,5,0.00,,35
1249,11117142959637,7000.00,6.00,24,2026-02-27,2026-08-14,420.00,3601.60,Aprobado,VENCIDA,Importacion desde cartera CSV,2026-03-27 15:42:21,2026-07-25 02:00:07,35,11113094138,,5,2,5,0.00,,10
1250,11117142959637,6000.00,6.00,24,2026-02-27,2026-08-14,360.00,1600.00,Aprobado,VENCIDA,Importacion desde cartera CSV,2026-03-27 15:42:21,2026-07-25 02:00:07,7,11113082146,,5,2,5,0.00,,6
1251,11117142959637,7000.00,6.00,24,2025-03-13,2026-08-28,420.00,2415.00,Aprobado,VENCIDA,Importacion desde cartera CSV,2026-03-27 15:42:21,2026-07-25 02:00:07,400,11113188904,,5,2,5,0.00,,12
1252,11117142959637,5000.00,6.00,24,2026-01-23,2026-07-10,300.00,-427.00,Terminado,VENCIDA,Importacion desde cartera CSV,2026-03-27 15:42:21,2026-06-10 19:28:16,,11113097725,,5,2,5,0.00,,5
1253,11119423046816,6000.00,6.00,24,2025-12-05,2026-05-22,360.00,-487.20,Terminado,VENCIDA,Importacion desde cartera CSV,2026-03-27 15:42:21,2026-05-07 17:49:42,,11112837856,,5,2,5,0.00,,6
1254,11117142959637,6000.00,6.00,24,2025-12-05,2026-05-22,360.00,-487.20,Terminado,VENCIDA,Importacion desde cartera CSV,2026-03-27 15:42:21,2026-05-07 17:50:08,,11112918295,,5,2,5,0.00,,6
1255,11117142959637,7000.00,6.00,24,2026-01-16,2026-07-03,420.00,-592.20,Terminado,VENCIDA,Importacion desde cartera CSV,2026-03-27 15:42:21,2026-06-04 18:36:26,,11112974293,,5,2,5,0.00,,8
1256,11117142959637,10000.00,4.00,48,2026-02-06,2027-01-08,320.00,9335.47,Aprobado,VENCIDA,Importacion desde cartera CSV,2026-03-27 15:42:21,2026-07-25 02:00:07,35,11112974293,,8,6,5,0.00,,31
1257,11117142959637,4000.00,6.00,24,2026-01-16,2026-07-03,240.00,-342.80,Terminado,VENCIDA,Importacion desde cartera CSV,2026-03-27 15:42:21,2026-06-19 22:29:47,,11112972833,,5,2,5,0.00,,4
1258,11119423044721,9800.00,6.00,24,2025-11-14,2026-05-01,588.00,-795.76,Terminado,VENCIDA,Importacion desde cartera CSV,2026-03-27 15:42:21,2026-04-17 23:11:07,,11112922583,,5,2,5,0.00,,3
1259,11119423044721,18000.00,4.00,48,2026-01-23,2026-12-25,576.00,15643.48,Aprobado,VENCIDA,Importacion desde cartera CSV,2026-03-27 15:42:21,2026-07-25 02:00:07,35,11112922583,,8,6,5,0.00,,29
1260,11119422608973,11000.00,6.00,24,2026-01-23,2026-07-10,660.00,-940.20,Terminado,VENCIDA,Importacion desde cartera CSV,2026-03-27 15:42:21,2026-06-11 17:27:31,,11113098282,,5,2,5,0.00,,5
1261,11119423044721,8000.00,6.00,24,2026-01-23,2026-07-10,480.00,-684.60,Terminado,VENCIDA,Importacion desde cartera CSV,2026-03-27 15:42:21,2026-06-11 17:26:34,,11112895952,,5,2,5,0.00,,5
1262,11119423044721,3000.00,8.00,13,2026-03-20,2026-06-19,300.00,454.38,Aprobado,ATRASADO,Importacion desde cartera CSV,2026-03-27 15:42:21,2026-07-25 02:00:07,35,11112895952,,9,5,5,0.00,,2
1263,11119422608973,15000.00,4.00,48,2025-09-12,2026-08-14,480.00,1961.80,Aprobado,VENCIDA,Importacion desde cartera CSV,2026-03-27 15:42:21,2026-07-25 02:00:07,7,11112808669,,8,6,5,0.00,,6
1264,11117142959637,13000.00,6.00,24,2026-01-09,2026-06-26,780.00,0.00,Terminado,VENCIDA,Importacion desde cartera CSV,2026-03-27 15:42:21,2026-06-30 02:00:08,,11112893766,,5,2,5,0.00,,3
1265,11117142959637,10000.00,4.00,48,2025-10-03,2026-09-04,320.00,2598.87,Aprobado,VENCIDA,Importacion desde cartera CSV,2026-03-27 15:42:21,2026-07-25 02:00:07,14,11112893766,,8,6,5,0.00,,10
1266,11117142959637,9000.00,6.00,24,2026-01-30,2026-07-17,540.00,2470.20,Aprobado,VENCIDA,Importacion desde cartera CSV,2026-03-27 15:42:21,2026-07-25 02:00:07,35,11113099230,,5,2,5,0.00,,6
1267,11119422608973,9800.00,6.00,24,2026-01-30,2026-07-17,588.00,-837.76,Terminado,VENCIDA,Importacion desde cartera CSV,2026-03-27 15:42:21,2026-06-11 19:05:34,,11112777460,,5,2,5,0.00,,6
1268,11119422608973,15000.00,4.00,48,2026-03-06,2027-02-05,480.00,15915.40,Aprobado,VENCIDA,Importacion desde cartera CSV,2026-03-27 15:42:21,2026-07-25 02:00:07,35,11112777460,,8,6,5,0.00,,35
1269,11117142959637,7500.00,6.00,24,2025-12-26,2026-06-12,450.00,-609.00,Terminado,VENCIDA,Importacion desde cartera CSV,2026-03-27 15:42:21,2026-05-16 17:39:47,,11112924092,,5,2,5,0.00,,5
1270,11119422608973,13000.00,6.00,24,2026-01-30,2026-07-17,780.00,-1111.60,Terminado,VENCIDA,Importacion desde cartera CSV,2026-03-27 15:42:21,2026-06-11 17:25:37,,11113242625,,5,2,5,0.00,,6
1271,11119422608973,15000.00,4.00,48,2025-10-24,2026-09-25,480.00,6795.40,Aprobado,VENCIDA,Importacion desde cartera CSV,2026-03-27 15:42:21,2026-07-25 02:00:07,35,11113242625,,8,6,5,0.00,,16
1272,11119422608973,13000.00,6.00,24,2026-02-06,2026-07-24,780.00,-1466.40,Terminado,VENCIDA,Importacion desde cartera CSV,2026-03-27 15:42:21,2026-07-10 02:00:05,19,11113139475,,5,2,5,0.00,,11
1273,11119422608973,10000.00,4.00,48,2025-06-07,2026-05-08,320.00,-566.40,Terminado,VENCIDA,Importacion desde cartera CSV,2026-03-27 15:42:21,2026-04-10 02:00:01,,11113139475,,8,6,5,0.00,,8
1274,11117142959637,13000.00,6.00,24,2026-02-13,2026-07-31,780.00,-1111.60,Terminado,VENCIDA,Importacion desde cartera CSV,2026-03-27 15:42:21,2026-06-20 14:48:06,,11113072620,,5,2,5,0.00,,8
1275,11117142959637,15000.00,4.00,48,2026-01-16,2026-12-18,480.00,11998.40,Aprobado,VENCIDA,Importacion desde cartera CSV,2026-03-27 15:42:21,2026-07-25 02:00:07,28,11113072620,,8,6,5,0.00,,27
1276,11119423044721,30000.00,6.00,32,2025-12-19,2026-07-31,1447.00,9541.06,Aprobado,VENCIDA,Importacion desde cartera CSV,2026-03-27 15:42:21,2026-07-25 02:00:07,35,11112958035,,11,8,5,0.00,,8
1277,11117142959637,12000.00,6.00,24,2025-10-25,2026-04-10,720.00,-974.40,Terminado,VENCIDA,Importacion desde cartera CSV,2026-03-27 15:42:21,2026-04-11 02:00:00,,11112925822,,5,2,5,0.00,,4
1278,11117142959637,10000.00,4.00,48,2025-09-19,2026-08-21,320.00,-589.40,Terminado,VENCIDA,Importacion desde cartera CSV,2026-03-27 15:42:21,2026-06-12 18:00:56,,11112925822,,8,6,5,0.00,,11
1279,11119423044721,13000.00,6.00,24,2026-03-06,2026-08-21,780.00,7468.40,Aprobado,VENCIDA,Importacion desde cartera CSV,2026-03-27 15:42:21,2026-07-25 02:00:07,35,11112859703,,5,2,5,0.00,,11
1280,11117142959637,9800.00,6.00,24,2025-11-14,2026-05-01,588.00,-795.76,Terminado,VENCIDA,Importacion desde cartera CSV,2026-03-27 15:42:21,2026-04-17 23:21:57,,11112939687,,5,2,5,0.00,,3
1281,11117142959637,10000.00,4.00,48,2025-08-22,2026-07-24,320.00,-586.67,Terminado,VENCIDA,Importacion desde cartera CSV,2026-03-27 15:42:21,2026-06-05 21:40:36,,11112939687,,8,6,5,0.00,,11
1282,11117142959637,9000.00,6.00,24,2026-02-27,2026-08-14,540.00,-879.60,Terminado,VENCIDA,Importacion desde cartera CSV,2026-03-27 15:42:21,2026-07-24 02:00:06,,11113315176,,5,2,5,0.00,,9
1283,11117142959637,3000.00,8.00,13,2026-01-16,2026-04-17,300.00,0.00,Terminado,VENCIDA,Importacion desde cartera CSV,2026-03-27 15:42:21,2026-05-15 02:00:00,,11113315176,,9,5,5,0.00,,1
1284,11119423044721,7000.00,6.00,24,2026-02-27,2026-08-14,420.00,3601.60,Aprobado,VENCIDA,Importacion desde cartera CSV,2026-03-27 15:42:21,2026-07-25 02:00:07,35,11112813759,,5,2,5,0.00,,10
1285,11117142959637,6000.00,6.00,24,2026-02-27,2026-08-14,360.00,-587.60,Terminado,VENCIDA,Importacion desde cartera CSV,2026-03-27 15:42:21,2026-07-23 14:45:02,,11113116034,,5,2,5,0.00,,5
1286,11119422608973,6000.00,6.00,24,2026-02-13,2026-07-31,360.00,1273.60,Aprobado,VENCIDA,Importacion desde cartera CSV,2026-03-27 15:42:21,2026-07-25 02:00:07,14,11113037690,,5,2,5,0.00,,5
1287,11117142959637,4000.00,6.00,24,2025-10-18,2026-04-03,240.00,-323.20,Terminado,VENCIDA,Importacion desde cartera CSV,2026-03-27 15:42:21,2026-04-15 02:00:00,,11113007902,,5,2,5,0.00,,3
1288,11119423044721,4000.00,6.00,24,2026-01-30,2026-07-17,240.00,1097.20,Aprobado,VENCIDA,Importacion desde cartera CSV,2026-03-27 15:42:21,2026-07-25 02:00:07,35,11112894601,,5,2,5,0.00,,6
1289,11119422608973,35000.00,6.00,32,2026-03-20,2026-10-30,1688.50,33123.62,Aprobado,VENCIDA,Importacion desde cartera CSV,2026-03-27 15:42:21,2026-07-25 02:00:07,35,11113172495,,11,8,5,0.00,,21
1290,11117142959637,9000.00,6.00,24,2026-02-27,2026-08-14,540.00,4630.20,Aprobado,VENCIDA,Importacion desde cartera CSV,2026-03-27 15:42:21,2026-07-25 02:00:07,35,11113016352,,5,2,5,0.00,,10
1291,11117142959637,15000.00,4.00,48,2025-06-13,2026-05-15,480.00,0.00,Terminado,VENCIDA,Importacion desde cartera CSV,2026-03-27 15:42:21,2026-05-14 20:27:18,,11113016352,,8,6,5,0.00,,5
1292,11117142959637,13000.00,6.00,24,2025-11-14,2026-05-01,780.00,0.00,Terminado,VENCIDA,Importacion desde cartera CSV,2026-03-27 15:42:21,2026-05-14 21:17:45,,11113066481,,5,2,5,0.00,,5
1293,11117142959637,4000.00,8.00,13,2026-02-13,2026-05-15,400.00,0.00,Terminado,VENCIDA,Importacion desde cartera CSV,2026-03-27 15:42:21,2026-06-07 02:00:02,,11113066481,,9,5,5,0.00,,1
1294,11117142959637,25000.00,6.00,32,2025-09-12,2026-04-24,1206.00,0.00,Terminado,VENCIDA,Importacion desde cartera CSV,2026-03-27 15:42:21,2026-05-15 02:00:00,,11113049905,,11,8,5,0.00,,2
1295,11117142959637,30000.00,6.00,32,2026-03-13,2026-10-23,1447.00,26915.25,Aprobado,VENCIDA,Importacion desde cartera CSV,2026-03-27 15:42:21,2026-07-25 02:00:07,35,11113028250,,11,8,5,0.00,,20
1296,11117142959637,25000.00,6.00,32,2026-01-23,2026-09-04,1206.00,13975.88,Aprobado,VENCIDA,Importacion desde cartera CSV,2026-03-27 15:42:21,2026-07-25 02:00:07,35,11112821422,,11,8,5,0.00,,13
1297,11117142959637,25000.00,6.00,32,2026-01-09,2026-08-21,1206.00,11563.88,Aprobado,VENCIDA,Importacion desde cartera CSV,2026-03-27 15:42:21,2026-07-25 02:00:07,35,11112911592,,11,8,5,0.00,,11
1298,11117142959637,13000.00,6.00,24,2026-01-02,2026-06-19,780.00,-1105.00,Terminado,VENCIDA,Importacion desde cartera CSV,2026-03-27 15:42:21,2026-06-06 02:00:03,,11112874869,,5,2,5,0.00,,6
1299,11117142959637,15000.00,4.00,48,2025-09-05,2026-08-07,480.00,-913.60,Terminado,VENCIDA,Importacion desde cartera CSV,2026-03-27 15:42:21,2026-07-05 02:00:10,,11112874869,,8,6,5,0.00,,9
1300,11117142959637,35000.00,6.00,32,2026-02-27,2026-10-09,1688.50,28007.23,Aprobado,VENCIDA,Importacion desde cartera CSV,2026-03-27 15:42:21,2026-07-25 02:00:07,35,11113203334,,11,8,5,0.00,,18
1301,11117142959637,3000.00,8.00,13,2026-01-03,2026-04-03,300.00,-124.00,Terminado,VENCIDA,Importacion desde cartera CSV,2026-03-27 15:42:21,2026-04-15 02:00:00,,11113051729,,9,5,5,0.00,,3
1302,11117142959637,13000.00,6.00,24,2025-12-06,2026-05-29,780.00,-2621.67,Terminado,VENCIDA,Importacion desde cartera CSV,2026-03-27 15:42:21,2026-04-02 16:41:12,,11112886288,,5,2,5,0.00,,11
1303,11117142959637,16000.00,4.00,48,2026-02-20,2027-01-22,512.00,-8040.01,Terminado,ATRASADO,Importacion desde cartera CSV,2026-03-27 15:42:21,2026-04-02 16:40:51,5,11112886288,,8,6,5,0.00,,1
1304,11117142959637,9800.00,6.00,24,2026-01-16,2026-07-03,588.00,-829.08,Terminado,VENCIDA,Importacion desde cartera CSV,2026-03-27 15:42:21,2026-06-05 02:00:05,,11112915373,,5,2,5,0.00,,8
1305,11117142959637,4000.00,8.00,13,2026-01-30,2026-05-01,400.00,0.00,Terminado,VENCIDA,Importacion desde cartera CSV,2026-03-27 15:42:21,2026-04-29 15:06:59,,11112915373,,9,5,5,0.00,,3
1306,11117142959637,12000.00,6.00,24,2026-01-23,2026-07-10,720.00,-1066.20,Terminado,VENCIDA,Importacion desde cartera CSV,2026-03-27 15:42:21,2026-07-03 02:00:04,,11113028141,,5,2,5,0.00,,5
1307,11117142959637,12000.00,6.00,24,2026-02-20,2026-08-07,720.00,5454.60,Aprobado,VENCIDA,Importacion desde cartera CSV,2026-03-27 15:42:21,2026-07-25 02:00:07,35,11113004040,,5,2,5,0.00,,9
1308,11117142959637,10000.00,4.00,48,2026-01-02,2026-12-04,320.00,7730.60,Aprobado,VENCIDA,Importacion desde cartera CSV,2026-03-27 15:42:21,2026-07-25 02:00:07,35,11113004040,,8,6,5,0.00,,26
1309,11117142959637,9800.00,6.00,24,2026-01-02,2026-06-19,588.00,338.24,Aprobado,ATRASADO,Importacion desde cartera CSV,2026-03-27 15:42:21,2026-07-25 02:00:07,35,11113018033,,5,2,5,0.00,,2
1310,11117142959637,10000.00,4.00,48,2025-09-26,2026-08-28,320.00,3250.60,Aprobado,VENCIDA,Importacion desde cartera CSV,2026-03-27 15:42:21,2026-07-25 02:00:07,35,11113018033,,8,6,5,0.00,,12
1311,11117142959637,25000.00,6.00,32,2026-01-09,2026-08-21,1206.00,-1967.44,Terminado,VENCIDA,Importacion desde cartera CSV,2026-03-27 15:42:21,2026-07-18 02:00:07,,11112879732,,11,8,5,0.00,,11
1312,11117142959637,9800.00,6.00,24,2026-02-06,2026-07-24,588.00,3278.24,Aprobado,VENCIDA,Importacion desde cartera CSV,2026-03-27 15:42:21,2026-07-25 02:00:07,35,11113188998,,5,2,5,0.00,,7
1313,11117142959637,10000.00,4.00,48,2025-11-14,2026-10-16,320.00,5497.00,Aprobado,VENCIDA,Importacion desde cartera CSV,2026-03-27 15:42:21,2026-07-25 02:00:07,35,11113188998,,8,6,5,0.00,,19
1314,11117142959637,5000.00,6.00,24,2026-01-02,2026-06-19,300.00,173.00,Aprobado,ATRASADO,Importacion desde cartera CSV,2026-03-27 15:42:21,2026-07-25 02:00:07,35,11112954121,,5,2,5,0.00,,2
1315,11117142959637,7000.00,6.00,24,2026-02-06,2026-07-24,420.00,-648.80,Terminado,VENCIDA,Importacion desde cartera CSV,2026-03-27 15:42:21,2026-07-10 02:00:05,,11112897851,,5,2,5,0.00,,7
1316,11117142959637,9000.00,6.00,24,2025-12-26,2026-06-12,540.00,-761.40,Terminado,VENCIDA,Importacion desde cartera CSV,2026-03-27 15:42:21,2026-06-05 02:00:05,,11112849049,,5,2,5,0.00,,5
1317,11117142959637,4000.00,8.00,13,2026-02-13,2026-05-01,400.00,0.00,Terminado,VENCIDA,Importacion desde cartera CSV,2026-03-27 15:42:21,2026-06-05 02:00:05,,11112849049,,9,5,5,0.00,,1
1318,11117142959637,8000.00,6.00,24,2025-12-26,2026-06-12,480.00,0.00,Terminado,VENCIDA,Importacion desde cartera CSV,2026-03-27 15:42:21,2026-06-07 02:00:02,,11113068907,,5,2,5,0.00,,5
1319,11117142959637,15000.00,4.00,48,2026-02-20,2027-01-22,480.00,14955.40,Aprobado,VENCIDA,Importacion desde cartera CSV,2026-03-27 15:42:21,2026-07-25 02:00:07,35,11113068907,,8,6,5,0.00,,33
1320,11117142959637,8000.00,6.00,24,2025-12-26,2026-06-12,480.00,0.00,Terminado,VENCIDA,Importacion desde cartera CSV,2026-03-27 15:42:21,2026-06-06 02:00:03,,11113119485,,5,2,5,0.00,,5
1321,11117142959637,12000.00,6.00,24,2025-12-26,2026-06-12,720.00,0.00,Terminado,VENCIDA,Importacion desde cartera CSV,2026-03-27 15:42:21,2026-06-07 02:00:02,,11112896125,,5,2,5,0.00,,5
1322,11117142959637,18000.00,4.00,48,2026-01-23,2026-12-25,576.00,15067.48,Aprobado,VENCIDA,Importacion desde cartera CSV,2026-03-27 15:42:21,2026-07-25 02:00:07,28,11112896125,,8,6,5,0.00,,28
1323,11117142959637,12000.00,6.00,24,2025-12-26,2026-06-12,720.00,-1015.20,Terminado,VENCIDA,Importacion desde cartera CSV,2026-03-27 15:42:21,2026-06-04 18:36:26,,11112864704,,5,2,5,0.00,,5
1324,11117142959637,9800.00,6.00,24,2025-11-07,2026-04-22,588.00,0.00,Terminado,VENCIDA,Importacion desde cartera CSV,2026-03-27 15:42:21,2026-04-22 00:00:00,4,11113112747,,5,2,5,0.00,,1
1325,11117142959637,10000.00,4.00,48,2025-09-17,2026-08-19,320.00,-648.00,Terminado,VENCIDA,Importacion desde cartera CSV,2026-03-27 15:42:21,2026-06-17 17:19:52,,11113112747,,8,6,5,0.00,,11
1326,11117142959637,9800.00,6.00,24,2025-11-07,2026-04-22,588.00,0.00,Terminado,VENCIDA,Importacion desde cartera CSV,2026-03-27 15:42:21,2026-04-22 00:00:00,4,11112714868,,5,2,5,0.00,,1
1327,11117142959637,10000.00,4.00,48,2026-02-04,2027-01-06,320.00,9265.60,Aprobado,VENCIDA,Importacion desde cartera CSV,2026-03-27 15:42:21,2026-07-25 02:00:07,37,11112714868,,8,6,5,0.00,,31
1328,11117142959637,9800.00,6.00,24,2025-11-07,2026-04-22,588.00,0.00,Terminado,VENCIDA,Importacion desde cartera CSV,2026-03-27 15:42:21,2026-04-22 00:00:00,4,11112816934,,5,2,5,0.00,,1
1329,11117142959637,4000.00,8.00,13,2026-02-18,2026-05-20,400.00,0.00,Terminado,VENCIDA,Importacion desde cartera CSV,2026-03-27 15:42:21,2026-06-07 02:00:02,23,11112816934,,9,5,5,0.00,,4
1330,11117142959637,9800.00,6.00,24,2025-11-07,2026-04-22,588.00,0.00,Terminado,VENCIDA,Importacion desde cartera CSV,2026-03-27 15:42:21,2026-04-22 00:00:00,4,11112937194,,5,2,5,0.00,,1
1358,11117142959637,4000.00,8.00,13,2026-01-21,2026-04-22,400.00,0.00,Terminado,VENCIDA,Importacion desde cartera CSV,2026-03-27 15:42:24,2026-04-29 02:00:00,,11112937194,,9,5,5,0.00,,2
1359,11117142959637,10000.00,4.00,48,2025-07-16,2026-06-17,320.00,-560.00,Terminado,VENCIDA,Importacion desde cartera CSV,2026-03-27 15:42:24,2026-04-25 17:31:44,,11112937194,,8,6,5,0.00,,10
1360,11117142959637,9800.00,6.00,24,2025-11-07,2026-04-22,588.00,-1078.01,Terminado,VENCIDA,Importacion desde cartera CSV,2026-03-27 15:42:24,2026-04-22 00:00:00,4,11113182605,,5,2,5,0.00,,1
1361,11117142959637,4000.00,8.00,13,2026-01-21,2026-04-22,400.00,-168.00,Terminado,VENCIDA,Importacion desde cartera CSV,2026-03-27 15:42:24,2026-04-22 23:00:00,,11113182605,,9,5,5,0.00,,2
1362,11117142959637,17000.00,4.00,48,2025-12-24,2026-11-25,543.99,9485.12,Aprobado,VENCIDA,Importacion desde cartera CSV,2026-03-27 15:42:24,2026-07-25 02:00:07,2,11113182605,,8,6,5,0.00,,20
1363,11117142959637,6000.00,6.00,24,2025-12-24,2026-06-10,360.00,0.00,Terminado,VENCIDA,Importacion desde cartera CSV,2026-03-27 15:42:24,2026-06-07 02:00:02,,11112669629,,5,2,5,0.00,,7
1364,11117142959637,4000.00,6.00,24,2026-02-04,2026-07-22,240.00,1541.20,Aprobado,VENCIDA,Importacion desde cartera CSV,2026-03-27 15:42:24,2026-07-25 02:00:07,44,11113035478,,5,2,5,0.00,,8
1365,11117142959637,4000.00,6.00,24,2026-02-04,2026-07-22,240.00,1541.20,Aprobado,VENCIDA,Importacion desde cartera CSV,2026-03-27 15:42:24,2026-07-25 02:00:07,44,11112987118,,5,2,5,0.00,,8
1366,11119423106150,4000.00,6.00,24,2025-11-19,2026-05-06,240.00,-586.67,Terminado,VENCIDA,Importacion desde cartera CSV,2026-03-27 15:42:24,2026-04-17 17:39:10,,11112739079,,5,2,5,0.00,,8
1367,11119423106150,8000.00,6.00,24,2025-11-19,2026-05-06,480.00,0.00,Terminado,VENCIDA,Importacion desde cartera CSV,2026-03-27 15:42:24,2026-06-03 22:28:37,20,11112904439,,5,2,5,0.00,,2
1368,11117142959637,7000.00,6.00,24,2026-02-20,2026-08-05,420.00,-568.40,Terminado,VENCIDA,Importacion desde cartera CSV,2026-03-27 15:42:24,2026-04-09 02:00:00,,11112863347,,5,2,5,0.00,,21
1369,11119423044721,9800.00,6.00,24,2025-11-18,2026-05-05,588.00,0.00,Terminado,VENCIDA,Importacion desde cartera CSV,2026-03-27 15:42:24,2026-05-08 02:00:00,,11113061406,,5,2,5,0.00,,2
1370,11119423044721,15000.00,4.00,48,2025-05-03,2026-03-31,480.00,0.00,Terminado,VENCIDA,Importacion desde cartera CSV,2026-03-27 15:42:24,2026-04-08 02:00:00,,11113061406,,8,6,5,0.00,,3
1371,11119423044721,6000.00,6.00,24,2025-11-18,2026-05-05,360.00,-487.20,Terminado,VENCIDA,Importacion desde cartera CSV,2026-03-27 15:42:24,2026-05-07 18:00:00,1,11113008351,,5,2,5,0.00,,2
1372,11119423044721,8000.00,6.00,24,2025-11-18,2026-05-05,480.00,-649.60,Terminado,VENCIDA,Importacion desde cartera CSV,2026-03-27 15:42:24,2026-05-07 18:00:00,1,11113134860,,5,2,5,0.00,,2
1373,11119423044721,9000.00,6.00,24,2025-11-18,2026-05-05,540.00,-730.80,Terminado,VENCIDA,Importacion desde cartera CSV,2026-03-27 15:42:24,2026-05-07 18:00:00,1,11113137321,,5,2,5,0.00,,2
1374,11119423044721,3000.00,6.00,24,2025-11-18,2026-05-05,180.00,-243.60,Terminado,VENCIDA,Importacion desde cartera CSV,2026-03-27 15:42:24,2026-05-07 18:00:00,1,11112787203,,5,2,5,0.00,,2
1375,11119422608973,13000.00,6.00,24,2026-02-10,2026-07-28,780.00,5759.00,Aprobado,VENCIDA,Importacion desde cartera CSV,2026-03-27 15:42:24,2026-07-25 02:00:07,45,11112962910,,5,2,5,0.00,,9
1376,11119422608973,17000.00,4.00,48,2025-09-30,2026-09-01,543.99,6448.21,Aprobado,VENCIDA,Importacion desde cartera CSV,2026-03-27 15:42:24,2026-07-25 02:00:07,45,11112962910,,8,6,5,0.00,,14
1377,11117142959637,13000.00,6.00,24,2026-01-27,2026-07-14,780.00,4110.60,Aprobado,VENCIDA,Importacion desde cartera CSV,2026-03-27 15:42:24,2026-07-25 02:00:07,45,11112795043,,5,2,5,0.00,,7
1378,11117142959637,19000.00,4.00,48,2026-02-24,2027-01-26,608.00,20041.71,Aprobado,VENCIDA,Importacion desde cartera CSV,2026-03-27 15:42:24,2026-07-25 02:00:07,45,11112795043,,8,6,5,0.00,,35
1379,11117142959637,9800.00,6.00,24,2026-03-03,2026-08-18,588.00,6107.36,Aprobado,VENCIDA,Importacion desde cartera CSV,2026-03-27 15:42:24,2026-07-25 02:00:07,45,11113161382,,5,2,5,0.00,,12
1380,11117142959637,10000.00,4.00,48,2025-09-09,2026-08-11,320.00,2832.00,Aprobado,VENCIDA,Importacion desde cartera CSV,2026-03-27 15:42:24,2026-07-25 02:00:07,45,11113161382,,8,6,5,0.00,,11
1381,11117142959637,9800.00,6.00,24,2026-01-13,2026-06-30,588.00,2014.88,Aprobado,VENCIDA,Importacion desde cartera CSV,2026-03-27 15:42:24,2026-07-25 02:00:07,45,11113205769,,5,2,5,0.00,,5
1382,11117142959637,9800.00,6.00,24,2025-12-02,2026-05-19,588.00,-795.76,Terminado,VENCIDA,Importacion desde cartera CSV,2026-03-27 15:42:24,2026-05-19 00:00:00,,11113036082,,5,2,5,0.00,,1
1383,11117142959637,13000.00,6.00,24,2025-12-02,2026-05-19,780.00,-1058.20,Terminado,VENCIDA,Importacion desde cartera CSV,2026-03-27 15:42:24,2026-05-19 00:00:00,,11112889700,,5,2,5,0.00,,1
1384,11117142959637,15000.00,4.00,48,2025-12-30,2026-12-01,480.00,14513.60,Aprobado,VENCIDA,Importacion desde cartera CSV,2026-03-27 15:42:24,2026-07-25 02:00:07,80,11112889700,,8,6,5,0.00,,32
1385,11119422608973,9000.00,4.00,48,2026-01-27,2026-12-29,540.00,3990.60,Aprobado,VENCIDA,Importacion desde cartera CSV,2026-03-27 15:42:24,2026-07-25 02:00:07,45,11113042991,,8,6,5,0.00,,31
1386,11117142959637,13000.00,6.00,24,2025-11-07,2026-04-21,780.00,-1047.80,Terminado,VENCIDA,Importacion desde cartera CSV,2026-03-27 15:42:24,2026-04-21 00:00:00,,11112846773,,5,2,5,0.00,,1
1387,11119423046816,13000.00,6.00,18,2025-12-31,2026-05-06,936.00,-356.72,Terminado,VENCIDA,Importacion desde cartera CSV,2026-03-27 15:42:24,2026-05-06 00:00:00,,11112849831,,6,3,5,0.00,,0
1388,11119423046816,10000.00,4.00,48,2025-10-01,2026-09-02,320.00,3123.20,Aprobado,VENCIDA,Importacion desde cartera CSV,2026-03-27 15:42:24,2026-07-25 02:00:07,30,11112849831,,8,6,5,0.00,,12
1389,11119423046816,13000.00,6.00,18,2025-12-18,2026-04-22,936.00,-353.60,Terminado,VENCIDA,Importacion desde cartera CSV,2026-03-27 15:42:24,2026-04-22 00:00:00,,11112816492,,6,3,5,0.00,,1
1390,11119423046816,4000.00,8.00,13,2026-01-14,2026-04-15,400.00,0.00,Terminado,VENCIDA,Importacion desde cartera CSV,2026-03-27 15:42:24,2026-04-29 02:00:00,,11112816492,,9,5,5,0.00,,2
1391,11119423046816,13000.00,6.00,18,2026-03-18,2026-07-22,936.00,1014.12,Aprobado,ATRASADO,Importacion desde cartera CSV,2026-03-27 15:42:24,2026-07-25 02:00:07,2,11113207666,,6,3,5,0.00,,2
1392,11119423046816,15000.00,4.00,48,2025-08-13,2026-07-15,480.00,-849.60,Terminado,VENCIDA,Importacion desde cartera CSV,2026-03-27 15:42:24,2026-05-08 21:50:34,,11113207666,,8,6,5,0.00,,12
1393,11119423046816,12000.00,6.00,18,2026-01-28,2026-06-03,864.00,-329.28,Terminado,VENCIDA,Importacion desde cartera CSV,2026-03-27 15:42:24,2026-06-03 00:00:00,,11112871359,,6,3,5,0.00,,1
1394,11119423046816,13000.00,6.00,18,2026-02-11,2026-06-17,936.00,-387.92,Terminado,VENCIDA,Importacion desde cartera CSV,2026-03-27 15:42:24,2026-05-16 02:00:00,,11113131595,,6,3,5,0.00,,8
1395,11119423046816,15000.00,4.00,48,2025-10-22,2026-09-23,480.00,6230.40,Aprobado,VENCIDA,Importacion desde cartera CSV,2026-03-27 15:42:24,2026-07-25 02:00:07,30,11113131595,,8,6,5,0.00,,15
1396,11119423046816,3000.00,6.00,18,2026-02-11,2026-06-17,216.00,0.00,Terminado,VENCIDA,Importacion desde cartera CSV,2026-03-27 15:42:24,2026-06-12 02:00:03,,11112982584,,6,3,5,0.00,,8
1397,11119423046816,8000.00,6.00,18,2025-11-28,2026-04-01,576.00,0.00,Terminado,VENCIDA,Importacion desde cartera CSV,2026-03-27 15:42:24,2026-04-09 02:00:00,,11112772748,,6,3,5,0.00,,2
1398,11119423046816,13000.00,6.00,18,2026-03-11,2026-07-15,936.00,-840.32,Terminado,VENCIDA,Importacion desde cartera CSV,2026-03-27 15:42:24,2026-07-04 02:00:08,,11112872200,,6,3,5,0.00,,5
1399,11119423046816,9800.00,6.00,18,2026-01-21,2026-05-27,706.00,-285.54,Terminado,VENCIDA,Importacion desde cartera CSV,2026-03-27 15:42:24,2026-05-27 00:00:00,,11112917272,,6,3,5,0.00,,0
1400,11119422608973,9800.00,6.00,24,2026-03-02,2026-08-17,587.99,-1103.48,Terminado,VENCIDA,Importacion desde cartera CSV,2026-03-27 15:42:24,2026-07-23 02:00:07,,11113101306,,5,2,5,0.00,,12
1401,11119423044721,9800.00,6.00,24,2026-03-02,2026-08-17,587.99,-1103.48,Terminado,VENCIDA,Importacion desde cartera CSV,2026-03-27 15:42:24,2026-07-23 02:00:07,,11112658700,,5,2,5,0.00,,12
1402,11119422608973,9800.00,6.00,24,2026-03-02,2026-08-17,587.99,-1103.48,Terminado,VENCIDA,Importacion desde cartera CSV,2026-03-27 15:42:24,2026-07-23 02:00:07,,11113022524,,5,2,5,0.00,,12
1403,11119423044721,9800.00,6.00,24,2026-03-02,2026-08-17,587.99,-1103.48,Terminado,VENCIDA,Importacion desde cartera CSV,2026-03-27 15:42:24,2026-07-23 02:00:07,,11112748267,,5,2,5,0.00,,12
1404,11119422608973,9800.00,6.00,24,2026-03-02,2026-08-17,587.99,-1103.48,Terminado,VENCIDA,Importacion desde cartera CSV,2026-03-27 15:42:24,2026-07-23 02:00:07,,11112754934,,5,2,5,0.00,,12
1405,11119423046816,9000.00,6.00,24,2026-01-19,2026-07-06,540.00,0.00,Terminado,VENCIDA,Importacion desde cartera CSV,2026-03-27 15:42:24,2026-07-03 02:00:04,,11112777895,,5,2,5,0.00,,6
1406,11119423044721,4000.00,6.00,24,2026-03-09,2026-08-24,240.00,-448.00,Terminado,VENCIDA,Importacion desde cartera CSV,2026-03-27 15:42:24,2026-07-23 02:00:07,,11112622956,,5,2,5,0.00,,13
1407,11119423044721,4000.00,6.00,24,2026-03-09,2026-08-24,240.00,-448.00,Terminado,VENCIDA,Importacion desde cartera CSV,2026-03-27 15:42:24,2026-07-23 02:00:07,,11112626649,,5,2,5,0.00,,13
1408,11117142959637,7000.00,6.00,18,2025-12-16,2026-04-21,504.00,0.00,Terminado,VENCIDA,Importacion desde cartera CSV,2026-03-27 15:42:24,2026-04-21 00:00:00,,11113091669,,6,3,5,0.00,,0
1409,11119423046816,3000.00,8.00,13,2026-01-08,2026-04-08,300.00,0.00,Terminado,VENCIDA,Importacion desde cartera CSV,2026-03-27 15:42:24,2026-04-08 00:00:00,,11112818097,,9,5,5,0.00,,1
1410,11119423046816,9800.00,6.00,24,2025-10-17,2026-03-30,588.00,0.00,Terminado,VENCIDA,Importacion desde cartera CSV,2026-03-27 15:42:24,2026-04-07 02:00:00,,11113169180,,5,2,5,0.00,,2
1411,11119423046816,2000.00,8.00,13,2026-01-26,2026-04-27,200.00,0.00,Terminado,VENCIDA,Importacion desde cartera CSV,2026-03-27 15:42:24,2026-04-27 00:00:00,,11113169180,,9,5,5,0.00,,0
1412,11119423046816,9800.00,6.00,24,2026-03-16,2026-08-31,588.00,5658.19,Aprobado,VENCIDA,Importacion desde cartera CSV,2026-03-27 15:42:24,2026-07-25 02:00:07,25,11112789848,,5,2,5,0.00,,11
1413,11119423046816,2000.00,8.00,13,2026-01-26,2026-04-27,200.00,0.00,Terminado,VENCIDA,Importacion desde cartera CSV,2026-03-27 15:42:24,2026-04-29 16:00:00,,11112789848,,9,5,5,0.00,,1
1414,11119423046816,4000.00,6.00,24,2025-10-17,2026-03-30,240.00,0.00,Terminado,VENCIDA,Importacion desde cartera CSV,2026-03-27 15:42:24,2026-04-08 02:00:00,,11112962972,,5,2,5,0.00,,2
1415,11119423046816,9800.00,6.00,24,2026-03-16,2026-08-31,588.00,5658.19,Aprobado,VENCIDA,Importacion desde cartera CSV,2026-03-27 15:42:24,2026-07-25 02:00:07,25,11112993402,,5,2,5,0.00,,11
1416,11119423046816,9800.00,6.00,24,2026-03-16,2026-08-31,588.00,2629.52,Aprobado,VENCIDA,Importacion desde cartera CSV,2026-03-27 15:42:24,2026-07-25 02:00:07,,11113061706,,5,2,5,0.00,,7
1417,11119423046816,9800.00,6.00,24,2026-03-16,2026-08-31,588.00,5658.19,Aprobado,VENCIDA,Importacion desde cartera CSV,2026-03-27 15:42:24,2026-07-25 02:00:07,25,11112716131,,5,2,5,0.00,,11
1418,11119423044721,6000.00,6.00,18,2026-01-22,2026-05-28,432.00,-171.84,Terminado,VENCIDA,Importacion desde cartera CSV,2026-03-27 15:42:24,2026-05-16 17:12:04,,11113091556,,6,3,5,0.00,,4
1419,11119422608973,13000.00,6.00,24,2025-10-15,2026-04-01,780.00,0.00,Terminado,VENCIDA,Importacion desde cartera CSV,2026-03-27 15:42:24,2026-04-09 02:00:00,,11113085560,,5,2,5,0.00,,2
1420,11119422608973,13000.00,6.00,24,2025-10-15,2026-04-01,780.00,0.00,Terminado,VENCIDA,Importacion desde cartera CSV,2026-03-27 15:42:24,2026-04-09 02:00:00,,11112958983,,5,2,5,0.00,,2
1421,11119422608973,19000.00,4.00,48,2025-12-24,2026-11-25,608.00,17771.84,Aprobado,VENCIDA,Importacion desde cartera CSV,2026-03-27 15:42:24,2026-07-25 02:00:07,79,11112958983,,8,6,5,0.00,,31
1422,11119423044721,13000.00,6.00,24,2025-10-15,2026-04-01,780.00,0.00,Terminado,VENCIDA,Importacion desde cartera CSV,2026-03-27 15:42:24,2026-04-09 02:00:00,,11113105160,,5,2,5,0.00,,2
1423,11119423044721,10000.00,4.00,48,2025-07-16,2026-06-17,320.00,-576.00,Terminado,VENCIDA,Importacion desde cartera CSV,2026-03-27 15:42:24,2026-05-15 02:00:00,,11113105160,,8,6,5,0.00,,8
1424,11119423044721,13000.00,6.00,24,2025-10-15,2026-04-01,780.00,0.00,Terminado,VENCIDA,Importacion desde cartera CSV,2026-03-27 15:42:24,2026-04-09 02:00:00,,11113054433,,5,2,5,0.00,,2
1425,11119423044721,20000.00,4.00,48,2025-07-02,2026-06-03,640.00,-1228.80,Terminado,VENCIDA,Importacion desde cartera CSV,2026-03-27 15:42:24,2026-05-29 02:00:02,,11113054433,,8,6,5,0.00,,6
1426,11119422608973,9800.00,6.00,24,2025-10-15,2026-04-01,588.00,0.00,Terminado,VENCIDA,Importacion desde cartera CSV,2026-03-27 15:42:24,2026-04-09 02:00:00,,11112893338,,5,2,5,0.00,,2
1427,11117142959637,9000.00,5.00,32,2025-09-16,2026-04-28,412.00,0.00,Terminado,VENCIDA,Importacion desde cartera CSV,2026-03-27 15:42:24,2026-04-28 00:00:00,,11112699307,,38,34,5,0.00,,0
1428,11117142959637,3500.00,6.00,18,2025-12-16,2026-04-21,252.00,0.00,Terminado,VENCIDA,Importacion desde cartera CSV,2026-03-27 15:42:24,2026-04-21 17:00:00,,11113033618,,6,3,5,0.00,,1
1429,11117142959637,12000.00,6.00,24,2026-03-12,2026-08-27,720.00,-1325.80,Terminado,VENCIDA,Importacion desde cartera CSV,2026-03-27 15:42:24,2026-07-25 02:00:07,,11113021078,,5,2,5,0.00,,12
1430,11117142959637,12000.00,6.00,24,2026-02-19,2026-08-06,720.00,6124.20,Aprobado,VENCIDA,Importacion desde cartera CSV,2026-03-27 15:42:24,2026-07-25 02:00:07,43,11112927981,,5,2,5,0.00,,10
1431,11117142959637,16000.00,4.00,48,2026-02-05,2027-01-07,512.00,19063.46,Aprobado,VENCIDA,Importacion desde cartera CSV,2026-03-27 15:42:24,2026-07-25 02:00:07,92,11112927981,,8,6,5,0.00,,39
1432,11117142959637,25000.00,6.00,32,2025-08-22,2026-04-02,1206.00,0.00,Terminado,VENCIDA,Importacion desde cartera CSV,2026-03-27 15:42:24,2026-04-08 02:00:00,,11112764956,,11,8,5,0.00,,2
1433,11117142959637,9800.00,6.00,24,2026-03-19,2026-09-03,588.00,7367.83,Aprobado,VENCIDA,Importacion desde cartera CSV,2026-03-27 15:42:24,2026-07-25 02:00:07,43,11112882874,,5,2,5,0.00,,14
1434,11117142959637,10000.00,4.00,48,2025-09-11,2026-08-13,320.00,-683.73,Terminado,VENCIDA,Importacion desde cartera CSV,2026-03-27 15:42:24,2026-06-19 23:06:58,,11112882874,,8,6,5,0.00,,15
1435,11117142959637,13000.00,6.00,24,2026-01-22,2026-07-09,780.00,-1213.00,Terminado,VENCIDA,Importacion desde cartera CSV,2026-03-27 15:42:24,2026-06-27 02:00:08,,11112924530,,5,2,5,0.00,,6
1436,11117142959637,17000.00,4.00,48,2025-12-04,2026-11-05,544.00,9099.31,Aprobado,VENCIDA,Importacion desde cartera CSV,2026-03-27 15:42:24,2026-07-25 02:00:07,15,11112924530,,8,6,5,0.00,,19
1437,11117142959637,12000.00,6.00,24,2026-02-05,2026-07-23,720.00,-1325.40,Terminado,VENCIDA,Importacion desde cartera CSV,2026-03-27 15:42:24,2026-07-18 02:00:07,,11112773739,,5,2,5,0.00,,8
1438,11117142959637,10000.00,4.00,48,2025-11-13,2026-10-15,320.00,3892.27,Aprobado,VENCIDA,Importacion desde cartera CSV,2026-03-27 15:42:24,2026-07-25 02:00:07,8,11112773739,,8,6,5,0.00,,15
1439,11119422608973,7000.00,6.00,24,2026-02-05,2026-07-23,420.00,-724.40,Terminado,VENCIDA,Importacion desde cartera CSV,2026-03-27 15:42:24,2026-07-18 02:00:07,,11112971667,,5,2,5,0.00,,7
1440,11119422608973,18000.00,4.00,48,2025-11-06,2026-10-08,576.00,-1632.00,Terminado,VENCIDA,Importacion desde cartera CSV,2026-03-27 15:42:24,2026-07-18 02:00:07,,11112971667,,8,6,5,0.00,,23
1441,11117142959637,4000.00,6.00,24,2026-02-05,2026-07-23,240.00,1561.20,Aprobado,VENCIDA,Importacion desde cartera CSV,2026-03-27 15:42:24,2026-07-25 02:00:07,43,11112872212,,5,2,5,0.00,,8
1442,11117142959637,12000.00,6.00,24,2026-01-01,2026-06-18,720.00,0.00,Terminado,VENCIDA,Importacion desde cartera CSV,2026-03-27 15:42:24,2026-06-21 02:00:03,,11112963613,,5,2,5,0.00,,3
1443,11117142959637,15000.00,4.00,48,2025-07-17,2026-06-18,480.00,0.00,Terminado,VENCIDA,Importacion desde cartera CSV,2026-03-27 15:42:24,2026-06-21 02:00:03,,11112963613,,8,6,5,0.00,,7
1444,11117142959637,10000.00,4.00,48,2025-08-14,2026-07-16,320.00,-595.20,Terminado,VENCIDA,Importacion desde cartera CSV,2026-03-27 15:42:24,2026-05-30 02:00:04,,11112828133,,8,6,5,0.00,,11
1445,11117142959637,12000.00,6.00,24,2026-01-01,2026-06-18,720.00,-986.40,Terminado,VENCIDA,Importacion desde cartera CSV,2026-03-27 15:42:24,2026-05-15 17:46:24,,11113046154,,5,2,5,0.00,,7
1446,11117142959637,10000.00,4.00,48,2025-11-13,2026-10-15,320.00,7108.27,Aprobado,VENCIDA,Importacion desde cartera CSV,2026-03-27 15:42:24,2026-07-25 02:00:07,71,11113046154,,8,6,5,0.00,,24
1447,11117142959637,7000.00,6.00,24,2026-01-01,2026-06-18,420.00,633.60,Aprobado,VENCIDA,Importacion desde cartera CSV,2026-03-27 15:42:24,2026-07-25 02:00:07,43,11113028726,,5,2,5,0.00,,3
1448,11117142959637,4000.00,8.00,13,2026-02-12,2026-05-14,400.00,0.00,Terminado,VENCIDA,Importacion desde cartera CSV,2026-03-27 15:42:24,2026-06-03 22:28:37,,11113028726,,9,5,5,0.00,,2
1449,11117142959637,9500.00,6.00,24,2025-12-25,2026-06-11,570.00,-780.90,Terminado,VENCIDA,Importacion desde cartera CSV,2026-03-27 15:42:24,2026-05-22 21:22:10,,11112763680,,5,2,5,0.00,,6
1450,11117142959637,8000.00,4.00,48,2025-11-27,2026-10-29,256.00,5141.61,Aprobado,VENCIDA,Importacion desde cartera CSV,2026-03-27 15:42:24,2026-07-25 02:00:07,43,11112763680,,8,6,5,0.00,,22
1451,11117142959637,9000.00,6.00,24,2025-11-13,2026-04-30,540.00,-730.80,Terminado,VENCIDA,Importacion desde cartera CSV,2026-03-27 15:42:24,2026-04-30 00:00:00,,11112996430,,5,2,5,0.00,,0
1452,11117142959637,3000.00,8.00,13,2025-12-26,2026-03-26,299.99,0.00,Terminado,VENCIDA,Importacion desde cartera CSV,2026-03-27 15:42:24,2026-04-10 02:00:01,,11112996430,,9,5,5,0.00,,1
1453,11117142959637,9800.00,6.00,24,2025-11-13,2026-04-30,588.00,-784.00,Terminado,VENCIDA,Importacion desde cartera CSV,2026-03-27 15:42:24,2026-04-30 00:00:00,,11112833441,,5,2,5,0.00,,0
1454,11117142959637,3000.00,8.00,13,2026-02-05,2026-05-07,299.99,-130.00,Terminado,VENCIDA,Importacion desde cartera CSV,2026-03-27 15:42:24,2026-05-08 23:00:00,,11112833441,,9,5,5,0.00,,1
1455,11117142959637,8000.00,4.00,48,2025-08-28,2026-07-30,256.00,-480.43,Terminado,VENCIDA,Importacion desde cartera CSV,2026-03-27 15:42:24,2026-06-02 02:00:04,,11112833441,,8,6,5,0.00,,13
1456,11117142959637,11000.00,6.00,24,2025-11-13,2026-04-30,660.00,0.00,Terminado,VENCIDA,Importacion desde cartera CSV,2026-03-27 15:42:24,2026-05-07 02:00:00,,11112751250,,5,2,5,0.00,,4
1457,11117142959637,12000.00,6.00,24,2026-03-12,2026-08-27,720.00,8284.20,Aprobado,VENCIDA,Importacion desde cartera CSV,2026-03-27 15:42:24,2026-07-25 02:00:07,43,11112956989,,5,2,5,0.00,,13
1485,11117142959637,10000.00,4.00,48,2025-08-28,2026-07-30,320.00,-678.40,Terminado,VENCIDA,Importacion desde cartera CSV,2026-03-27 15:42:27,2026-06-19 23:06:58,,11112956989,,8,6,5,0.00,,13
1486,11119422608973,5000.00,6.00,24,2025-10-25,2026-04-09,300.00,0.00,Terminado,VENCIDA,Importacion desde cartera CSV,2026-03-27 15:42:27,2026-04-10 02:00:01,,11113081447,,5,2,5,0.00,,3
1487,11119422608973,3000.00,6.00,24,2025-10-25,2026-04-09,180.00,-241.80,Terminado,VENCIDA,Importacion desde cartera CSV,2026-03-27 15:42:27,2026-04-10 02:00:01,,11112846271,,5,2,5,0.00,,3
1488,11119422608973,7000.00,6.00,24,2025-12-04,2026-05-21,419.99,-575.40,Terminado,VENCIDA,Importacion desde cartera CSV,2026-03-27 15:42:27,2026-04-25 02:00:00,,11113012821,,5,2,5,0.00,,7
1489,11119422608973,10000.00,4.00,48,2026-02-12,2027-01-14,320.00,9948.27,Aprobado,VENCIDA,Importacion desde cartera CSV,2026-03-27 15:42:27,2026-07-25 02:00:07,43,11113012821,,8,6,5,0.00,,33
1490,11117142959637,3000.00,6.00,24,2025-12-04,2026-05-21,180.00,-246.60,Terminado,VENCIDA,Importacion desde cartera CSV,2026-03-27 15:42:27,2026-05-16 17:32:23,,11113053191,,5,2,5,0.00,,3
1491,11117142959637,7000.00,6.00,24,2025-11-27,2026-05-14,419.99,-575.40,Terminado,VENCIDA,Importacion desde cartera CSV,2026-03-27 15:42:27,2026-04-25 02:00:00,,11112863857,,5,2,5,0.00,,6
1492,11117142959637,2000.00,8.00,13,2026-03-19,2026-06-18,200.00,1316.92,Aprobado,VENCIDA,Importacion desde cartera CSV,2026-03-27 15:42:27,2026-07-25 02:00:07,71,11112863857,,9,5,5,0.00,,7
1493,11117142959637,30000.00,6.00,32,2026-01-15,2026-08-27,1447.00,-2638.51,Terminado,VENCIDA,Importacion desde cartera CSV,2026-03-27 15:42:27,2026-07-18 02:00:07,,11112881178,,11,8,5,0.00,,13
1494,11117142959637,12000.00,6.00,24,2025-12-25,2026-06-11,720.00,-986.40,Terminado,VENCIDA,Importacion desde cartera CSV,2026-03-27 15:42:27,2026-06-02 02:00:04,,11113096161,,5,2,5,0.00,,6
1495,11117142959637,10000.00,4.00,48,2025-07-24,2026-06-25,320.00,996.27,Aprobado,VENCIDA,Importacion desde cartera CSV,2026-03-27 15:42:27,2026-07-25 02:00:07,50,11113096161,,8,6,5,0.00,,5
1496,11117142959637,6000.00,6.00,24,2026-01-29,2026-07-16,360.00,1984.00,Aprobado,VENCIDA,Importacion desde cartera CSV,2026-03-27 15:42:27,2026-07-25 02:00:07,43,11112902202,,5,2,5,0.00,,7
1497,11117142959637,4000.00,6.00,24,2026-01-29,2026-07-16,240.00,-362.80,Terminado,VENCIDA,Importacion desde cartera CSV,2026-03-27 15:42:27,2026-06-19 02:00:05,,11112801054,,5,2,5,0.00,,7
1498,11117142959637,4000.00,6.00,24,2025-11-20,2026-05-07,240.00,0.00,Terminado,VENCIDA,Importacion desde cartera CSV,2026-03-27 15:42:27,2026-05-07 02:00:00,,11112933863,,5,2,5,0.00,,5
1499,11117142959637,11000.00,6.00,24,2025-11-13,2026-04-30,660.00,0.00,Terminado,VENCIDA,Importacion desde cartera CSV,2026-03-27 15:42:27,2026-05-07 02:00:00,,11113184661,,5,2,5,0.00,,4
1500,11117142959637,8000.00,4.00,48,2025-11-27,2026-10-29,256.00,4099.69,Aprobado,VENCIDA,Importacion desde cartera CSV,2026-03-27 15:42:27,2026-07-25 02:00:07,15,11113184661,,8,6,5,0.00,,18
1501,11117142959637,6000.00,6.00,24,2026-01-01,2026-06-18,360.00,-492.00,Terminado,VENCIDA,Importacion desde cartera CSV,2026-03-27 15:42:27,2026-06-02 02:00:04,,11112761450,,5,2,5,0.00,,7
1502,11117142959637,7000.00,6.00,24,2026-02-19,2026-08-06,420.00,3573.60,Aprobado,VENCIDA,Importacion desde cartera CSV,2026-03-27 15:42:27,2026-07-25 02:00:07,43,11112998003,,5,2,5,0.00,,10
1503,11117142959637,7000.00,6.00,24,2026-02-26,2026-08-13,420.00,3992.20,Aprobado,VENCIDA,Importacion desde cartera CSV,2026-03-27 15:42:27,2026-07-25 02:00:07,43,11113113052,,5,2,5,0.00,,11
1504,11117142959637,2000.00,8.00,13,2026-01-02,2026-04-02,200.00,0.00,Terminado,VENCIDA,Importacion desde cartera CSV,2026-03-27 15:42:27,2026-04-10 02:00:01,,11113113052,,9,5,5,0.00,,2
1505,11117142959637,4000.00,6.00,24,2025-11-06,2026-04-23,240.00,-324.00,Terminado,VENCIDA,Importacion desde cartera CSV,2026-03-27 15:42:27,2026-04-23 00:00:00,,11113051816,,5,2,5,0.00,,0
1506,11117142959637,4000.00,6.00,24,2026-01-08,2026-06-25,240.00,602.00,Aprobado,VENCIDA,Importacion desde cartera CSV,2026-03-27 15:42:27,2026-07-25 02:00:07,43,11112666627,,5,2,5,0.00,,4
1507,11117142959637,3000.00,6.00,24,2026-01-08,2026-06-25,180.00,451.00,Aprobado,VENCIDA,Importacion desde cartera CSV,2026-03-27 15:42:27,2026-07-25 02:00:07,43,11113036993,,5,2,5,0.00,,4
1508,11117142959637,4000.00,6.00,24,2026-02-12,2026-07-30,240.00,-414.80,Terminado,VENCIDA,Importacion desde cartera CSV,2026-03-27 15:42:27,2026-07-11 02:00:05,,11112939631,,5,2,5,0.00,,9
1509,11117142959637,9000.00,6.00,24,2025-11-13,2026-04-30,540.00,-738.00,Terminado,VENCIDA,Importacion desde cartera CSV,2026-03-27 15:42:27,2026-05-06 16:54:52,,11112946318,,5,2,5,0.00,,3
1510,11117142959637,7000.00,6.00,24,2026-01-29,2026-07-16,419.99,-678.20,Terminado,VENCIDA,Importacion desde cartera CSV,2026-03-27 15:42:27,2026-07-04 02:00:08,,11112828093,,5,2,5,0.00,,7
1511,11117142959637,4000.00,6.00,24,2025-12-25,2026-06-11,240.00,0.00,Terminado,VENCIDA,Importacion desde cartera CSV,2026-03-27 15:42:27,2026-07-11 02:00:05,,11112833520,,5,2,5,0.00,,6
1512,11119422608973,9800.00,6.00,18,2025-11-28,2026-04-02,706.00,0.00,Terminado,VENCIDA,Importacion desde cartera CSV,2026-03-27 15:42:27,2026-04-10 02:00:01,,11112908135,,6,3,5,0.00,,2
1513,11119422608973,3000.00,8.00,13,2026-01-15,2026-04-16,300.00,0.00,Terminado,VENCIDA,Importacion desde cartera CSV,2026-03-27 15:42:27,2026-05-07 02:00:00,,11112908135,,9,5,5,0.00,,1
1514,11117142959637,9800.00,6.00,18,2025-11-28,2026-04-02,706.00,0.00,Terminado,VENCIDA,Importacion desde cartera CSV,2026-03-27 15:42:27,2026-04-10 02:00:01,,11112889189,,6,3,5,0.00,,2
1515,11117142959637,9800.00,6.00,18,2026-03-19,2026-07-23,706.00,-668.25,Terminado,VENCIDA,Importacion desde cartera CSV,2026-03-27 15:42:27,2026-06-30 02:00:08,,11113045113,,6,3,5,0.00,,12
1516,11117142959637,7000.00,6.00,18,2026-02-05,2026-06-11,504.00,2823.52,Aprobado,VENCIDA,Importacion desde cartera CSV,2026-03-27 15:42:27,2026-07-25 02:00:07,71,11113218407,,6,3,5,0.00,,6
1517,11117142959637,13000.00,6.00,18,2026-02-12,2026-06-18,936.00,6176.56,Aprobado,VENCIDA,Importacion desde cartera CSV,2026-03-27 15:42:27,2026-07-25 02:00:07,71,11113163277,,6,3,5,0.00,,7
1518,11117142959637,16000.00,4.00,48,2026-03-19,2027-02-18,512.00,20601.33,Aprobado,VENCIDA,Importacion desde cartera CSV,2026-03-27 15:42:27,2026-07-25 02:00:07,71,11113163277,,8,6,5,0.00,,42
1519,11119422608973,9800.00,6.00,18,2026-12-18,2027-04-23,706.00,0.00,Terminado,VIGENTE,Importacion desde cartera CSV,2026-03-27 15:42:27,2026-05-06 19:40:43,,11112938387,,6,3,5,0.00,,0
1520,11119422608973,10000.00,4.00,48,2025-10-09,2026-09-10,320.00,-750.93,Terminado,VENCIDA,Importacion desde cartera CSV,2026-03-27 15:42:27,2026-06-30 02:00:08,,11112938387,,8,6,5,0.00,,19
1521,11119423046816,5000.00,6.00,24,2025-11-27,2026-05-14,299.99,-406.00,Terminado,VENCIDA,Importacion desde cartera CSV,2026-03-27 15:42:27,2026-05-14 00:00:00,,11112932017,,5,2,5,0.00,,1
1522,11119423046816,12000.00,6.00,24,2025-11-06,2026-04-23,720.00,0.00,Terminado,VENCIDA,Importacion desde cartera CSV,2026-03-27 15:42:27,2026-04-29 02:00:00,,11113005731,,5,2,5,0.00,,2
1523,11119423046816,104000.00,2.00,120,2024-02-08,2026-05-28,1444.50,-5778.00,Terminado,VENCIDA,Importacion desde cartera CSV,2026-03-27 15:42:27,2026-05-28 00:00:00,,11113029053,,39,35,5,0.00,,1
1524,11119423046816,12000.00,6.00,24,2025-10-30,2026-04-16,720.00,0.00,Terminado,VENCIDA,Importacion desde cartera CSV,2026-03-27 15:42:27,2026-04-16 00:00:00,,11113017302,,5,2,5,0.00,,1
1525,11119423046816,8000.00,6.00,24,2026-01-08,2026-06-25,480.00,-868.80,Terminado,VENCIDA,Importacion desde cartera CSV,2026-03-27 15:42:27,2026-06-25 20:00:00,,11112623811,,5,2,5,0.00,,2
1526,11119423046816,6000.00,6.00,24,2025-12-25,2026-06-11,360.00,-636.00,Terminado,VENCIDA,Importacion desde cartera CSV,2026-03-27 15:42:27,2026-06-18 02:00:07,,11112898863,,5,2,5,0.00,,7
1527,11119423046816,3000.00,6.00,24,2025-12-25,2026-06-11,180.00,2076.00,Aprobado,VENCIDA,Importacion desde cartera CSV,2026-03-27 15:42:27,2026-07-25 02:00:07,134,11112783089,,5,2,5,0.00,,13
1528,11119423046816,3000.00,6.00,24,2025-12-25,2026-06-11,180.00,1536.00,Aprobado,VENCIDA,Importacion desde cartera CSV,2026-03-27 15:42:27,2026-07-25 02:00:07,120,11112807346,,5,2,5,0.00,,10
1529,11119423046816,12000.00,6.00,24,2026-01-22,2026-07-09,720.00,0.00,Terminado,VENCIDA,Importacion desde cartera CSV,2026-03-27 15:42:27,2026-07-18 02:00:07,,11112871315,,5,2,5,0.00,,4
1530,11119423046816,8000.00,6.00,24,2025-10-09,2026-03-26,480.00,1293.32,Aprobado,VENCIDA,Importacion desde cartera CSV,2026-03-27 15:42:27,2026-07-25 02:00:07,141,11112934517,,5,2,5,0.00,,5
1531,11119423046816,3000.00,6.00,24,2025-10-09,2026-03-26,180.00,250.00,Aprobado,ATRASADO,Importacion desde cartera CSV,2026-03-27 15:42:27,2026-07-25 02:00:07,120,11113152077,,5,2,5,0.00,,2
1532,11119423044721,13000.00,6.00,18,2025-12-18,2026-04-23,936.00,-353.60,Terminado,VENCIDA,Importacion desde cartera CSV,2026-03-27 15:42:27,2026-04-23 00:00:00,,11112682329,,6,3,5,0.00,,0
1533,11119423044721,18000.00,4.00,48,2025-12-25,2026-11-26,576.00,12048.96,Aprobado,VENCIDA,Importacion desde cartera CSV,2026-03-27 15:42:27,2026-06-24 21:00:00,33,11112682329,,8,6,5,0.00,,23
1534,11119423044721,5000.00,6.00,18,2025-12-18,2026-04-23,360.00,0.00,Terminado,VENCIDA,Importacion desde cartera CSV,2026-03-27 15:42:27,2026-05-13 02:00:00,,11112822564,,6,3,5,0.00,,2
1535,11119423044721,9800.00,6.00,18,2026-03-19,2026-07-23,706.00,3033.54,Aprobado,VENCIDA,Importacion desde cartera CSV,2026-03-27 15:42:27,2026-07-25 02:00:07,22,11113036043,,6,3,5,0.00,,5
1536,11119423044721,5000.00,6.00,18,2025-12-04,2026-04-09,359.99,225.20,Aprobado,VENCIDA,Importacion desde cartera CSV,2026-03-27 15:42:27,2026-07-25 02:00:07,120,11112954311,,6,3,5,0.00,,4
1537,11119423044721,10000.00,4.00,48,2025-09-18,2026-08-20,319.99,554.67,Aprobado,VENCIDA,Importacion desde cartera CSV,2026-03-27 15:42:27,2026-06-25 01:28:09,,11112954461,,8,6,5,0.00,,4
1538,11119422608973,6000.00,6.00,18,2026-01-01,2026-05-07,432.00,0.00,Terminado,VENCIDA,Importacion desde cartera CSV,2026-03-27 15:42:27,2026-05-13 02:00:00,,11112984818,,6,3,5,0.00,,4
1539,11119423046816,5000.00,9.00,16,2025-12-09,2026-03-30,445.00,0.00,Terminado,VENCIDA,Importacion desde cartera CSV,2026-03-27 15:42:27,2026-04-07 17:00:00,6,11113019580,,12,9,6,0.00,,2
1540,11119423046816,5000.00,9.00,16,2026-01-26,2026-05-18,445.00,-322.97,Terminado,VENCIDA,Importacion desde cartera CSV,2026-03-27 15:42:27,2026-05-18 00:00:00,,11112855162,,12,9,6,0.00,,1
1541,11119423046816,15000.00,5.00,32,2025-11-11,2026-06-23,687.00,-1162.62,Terminado,VENCIDA,Importacion desde cartera CSV,2026-03-27 15:42:27,2026-06-03 02:00:04,,11112721007,,33,29,6,0.00,,9
1542,11119422608973,15000.00,5.00,32,2025-10-07,2026-05-19,687.00,-1011.48,Terminado,VENCIDA,Importacion desde cartera CSV,2026-03-27 15:42:27,2026-05-19 00:00:00,,11112856037,,33,29,6,0.00,,0
1543,11119423046816,25000.00,5.00,32,2025-09-23,2026-05-05,1144.00,-1646.14,Terminado,VENCIDA,Importacion desde cartera CSV,2026-03-27 15:42:27,2026-05-05 00:00:00,,11113009695,,33,29,6,0.00,,1
1544,11119422608973,7000.00,7.00,16,2026-03-10,2026-06-30,581.00,0.00,Terminado,VENCIDA,Importacion desde cartera CSV,2026-03-27 15:42:27,2026-07-03 02:00:04,,11113008354,,16,13,6,0.00,,3
1545,11119423046816,7000.00,7.00,16,2026-01-13,2026-05-05,581.00,-343.74,Terminado,VENCIDA,Importacion desde cartera CSV,2026-03-27 15:42:27,2026-05-05 00:00:00,,11112666665,,16,13,6,0.00,,0
1546,11119422608973,15000.00,5.00,32,2025-11-04,2026-06-16,687.00,-1180.94,Terminado,VENCIDA,Importacion desde cartera CSV,2026-03-27 15:42:27,2026-06-05 02:00:05,,11112862419,,33,29,6,0.00,,8
1547,11119422608973,10000.00,8.00,16,2026-01-13,2026-05-05,870.00,-731.60,Terminado,VENCIDA,Importacion desde cartera CSV,2026-03-27 15:42:27,2026-05-05 00:00:00,,11112893373,,19,16,6,0.00,,0
1548,11119422604915,25000.00,5.00,32,2026-03-03,2026-10-13,1144.00,18423.44,Aprobado,VENCIDA,Importacion desde cartera CSV,2026-03-27 15:42:27,2026-07-25 02:00:07,31,11112993643,,33,29,6,0.00,,18
1549,11119423046816,5000.00,9.00,16,2025-12-03,2026-03-24,445.00,0.00,Terminado,VENCIDA,Importacion desde cartera CSV,2026-03-27 15:42:27,2026-04-09 02:00:00,,11112896316,,12,9,6,0.00,,1
1550,11119422608973,20000.00,5.00,32,2025-10-07,2026-05-19,915.00,-1298.30,Terminado,VENCIDA,Importacion desde cartera CSV,2026-03-27 15:42:27,2026-05-19 00:00:00,,11113007142,,33,29,6,0.00,,0
1551,11119423046816,5000.00,9.00,16,2026-01-27,2026-05-19,445.00,0.00,Terminado,VENCIDA,Importacion desde cartera CSV,2026-03-27 15:42:27,2026-07-03 02:00:04,,11112948802,,12,9,6,0.00,,4
1552,11119423046816,7000.00,7.00,16,2025-12-03,2026-03-25,581.00,0.00,Terminado,VENCIDA,Importacion desde cartera CSV,2026-03-27 15:42:27,2026-04-29 02:00:00,,11113053778,,16,13,6,0.00,,1
1553,11119422608973,7000.00,7.00,16,2026-01-28,2026-05-20,581.00,-353.43,Terminado,VENCIDA,Importacion desde cartera CSV,2026-03-27 15:42:27,2026-05-20 15:00:00,,11112775265,,16,13,6,0.00,,0
1554,11119423046816,7000.00,7.00,16,2025-12-24,2026-04-15,581.00,0.00,Terminado,VENCIDA,Importacion desde cartera CSV,2026-03-27 15:42:27,2026-04-29 02:00:00,,11112712265,,16,13,6,0.00,,1
1555,11119422608973,15000.00,4.00,24,2025-12-12,2026-05-29,794.00,-479.82,Terminado,VENCIDA,Importacion desde cartera CSV,2026-03-27 15:42:27,2026-05-29 00:00:00,,11112993910,,34,30,6,0.00,,1
1556,11119422608973,10000.00,8.00,16,2025-12-20,2026-04-10,870.00,0.00,Terminado,VENCIDA,Importacion desde cartera CSV,2026-03-27 15:42:27,2026-04-10 02:00:01,,11113101539,,19,16,6,0.00,,1
1557,11119423046816,5000.00,9.00,16,2026-03-06,2026-06-26,445.00,486.93,Aprobado,ATRASADO,Importacion desde cartera CSV,2026-03-27 15:42:27,2026-07-25 02:00:07,28,11112961397,,12,9,6,0.00,,2
1558,11119423046816,7000.00,7.00,16,2026-01-23,2026-05-15,581.00,-347.62,Terminado,VENCIDA,Importacion desde cartera CSV,2026-03-27 15:42:27,2026-05-07 16:30:51,,11112811779,,16,13,6,0.00,,5
1612,111113612004634,3000.00,6.32,24,2026-03-31,,179.98,3000.00,Rechazado,VIGENTE,NEGOCIO,2026-03-31 19:49:23,2026-04-01 19:17:56,,11112936286,111113612004634,5,2,5,182.00,1,24
1613,111113612004634,3000.00,6.32,24,2026-03-31,,179.98,3000.00,Rechazado,VIGENTE,NEGOCIO,2026-03-31 19:51:17,2026-04-01 19:17:50,,11112936286,111113612004634,5,2,5,182.00,2,24
1614,111113612004634,13000.00,5.67,18,2026-04-02,2026-08-06,936.00,13084.98,Aprobado,VENCIDA,NEGOCIO,2026-04-01 19:17:28,2026-07-25 02:00:07,85,11113001966,111113612004634,6,3,5,530.70,3,16
1615,111113612004634,6000.00,5.67,18,2026-04-02,2026-08-06,432.00,6039.16,Aprobado,VENCIDA,NEGOCIO,2026-04-01 19:17:28,2026-07-25 02:00:07,71,11113148873,111113612004634,6,3,5,244.90,3,14
1616,111113612004634,2000.00,7.95,13,2026-04-02,2026-07-02,200.00,1795.50,Aprobado,VENCIDA,NEGOCIO,2026-04-01 19:29:29,2026-07-25 02:00:07,71,11113121146,111113612004634,9,5,5,82.70,4,9
1617,111113612004634,9600.00,5.67,18,2026-04-01,2026-08-05,691.20,-442.14,Terminado,VENCIDA,NEGOCIO,2026-04-01 20:28:58,2026-07-24 02:00:06,,11112936286,111113612004634,6,3,5,391.90,5,9
1618,111113612004634,7000.00,5.67,18,2026-04-01,2026-08-05,504.00,-322.00,Terminado,VENCIDA,NEGOCIO,2026-04-01 20:28:58,2026-07-24 02:00:06,,11112981187,111113612004634,6,3,5,285.80,5,9
1619,111113612004634,8600.00,5.67,18,2026-04-01,2026-08-05,619.20,6041.88,Aprobado,VENCIDA,NEGOCIO,2026-04-01 20:28:58,2026-07-25 02:00:07,44,11112842211,111113612004634,6,3,5,351.10,5,10
1620,111113612004634,7000.00,5.67,18,2026-04-01,2026-08-05,504.00,4918.40,Aprobado,VENCIDA,NEGOCIO,2026-04-01 20:28:58,2026-07-25 02:00:07,44,11112924808,111113612004634,6,3,5,285.80,5,10
1621,111113612004634,4000.00,5.67,18,2026-04-01,2026-08-05,288.00,-211.02,Terminado,VENCIDA,NEGOCIO,2026-04-01 20:28:58,2026-07-24 02:00:06,,11112919969,111113612004634,6,3,5,163.30,5,10
1622,111113612004634,8000.00,5.67,18,2026-04-03,2026-08-07,576.00,5718.28,Aprobado,VENCIDA,NEGOCIO,2026-04-01 21:18:41,2026-07-25 02:00:07,42,11112972707,111113612004634,6,3,5,326.60,6,10
1623,111113612004634,8000.00,5.67,18,2026-04-03,2026-08-07,576.00,5718.28,Aprobado,VENCIDA,NEGOCIO,2026-04-01 21:18:41,2026-07-25 02:00:07,42,11113203887,111113612004634,6,3,5,326.60,6,10
1624,111113612004634,20000.00,3.85,48,2026-03-31,2027-03-02,640.00,25508.80,Aprobado,VENCIDA,NEGOCIO,2026-04-01 22:26:13,2026-07-25 02:00:07,45,11112899272,111113612004634,8,6,5,1478.40,7,40
1625,111113612004634,9800.00,6.32,24,2026-04-01,2026-09-16,587.90,9266.44,Aprobado,VENCIDA,NEGOCIO,2026-04-01 22:47:32,2026-07-25 02:00:07,44,11112714868,111113612004634,5,2,5,594.60,8,16
1626,111113612004634,9800.00,6.32,24,2026-04-01,2026-09-16,587.90,8651.10,Aprobado,VENCIDA,NEGOCIO,2026-04-01 22:47:32,2026-07-25 02:00:07,37,11112816934,111113612004634,5,2,5,594.60,8,15
1627,111113612004634,9800.00,6.32,24,2026-04-01,2026-09-16,587.90,8672.32,Aprobado,VENCIDA,NEGOCIO,2026-04-01 22:47:32,2026-07-25 02:00:07,37,11112937194,111113612004634,5,2,5,594.60,8,15
1628,111113612004634,9800.00,6.32,24,2026-04-01,2026-09-16,587.90,7491.35,Aprobado,VENCIDA,NEGOCIO,2026-04-01 22:47:32,2026-07-25 02:00:07,23,11113112747,111113612004634,5,2,5,594.60,8,13
1629,111113612004634,9800.00,6.32,24,2026-04-01,2026-09-16,587.90,5564.63,Aprobado,VENCIDA,NEGOCIO,2026-04-01 22:47:32,2026-07-25 02:00:07,2,11113182605,111113612004634,5,2,5,594.60,8,10
1630,111113612004634,12000.00,6.32,24,2026-04-02,2026-09-17,719.90,11454.00,Aprobado,VENCIDA,NEGOCIO,2026-04-02 14:51:03,2026-07-25 02:00:07,43,11112828133,111113612004634,5,2,5,728.10,9,16
1631,111113612004634,9000.00,6.32,24,2026-03-31,2026-09-15,540.00,10246.20,Aprobado,VENCIDA,NEGOCIO,2026-04-02 15:36:55,2026-07-25 02:00:07,66,11112942147,111113612004634,5,2,5,546.00,10,19
1632,111113612004634,12000.00,6.32,24,2026-04-02,2026-09-17,719.90,14384.20,Aprobado,VENCIDA,NEGOCIO,2026-04-02 15:53:09,2026-07-25 02:00:07,71,11112833441,111113612004634,5,2,5,728.10,11,20
1633,111113612004634,9800.00,6.32,24,2026-03-31,2026-09-15,587.90,9926.41,Aprobado,VENCIDA,NEGOCIO,2026-04-02 16:05:43,2026-07-25 02:00:07,52,11112985973,111113612004634,5,2,5,594.60,12,17
1634,111113612004634,3000.00,7.95,13,2026-03-31,2026-06-30,299.90,0.00,Terminado,VENCIDA,NEGOCIO,2026-04-02 16:15:26,2026-07-23 02:00:07,,11112833535,111113612004634,9,5,5,124.00,13,5
1635,111113612004634,4000.00,7.95,13,2026-04-01,2026-07-01,399.90,0.00,Terminado,VENCIDA,NEGOCIO,2026-04-02 16:22:29,2026-06-27 02:00:08,,11112931340,111113612004634,9,5,5,165.40,14,3
1636,111113612004634,3000.00,5.67,18,2026-02-26,2026-07-02,216.00,-40.06,Terminado,VENCIDA,NEGOCIO,2026-04-02 16:43:03,2026-07-04 02:00:08,,11112886288,111113612004634,6,3,5,122.50,15,2
1637,111113612004634,6000.00,5.67,18,2026-04-02,2026-08-06,432.00,-170.84,Terminado,VENCIDA,NEGOCIO,2026-04-02 17:10:34,2026-07-25 02:00:07,,11112878795,111113612004634,6,3,5,244.90,16,8
1638,111113612004634,6000.00,5.67,18,2026-04-02,2026-08-06,432.00,-170.84,Terminado,VENCIDA,NEGOCIO,2026-04-02 17:10:34,2026-07-25 02:00:07,,11113026843,111113612004634,6,3,5,244.90,16,8
1639,111113612004634,5000.00,5.67,18,2026-04-02,2026-08-06,360.00,-141.30,Terminado,VENCIDA,NEGOCIO,2026-04-02 17:10:34,2026-07-25 02:00:07,,11112984529,111113612004634,6,3,5,204.10,16,8
1640,111113612004634,3000.00,5.67,18,2026-04-02,2026-08-06,216.00,778.58,Aprobado,VENCIDA,NEGOCIO,2026-04-02 17:10:34,2026-07-25 02:00:07,1,11112948571,111113612004634,6,3,5,122.50,16,4
1641,111113612004634,3000.00,7.95,13,2026-04-03,2026-07-03,299.90,0.00,Terminado,VENCIDA,NEGOCIO,2026-04-02 17:57:52,2026-07-04 02:00:08,,11112918295,111113612004634,9,5,5,124.00,17,4
1642,111113612004634,4000.00,6.32,24,2026-04-03,2026-09-18,240.00,3576.70,Aprobado,VENCIDA,NEGOCIO,2026-04-02 18:05:59,2026-07-25 02:00:07,35,11112809015,111113612004634,5,2,5,242.70,18,15
1643,111113612004634,9000.00,6.32,24,2026-04-03,2026-09-18,540.00,8049.00,Aprobado,VENCIDA,NEGOCIO,2026-04-02 18:06:42,2026-07-25 02:00:07,35,11112985466,111113612004634,5,2,5,546.00,19,15
1644,111113612004634,10000.00,3.85,48,2026-04-02,2027-03-04,320.00,12752.80,Aprobado,VENCIDA,NEGOCIO,2026-04-02 18:29:19,2026-07-25 02:00:07,43,11112996430,111113612004634,8,6,5,739.20,20,40
1645,111113612004634,9800.00,6.32,24,2026-03-23,2026-09-07,587.90,7021.98,Aprobado,VENCIDA,NEGOCIO,2026-04-06 16:45:55,2026-07-25 02:00:07,25,11112839233,111113612004634,5,2,5,594.60,21,12
1646,111113612004634,3000.00,7.95,13,2026-02-23,2026-05-25,299.90,-6.40,Terminado,VENCIDA,NEGOCIO,2026-04-06 17:40:52,2026-05-27 02:00:00,,11113202376,111113612004634,9,5,5,124.00,22,5
1647,111113612004634,6000.00,6.32,24,2026-01-26,2026-07-13,360.00,1421.20,Aprobado,VENCIDA,NEGOCIO,2026-04-06 17:46:27,2026-07-25 02:00:07,25,11113008579,111113612004634,5,2,5,364.00,23,4
1648,111113612004634,2000.00,7.95,13,2026-03-23,2026-06-22,200.00,0.00,Terminado,VENCIDA,NEGOCIO,2026-04-06 18:07:54,2026-06-26 22:00:00,,11113106411,111113612004634,9,5,5,82.70,24,1
1649,111113612004634,13000.00,3.85,48,2026-01-27,2026-12-29,416.00,12836.76,Aprobado,VENCIDA,NEGOCIO,2026-04-07 16:38:40,2026-07-25 02:00:07,45,11112922068,111113612004634,8,6,5,961.00,25,31
1650,111113612004634,10000.00,3.85,48,2025-12-30,2026-12-01,320.00,8594.40,Aprobado,VENCIDA,NEGOCIO,2026-04-07 16:59:29,2026-07-25 02:00:07,45,11113013620,111113612004634,8,6,5,739.20,26,27
1651,111113612004634,4000.00,6.32,24,2026-03-10,2026-08-25,240.00,3085.10,Aprobado,VENCIDA,NEGOCIO,2026-04-07 17:43:03,2026-07-25 02:00:07,45,11112949472,111113612004634,5,2,5,242.70,27,13
1652,111113612004634,4000.00,6.32,24,2026-03-10,2026-08-25,240.00,-34.90,Terminado,VENCIDA,NEGOCIO,2026-04-07 17:43:49,2026-06-26 02:00:09,,11112842761,111113612004634,5,2,5,242.70,28,13
1653,111113612004634,9800.00,6.32,24,2025-12-09,2026-05-26,587.90,2352.34,Aprobado,VENCIDA,NEGOCIO,2026-04-07 18:33:00,2026-07-25 02:00:07,80,11112744466,111113612004634,5,2,5,594.60,29,5
1654,111113612004634,3000.00,6.32,24,2026-03-24,2026-09-08,180.00,3055.40,Aprobado,VENCIDA,NEGOCIO,2026-04-07 18:47:42,2026-07-25 02:00:07,59,11112739578,111113612004634,5,2,5,182.00,30,17
1655,111113612004634,12000.00,6.32,24,2026-03-10,2026-08-25,719.90,9238.92,Aprobado,VENCIDA,NEGOCIO,2026-04-07 19:35:00,2026-07-25 02:00:07,45,11112919388,111113612004634,5,2,5,728.10,31,13
1656,111113612004634,9800.00,6.32,24,2026-03-24,2026-09-08,587.90,8660.67,Aprobado,VENCIDA,NEGOCIO,2026-04-07 21:25:55,2026-07-25 02:00:07,45,11112846773,111113612004634,5,2,5,594.60,32,15
1657,111113612004634,17000.00,3.85,48,2025-11-18,2026-10-20,544.00,11331.93,Aprobado,VENCIDA,NEGOCIO,2026-04-08 15:55:26,2026-07-25 02:00:07,45,11112919388,111113612004634,8,6,5,1256.60,33,21
1658,111113612004634,12000.00,7.07,16,2026-03-10,2026-06-30,996.00,0.00,Terminado,VENCIDA,negocio,2026-04-08 16:40:16,2026-07-03 02:00:04,,11112794953,111113612004634,24,20,6,542.98,,3
1660,111113612004634,7000.00,7.07,16,2026-03-24,2026-07-14,581.00,2632.27,Aprobado,VENCIDA,negocio,2026-04-08 16:52:01,2026-07-25 02:00:07,31,11112896316,111113612004634,16,13,6,316.74,,5
1661,111113612004634,3000.00,6.32,24,2025-11-12,2026-04-29,180.00,179.60,Terminado,VENCIDA,NEGOCIO,2026-04-08 18:39:33,2026-04-29 00:00:00,,11113042038,111113612004634,5,2,5,182.00,34,24
1662,111113612004634,3000.00,6.32,24,2025-12-24,2026-06-10,180.00,356.60,Aprobado,VENCIDA,NEGOCIO,2026-04-08 18:42:42,2026-07-25 02:00:07,86,11112943727,111113612004634,5,2,5,182.00,35,7
1663,111113612004634,9800.00,5.67,18,2026-03-25,2026-07-29,705.60,4594.01,Aprobado,VENCIDA,NEGOCIO,2026-04-08 19:54:48,2026-07-25 02:00:07,30,11112772748,111113612004634,6,3,5,400.10,36,7
1664,111113612004634,5000.00,5.67,18,2026-03-25,2026-07-29,360.00,-149.50,Terminado,VENCIDA,NEGOCIO,2026-04-08 19:59:30,2026-07-18 02:00:07,,11113005497,111113612004634,6,3,5,204.10,37,7
1665,111113612004634,8000.00,5.67,18,2026-03-25,2026-07-29,576.00,-368.84,Terminado,VENCIDA,NEGOCIO,2026-04-08 20:00:14,2026-07-18 02:00:07,,11113264674,111113612004634,6,3,5,326.60,38,7
1666,111113612004634,9800.00,6.32,24,2026-03-25,2026-09-09,587.90,8678.10,Aprobado,VENCIDA,NEGOCIO,2026-04-08 20:12:02,2026-07-25 02:00:07,44,11113073181,111113612004634,5,2,5,594.60,39,15
1667,111113612004634,13000.00,6.32,24,2026-03-25,2026-09-09,779.90,11512.40,Aprobado,VENCIDA,NEGOCIO,2026-04-08 20:12:02,2026-07-25 02:00:07,44,11113085560,111113612004634,5,2,5,788.70,39,15
1668,111113612004634,13000.00,6.32,24,2026-03-25,2026-09-09,779.90,11512.40,Aprobado,VENCIDA,NEGOCIO,2026-04-08 20:12:02,2026-07-25 02:00:07,44,11112958983,111113612004634,5,2,5,788.70,39,15
1669,111113612004634,13000.00,6.32,24,2026-03-25,2026-09-09,779.90,14009.90,Aprobado,VENCIDA,NEGOCIO,2026-04-08 20:12:02,2026-07-25 02:00:07,65,11113105160,111113612004634,5,2,5,788.70,39,18
1670,111113612004634,13000.00,6.32,24,2026-03-25,2026-09-09,779.90,12374.61,Aprobado,VENCIDA,NEGOCIO,2026-04-08 20:12:02,2026-07-25 02:00:07,51,11113054433,111113612004634,5,2,5,788.70,39,16
1671,111113612004634,9800.00,6.32,24,2026-03-25,2026-09-09,587.90,8678.10,Aprobado,VENCIDA,NEGOCIO,2026-04-08 20:12:02,2026-07-25 02:00:07,44,11112893338,111113612004634,5,2,5,594.60,39,15
1672,111113612004634,7000.00,7.07,16,2026-03-25,2026-07-15,581.00,-272.74,Terminado,VENCIDA,negocio,2026-04-08 20:20:24,2026-07-03 02:00:04,,11112781039,111113612004634,16,13,6,316.74,,5
1673,111113612004634,4000.00,6.32,24,2026-03-26,2026-09-10,240.00,3564.70,Aprobado,VENCIDA,NEGOCIO,2026-04-09 17:55:03,2026-07-25 02:00:07,43,11113026469,111113612004634,5,2,5,242.70,40,15
1674,111113612004634,5000.00,9.13,16,2026-04-06,2026-07-27,444.90,-245.23,Terminado,VENCIDA,NEGO,2026-04-09 20:14:28,2026-07-09 02:00:05,,11112714005,111113612004634,12,9,6,292.16,,7
1675,111113612004634,17000.00,3.85,48,2026-04-07,2027-03-09,544.00,22251.83,Aprobado,VENCIDA,NEGOCIO,2026-04-09 20:31:48,2026-07-25 02:00:07,45,11113061406,111113612004634,8,6,5,1256.60,41,41
1676,111113612004634,10000.00,8.45,16,2026-04-10,2026-07-31,870.00,5928.40,Aprobado,VENCIDA,NEGOCIO,2026-04-09 20:42:42,2026-07-25 02:00:07,28,11113101539,111113612004634,19,16,6,540.80,,7
1677,111113612004634,15000.00,3.85,48,2026-04-10,2027-03-12,480.00,17176.60,Aprobado,VENCIDA,NEGOCIO,2026-04-09 20:55:08,2026-07-25 02:00:07,7,11113139475,111113612004634,8,6,5,1108.80,42,36
1678,111113612004634,12000.00,6.32,24,2026-04-07,2026-09-22,719.90,12118.92,Aprobado,VENCIDA,NEGOCIO,2026-04-09 21:06:58,2026-07-25 02:00:07,45,11112917095,111113612004634,5,2,5,728.10,43,17
1679,111113612004634,8000.00,5.67,18,2026-04-07,2026-08-11,576.00,5623.48,Aprobado,VENCIDA,NEGOCIO,2026-04-09 21:20:22,2026-07-25 02:00:07,38,11113091669,111113612004634,6,3,5,326.60,44,10
1680,111113612004634,50000.00,3.88,24,2026-04-10,2026-09-25,2645.90,60856.40,Aprobado,VENCIDA,negocio,2026-04-10 18:39:41,2026-07-25 02:00:07,84,11113236921,111113612004634,34,30,6,1862.40,,23
1681,111113612004634,4000.00,7.95,13,2026-04-07,2026-07-07,399.90,0.00,Terminado,VENCIDA,NEGOCIO,2026-04-10 20:14:53,2026-07-10 02:00:05,,11112998182,111113612004634,9,5,5,165.40,45,5
1682,111113612004634,13000.00,6.32,24,2026-04-10,2026-09-25,779.90,12406.80,Aprobado,VENCIDA,NEGOCIO,2026-04-10 20:25:35,2026-07-25 02:00:07,35,11113058061,111113612004634,5,2,5,788.70,46,16
1683,111113612004634,10000.00,4.62,32,2026-04-06,2026-11-16,446.50,11152.97,Aprobado,VENCIDA,NEGOCIO,2026-04-10 20:37:31,2026-07-25 02:00:07,46,11112946258,111113612004634,38,34,5,591.40,47,25
1684,111113612004634,10000.00,4.62,32,2026-04-09,2026-11-19,446.50,12946.41,Aprobado,VENCIDA,NEGOCIO,2026-04-10 20:41:49,2026-07-25 02:00:07,71,11113066526,111113612004634,38,34,5,591.40,48,29
1685,111113612004634,9800.00,5.67,18,2026-04-09,2026-08-13,705.60,7659.89,Aprobado,VENCIDA,NEGOCIO,2026-04-10 22:09:24,2026-07-25 02:00:07,43,11112707655,111113612004634,6,3,5,400.10,49,11
1686,111113612004634,9800.00,5.67,18,2026-04-09,2026-08-13,705.60,7659.89,Aprobado,VENCIDA,NEGOCIO,2026-04-10 22:09:24,2026-07-25 02:00:07,43,11113205041,111113612004634,6,3,5,400.10,49,11
1687,111113612004634,6000.00,5.67,18,2026-04-09,2026-08-13,432.00,4689.16,Aprobado,VENCIDA,NEGOCIO,2026-04-10 22:09:24,2026-07-25 02:00:07,43,11112907887,111113612004634,6,3,5,244.90,49,11
1688,111113612004634,9800.00,5.67,18,2026-04-09,2026-08-13,705.60,7659.89,Aprobado,VENCIDA,NEGOCIO,2026-04-10 22:09:24,2026-07-25 02:00:07,43,11112982523,111113612004634,6,3,5,400.10,49,11
1689,111113612004634,9800.00,5.67,18,2026-04-09,2026-08-13,705.60,7659.89,Aprobado,VENCIDA,NEGOCIO,2026-04-10 22:09:24,2026-07-25 02:00:07,43,11112928768,111113612004634,6,3,5,400.10,49,11
1690,111113612004634,12000.00,6.32,24,2026-04-09,2026-09-24,719.90,10694.90,Aprobado,VENCIDA,NEGOCIO,2026-04-10 22:25:22,2026-07-25 02:00:07,29,11113053166,111113612004634,5,2,5,728.10,50,15
1691,111113612004634,9800.00,6.32,24,2026-04-10,2026-09-25,587.90,9353.52,Aprobado,VENCIDA,NEGOCIO,2026-04-10 22:50:35,2026-07-25 02:00:07,35,11112925822,111113612004634,5,2,5,594.60,51,16
1692,111113612004634,4000.00,5.67,18,2026-04-09,2026-08-13,288.00,-199.34,Terminado,VENCIDA,NEGOCIO,2026-04-10 22:55:31,2026-07-24 02:00:06,,11113125574,111113612004634,6,3,5,163.30,52,11
1693,111113612004634,4000.00,5.67,18,2026-04-06,2026-08-10,288.00,3162.14,Aprobado,VENCIDA,NEGOCIO,2026-04-10 23:34:01,2026-07-25 02:00:07,46,11112826720,111113612004634,6,3,5,163.30,53,11
1694,111113612004634,9800.00,6.32,24,2026-04-09,2026-09-24,587.90,9912.59,Aprobado,VENCIDA,NEGOCIO,2026-04-10 23:58:43,2026-07-25 02:00:07,43,11112751250,111113612004634,5,2,5,594.60,54,17
1695,111113612004634,4000.00,7.95,13,2026-04-09,2026-07-09,399.90,0.00,Terminado,VENCIDA,NEGOCIO,2026-04-11 16:01:26,2026-07-11 02:00:05,,11113209269,111113612004634,9,5,5,165.40,55,4
1696,111113612004634,8000.00,6.32,24,2026-04-10,2026-09-25,480.00,7634.40,Aprobado,VENCIDA,NEGOCIO,2026-04-11 16:11:40,2026-07-25 02:00:07,35,11113005693,111113612004634,5,2,5,485.40,56,16
1697,111113612004634,13000.00,5.67,18,2026-04-09,2026-08-13,936.00,7172.58,Aprobado,VENCIDA,NEGOCIO,2026-04-11 16:19:05,2026-07-25 02:00:07,22,11112682329,111113612004634,6,3,5,530.70,57,8
1698,111113612004634,4000.00,5.67,18,2026-04-06,2026-08-10,288.00,3162.14,Aprobado,VENCIDA,NEGOCIO,2026-04-11 18:47:24,2026-07-25 02:00:07,46,11112786052,111113612004634,6,3,5,163.30,58,11
1699,111113612004634,4000.00,5.67,18,2026-04-09,2026-08-13,288.00,3103.06,Aprobado,VENCIDA,NEGOCIO,2026-04-11 18:50:41,2026-07-25 02:00:07,43,11113005621,111113612004634,6,3,5,163.30,59,11
1700,111113612004634,6000.00,5.67,18,2026-01-22,2026-05-28,432.00,-8.84,Terminado,VENCIDA,NEGOCIO,2026-04-14 16:19:47,2026-05-16 17:12:28,,11112933315,111113612004634,6,3,5,244.90,60,4
1701,111113612004634,13000.00,5.67,18,2026-04-15,2026-08-19,936.00,8919.78,Aprobado,VENCIDA,NEGOCIO,2026-04-14 20:47:52,2026-07-25 02:00:07,30,11112849831,111113612004634,6,3,5,530.70,61,10
1702,111113612004634,9000.00,6.32,24,2026-04-13,2026-09-28,540.00,8071.80,Aprobado,VENCIDA,NEGOCIO,2026-04-14 21:36:23,2026-07-25 02:00:07,25,11112903012,111113612004634,5,2,5,546.00,62,15
1703,111113612004634,13000.00,6.32,24,2025-12-12,2026-05-29,779.90,-14.00,Terminado,VENCIDA,NEGOCIO,2026-04-15 20:13:27,2026-05-29 00:00:00,,11112855051,111113612004634,5,2,5,788.70,63,1
1704,111113612004634,16000.00,3.85,48,2026-02-20,2027-01-22,512.00,16850.16,Aprobado,VENCIDA,NEGOCIO,2026-04-15 20:14:44,2026-07-25 02:00:07,35,11112855051,111113612004634,8,6,5,1182.70,64,33
1705,111113612004634,9800.00,6.32,24,2026-04-14,2026-09-29,587.90,10485.22,Aprobado,VENCIDA,NEGOCIO,2026-04-15 21:23:14,2026-07-25 02:00:07,45,11112887138,111113612004634,5,2,5,594.60,65,18
1706,111113612004634,2000.00,7.95,13,2026-04-14,2026-07-14,200.00,750.17,Aprobado,VENCIDA,NEGOCIO,2026-04-15 21:26:21,2026-07-25 02:00:07,24,11112874979,111113612004634,9,5,5,82.70,66,4
1707,111113612004634,13000.00,6.32,24,2026-04-14,2026-09-29,779.90,13929.41,Aprobado,VENCIDA,NEGOCIO,2026-04-15 21:32:45,2026-07-25 02:00:07,45,11112919810,111113612004634,5,2,5,788.70,67,18
1709,111113612004634,3000.00,7.95,13,2026-04-15,2026-07-15,299.90,1358.74,Aprobado,VENCIDA,NEGOCIO,2026-04-16 18:30:46,2026-07-25 02:00:07,30,11112772748,111113612004634,9,5,5,124.00,69,5
1710,111113612004634,2000.00,7.95,13,2026-04-13,2026-07-13,200.00,-5.17,Terminado,VENCIDA,NEGOCIO,2026-04-16 18:44:47,2026-06-11 02:00:03,,11112839763,111113612004634,9,5,5,82.70,70,7
1711,111113612004634,4000.00,5.67,18,2026-04-13,2026-08-17,288.00,-82.66,Terminado,VENCIDA,NEGOCIO,2026-04-16 21:18:43,2026-07-10 02:00:05,,11112823381,111113612004634,6,3,5,163.30,71,12
1712,111113612004634,5000.00,6.32,24,2026-04-14,2026-09-29,300.00,5993.40,Aprobado,VENCIDA,NEGOCIO,2026-04-16 21:50:07,2026-07-25 02:00:07,59,11112976277,111113612004634,5,2,5,303.40,72,20
1713,111113612603105,20000.00,3.88,24,,,1058.37,25400.96,Rechazado,VIGENTE,INVERSION,2026-04-17 16:00:29,2026-04-17 16:01:17,,11112993910,111113612004634,34,30,6,744.96,,24
1714,111113612004634,7000.00,6.32,24,2026-04-15,2026-09-30,420.00,7465.10,Aprobado,VENCIDA,NEGOCIO,2026-04-17 17:43:01,2026-07-25 02:00:07,44,11112739079,111113612004634,5,2,5,424.70,73,18
1715,111113612004634,9800.00,5.67,18,2026-04-16,2026-08-20,705.60,8318.60,Aprobado,VENCIDA,NEGOCIO,2026-04-17 18:21:37,2026-07-25 02:00:07,43,11112971322,111113612004634,6,3,5,400.10,74,12
1716,111113612004634,6000.00,5.67,18,2026-04-16,2026-08-20,432.00,-152.68,Terminado,VENCIDA,NEGOCIO,2026-04-17 18:21:37,2026-07-11 02:00:05,,11113121988,111113612004634,6,3,5,244.90,74,11
1718,111113612004634,4000.00,6.32,24,2026-04-14,2026-09-29,240.00,4279.50,Aprobado,VENCIDA,NEGOCIO,2026-04-17 19:18:03,2026-07-25 02:00:07,45,11112888361,111113612004634,5,2,5,242.70,76,18
1719,111113612004634,4000.00,7.95,13,2026-04-17,2026-07-17,399.90,2362.00,Aprobado,VENCIDA,NEGOCIO,2026-04-17 19:27:45,2026-07-25 02:00:07,35,11113097725,111113612004634,9,5,5,165.40,77,6
1720,111113612004634,5000.00,5.67,18,2026-04-16,2026-08-20,360.00,4271.10,Aprobado,VENCIDA,NEGOCIO,2026-04-17 19:41:16,2026-07-25 02:00:07,43,11112866249,111113612004634,6,3,5,204.10,78,12
1721,111113612004634,3000.00,7.95,13,2026-04-15,2026-07-15,299.90,0.00,Terminado,VENCIDA,NEGOCIO,2026-04-17 19:48:35,2026-07-10 02:00:05,,11112982584,111113612004634,9,5,5,124.00,79,5
1723,111113612004634,9800.00,6.32,24,2026-04-16,2026-10-01,587.90,12925.10,Aprobado,VENCIDA,NEGOCIO,2026-04-17 21:41:42,2026-07-25 02:00:07,71,11112996430,111113612004634,5,2,5,594.60,81,22
1724,111113612004634,5000.00,6.32,24,2026-04-16,2026-10-01,300.00,5358.40,Aprobado,VENCIDA,NEGOCIO,2026-04-17 21:41:42,2026-07-25 02:00:07,43,11113051816,111113612004634,5,2,5,303.40,81,18
1725,111113612004634,3000.00,7.95,13,2026-04-17,2026-07-17,299.90,0.00,Terminado,VENCIDA,NEGOCIO,2026-04-17 22:47:14,2026-06-18 15:13:30,,11113315176,111113612004634,9,5,5,124.00,82,6
1726,111113612004634,9800.00,6.32,24,2026-04-17,2026-10-02,587.90,9353.52,Aprobado,VENCIDA,NEGOCIO,2026-04-17 22:53:51,2026-07-25 02:00:07,28,11112922583,111113612004634,5,2,5,594.60,83,16
1727,111113612004634,13000.00,6.32,24,2026-04-16,2026-10-01,779.90,12360.10,Aprobado,VENCIDA,NEGOCIO,2026-04-17 23:02:50,2026-07-25 02:00:07,29,11112918349,111113612004634,5,2,5,788.70,84,16
1728,111113612004634,4000.00,6.32,24,2026-04-16,2026-10-01,240.00,4285.50,Aprobado,VENCIDA,NEGOCIO,2026-04-17 23:15:16,2026-07-25 02:00:07,43,11113081447,111113612004634,5,2,5,242.70,85,18
1729,111113612004634,13000.00,6.32,24,2026-04-17,2026-10-02,779.90,13193.60,Aprobado,VENCIDA,NEGOCIO,2026-04-17 23:23:03,2026-07-25 02:00:07,35,11112939687,111113612004634,5,2,5,788.70,86,17
1730,111113612004634,9800.00,5.67,18,2026-04-17,2026-08-21,705.60,8415.42,Aprobado,VENCIDA,NEGOCIO,2026-04-17 23:35:02,2026-07-25 02:00:07,42,11113093885,111113612004634,6,3,5,400.10,87,12
1731,111113612004634,3000.00,6.32,24,2026-04-13,2026-09-28,180.00,2329.40,Aprobado,VENCIDA,NEGOCIO,2026-04-20 19:46:34,2026-07-25 02:00:07,11,11112941078,111113612004634,5,2,5,182.00,88,13
1732,111113612004634,25000.00,5.00,32,2026-04-22,2026-12-02,1143.80,28078.49,Aprobado,VENCIDA,negocio,2026-04-22 18:12:21,2026-07-25 02:00:07,31,11113007142,111113612004634,33,29,6,1600.00,,25
1733,111113612004634,20000.00,3.88,24,2026-04-24,2026-10-09,1058.40,17805.08,Aprobado,VENCIDA,NEGOCIO,2026-04-22 18:38:21,2026-07-25 02:00:07,28,11112993910,111113612004634,34,30,6,744.96,,17
1734,111113612004634,10000.00,8.45,16,2026-04-21,2026-08-11,870.00,7439.30,Aprobado,VENCIDA,NEGOCIO,2026-04-22 18:55:36,2026-07-25 02:00:07,31,11112893373,111113612004634,19,16,6,540.80,,9
1735,111113612004634,10000.00,8.45,16,2026-04-21,2026-08-11,870.00,7453.80,Aprobado,VENCIDA,NEGOCIO,2026-04-22 19:07:53,2026-07-25 02:00:07,45,11112666665,111113612004634,19,16,6,540.80,,10
1736,111113612004634,4000.00,5.67,18,2026-04-20,2026-08-24,288.00,3738.14,Aprobado,VENCIDA,NEGOCIO,2026-04-22 19:35:41,2026-07-25 02:00:07,46,11112916570,111113612004634,6,3,5,163.30,89,13
1737,111113612004634,2000.00,7.95,13,2026-04-20,2026-07-20,200.00,382.17,Aprobado,ATRASADO,NEGOCIO,2026-04-22 19:49:25,2026-07-25 02:00:07,4,11113232046,111113612004634,9,5,5,82.70,90,2
1738,111113612004634,12000.00,6.32,24,2026-04-23,2026-10-08,719.90,12139.60,Aprobado,VENCIDA,NEGOCIO,2026-04-22 20:35:21,2026-07-25 02:00:07,29,11113117861,111113612004634,5,2,5,728.10,91,17
1739,111113612004634,20000.00,4.62,32,2026-04-23,2026-12-03,893.00,18503.80,Aprobado,VENCIDA,NEGOCIO,2026-04-22 20:50:36,2026-07-25 02:00:07,1,11113299859,111113612004634,38,34,5,1182.70,92,21
1740,111113612004634,8000.00,6.32,24,2026-04-21,2026-10-06,480.00,9051.80,Aprobado,VENCIDA,NEGOCIO,2026-04-22 21:45:03,2026-07-25 02:00:07,45,11112846982,111113612004634,5,2,5,485.40,93,19
1741,111113612004634,4000.00,7.95,13,2026-04-22,2026-07-22,399.90,0.00,Terminado,VENCIDA,NEGOCIO,2026-04-22 22:03:21,2026-07-18 02:00:07,,11113182605,111113612004634,9,5,5,165.40,94,7
1742,111113612004634,3000.00,6.32,24,2026-04-21,2026-10-06,180.00,3389.60,Aprobado,VENCIDA,NEGOCIO,2026-04-23 18:37:55,2026-07-25 02:00:07,45,11113179172,111113612004634,5,2,5,182.00,95,19
1743,111113612004634,3000.00,6.32,24,2026-04-21,2026-10-06,180.00,3389.60,Aprobado,VENCIDA,NEGOCIO,2026-04-23 18:37:55,2026-07-25 02:00:07,45,11112823652,111113612004634,5,2,5,182.00,95,19
1744,111113612004634,4000.00,6.32,24,2026-04-20,2026-10-05,240.00,3827.50,Aprobado,VENCIDA,NEGOCIO,2026-04-23 18:54:53,2026-07-25 02:00:07,25,11113126104,111113612004634,5,2,5,242.70,96,16
1745,111113612004634,7000.00,6.32,24,2026-04-21,2026-10-06,420.00,7920.30,Aprobado,VENCIDA,NEGOCIO,2026-04-24 20:44:50,2026-07-25 02:00:07,45,11112938595,111113612004634,5,2,5,424.70,97,19
1746,111113612004634,6000.00,6.32,24,2026-04-24,2026-10-09,360.00,7915.60,Aprobado,VENCIDA,NEGOCIO,2026-04-24 20:54:18,2026-07-25 02:00:07,63,11113013674,111113612004634,5,2,5,364.00,98,22
1747,111113612004634,6000.00,6.32,24,2026-04-24,2026-10-09,360.00,7915.60,Aprobado,VENCIDA,NEGOCIO,2026-04-24 20:54:18,2026-07-25 02:00:07,63,11112974492,111113612004634,5,2,5,364.00,98,22
1748,111113612004634,9800.00,5.67,18,2026-04-22,2026-08-26,705.60,9016.97,Aprobado,VENCIDA,NEGOCIO,2026-04-24 21:01:35,2026-07-25 02:00:07,44,11112805333,111113612004634,6,3,5,400.10,99,13
1749,111113612004634,8000.00,6.32,24,2026-04-23,2026-10-08,480.00,9060.00,Aprobado,VENCIDA,NEGOCIO,2026-04-24 21:11:49,2026-07-25 02:00:07,43,11112863857,111113612004634,5,2,5,485.40,100,19
1750,111113612004634,9000.00,5.67,18,2026-04-21,2026-08-25,648.00,9000.00,Aprobado,VENCIDA,NEGOCIO,2026-04-24 21:20:16,2026-07-25 02:00:07,80,11113005775,111113612004634,6,3,5,367.40,101,18
1751,111113612004634,13000.00,6.32,24,2026-04-23,2026-10-08,779.90,13150.40,Aprobado,VENCIDA,NEGOCIO,2026-04-24 21:25:12,2026-07-25 02:00:07,29,11112973962,111113612004634,5,2,5,788.70,102,17
1752,111113612004634,3000.00,7.95,13,2026-04-21,2026-07-21,299.90,403.16,Aprobado,ATRASADO,NEGOCIO,2026-04-24 22:30:02,2026-07-25 02:00:07,3,11112897750,111113612004634,9,5,5,124.00,103,2
1753,111113612004634,9800.00,6.32,24,2026-04-23,2026-10-08,587.90,13522.80,Aprobado,VENCIDA,NEGOCIO,2026-04-24 22:50:03,2026-07-25 02:00:07,71,11113012821,111113612004634,5,2,5,594.60,104,23
1754,111113612004634,9800.00,5.67,18,2026-04-22,2026-08-26,705.60,9017.00,Aprobado,VENCIDA,NEGOCIO,2026-04-25 15:35:21,2026-07-25 02:00:07,44,11113098291,111113612004634,6,3,5,400.10,105,13
1755,111113612004634,7000.00,5.67,18,2026-04-23,2026-08-27,504.00,6445.80,Aprobado,VENCIDA,NEGOCIO,2026-04-25 16:27:37,2026-07-25 02:00:07,43,11113066526,111113612004634,6,3,5,285.80,106,13
1756,111113612004634,8000.00,4.62,32,2026-04-23,2026-12-03,357.20,8000.00,Aprobado,VENCIDA,NEGOCIO,2026-04-25 16:31:29,2026-07-25 02:00:07,78,11112994997,111113612004634,38,34,5,473.10,107,32
1757,111113612004634,5000.00,6.32,24,2026-04-24,2026-10-09,300.00,5380.40,Aprobado,VENCIDA,NEGOCIO,2026-04-25 17:01:53,2026-07-25 02:00:07,35,11113007902,111113612004634,5,2,5,303.40,108,18
1758,111113612004634,8000.00,5.67,18,2026-04-22,2026-08-26,576.00,6065.08,Aprobado,VENCIDA,NEGOCIO,2026-04-25 17:15:17,2026-07-25 02:00:07,30,11112932017,111113612004634,6,3,5,326.60,109,11
1759,111113612004634,6000.00,5.67,18,2026-04-21,2026-08-25,432.00,6000.00,Aprobado,VENCIDA,NEGOCIO,2026-04-25 17:24:35,2026-07-25 02:00:07,80,11112763649,111113612004634,6,3,5,244.90,110,18
1760,111113612004634,16000.00,3.85,48,2026-04-22,2027-03-24,512.00,21386.70,Aprobado,VENCIDA,NEGOCIO,2026-04-25 17:32:52,2026-07-25 02:00:07,37,11112937194,111113612004634,8,6,5,1182.70,111,42
1761,111113612004634,30000.00,5.00,32,2026-04-28,2026-12-08,1372.50,35250.37,Aprobado,VENCIDA,NEGOCIO,2026-04-27 21:51:36,2026-07-25 02:00:07,31,11113009695,111113612004634,33,29,6,1920.00,,26
1762,111113612004634,9000.00,5.67,18,2026-05-01,2026-09-04,648.00,9060.90,Aprobado,VENCIDA,NEGOCIO,2026-04-29 14:52:02,2026-07-25 02:00:07,42,11113042585,111113612004634,6,3,5,367.40,112,14
1763,111113612004634,12000.00,3.85,48,2026-05-01,2027-04-02,384.00,16489.24,Aprobado,VENCIDA,NEGOCIO,2026-04-29 15:08:19,2026-07-25 02:00:07,35,11112915373,111113612004634,8,6,5,887.00,113,43
1764,111113612004634,4000.00,7.95,13,2026-05-01,2026-07-31,399.90,3169.90,Aprobado,VENCIDA,NEGOCIO,2026-04-29 15:19:13,2026-07-25 02:00:07,35,11112911592,111113612004634,9,5,5,165.40,114,8
1765,111113612004634,6000.00,6.32,24,2026-04-27,2026-10-12,360.00,6101.20,Aprobado,VENCIDA,NEGOCIO,2026-04-29 15:29:11,2026-07-25 02:00:07,25,11112939602,111113612004634,5,2,5,364.00,115,17
1766,111113612004634,4000.00,7.95,13,2026-04-27,2026-07-27,399.90,2379.21,Aprobado,VENCIDA,NEGOCIO,2026-04-29 15:40:10,2026-07-25 02:00:07,25,11112789848,111113612004634,9,5,5,165.40,116,6
1767,111113612004634,3000.00,7.95,13,2026-04-27,2026-07-27,299.90,1784.40,Aprobado,VENCIDA,NEGOCIO,2026-04-29 15:40:10,2026-07-25 02:00:07,25,11112993402,111113612004634,9,5,5,124.00,116,6
1768,111113612004634,5000.00,9.13,16,2026-04-27,2026-08-17,444.90,4300.36,Aprobado,VENCIDA,NEG,2026-04-29 18:15:43,2026-07-25 02:00:07,32,11112971606,111113612004634,12,9,6,292.16,,10
1769,111113612004634,20000.00,5.00,32,2026-04-28,2026-12-08,915.00,23500.25,Aprobado,VENCIDA,NEGOCIO,2026-04-29 18:25:10,2026-07-25 02:00:07,31,11112856037,111113612004634,33,29,6,1280.00,,26
1770,111113612004634,4000.00,6.32,24,2026-04-28,2026-10-13,240.00,4777.90,Aprobado,VENCIDA,NEGOCIO,2026-04-29 21:34:37,2026-07-25 02:00:07,45,11113166323,111113612004634,5,2,5,242.70,117,20
1771,111113612004634,12000.00,6.32,24,2026-04-28,2026-10-13,719.90,14384.20,Aprobado,VENCIDA,NEGOCIO,2026-04-29 21:42:18,2026-07-25 02:00:07,45,11112918184,111113612004634,5,2,5,728.10,118,20
1772,111113612004634,5000.00,9.13,16,2026-04-29,2026-08-19,444.90,4315.19,Aprobado,VENCIDA,NEGO,2026-04-30 17:40:22,2026-07-25 02:00:07,30,11112818336,111113612004634,12,9,6,292.16,,10
1773,111113612004634,9800.00,5.67,18,2026-04-29,2026-09-02,705.60,8231.40,Aprobado,VENCIDA,NEGOCIO,2026-04-30 18:06:44,2026-07-25 02:00:07,30,11112917272,111113612004634,6,3,5,400.10,119,12
1774,111113612004634,5000.00,5.67,18,2026-04-28,2026-09-01,360.00,5000.00,Aprobado,VENCIDA,NEGOCIO,2026-04-30 18:13:57,2026-07-25 02:00:07,73,11112884857,111113612004634,6,3,5,204.10,120,18
1775,111113612004634,9000.00,5.67,18,2026-04-30,2026-09-03,648.00,6335.90,Aprobado,VENCIDA,NEGOCIO,2026-04-30 18:19:30,2026-07-25 02:00:07,15,11112938387,111113612004634,6,3,5,367.40,121,10
1776,111113612004634,13000.00,6.32,24,2026-05-01,2026-10-16,779.90,14763.00,Aprobado,VENCIDA,NEGOCIO,2026-04-30 18:29:59,2026-07-25 02:00:07,35,11112855051,111113612004634,5,2,5,788.70,122,19
1777,111113612004634,2000.00,7.95,13,2026-04-29,2026-07-29,200.00,1373.50,Aprobado,VENCIDA,NEGOCIO,2026-04-30 18:35:56,2026-07-25 02:00:07,30,11113057488,111113612004634,9,5,5,82.70,123,7
1778,111113612004634,3000.00,7.95,13,2026-04-29,2026-07-29,299.90,3000.00,Aprobado,VENCIDA,NEGOCIO,2026-04-30 18:35:56,2026-07-25 02:00:07,72,11113098291,111113612004634,9,5,5,124.00,123,13
1779,111113612004634,3000.00,5.67,18,2026-04-27,2026-08-31,216.00,3019.58,Aprobado,VENCIDA,NEGOCIO,2026-04-30 18:42:55,2026-07-25 02:00:07,46,11113095058,111113612004634,6,3,5,122.50,124,14
1780,111113612004634,2000.00,7.95,13,2026-04-27,2026-07-27,200.00,1795.50,Aprobado,VENCIDA,NEGOCIO,2026-04-30 18:50:57,2026-07-25 02:00:07,46,11113058523,111113612004634,9,5,5,82.70,125,9
1781,111113612004634,6000.00,5.67,18,2026-04-30,2026-09-03,432.00,5993.80,Aprobado,VENCIDA,NEGOCIO,2026-04-30 19:01:26,2026-07-25 02:00:07,43,11112955447,111113612004634,6,3,5,244.90,126,14
1782,111113612004634,9600.00,5.67,18,2026-04-30,2026-09-03,691.20,9592.30,Aprobado,VENCIDA,NEGOCIO,2026-04-30 19:01:26,2026-07-25 02:00:07,43,11112994997,111113612004634,6,3,5,391.90,126,14
1783,111113612004634,2000.00,7.95,13,2026-05-01,2026-07-31,200.00,2399.50,Aprobado,VENCIDA,NEGOCIO,2026-04-30 21:52:33,2026-07-25 02:00:07,63,11113013674,111113612004634,9,5,5,82.70,127,12
1784,111113612004634,9800.00,6.32,24,2026-04-28,2026-10-13,587.90,11706.19,Aprobado,VENCIDA,NEGOCIO,2026-04-30 23:07:29,2026-07-25 02:00:07,45,11113036082,111113612004634,5,2,5,594.60,128,20
1785,111113612004634,9800.00,6.32,24,2026-04-28,2026-10-13,587.90,11706.19,Aprobado,VENCIDA,NEGOCIO,2026-04-30 23:07:29,2026-07-25 02:00:07,45,11112889700,111113612004634,5,2,5,594.60,128,20
1786,111113612004634,9800.00,6.32,24,2026-05-04,2026-10-19,587.90,8764.42,Aprobado,VENCIDA,NEGOCIO,2026-05-06 15:18:22,2026-07-25 02:00:07,4,11112818097,111113612004634,5,2,5,594.60,129,15
1787,111113612004634,5000.00,6.32,24,2026-05-04,2026-10-19,300.00,5384.40,Aprobado,VENCIDA,NEGOCIO,2026-05-06 16:06:22,2026-07-25 02:00:07,25,11112929397,111113612004634,5,2,5,303.40,130,18
1788,111113612004634,4000.00,5.67,18,2026-05-04,2026-09-07,288.00,4314.14,Aprobado,VENCIDA,NEGOCIO,2026-05-06 16:47:02,2026-07-25 02:00:07,46,11113006480,111113612004634,6,3,5,163.30,131,15
1789,111113612004634,7000.00,6.32,24,2026-05-07,2026-10-22,420.00,8795.10,Aprobado,VENCIDA,NEGOCIO,2026-05-06 16:53:26,2026-07-25 02:00:07,43,11112946318,111113612004634,5,2,5,424.70,132,21
1790,111113612004634,8000.00,5.67,18,2026-05-05,2026-09-08,576.00,8000.00,Aprobado,VENCIDA,NEGOCIO,2026-05-06 19:50:06,2026-07-25 02:00:07,66,11112892924,111113612004634,6,3,5,326.60,133,18
1791,111113612004634,4000.00,5.67,18,2026-05-04,2026-09-07,288.00,4314.14,Aprobado,VENCIDA,NEGOCIO,2026-05-06 20:07:33,2026-07-25 02:00:07,46,11112945246,111113612004634,6,3,5,163.30,134,15
1792,111113612004634,6000.00,5.67,18,2026-05-04,2026-09-07,432.00,6471.16,Aprobado,VENCIDA,NEGOCIO,2026-05-06 20:07:33,2026-07-25 02:00:07,46,11113085031,111113612004634,6,3,5,244.90,134,15
1793,111113612004634,7000.00,7.07,16,2026-05-06,2026-08-26,581.00,6279.01,Aprobado,VENCIDA,NEG,2026-05-06 21:57:00,2026-07-25 02:00:07,30,11112775265,111113612004634,16,13,6,316.74,,11
1794,111113612004634,6000.00,6.32,24,2026-05-04,2026-10-19,360.00,6461.20,Aprobado,VENCIDA,NEGOCIO,2026-05-07 15:33:00,2026-07-25 02:00:07,25,11113033563,111113612004634,5,2,5,364.00,135,18
1795,111113612004634,7000.00,7.07,16,2026-05-04,2026-08-24,581.00,6263.52,Aprobado,VENCIDA,negocio,2026-05-07 16:21:17,2026-07-25 02:00:07,32,11112855162,111113612004634,16,13,6,316.74,,11
1796,111113612004634,15000.00,3.88,24,2026-05-08,2026-10-23,793.80,15803.88,Aprobado,VENCIDA,NEGOCIO,2026-05-07 16:32:36,2026-07-25 02:00:07,35,11112811779,111113612004634,34,30,6,558.72,,20
1797,111113612004634,5000.00,9.13,16,2026-05-04,2026-08-24,444.90,4795.68,Aprobado,VENCIDA,NEGOCIO,2026-05-07 16:45:22,2026-07-25 02:00:07,32,11113034520,111113612004634,12,9,6,292.16,,11
1798,111113612004634,5000.00,9.13,16,2026-05-05,2026-08-25,444.90,4801.60,Aprobado,VENCIDA,negocio,2026-05-07 17:10:15,2026-07-25 02:00:07,31,11112944545,111113612004634,12,9,6,292.16,,11
1799,111113612004634,9800.00,6.32,24,2026-05-05,2026-10-20,587.90,12325.44,Aprobado,VENCIDA,NEGOCIO,2026-05-07 17:30:25,2026-07-25 02:00:07,45,11113061406,111113612004634,5,2,5,594.60,136,21
1800,111113612004634,8000.00,6.32,24,2026-05-05,2026-10-20,480.00,10061.40,Aprobado,VENCIDA,NEGOCIO,2026-05-07 17:30:25,2026-07-25 02:00:07,45,11113008351,111113612004634,5,2,5,485.40,136,21
1801,111113612004634,9800.00,6.32,24,2026-05-05,2026-10-20,587.90,12325.44,Aprobado,VENCIDA,NEGOCIO,2026-05-07 17:30:25,2026-07-25 02:00:07,45,11113134860,111113612004634,5,2,5,594.60,136,21
1802,111113612004634,6000.00,6.32,24,2026-05-05,2026-10-20,360.00,7546.00,Aprobado,VENCIDA,NEGOCIO,2026-05-07 17:30:25,2026-07-25 02:00:07,45,11112787203,111113612004634,5,2,5,364.00,136,21
1803,111113612004634,3000.00,6.32,24,2026-05-05,2026-10-20,180.00,3773.00,Aprobado,VENCIDA,NEGOCIO,2026-05-07 17:30:25,2026-07-25 02:00:07,45,11112813052,111113612004634,5,2,5,182.00,136,21
1804,111113612004634,9000.00,6.32,24,2026-05-08,2026-10-23,540.00,10759.80,Aprobado,VENCIDA,NEGOCIO,2026-05-07 17:53:10,2026-07-25 02:00:07,35,11112837856,111113612004634,5,2,5,546.00,137,20
1805,111113612004634,9000.00,6.32,24,2026-05-08,2026-10-23,540.00,8565.60,Aprobado,VENCIDA,NEGOCIO,2026-05-07 17:53:10,2026-07-25 02:00:07,7,11112918295,111113612004634,5,2,5,546.00,137,16
1806,111113612004634,3000.00,7.95,13,2026-05-08,2026-08-07,299.90,2378.20,Aprobado,VENCIDA,NEGOCIO,2026-05-07 17:58:41,2026-07-25 02:00:07,28,11113023238,111113612004634,9,5,5,124.00,138,8
1807,111113612004634,2000.00,7.95,13,2026-05-07,2026-08-06,200.00,722.17,Aprobado,VENCIDA,NEGOCIO,2026-05-07 18:03:23,2026-07-25 02:00:07,1,11112936286,111113612004634,9,5,5,82.70,139,4
1808,111113612004634,15000.00,3.85,48,2026-05-07,2027-04-08,480.00,20602.80,Aprobado,VENCIDA,NEGOCIO,2026-05-08 18:40:46,2026-07-25 02:00:07,29,11112952934,111113612004634,8,6,5,1108.80,140,43
1809,111113612004634,4000.00,7.95,13,2026-05-05,2026-08-04,399.90,3984.43,Aprobado,VENCIDA,NEGOCIO,2026-05-08 18:52:05,2026-07-25 02:00:07,45,11113194053,111113612004634,9,5,5,165.40,141,10
1810,111113612004634,2000.00,7.95,13,2026-05-05,2026-08-04,200.00,1378.83,Aprobado,VENCIDA,NEGOCIO,2026-05-08 19:02:12,2026-07-25 02:00:07,24,11112948100,111113612004634,9,5,5,82.70,142,7
1811,111113612004634,3000.00,7.95,13,2026-05-08,2026-08-07,299.90,0.00,Terminado,VENCIDA,NEGOCIO,2026-05-08 19:25:45,2026-07-23 02:00:07,,11113119485,111113612004634,9,5,5,124.00,143,9
1812,111113612004634,4000.00,7.95,13,2026-05-08,2026-08-07,399.90,3577.90,Aprobado,VENCIDA,NEGOCIO,2026-05-08 19:37:43,2026-07-25 02:00:07,35,11113042732,111113612004634,9,5,5,165.40,144,9
1813,111113612004634,2000.00,7.95,13,2026-05-06,2026-08-05,200.00,716.50,Aprobado,VENCIDA,NEGOCIO,2026-05-08 19:46:37,2026-07-25 02:00:07,2,11112981187,111113612004634,9,5,5,82.70,145,4
1814,111113612004634,18000.00,3.85,48,2026-05-06,2027-04-07,576.00,22871.56,Aprobado,VENCIDA,NEGOCIO,2026-05-08 21:47:30,2026-07-25 02:00:07,9,11113207666,111113612004634,8,6,5,1330.60,146,40
1815,111113612004634,2000.00,7.95,13,2026-05-08,2026-08-07,200.00,721.17,Aprobado,VENCIDA,NEGOCIO,2026-05-08 21:53:04,2026-07-24 02:00:06,,11113116034,111113612004634,9,5,5,82.70,147,4
1816,111113612004634,12000.00,6.32,24,2026-05-08,2026-10-23,719.90,14347.50,Aprobado,VENCIDA,NEGOCIO,2026-05-08 22:10:37,2026-07-25 02:00:07,35,11113042756,111113612004634,5,2,5,728.10,148,20
1817,111113612004634,4000.00,7.95,13,2026-05-07,2026-08-06,399.90,4000.00,Aprobado,VENCIDA,NEGOCIO,2026-05-08 22:20:50,2026-07-25 02:00:07,64,11112833441,111113612004634,9,5,5,165.40,149,13
1818,111113612004634,13000.00,6.32,24,2026-05-05,2026-10-20,779.90,16360.20,Aprobado,VENCIDA,NEGOCIO,2026-05-08 22:39:09,2026-07-25 02:00:07,45,11112899272,111113612004634,5,2,5,788.70,150,21
1819,111113612004634,5000.00,6.32,24,2026-05-06,2026-10-21,300.00,5000.00,Aprobado,VENCIDA,NEGOCIO,2026-05-08 23:11:29,2026-07-25 02:00:07,65,11112933824,111113612004634,5,2,5,303.40,151,24
1820,111113612004634,12000.00,6.32,24,2026-05-06,2026-10-21,719.90,12000.00,Aprobado,VENCIDA,NEGOCIO,2026-05-08 23:11:29,2026-07-25 02:00:07,65,11112973790,111113612004634,5,2,5,728.10,151,24
1821,111113612004634,8000.00,6.32,24,2026-05-06,2026-10-21,480.00,8000.00,Aprobado,VENCIDA,NEGOCIO,2026-05-08 23:11:29,2026-07-25 02:00:07,65,11113048867,111113612004634,5,2,5,485.40,151,24
1822,111113612004634,7000.00,6.32,24,2026-05-06,2026-10-21,420.00,7000.00,Aprobado,VENCIDA,NEGOCIO,2026-05-08 23:11:29,2026-07-25 02:00:07,65,11112901756,111113612004634,5,2,5,424.70,151,24
1823,111113612004634,4000.00,6.32,24,2026-05-08,2026-10-23,240.00,4781.49,Aprobado,VENCIDA,NEGOCIO,2026-05-09 17:36:48,2026-07-25 02:00:07,35,11112735798,111113612004634,5,2,5,242.69,152,20
1824,111113612004634,8000.00,5.67,18,2025-12-18,2026-04-23,576.00,0.00,Terminado,VENCIDA,NEGOCIO,2026-05-12 17:30:52,2026-06-25 01:28:08,61,11113113098,111113612004634,6,3,5,326.59,153,3
1825,111113612004634,9000.00,5.67,18,2025-09-11,2026-01-15,648.00,851.72,Aprobado,VENCIDA,NEGOCIO,2026-05-12 17:32:11,2026-07-25 02:00:07,260,11112887993,111113612004634,6,3,5,367.42,154,4
1826,111113612004634,10000.00,3.85,48,2025-07-03,2026-06-04,320.00,6079.20,Aprobado,VENCIDA,NEGOCIO,2026-05-12 17:32:57,2026-07-25 02:00:07,190,11112887993,111113612004634,8,6,5,739.20,155,20
1827,111113612004634,6000.00,5.67,18,2025-11-20,2026-03-26,432.00,2591.84,Aprobado,VENCIDA,NEGOCIO,2026-05-12 17:48:14,2026-07-25 02:00:07,183,11113043010,111113612004634,6,3,5,244.94,156,9
1828,111113612004634,3000.00,7.95,13,2025-11-20,2026-02-19,299.90,898.70,Aprobado,VENCIDA,NEGOCIO,2026-05-12 17:53:35,2026-07-25 02:00:07,162,11113043010,111113612004634,9,5,5,124.02,157,3
1829,111113612004634,7000.00,5.67,18,2025-10-09,2026-02-12,504.00,1008.00,Aprobado,ATRASADO,NEGOCIO,2026-05-12 17:56:39,2026-07-25 02:00:07,162,11113146282,111113612004634,6,3,5,285.77,158,2
1830,111113612004634,13000.00,5.67,18,2026-01-22,2026-05-28,936.00,0.00,Terminado,VENCIDA,NEGOCIO,2026-05-12 18:01:51,2026-06-24 20:25:23,124,11112886913,111113612004634,6,3,5,530.71,159,6
1832,111113612004634,10000.00,3.85,48,2025-09-18,2026-08-20,320.00,2817.07,Aprobado,VENCIDA,NEGOCIO,2026-05-12 18:09:16,2026-07-25 02:00:07,85,11112886913,111113612004634,8,6,5,739.20,161,13
1833,111113612004634,5000.00,9.13,16,2026-05-13,2026-09-02,444.90,5289.53,Aprobado,VENCIDA,NEGOCIO,2026-05-13 22:00:15,2026-07-25 02:00:07,30,11113042038,111113612004634,12,9,6,292.16,,12
1834,111113612004634,5000.00,9.13,16,2026-05-11,2026-08-31,444.90,5280.62,Aprobado,VENCIDA,NEGOCIO,2026-05-13 22:11:57,2026-07-25 02:00:07,32,11113126158,111113612004634,12,9,6,292.16,,12
1835,111113612004634,15000.00,3.85,48,2026-05-13,2027-04-14,480.00,22068.80,Aprobado,VENCIDA,NEGOCIO,2026-05-14 14:58:39,2026-07-25 02:00:07,44,11113105160,111113612004634,8,6,5,1108.80,162,46
1836,111113612004634,7000.00,6.32,24,2026-05-11,2026-10-26,420.00,7966.50,Aprobado,VENCIDA,NEGOCIO,2026-05-14 15:19:49,2026-07-25 02:00:07,25,11112996848,111113612004634,5,2,5,424.70,163,19
1837,111113612004634,7000.00,6.32,24,2026-05-12,2026-10-27,420.00,9239.10,Aprobado,VENCIDA,NEGOCIO,2026-05-14 15:28:46,2026-07-25 02:00:07,45,11113113239,111113612004634,5,2,5,424.70,164,22
1838,111113612004634,2000.00,7.95,13,2026-05-12,2026-08-11,200.00,2198.15,Aprobado,VENCIDA,NEGOCIO,2026-05-14 15:44:50,2026-07-25 02:00:07,45,11113168985,111113612004634,9,5,5,82.68,165,11
1839,111113612004634,9000.00,6.32,24,2026-05-12,2026-10-27,540.00,11875.25,Aprobado,VENCIDA,NEGOCIO,2026-05-14 15:52:08,2026-07-25 02:00:07,45,11112863299,111113612004634,5,2,5,546.05,166,22
1840,111113612004634,8000.00,5.67,18,2026-05-11,2026-09-14,576.00,9215.79,Aprobado,VENCIDA,NEGOCIO,2026-05-14 16:19:55,2026-07-25 02:00:07,46,11113022051,111113612004634,6,3,5,326.59,167,16
1841,111113612004634,8000.00,5.67,18,2026-05-11,2026-09-14,576.00,9215.79,Aprobado,VENCIDA,NEGOCIO,2026-05-14 16:19:55,2026-07-25 02:00:07,46,11113031819,111113612004634,6,3,5,326.59,167,16
1842,111113612004634,5000.00,9.13,16,2026-05-11,2026-08-31,444.90,5280.62,Aprobado,VENCIDA,NEGOCIO,2026-05-14 16:29:59,2026-07-25 02:00:07,32,11113075182,111113612004634,12,9,6,292.16,,12
1843,111113612004634,9800.00,5.67,18,2026-05-13,2026-09-16,705.60,11274.58,Aprobado,VENCIDA,NEGOCIO,2026-05-14 16:44:03,2026-07-25 02:00:07,44,11112835706,111113612004634,6,3,5,400.08,168,16
1844,111113612004634,6000.00,5.67,18,2026-05-13,2026-09-16,432.00,6903.20,Aprobado,VENCIDA,NEGOCIO,2026-05-14 16:44:03,2026-07-25 02:00:07,44,11113033055,111113612004634,6,3,5,244.94,168,16
1845,111113612004634,4000.00,6.32,24,2026-05-11,2026-10-26,240.00,5279.49,Aprobado,VENCIDA,NEGOCIO,2026-05-14 22:23:50,2026-07-25 02:00:07,46,11112755226,111113612004634,5,2,5,242.69,169,22
1848,111113612004634,13000.00,5.67,18,2026-05-13,2026-09-16,936.00,12982.03,Aprobado,VENCIDA,NEGOCIO,2026-05-15 21:24:27,2026-07-25 02:00:07,30,11113131595,111113612004634,6,3,5,530.71,172,14
1849,111113612004634,9800.00,6.32,24,2026-05-14,2026-10-29,587.90,12925.09,Aprobado,VENCIDA,NEGOCIO,2026-05-15 21:32:21,2026-07-25 02:00:07,43,11113046154,111113612004634,5,2,5,594.59,173,22
1850,111113612004634,8000.00,5.67,18,2026-05-14,2026-09-17,576.00,10368.00,Aprobado,VENCIDA,NEGOCIO,2026-05-16 17:14:06,2026-07-25 02:00:07,57,11113091556,111113612004634,6,3,5,326.59,174,18
1851,111113612004634,8000.00,5.67,18,2026-05-14,2026-09-17,576.00,10368.00,Aprobado,VENCIDA,NEGOCIO,2026-05-16 17:14:06,2026-07-25 02:00:07,57,11112933315,111113612004634,6,3,5,326.59,174,18
1852,111113612004634,3000.00,6.32,24,2026-05-11,2026-10-26,180.00,3414.22,Aprobado,VENCIDA,NEGOCIO,2026-05-16 17:20:29,2026-07-25 02:00:07,25,11113125623,111113612004634,5,2,5,182.02,175,19
1853,111113612004634,6000.00,6.32,24,2026-05-15,2026-10-30,360.00,7550.23,Aprobado,VENCIDA,NEGOCIO,2026-05-16 17:26:28,2026-07-25 02:00:07,35,11113005465,111113612004634,5,2,5,364.03,176,21
1854,111113612004634,6000.00,6.32,24,2026-05-14,2026-10-29,360.00,7913.23,Aprobado,VENCIDA,NEGOCIO,2026-05-16 17:32:58,2026-07-25 02:00:07,43,11113053191,111113612004634,5,2,5,364.03,177,22
1855,111113612004634,9800.00,6.32,24,2026-05-15,2026-10-30,587.90,12333.17,Aprobado,VENCIDA,NEGOCIO,2026-05-16 17:40:50,2026-07-25 02:00:07,35,11112924092,111113612004634,5,2,5,594.59,178,21
1856,111113612004634,4000.00,6.32,24,2026-05-15,2026-10-30,240.00,5033.49,Aprobado,VENCIDA,NEGOCIO,2026-05-16 17:50:48,2026-07-25 02:00:07,35,11112893523,111113612004634,5,2,5,242.69,179,21
1857,111113612004634,9000.00,6.32,24,2026-05-13,2026-10-28,539.95,11867.85,Aprobado,VENCIDA,NEGOCIO,2026-05-18 21:36:16,2026-07-25 02:00:07,44,11112669629,111113612004634,5,2,5,546.05,180,22
1858,111113612004634,8000.00,5.67,18,2026-05-18,2026-09-21,576.00,9213.87,Aprobado,VENCIDA,NEGOCIO,2026-05-20 21:39:56,2026-07-25 02:00:07,39,11112839763,111113612004634,6,3,5,326.59,181,16
1859,111113612004634,9000.00,5.67,18,2026-05-18,2026-09-21,648.00,11015.72,Aprobado,VENCIDA,NEGOCIO,2026-05-20 21:39:56,2026-07-25 02:00:07,46,11112946258,111113612004634,6,3,5,367.42,181,17
1860,111113612004634,8000.00,5.67,18,2026-05-18,2026-09-21,576.00,9791.79,Aprobado,VENCIDA,NEGOCIO,2026-05-20 21:39:56,2026-07-25 02:00:07,46,11113058523,111113612004634,6,3,5,326.59,181,17
1861,111113612004634,3000.00,6.32,24,2026-05-19,2026-11-03,180.00,4139.62,Aprobado,VENCIDA,NEGOCIO,2026-05-21 21:04:13,2026-07-25 02:00:07,45,11112867599,111113612004634,5,2,5,182.02,182,23
1862,111113612004634,5000.00,9.13,16,2026-05-21,2026-09-10,444.90,5764.08,Aprobado,VENCIDA,NEGOCIO,2026-05-21 21:55:11,2026-07-25 02:00:07,29,11113053778,111113612004634,12,9,6,292.16,,13
1863,111113612004634,10000.00,3.85,48,2026-05-18,2027-04-19,320.00,12634.93,Aprobado,VENCIDA,NEGOCIO,2026-05-22 14:56:33,2026-07-23 02:00:07,,11112658700,111113612004634,8,6,5,739.20,183,40
1864,111113612004634,8000.00,5.67,18,2026-05-20,2026-09-23,576.00,9791.79,Aprobado,VENCIDA,NEGOCIO,2026-05-22 15:22:21,2026-07-25 02:00:07,44,11113109760,111113612004634,6,3,5,326.59,184,17
1865,111113612004634,7000.00,5.67,18,2026-05-20,2026-09-23,504.00,8567.77,Aprobado,VENCIDA,NEGOCIO,2026-05-22 15:22:21,2026-07-25 02:00:07,44,11112998765,111113612004634,6,3,5,285.77,184,17
1866,111113612004634,5000.00,5.67,18,2026-05-20,2026-09-23,360.00,6119.92,Aprobado,VENCIDA,NEGOCIO,2026-05-22 15:22:21,2026-07-25 02:00:07,44,11112905127,111113612004634,6,3,5,204.12,184,17
1867,111113612004634,5000.00,5.67,18,2026-05-20,2026-09-23,360.00,6119.92,Aprobado,VENCIDA,NEGOCIO,2026-05-22 15:22:21,2026-07-25 02:00:07,44,11113047273,111113612004634,6,3,5,204.12,184,17
1868,111113612004634,13000.00,5.67,18,2026-05-20,2026-09-23,936.00,13980.43,Aprobado,VENCIDA,NEGOCIO,2026-05-22 15:29:40,2026-07-25 02:00:07,30,11112816492,111113612004634,6,3,5,530.71,185,15
1869,111113612004634,2000.00,7.95,13,2026-05-18,2026-08-17,200.00,1992.15,Aprobado,VENCIDA,NEGOCIO,2026-05-22 15:44:52,2026-07-25 02:00:07,32,11113229030,111113612004634,9,5,5,82.68,186,10
1870,111113612004634,2000.00,7.95,13,2026-05-18,2026-08-17,200.00,1992.15,Aprobado,VENCIDA,NEGOCIO,2026-05-22 15:44:52,2026-07-25 02:00:07,32,11113004915,111113612004634,9,5,5,82.68,186,10
1871,111113612004634,2000.00,7.95,13,2026-05-18,2026-08-17,200.00,1992.15,Aprobado,VENCIDA,NEGOCIO,2026-05-22 15:44:52,2026-07-25 02:00:07,32,11112958365,111113612004634,9,5,5,82.68,186,10
1872,111113612004634,80000.00,3.04,24,2026-05-22,,3849.97,134548.30,Rechazado,VIGENTE,NEGOCIO,2026-05-22 16:08:58,2026-06-29 23:31:00,,11112769851,111113612004634,42,38,9,7523.90,,24
1873,111113612004634,2000.00,7.95,13,2026-05-19,2026-08-18,200.00,1101.48,Aprobado,VENCIDA,NEGOCIO,2026-05-22 17:44:41,2026-07-25 02:00:07,3,11113053988,111113612004634,9,5,5,82.68,187,6
1874,111113612004634,4000.00,6.32,24,2026-05-19,2026-11-03,240.00,5519.49,Aprobado,VENCIDA,NEGOCIO,2026-05-22 20:32:41,2026-07-25 02:00:07,45,11113056638,111113612004634,5,2,5,242.69,188,23
1875,111113612004634,12000.00,6.32,24,2026-05-22,2026-11-06,719.90,17277.60,Aprobado,VENCIDA,NEGOCIO,2026-05-22 21:23:38,2026-07-25 02:00:07,49,11112763680,111113612004634,5,2,5,728.06,189,24
1876,111113612004634,6000.00,6.32,24,2026-05-22,2026-11-06,360.00,7919.23,Aprobado,VENCIDA,NEGOCIO,2026-05-22 21:29:08,2026-07-25 02:00:07,35,11112625987,111113612004634,5,2,5,364.03,190,22
1877,111113612004634,12000.00,6.32,24,2026-05-21,2026-11-05,719.90,15106.56,Aprobado,VENCIDA,NEGOCIO,2026-05-22 21:56:15,2026-07-25 02:00:07,29,11112716716,111113612004634,5,2,5,728.06,191,21
1878,111113612004634,13000.00,6.32,24,2026-05-21,2026-11-05,779.90,16365.44,Aprobado,VENCIDA,NEGOCIO,2026-05-22 21:56:15,2026-07-25 02:00:07,29,11112792952,111113612004634,5,2,5,788.74,191,21
1879,111113612004634,8000.00,5.67,18,2026-05-21,2026-09-24,576.00,9791.79,Aprobado,VENCIDA,NEGOCIO,2026-05-22 23:08:01,2026-07-25 02:00:07,43,11113218407,111113612004634,6,3,5,326.59,192,17
1880,111113612004634,14000.00,5.67,18,2026-05-21,2026-09-24,1008.00,17135.64,Aprobado,VENCIDA,NEGOCIO,2026-05-22 23:08:01,2026-07-25 02:00:07,43,11113163277,111113612004634,6,3,5,571.54,192,17
1881,111113612004634,23000.00,3.85,48,2026-05-27,2027-04-28,736.00,35328.00,Aprobado,VENCIDA,NEGOCIO,2026-05-28 15:21:18,2026-07-25 02:00:07,44,11113054433,111113612004634,8,6,5,1700.16,193,48
1882,111113612004634,7000.00,6.32,24,2026-05-26,2026-11-10,420.00,10080.00,Aprobado,VENCIDA,NEGOCIO,2026-05-28 15:54:19,2026-07-25 02:00:07,45,11113192667,111113612004634,5,2,5,424.70,194,24
1883,111113612004634,3000.00,7.95,13,2026-05-27,2026-08-26,299.90,3898.70,Aprobado,VENCIDA,NEGOCIO,2026-05-28 15:59:18,2026-07-25 02:00:07,44,11112816934,111113612004634,9,5,5,124.02,195,13
1884,111113612004634,6000.00,5.67,18,2026-05-29,2026-10-02,432.00,7776.00,Aprobado,VENCIDA,NEGOCIO,2026-05-28 16:18:18,2026-07-25 02:00:07,42,11112988424,111113612004634,6,3,5,244.94,196,18
1885,111113612004634,4000.00,5.67,18,2026-05-29,2026-10-02,288.00,5184.00,Aprobado,VENCIDA,NEGOCIO,2026-05-28 16:18:18,2026-07-25 02:00:07,42,11112873397,111113612004634,6,3,5,163.30,196,18
1886,111113612004634,7000.00,5.67,18,2026-05-29,2026-10-02,504.00,9072.00,Aprobado,VENCIDA,NEGOCIO,2026-05-28 16:18:18,2026-07-25 02:00:07,42,11112886571,111113612004634,6,3,5,285.77,196,18
1887,111113612004634,4000.00,5.67,18,2026-05-29,2026-10-02,288.00,5184.00,Aprobado,VENCIDA,NEGOCIO,2026-05-28 16:18:18,2026-07-25 02:00:07,42,11113018670,111113612004634,6,3,5,163.30,196,18
1888,111113612004634,4000.00,6.32,24,2026-05-27,2026-11-11,240.00,5760.00,Aprobado,VENCIDA,NEGOCIO,2026-05-28 21:08:02,2026-07-25 02:00:07,44,11112914012,111113612004634,5,2,5,242.69,197,24
1889,111113612004634,4000.00,7.95,13,2026-05-27,2026-08-26,399.90,3579.17,Aprobado,VENCIDA,NEGOCIO,2026-05-28 22:20:59,2026-07-25 02:00:07,16,11112872200,111113612004634,9,5,5,165.36,198,9
1890,111113612004634,5000.00,5.67,18,2026-05-28,2026-10-01,360.00,6480.00,Aprobado,VENCIDA,NEGOCIO,2026-05-29 21:34:33,2026-07-25 02:00:07,43,11112792766,111113612004634,6,3,5,204.12,199,18
1891,111113612004634,16000.00,3.85,48,2026-05-13,2027-04-14,511.97,24574.56,Aprobado,VENCIDA,NEGOCIO,2026-05-29 22:55:09,2026-07-25 02:00:07,58,11112859053,111113612004634,8,6,5,1182.72,200,48
1892,111113612004634,16000.00,3.85,48,2026-05-13,2027-04-14,512.00,24576.00,Aprobado,VENCIDA,NEGOCIO,2026-05-29 22:55:09,2026-07-25 02:00:07,58,11112967766,111113612004634,8,6,5,1182.72,200,48
1893,111113612004634,8000.00,6.32,24,2026-05-27,2026-11-11,480.00,11520.00,Aprobado,VENCIDA,NEGOCIO,2026-05-29 22:58:23,2026-07-25 02:00:07,44,11112859053,111113612004634,5,2,5,485.38,201,24
1894,111113612004634,8000.00,6.32,24,2026-05-27,2026-11-11,480.00,11520.00,Aprobado,VENCIDA,NEGOCIO,2026-05-29 22:58:23,2026-07-25 02:00:07,44,11112967766,111113612004634,5,2,5,485.38,201,24
1895,111113612004634,13000.00,3.85,48,2026-05-28,2027-04-29,416.00,19968.00,Aprobado,VENCIDA,NEGOCIO,2026-05-29 23:33:53,2026-07-25 02:00:07,43,11112828133,111113612004634,8,6,5,960.96,202,48
1896,111113612004634,8000.00,5.67,18,2026-05-27,2026-09-30,576.00,9204.27,Aprobado,VENCIDA,NEGOCIO,2026-05-29 23:39:31,2026-07-25 02:00:07,30,11112871359,111113612004634,6,3,5,326.59,203,16
1897,111113612004634,4000.00,6.32,24,2026-05-25,2026-11-09,240.00,5032.29,Aprobado,VENCIDA,NEGOCIO,2026-05-30 17:26:42,2026-07-25 02:00:07,25,11113186245,111113612004634,5,2,5,242.69,204,21
1898,111113612004634,3000.00,6.32,24,2026-05-25,2026-11-09,180.00,3774.22,Aprobado,VENCIDA,NEGOCIO,2026-05-30 17:26:42,2026-07-25 02:00:07,25,11113162874,111113612004634,5,2,5,182.02,204,21
1899,111113612004634,5000.00,6.32,24,2026-05-25,2026-11-09,300.00,6290.36,Aprobado,VENCIDA,NEGOCIO,2026-05-30 17:26:42,2026-07-25 02:00:07,25,11113189493,111113612004634,5,2,5,303.36,204,21
1900,111113612004634,3000.00,5.67,18,2026-05-27,2026-09-30,216.00,3888.00,Aprobado,VENCIDA,NEGOCIO,2026-05-30 17:31:34,2026-07-25 02:00:07,44,11113023334,111113612004634,6,3,5,122.47,205,18
1901,111113612004634,12000.00,6.32,24,2026-05-28,2026-11-12,719.90,15826.56,Aprobado,VENCIDA,NEGOCIO,2026-05-30 18:08:47,2026-07-25 02:00:07,29,11113102023,111113612004634,5,2,5,728.06,206,22
1902,111113612004634,4000.00,6.32,24,2026-05-26,2026-11-10,240.00,5760.00,Aprobado,VENCIDA,NEGOCIO,2026-05-30 19:39:18,2026-07-25 02:00:07,45,11112887079,111113612004634,5,2,5,242.69,207,24
1903,111113612004634,9500.00,6.32,24,2026-05-28,2026-11-12,569.90,13677.60,Aprobado,VENCIDA,NEGOCIO,2026-06-01 20:51:34,2026-07-25 02:00:07,43,11113096161,111113612004634,5,2,5,576.38,208,24
1904,111113612004634,7000.00,6.32,24,2026-05-28,2026-11-12,420.00,10080.00,Aprobado,VENCIDA,NEGOCIO,2026-06-01 20:51:34,2026-07-25 02:00:07,43,11112761450,111113612004634,5,2,5,424.70,208,24
1905,111113612004634,13000.00,3.85,48,2026-05-28,2027-04-29,416.00,19968.00,Aprobado,VENCIDA,NEGOCIO,2026-06-01 20:58:55,2026-07-25 02:00:07,43,11112833441,111113612004634,8,6,5,960.96,209,48
1906,111113612004634,16000.00,3.88,24,2026-06-02,2026-11-17,846.70,19473.77,Aprobado,VENCIDA,NEGOCIO,2026-06-02 17:21:37,2026-07-25 02:00:07,31,11112721007,111113612004634,34,30,6,595.97,,23
1907,111113612004634,7000.00,6.32,24,2026-04-28,2026-10-13,420.00,8400.00,Aprobado,VENCIDA,NEGOCIO,2026-06-03 16:33:20,2026-07-25 02:00:07,45,11112854078,111113612004634,5,2,5,424.70,210,20
1908,111113612004634,4000.00,7.95,13,2026-06-04,2026-09-03,399.90,5198.70,Aprobado,VENCIDA,NEGOCIO,2026-06-04 17:38:41,2026-07-25 02:00:07,36,11112946318,111113612004634,9,5,5,165.36,211,13
1909,111113612004634,9500.00,6.32,24,2026-06-05,2026-11-20,569.90,13677.60,Aprobado,VENCIDA,NEGOCIO,2026-06-04 17:50:15,2026-07-25 02:00:07,35,11112974293,111113612004634,5,2,5,576.38,212,24
1910,111113612004634,9800.00,6.32,24,2026-06-02,2026-11-17,587.90,11669.05,Aprobado,VENCIDA,NEGOCIO,2026-06-04 18:07:19,2026-07-25 02:00:07,10,11112998182,111113612004634,5,2,5,594.59,213,20
1911,111113612004634,12000.00,6.32,24,2026-06-05,2026-11-20,719.90,17277.60,Aprobado,VENCIDA,NEGOCIO,2026-06-04 18:25:51,2026-07-25 02:00:07,35,11112864704,111113612004634,5,2,5,728.06,214,24
1912,111113612004634,4000.00,7.95,13,2026-06-03,2026-09-02,399.90,5198.70,Aprobado,VENCIDA,NEGOCIO,2026-06-04 18:39:35,2026-07-25 02:00:07,37,11112937194,111113612004634,9,5,5,165.36,215,13
1913,111113612004634,5000.00,9.13,16,2026-06-03,2026-09-23,444.90,6673.16,Aprobado,VENCIDA,NEG,2026-06-04 21:15:51,2026-07-25 02:00:07,30,11113029242,111113612004634,12,9,6,292.16,,15
1914,111113612004634,9800.00,6.32,24,2026-06-05,2026-11-20,587.90,14109.60,Aprobado,VENCIDA,NEGOCIO,2026-06-04 21:56:19,2026-07-25 02:00:07,35,11112915373,111113612004634,5,2,5,594.59,216,24
1915,111113612004634,9500.00,6.32,24,2026-06-05,2026-11-20,569.90,13677.60,Aprobado,VENCIDA,NEGOCIO,2026-06-04 21:56:19,2026-07-25 02:00:07,35,11112849049,111113612004634,5,2,5,576.38,216,24
1916,111113612004634,4000.00,6.32,24,2026-06-05,2026-11-20,240.00,5760.00,Aprobado,VENCIDA,NEGOCIO,2026-06-04 21:56:19,2026-07-25 02:00:07,35,11113181739,111113612004634,5,2,5,242.69,216,24
1917,111113612004634,20000.00,5.00,32,2026-06-02,2027-01-12,915.00,28365.00,Aprobado,VENCIDA,NEGOCIO,2026-06-04 22:17:13,2026-07-25 02:00:07,31,11112862419,111113612004634,33,29,6,1280.00,,31
1918,111113612004634,3000.00,7.95,13,2026-06-03,2026-09-02,299.90,3898.70,Aprobado,VENCIDA,NEGOCIO,2026-06-05 18:17:23,2026-07-25 02:00:07,37,11113109760,111113612004634,9,5,5,124.02,217,13
1919,111113612004634,5000.00,5.67,18,2026-06-03,2026-10-07,360.00,6480.00,Aprobado,VENCIDA,NEGOCIO,2026-06-05 18:40:07,2026-07-25 02:00:07,37,11113033150,111113612004634,6,3,5,204.12,218,18
1920,111113612004634,5000.00,5.67,18,2026-06-03,2026-10-07,360.00,6480.00,Aprobado,VENCIDA,NEGOCIO,2026-06-05 18:40:07,2026-07-25 02:00:07,37,11112785207,111113612004634,6,3,5,204.12,218,18
1921,111113612004634,15000.00,3.85,48,2026-06-05,2027-05-07,480.00,23040.00,Aprobado,VENCIDA,NEGOCIO,2026-06-05 20:08:31,2026-07-25 02:00:07,35,11112939687,111113612004634,8,6,5,1108.80,219,48
1922,111113612004634,9800.00,6.32,24,2026-06-03,2026-11-18,587.95,13522.79,Aprobado,VENCIDA,NEGOCIO,2026-06-05 20:49:50,2026-07-25 02:00:07,30,11112934778,111113612004634,5,2,5,594.59,220,23
1923,111113612004634,9800.00,6.32,24,2026-06-03,2026-11-18,587.90,13522.79,Aprobado,VENCIDA,NEGOCIO,2026-06-05 20:49:50,2026-07-25 02:00:07,30,11112996211,111113612004634,5,2,5,594.59,220,23
1924,111113612004634,9800.00,6.32,24,2026-06-03,2026-11-18,587.90,13522.79,Aprobado,VENCIDA,NEGOCIO,2026-06-05 20:49:50,2026-07-25 02:00:07,30,11113129537,111113612004634,5,2,5,594.59,220,23
1925,111113612004634,9800.00,6.32,24,2026-06-03,2026-11-18,587.90,12344.93,Aprobado,VENCIDA,NEGOCIO,2026-06-05 20:49:50,2026-07-25 02:00:07,16,11112931340,111113612004634,5,2,5,594.59,220,21
1926,111113612004634,3000.00,7.95,13,2026-06-04,2026-09-03,299.90,3898.70,Aprobado,VENCIDA,NEGOCIO,2026-06-05 22:04:46,2026-07-24 02:00:06,35,11113046154,111113612004634,9,5,5,124.02,221,13
1927,111113612004634,13000.00,6.32,24,2026-06-05,2026-11-20,779.90,15543.94,Aprobado,VENCIDA,NEGOCIO,2026-06-05 22:41:51,2026-07-25 02:00:07,7,11112874869,111113612004634,5,2,5,788.74,222,20
1928,111113612004634,6000.00,6.32,24,2026-06-05,2026-11-20,360.00,6731.23,Aprobado,VENCIDA,NEGOCIO,2026-06-05 22:41:51,2026-07-23 02:00:07,,11113119485,111113612004634,5,2,5,364.03,222,19
1929,111113612004634,6000.00,6.32,24,2026-06-05,2026-11-20,360.00,8640.00,Aprobado,VENCIDA,NEGOCIO,2026-06-05 23:01:39,2026-07-25 02:00:07,35,11112862917,111113612004634,5,2,5,364.03,223,24
1930,111113612004634,20000.00,5.86,32,2026-06-04,2027-01-14,964.90,29911.16,Aprobado,VENCIDA,NEGOCIO,2026-06-05 23:09:45,2026-07-25 02:00:07,29,11112847319,111113612004634,11,8,5,1500.16,224,31
1931,111113612004634,15000.00,3.85,48,2026-06-04,2027-05-06,480.00,21051.60,Aprobado,VENCIDA,NEGOCIO,2026-06-05 23:10:27,2026-07-25 02:00:07,8,11113115541,111113612004634,8,6,5,1108.80,225,44
1932,111113612004634,10000.00,3.85,48,2026-06-11,2027-05-13,320.00,14013.07,Aprobado,VENCIDA,Negocio,2026-06-09 16:59:19,2026-07-25 02:00:07,1,11113022524,111113612004634,8,6,5,739.20,226,44
1933,111113612004634,7000.00,7.07,16,2026-06-12,2026-10-02,581.00,9296.00,Aprobado,VENCIDA,NEGOCIO,2026-06-10 18:41:09,2026-07-25 02:00:07,28,11112977354,111113612004634,16,13,6,316.74,,16
1934,111113612004634,6000.00,6.32,24,2026-06-08,2026-11-23,360.00,8279.23,Aprobado,VENCIDA,NEGOCIO,2026-06-10 19:01:05,2026-07-25 02:00:07,25,11113106411,111113612004634,5,2,5,364.03,227,23
1935,111113612004634,8000.00,6.32,24,2026-06-08,2026-11-23,480.00,11038.98,Aprobado,VENCIDA,NEGOCIO,2026-06-10 19:03:32,2026-07-25 02:00:07,25,11113202376,111113612004634,5,2,5,485.38,228,23
1936,111113612004634,8000.00,6.32,24,2026-06-12,2026-11-27,480.00,11520.00,Aprobado,VENCIDA,NEGOCIO,2026-06-10 19:16:03,2026-07-25 02:00:07,28,11113068907,111113612004634,5,2,5,485.38,229,24
1937,111113612004634,12000.00,6.32,24,2026-06-12,2026-11-27,719.90,17277.60,Aprobado,VENCIDA,NEGOCIO,2026-06-10 19:16:03,2026-07-25 02:00:07,28,11112896125,111113612004634,5,2,5,728.06,229,24
1938,111113612004634,9000.00,6.32,24,2026-06-12,2026-11-27,540.00,12960.00,Aprobado,VENCIDA,NEGOCIO,2026-06-10 19:29:11,2026-07-25 02:00:07,28,11113097725,111113612004634,5,2,5,546.05,230,24
1939,111113612004634,11000.00,5.67,18,2026-06-12,2026-10-16,792.00,14256.00,Aprobado,VENCIDA,NEGOCIO,2026-06-10 19:35:53,2026-07-25 02:00:07,28,11113042732,111113612004634,6,3,5,449.06,231,18
1940,111113612004634,2000.00,7.95,13,2026-06-08,2026-09-07,200.00,2600.00,Aprobado,VENCIDA,NEGOCIO,2026-06-10 20:08:30,2026-07-25 02:00:07,32,11113022051,111113612004634,9,5,5,82.68,232,13
1941,111113612004634,7000.00,6.32,24,2026-06-09,2026-11-24,420.00,10080.00,Aprobado,VENCIDA,NEGOCIO,2026-06-10 20:20:56,2026-07-25 02:00:07,31,11113046199,111113612004634,5,2,5,424.70,233,24
1942,111113612004634,10000.00,4.62,32,2026-06-08,2027-01-18,446.50,14288.00,Aprobado,VENCIDA,NEGOCIO,2026-06-10 22:02:18,2026-07-25 02:00:07,32,11112839763,111113612004634,38,34,5,591.36,234,32
1943,111113612004634,4000.00,6.32,24,2026-06-09,2026-11-24,240.00,5760.00,Aprobado,VENCIDA,NEGOCIO,2026-06-10 22:35:15,2026-07-25 02:00:07,31,11112914985,111113612004634,5,2,5,242.69,235,24
1944,111113612004634,4000.00,5.67,18,2026-06-08,2026-10-12,288.00,5184.00,Aprobado,VENCIDA,NEGOCIO,2026-06-11 13:52:56,2026-07-25 02:00:07,32,11113174457,111113612004634,6,3,5,163.30,236,18
1945,111113612004634,4000.00,5.67,18,2026-06-08,2026-10-12,288.00,5184.00,Aprobado,VENCIDA,NEGOCIO,2026-06-11 13:52:56,2026-07-25 02:00:07,32,11113004468,111113612004634,6,3,5,163.30,236,18
1946,111113612004634,5000.00,6.32,24,2026-06-10,2026-11-25,300.00,7200.00,Aprobado,VENCIDA,NEGOCIO,2026-06-11 14:11:13,2026-07-25 02:00:07,30,11112732871,111113612004634,5,2,5,303.36,237,24
1947,111113612004634,5000.00,6.32,24,2026-06-10,2026-11-25,300.00,7200.00,Aprobado,VENCIDA,NEGOCIO,2026-06-11 14:11:13,2026-07-25 02:00:07,30,11112979691,111113612004634,5,2,5,303.36,237,24
1948,111113612004634,9800.00,6.32,24,2026-06-12,2026-11-27,587.90,14109.60,Aprobado,VENCIDA,NEGOCIO,2026-06-11 17:30:32,2026-07-25 02:00:07,28,11112895952,111113612004634,5,2,5,594.59,238,24
1949,111113612004634,11000.00,6.32,24,2026-06-12,2026-11-27,659.90,15837.60,Aprobado,VENCIDA,NEGOCIO,2026-06-11 17:30:32,2026-07-25 02:00:07,28,11113098282,111113612004634,5,2,5,667.39,238,24
1950,111113612004634,13000.00,6.32,24,2026-06-12,2026-11-27,779.90,18717.60,Aprobado,VENCIDA,NEGOCIO,2026-06-11 17:30:32,2026-07-25 02:00:07,28,11113242625,111113612004634,5,2,5,788.74,238,24
1951,111113612004634,6000.00,5.67,18,2026-06-10,2026-10-14,432.00,6449.60,Aprobado,VENCIDA,NEGOCIO,2026-06-11 18:21:48,2026-07-25 02:00:07,9,11112982584,111113612004634,6,3,5,244.94,239,15
1952,111113612004634,9800.00,6.32,24,2026-06-12,2026-11-27,587.90,14109.60,Aprobado,VENCIDA,NEGOCIO,2026-06-11 19:06:17,2026-07-25 02:00:07,28,11112777460,111113612004634,5,2,5,594.59,240,24
1953,111113612004634,10000.00,3.85,48,2026-06-12,2027-05-14,320.00,15360.00,Aprobado,VENCIDA,NEGOCIO,2026-06-12 18:02:15,2026-07-25 02:00:07,28,11112925822,111113612004634,8,6,5,739.20,241,48
1954,111113612004634,2000.00,7.95,13,2026-06-10,2026-09-09,200.00,1768.81,Aprobado,VENCIDA,NEGOCIO,2026-06-12 20:47:49,2026-07-25 02:00:07,2,11113005497,111113612004634,9,5,5,82.68,242,9
1955,111113612004634,3000.00,6.32,24,2026-06-11,2026-11-26,180.00,4320.00,Aprobado,VENCIDA,NEGOCIO,2026-06-12 21:05:27,2026-07-25 02:00:07,29,11113069896,111113612004634,5,2,5,182.02,243,24
1956,111113612004634,4000.00,5.67,18,2026-06-08,2026-10-12,288.00,5184.00,Aprobado,VENCIDA,NEGOCIO,2026-06-12 21:29:34,2026-07-25 02:00:07,32,11113186271,111113612004634,6,3,5,163.30,244,18
1957,111113612004634,4000.00,5.67,18,2026-06-11,2026-10-15,288.00,5184.00,Aprobado,VENCIDA,NEGOCIO,2026-06-12 21:36:00,2026-07-25 02:00:07,29,11112889189,111113612004634,6,3,5,163.30,245,18
1958,111113612004634,15000.00,3.85,48,2026-06-11,2027-05-13,480.00,23040.00,Aprobado,VENCIDA,NEGOCIO,2026-06-13 16:09:11,2026-07-25 02:00:07,29,11113053166,111113612004634,8,6,5,1108.80,246,48
1959,111113612004634,3000.00,7.95,13,2026-06-11,2026-09-10,299.90,3898.70,Aprobado,VENCIDA,NEGOCIO,2026-06-13 16:19:53,2026-07-25 02:00:07,29,11112956989,111113612004634,9,5,5,124.02,247,13
1960,111113612004634,3000.00,7.95,13,2026-06-11,2026-09-10,299.90,3898.70,Aprobado,VENCIDA,NEGOCIO,2026-06-13 16:19:53,2026-07-25 02:00:07,29,11113113052,111113612004634,9,5,5,124.02,247,13
1961,11119423046816,4000.00,6.32,24,2026-06-15,,239.98,5759.49,Rechazado,VIGENTE,NEGOCIO,2026-06-15 19:57:34,2026-06-16 18:33:50,,11112839233,111113612004634,5,2,5,242.69,248,24
1962,111113612004634,13000.00,5.67,18,2026-06-17,2026-10-21,936.00,16848.00,Aprobado,VENCIDA,NEGOCIO,2026-06-16 18:33:34,2026-07-25 02:00:07,23,11112954434,111113612004634,6,3,5,530.71,249,18
1963,111113612004634,15000.00,3.85,48,2026-06-10,2027-05-12,480.00,23040.00,Aprobado,VENCIDA,NEGOCIO,2026-06-17 17:20:53,2026-07-25 02:00:07,30,11113112747,111113612004634,8,6,5,1108.80,250,48
1964,111113612004634,10000.00,4.62,32,2026-06-19,2027-01-29,446.50,12894.28,Aprobado,VENCIDA,NEGOCIO,2026-06-18 15:15:17,2026-07-24 02:00:06,,11113315176,111113612004634,38,34,5,591.36,251,29
1965,111113612004634,4000.00,6.32,24,2026-06-15,2026-11-30,240.00,5760.00,Aprobado,VENCIDA,NEGOCIO,2026-06-18 15:44:41,2026-07-25 02:00:07,25,11112935428,111113612004634,5,2,5,242.69,252,24
1966,111113612004634,9800.00,6.32,24,2026-06-15,2026-11-30,587.90,14109.60,Aprobado,VENCIDA,NEGOCIO,2026-06-18 15:44:41,2026-07-25 02:00:07,25,11112925238,111113612004634,5,2,5,594.59,252,24
1967,111113612004634,3000.00,6.32,24,2026-06-19,2026-12-04,180.00,4320.00,Aprobado,VENCIDA,NEGOCIO,2026-06-18 16:08:07,2026-07-25 02:00:07,21,11112994198,111113612004634,5,2,5,182.02,253,24
1968,111113612004634,3000.00,6.32,24,2026-06-19,2026-12-04,180.00,4320.00,Aprobado,VENCIDA,NEGOCIO,2026-06-18 16:08:07,2026-07-25 02:00:07,21,11112911821,111113612004634,5,2,5,182.02,253,24
1969,111113612004634,6000.00,5.67,18,2026-06-16,2026-10-20,432.00,7776.00,Aprobado,VENCIDA,NEGOCIO,2026-06-18 16:37:01,2026-07-25 02:00:07,24,11113229030,111113612004634,6,3,5,244.94,254,18
1970,111113612004634,6000.00,5.67,18,2026-06-16,2026-10-20,432.00,7776.00,Aprobado,VENCIDA,NEGOCIO,2026-06-18 16:37:01,2026-07-25 02:00:07,24,11112958365,111113612004634,6,3,5,244.94,254,18
1971,111113612004634,4000.00,5.67,18,2026-06-16,2026-10-20,288.00,5184.00,Aprobado,VENCIDA,NEGOCIO,2026-06-18 16:37:01,2026-07-25 02:00:07,24,11112897765,111113612004634,6,3,5,163.30,254,18
1972,111113612004634,6000.00,5.67,18,2026-06-16,2026-10-20,432.00,7776.00,Aprobado,VENCIDA,NEGOCIO,2026-06-18 16:37:01,2026-07-25 02:00:07,24,11113004915,111113612004634,6,3,5,244.94,254,18
1973,111113612004634,3000.00,5.67,18,2026-06-16,2026-10-20,216.00,3888.00,Aprobado,VENCIDA,NEGOCIO,2026-06-18 16:37:01,2026-07-25 02:00:07,24,11113062348,111113612004634,6,3,5,122.47,254,18
1974,111113612004634,3000.00,5.67,18,2026-06-16,2026-10-20,216.00,3888.00,Aprobado,VENCIDA,NEGOCIO,2026-06-18 16:37:01,2026-07-25 02:00:07,24,11113177745,111113612004634,6,3,5,122.47,254,18
1975,111113612004634,3000.00,6.32,24,2026-06-19,2026-12-04,180.00,4320.00,Aprobado,VENCIDA,NEGOCIO,2026-06-18 17:05:39,2026-07-25 02:00:07,21,11112914791,111113612004634,5,2,5,182.02,255,24
1976,111113612004634,3000.00,6.32,24,2026-06-19,2026-12-04,180.00,4320.00,Aprobado,VENCIDA,NEGOCIO,2026-06-18 17:05:39,2026-07-25 02:00:07,21,11113023526,111113612004634,5,2,5,182.02,255,24
1977,111113612004634,8000.00,4.62,32,2026-06-19,2027-01-29,357.20,11430.40,Aprobado,VENCIDA,NEGOCIO,2026-06-18 17:13:18,2026-07-25 02:00:07,21,11113007902,111113612004634,38,34,5,473.09,256,32
1978,111113612004634,7000.00,6.32,24,2026-06-18,2026-12-03,420.00,10080.00,Aprobado,VENCIDA,NEGOCIO,2026-06-18 17:54:38,2026-07-25 02:00:07,22,11112801054,111113612004634,5,2,5,424.70,257,24
1979,111113612004634,7000.00,7.07,16,2026-06-17,2026-10-07,581.00,9296.00,Aprobado,VENCIDA,NEGOCIO,2026-06-18 18:00:19,2026-07-25 02:00:07,23,11112973932,111113612004634,16,13,6,316.74,,16
1980,111113612004634,7000.00,7.07,16,2026-06-17,2026-10-07,581.00,9296.00,Aprobado,VENCIDA,NEGOCIO,2026-06-18 20:28:21,2026-07-25 02:00:07,23,11112898863,111113612004634,16,13,6,316.74,,16
1981,111113612004634,4000.00,5.67,18,2026-06-18,2026-10-22,288.00,5184.00,Aprobado,VENCIDA,NEGOCIO,2026-06-18 22:01:56,2026-07-25 02:00:07,22,11112936233,111113612004634,6,3,5,163.30,258,18
1982,111113612004634,4000.00,5.67,18,2026-06-19,2026-10-23,288.00,5184.00,Aprobado,VENCIDA,NEGOCIO,2026-06-19 22:08:35,2026-07-25 02:00:07,21,11112838338,111113612004634,6,3,5,163.30,259,18
1983,111113612004634,4000.00,5.67,18,2026-06-19,2026-10-23,288.00,5184.00,Aprobado,VENCIDA,NEGOCIO,2026-06-19 22:08:35,2026-07-25 02:00:07,21,11112987168,111113612004634,6,3,5,163.30,259,18
1984,111113612004634,4000.00,5.67,18,2026-06-19,2026-10-23,288.00,5184.00,Aprobado,VENCIDA,NEGOCIO,2026-06-19 22:08:35,2026-07-25 02:00:07,21,11113031567,111113612004634,6,3,5,163.30,259,18
1985,111113612004634,4000.00,5.67,18,2026-06-19,2026-10-23,288.00,5184.00,Aprobado,VENCIDA,NEGOCIO,2026-06-19 22:08:35,2026-07-25 02:00:07,21,11112866965,111113612004634,6,3,5,163.30,259,18
1986,111113612004634,4000.00,5.67,18,2026-06-19,2026-10-23,288.00,5184.00,Aprobado,VENCIDA,NEGOCIO,2026-06-19 22:08:35,2026-07-25 02:00:07,21,11112903021,111113612004634,6,3,5,163.30,259,18
1987,111113612004634,4000.00,7.95,13,2026-06-17,2026-09-16,399.90,5198.70,Aprobado,VENCIDA,NEGOCIO,2026-06-19 22:23:42,2026-07-25 02:00:07,23,11112816492,111113612004634,9,5,5,165.36,260,13
1988,111113612004634,5000.00,6.32,24,2026-06-19,2026-12-04,300.00,7200.00,Aprobado,VENCIDA,NEGOCIO,2026-06-19 22:31:07,2026-07-25 02:00:07,21,11112972833,111113612004634,5,2,5,303.36,261,24
1989,111113612004634,15000.00,3.85,48,2026-06-18,2027-05-20,480.00,23040.00,Aprobado,VENCIDA,NEGOCIO,2026-06-19 22:52:51,2026-07-25 02:00:07,22,11112956989,111113612004634,8,6,5,1108.80,262,48
1990,111113612004634,13000.00,3.85,48,2026-06-18,2027-05-20,416.00,19968.00,Aprobado,VENCIDA,NEGOCIO,2026-06-19 23:03:24,2026-07-25 02:00:07,22,11112882874,111113612004634,8,6,5,960.96,263,48
1991,111113612004634,5000.00,5.67,18,2026-06-16,2026-10-20,360.00,6480.00,Aprobado,VENCIDA,NEGOCIO,2026-06-19 23:17:46,2026-07-25 02:00:07,24,11112881133,111113612004634,6,3,5,204.12,264,18
1992,111113612004634,3000.00,5.67,18,2026-06-16,2026-10-20,216.00,3888.00,Aprobado,VENCIDA,NEGOCIO,2026-06-19 23:17:46,2026-07-25 02:00:07,24,11113095404,111113612004634,6,3,5,122.47,264,18
1993,111113612004634,5000.00,5.67,18,2026-06-16,2026-10-20,360.00,6480.00,Aprobado,VENCIDA,NEGOCIO,2026-06-19 23:17:46,2026-07-25 02:00:07,24,11112952632,111113612004634,6,3,5,204.12,264,18
1994,111113612004634,3000.00,5.67,18,2026-06-16,2026-10-20,216.00,3888.00,Aprobado,VENCIDA,NEGOCIO,2026-06-19 23:17:46,2026-07-25 02:00:07,24,11113003747,111113612004634,6,3,5,122.47,264,18
1995,111113612004634,12000.00,6.32,24,2026-06-19,2026-12-04,719.90,17277.60,Aprobado,VENCIDA,NEGOCIO,2026-06-19 23:21:20,2026-07-25 02:00:07,21,11113023238,111113612004634,5,2,5,728.06,265,24
1996,111113612004634,14000.00,6.32,24,2026-06-19,2026-12-04,839.90,20157.60,Aprobado,VENCIDA,NEGOCIO,2026-06-20 14:49:13,2026-07-25 02:00:07,21,11113072620,111113612004634,5,2,5,849.41,266,24
1997,111113612004634,12000.00,6.32,24,2026-06-18,2026-12-03,719.90,15793.06,Aprobado,VENCIDA,NEGOCIO,2026-06-20 17:27:12,2026-07-25 02:00:07,8,11112963613,111113612004634,5,2,5,728.06,267,22
1998,111113612004634,8000.00,6.32,24,2026-06-22,2026-12-07,480.00,10035.78,Aprobado,VENCIDA,NEGOCIO,2026-06-25 21:57:38,2026-07-24 02:00:06,,11113034548,111113612004634,5,2,5,485.38,268,21
1999,111113612004634,3000.00,6.32,24,2026-06-22,2026-12-07,180.00,4320.00,Aprobado,VENCIDA,NEGOCIO,2026-06-25 21:57:38,2026-07-25 02:00:07,18,11112807935,111113612004634,5,2,5,182.02,268,24
2000,111113612004634,3000.00,6.32,24,2026-06-22,2026-12-07,180.00,4320.00,Aprobado,VENCIDA,NEGOCIO,2026-06-25 21:57:38,2026-07-25 02:00:07,18,11112996352,111113612004634,5,2,5,182.02,268,24
2001,111113612004634,3000.00,7.95,13,2026-06-23,2026-09-22,299.90,3898.70,Aprobado,VENCIDA,NEGOCIO,2026-06-25 22:06:29,2026-07-25 02:00:07,17,11112938595,111113612004634,9,5,5,124.02,269,13
2002,111113612004634,4000.00,6.32,24,2026-06-23,2026-12-08,240.00,5760.00,Aprobado,VENCIDA,NEGOCIO,2026-06-25 22:21:14,2026-07-25 02:00:07,17,11112948100,111113612004634,5,2,5,242.69,270,24
2003,111113612004634,9000.00,6.32,24,2026-06-23,2026-12-08,540.00,12960.00,Aprobado,VENCIDA,NEGOCIO,2026-06-25 22:21:14,2026-07-25 02:00:07,17,11112842761,111113612004634,5,2,5,546.05,270,24
2004,111113612004634,6000.00,6.32,24,2026-06-23,2026-12-08,360.00,8640.00,Aprobado,VENCIDA,NEGOCIO,2026-06-25 22:29:01,2026-07-25 02:00:07,17,11112874979,111113612004634,5,2,5,364.03,271,24
2005,111113612004634,2000.00,7.95,13,2026-06-22,2026-09-21,200.00,2600.00,Aprobado,VENCIDA,NEGOCIO,2026-06-25 22:33:57,2026-07-25 02:00:07,18,11113006480,111113612004634,9,5,5,82.68,272,13
2006,111113612004634,12000.00,6.32,24,2026-06-25,2026-12-10,719.90,17277.60,Aprobado,VENCIDA,NEGOCIO,2026-06-25 22:41:04,2026-07-25 02:00:07,15,11112724518,111113612004634,5,2,5,728.06,273,24
2007,111113612004634,3000.00,7.95,13,2026-06-23,2026-09-22,299.90,3898.70,Aprobado,VENCIDA,NEGOCIO,2026-06-25 22:53:51,2026-07-25 02:00:07,17,11113005775,111113612004634,9,5,5,124.02,274,13
2008,111113612004634,2000.00,7.95,13,2026-06-22,2026-09-21,200.00,2600.00,Aprobado,VENCIDA,NEGOCIO,2026-06-26 21:37:42,2026-07-25 02:00:07,18,11113106411,111113612004634,9,5,5,82.68,275,13
2009,111113612004634,4000.00,7.95,13,2026-06-24,2026-09-23,399.90,5198.70,Aprobado,VENCIDA,NEGOCIO,2026-06-26 21:46:13,2026-07-25 02:00:07,16,11112931340,111113612004634,9,5,5,165.36,276,13
2010,111113612004634,9800.00,6.32,24,2026-06-25,2026-12-10,587.90,14109.60,Aprobado,VENCIDA,NEGOCIO,2026-06-26 22:11:49,2026-07-25 02:00:07,15,11113184661,111113612004634,5,2,5,594.59,277,24
2011,111113612004634,9800.00,6.32,24,2026-06-25,2026-12-10,587.90,14109.60,Aprobado,VENCIDA,NEGOCIO,2026-06-26 22:11:49,2026-07-25 02:00:07,15,11112924530,111113612004634,5,2,5,594.59,277,24
2012,111113612004634,8000.00,4.62,32,2026-06-22,2027-02-01,357.20,11430.40,Aprobado,VENCIDA,NEGOCIO,2026-06-26 22:20:46,2026-07-25 02:00:07,18,11112839233,111113612004634,38,34,5,473.09,278,32
2013,111113612004634,2000.00,7.95,13,2026-06-22,2026-09-21,200.00,1990.81,Aprobado,VENCIDA,NEGOCIO,2026-06-26 22:35:31,2026-07-18 02:00:07,,11113052056,111113612004634,9,5,5,82.68,279,10
2014,111113612004634,14000.00,6.32,24,2026-06-23,2026-12-08,839.90,20157.60,Aprobado,VENCIDA,NEGOCIO,2026-06-27 19:17:28,2026-07-25 02:00:07,17,11112973194,111113612004634,5,2,5,849.41,280,24
2015,111113612603105,11000.00,20.00,12,2026-06-29,,1554.67,18656.04,Rechazado,VIGENTE,INVERSION,2026-06-29 20:22:50,2026-06-29 21:29:42,,11112785207,111113612004634,40,36,7,1056.00,,12
2016,111113612004634,10000.00,4.62,32,2026-06-26,2027-02-05,446.50,14288.00,Aprobado,VENCIDA,NEGOCIO,2026-06-29 21:26:31,2026-07-25 02:00:07,14,11112837856,111113612004634,38,34,5,591.36,281,32
2017,111113612004634,13000.00,6.32,24,2026-06-26,2026-12-11,779.90,18717.60,Aprobado,VENCIDA,NEGOCIO,2026-06-29 21:34:50,2026-07-25 02:00:07,14,11112893766,111113612004634,5,2,5,788.74,282,24
2018,111113612004634,7000.00,6.32,24,2026-06-26,2026-12-11,420.00,10080.00,Aprobado,VENCIDA,NEGOCIO,2026-06-29 21:34:50,2026-07-25 02:00:07,14,11113037690,111113612004634,5,2,5,424.70,282,24
2019,111113612004634,3000.00,6.32,24,2026-06-26,2026-12-11,180.00,4320.00,Aprobado,VENCIDA,NEGOCIO,2026-06-29 21:34:50,2026-07-25 02:00:07,14,11112806809,111113612004634,5,2,5,182.02,282,24
2020,111113612004634,4000.00,7.95,13,2026-06-26,2026-09-25,399.90,5198.70,Aprobado,VENCIDA,NEGOCIO,2026-06-29 21:54:00,2026-07-25 02:00:07,14,11113203334,111113612004634,9,5,5,165.36,283,13
2021,111113612004634,9800.00,5.67,18,2026-06-25,2026-10-29,705.60,12700.80,Aprobado,VENCIDA,NEGOCIO,2026-06-29 22:03:29,2026-07-25 02:00:07,15,11113045113,111113612004634,6,3,5,400.08,284,18
2022,111113612004634,15000.00,3.85,48,2026-06-25,2027-05-27,480.00,23040.00,Aprobado,VENCIDA,NEGOCIO,2026-06-29 22:18:03,2026-07-25 02:00:07,15,11112938387,111113612004634,8,6,5,1108.80,285,48
2023,111113612004634,8000.00,5.67,18,2026-06-22,2026-10-26,576.00,10368.00,Aprobado,VENCIDA,NEGOCIO,2026-06-29 22:21:10,2026-07-25 02:00:07,18,11112869659,111113612004634,6,3,5,326.59,286,18
2024,111113612004634,2000.00,7.95,13,2026-06-25,2026-09-24,200.00,2600.00,Aprobado,VENCIDA,NEGOCIO,2026-06-29 22:24:38,2026-07-25 02:00:07,15,11113081447,111113612004634,9,5,5,82.68,287,13
2025,111113612004634,15000.00,5.69,16,2026-06-30,2026-10-20,1185.00,18960.00,Aprobado,VENCIDA,NEG,2026-07-02 21:16:31,2026-07-25 02:00:07,10,11112794953,111113612004634,27,23,6,546.24,,16
2026,111113612004634,7000.00,7.07,16,2026-06-30,2026-10-20,581.00,9296.00,Aprobado,VENCIDA,NEG,2026-07-02 21:17:22,2026-07-25 02:00:07,10,11113008354,111113612004634,16,13,6,316.74,,16
2027,111113612004634,7000.00,7.07,16,2026-06-30,2026-10-20,581.00,9296.00,Aprobado,VENCIDA,NEG,2026-07-02 21:18:25,2026-07-25 02:00:07,10,11112948802,111113612004634,16,13,6,316.74,,16
2028,111113612004634,15000.00,3.88,24,2026-07-01,2026-12-16,793.80,19051.20,Aprobado,VENCIDA,NEG,2026-07-02 21:19:39,2026-07-25 02:00:07,9,11112781039,111113612004634,34,30,6,558.72,,24
2029,111113612004634,9800.00,6.32,24,2026-06-29,2026-12-14,587.90,14109.60,Aprobado,VENCIDA,NEGOCIO,2026-07-02 22:16:51,2026-07-25 02:00:07,11,11112777895,111113612004634,5,2,5,594.59,288,24
2030,111113612004634,9800.00,6.32,24,2026-06-30,2026-12-15,587.90,14109.60,Aprobado,VENCIDA,NEGOCIO,2026-07-02 22:26:36,2026-07-25 02:00:07,10,11112819235,111113612004634,5,2,5,594.59,289,24
2031,111113612004634,6000.00,6.32,24,2026-07-03,2026-12-18,360.00,8640.00,Aprobado,VENCIDA,NEGOCIO,2026-07-02 22:42:18,2026-07-25 02:00:07,7,11112952328,111113612004634,5,2,5,364.03,290,24
2032,111113612004634,9800.00,6.32,24,2026-07-03,2026-12-18,587.90,14109.60,Aprobado,VENCIDA,NEGOCIO,2026-07-02 22:46:54,2026-07-25 02:00:07,7,11113028141,111113612004634,5,2,5,594.59,291,24
2033,111113612004634,6000.00,5.67,18,2026-07-02,2026-11-05,432.00,7776.00,Aprobado,VENCIDA,NEGOCIO,2026-07-03 21:42:35,2026-07-25 02:00:07,8,11112886288,111113612004634,6,3,5,244.94,292,18
2034,111113612004634,9800.00,6.32,24,2026-07-01,2026-12-16,587.90,14109.60,Aprobado,VENCIDA,NEGOCIO,2026-07-03 21:43:30,2026-07-25 02:00:07,9,11112952009,111113612004634,5,2,5,594.59,293,24
2035,111113612004634,2000.00,7.95,13,2026-06-29,2026-09-28,200.00,2600.00,Aprobado,VENCIDA,NEGOCIO,2026-07-03 21:44:28,2026-07-25 02:00:07,11,11113102113,111113612004634,9,5,5,82.68,294,13
2036,111113612004634,13000.00,5.67,18,2026-07-01,2026-11-04,936.00,16848.00,Aprobado,VENCIDA,NEGOCIO,2026-07-03 21:46:09,2026-07-25 02:00:07,9,11112872200,111113612004634,6,3,5,530.71,295,18
2037,111113612004634,9800.00,5.67,18,2026-07-01,2026-11-04,705.60,11268.21,Aprobado,VENCIDA,NEGOCIO,2026-07-03 21:46:09,2026-07-25 02:00:07,,11112917334,111113612004634,6,3,5,400.08,295,16
2038,111113612004634,6000.00,5.67,18,2026-06-30,2026-11-03,432.00,7776.00,Aprobado,VENCIDA,NEGOCIO,2026-07-03 21:46:56,2026-07-25 02:00:07,10,11112859540,111113612004634,6,3,5,244.94,296,18
2039,111113612004634,6000.00,5.67,18,2026-07-02,2026-11-05,432.00,7776.00,Aprobado,VENCIDA,NEGOCIO,2026-07-03 21:47:54,2026-07-25 02:00:07,8,11113271100,111113612004634,6,3,5,244.94,297,18
2040,111113612004634,3000.00,7.95,13,2026-07-03,2026-10-02,299.90,3898.70,Aprobado,VENCIDA,NEGOCIO,2026-07-03 21:49:03,2026-07-25 02:00:07,7,11112918295,111113612004634,9,5,5,124.02,298,13
2041,111113612004634,7000.00,5.67,18,2026-07-02,2026-11-05,504.00,9072.00,Aprobado,VENCIDA,NEGOCIO,2026-07-03 21:49:50,2026-07-25 02:00:07,8,11112828093,111113612004634,6,3,5,285.77,299,18
2042,111113612004634,8000.00,5.67,18,2026-07-03,2026-11-06,576.00,10368.00,Aprobado,VENCIDA,NEGOCIO,2026-07-03 21:50:33,2026-07-25 02:00:07,7,11112802275,111113612004634,6,3,5,326.59,300,18
2043,111113612004634,3000.00,5.67,18,2026-06-29,2026-11-02,216.00,3888.00,Aprobado,VENCIDA,NEGOCIO,2026-07-03 21:51:36,2026-07-25 02:00:07,11,11112973732,111113612004634,6,3,5,122.47,301,18
2044,111113612004634,18000.00,3.85,48,2026-07-03,2027-06-04,576.00,27648.00,Aprobado,VENCIDA,NEGOCIO,2026-07-04 04:09:12,2026-07-25 02:00:07,7,11112874869,111113612004634,8,6,5,1330.56,302,48
2045,111113612004634,6000.00,6.32,24,2026-06-30,2026-12-15,360.00,8640.00,Aprobado,VENCIDA,NEGOCIO,2026-07-04 04:10:32,2026-07-25 02:00:07,10,11112935138,111113612004634,5,2,5,364.03,303,24
2046,111113612004634,8000.00,6.32,24,2026-07-03,2026-12-18,480.00,11520.00,Aprobado,VENCIDA,NEGOCIO,2026-07-04 04:12:12,2026-07-25 02:00:07,7,11112808669,111113612004634,5,2,5,485.38,304,24
2047,111113612004634,4000.00,5.67,18,2026-07-02,2026-11-05,288.00,5184.00,Aprobado,VENCIDA,NEGOCIO,2026-07-04 04:18:10,2026-07-25 02:00:07,8,11113046773,111113612004634,6,3,5,163.30,305,18
2048,111113612004634,3000.00,5.67,18,2026-07-02,2026-11-05,216.00,3888.00,Aprobado,VENCIDA,NEGOCIO,2026-07-04 04:23:49,2026-07-25 02:00:07,8,11113222743,111113612004634,6,3,5,122.47,306,18
2049,111113612004634,3000.00,5.67,18,2026-07-02,2026-11-05,216.00,3888.00,Aprobado,VENCIDA,NEGOCIO,2026-07-04 04:23:49,2026-07-25 02:00:07,8,11112964591,111113612004634,6,3,5,122.47,306,18
2050,111113612004634,3000.00,5.67,18,2026-07-02,2026-11-05,216.00,3888.00,Aprobado,VENCIDA,NEGOCIO,2026-07-04 04:23:49,2026-07-25 02:00:07,8,11113087803,111113612004634,6,3,5,122.47,306,18
2051,111113612004634,3000.00,5.67,18,2026-07-02,2026-11-05,216.00,3888.00,Aprobado,VENCIDA,NEGOCIO,2026-07-04 04:23:49,2026-07-25 02:00:07,8,11113179982,111113612004634,6,3,5,122.47,306,18
2052,111113612004634,7000.00,7.07,16,2026-07-06,2026-10-26,581.00,9296.00,Aprobado,ATRASADO,neg,2026-07-08 22:59:03,2026-07-25 02:00:07,4,11112714005,111113612004634,16,13,6,316.74,,1
2053,111113612004634,6000.00,6.32,24,2026-07-06,2026-12-21,360.00,8640.00,Aprobado,ATRASADO,NEGOCIO,2026-07-09 19:16:59,2026-07-25 02:00:07,4,11113232046,111113612004634,5,2,5,364.03,307,1
2054,111113612004634,9800.00,5.67,18,2026-07-08,2026-11-11,705.60,12700.80,Aprobado,ATRASADO,NEGOCIO,2026-07-09 19:55:29,2026-07-25 02:00:07,2,11112979148,111113612004634,6,3,5,400.08,308,1
2055,111113612004634,2000.00,7.95,13,2026-07-08,2026-10-07,200.00,2600.00,Aprobado,ATRASADO,NEGOCIO,2026-07-09 20:02:34,2026-07-25 02:00:07,2,11112785207,111113612004634,9,5,5,82.68,309,1
2056,111113612004634,3000.00,7.95,13,2026-07-08,2026-10-07,299.93,3899.09,Aprobado,ATRASADO,NEGOCIO,2026-07-09 20:03:59,2026-07-25 02:00:07,2,11112998765,111113612004634,9,5,5,124.02,310,1
2057,111113612004634,8000.00,6.32,24,2026-07-10,2026-12-25,480.00,11520.00,Aprobado,VIGENTE,NEGOCIO,2026-07-09 20:15:19,2026-07-09 21:00:00,,11112897851,111113612004634,5,2,5,485.38,311,0
2058,111113612004634,9800.00,6.32,24,2026-07-10,2026-12-25,587.95,14110.80,Aprobado,VIGENTE,NEGOCIO,2026-07-09 20:40:03,2026-07-09 21:00:00,,11113139475,111113612004634,5,2,5,594.59,312,0
2059,111113612004634,8000.00,5.67,18,2026-07-06,2026-11-09,576.00,10368.00,Aprobado,ATRASADO,NEGOCIO,2026-07-09 20:47:57,2026-07-25 02:00:07,4,11112823381,111113612004634,6,3,5,326.59,313,1
2060,111113612004634,9000.00,6.32,24,2026-07-08,2026-12-23,540.00,12960.00,Aprobado,ATRASADO,NEGOCIO,2026-07-09 20:54:12,2026-07-25 02:00:07,2,11112824835,111113612004634,5,2,5,546.05,314,1
2061,111113612004634,13000.00,5.67,18,2026-07-08,2026-11-11,936.00,16848.00,Aprobado,ATRASADO,NEGOCIO,2026-07-09 21:09:08,2026-07-25 02:00:07,2,11113207666,111113612004634,6,3,5,530.71,315,1
2062,111113612004634,3000.00,7.95,13,2026-07-08,2026-10-07,299.90,3898.70,Aprobado,ATRASADO,NEGOCIO,2026-07-09 21:09:49,2026-07-25 02:00:07,2,11112982584,111113612004634,9,5,5,124.02,316,1
2063,111113612004634,4000.00,6.32,24,2026-07-08,2026-12-23,240.00,5760.00,Aprobado,ATRASADO,NEGOCIO,2026-07-09 21:22:45,2026-07-25 02:00:07,2,11113074398,111113612004634,5,2,5,242.69,317,1
2064,111113612004634,2000.00,7.95,13,2026-07-06,2026-10-05,200.00,2600.00,Aprobado,ATRASADO,NEGOCIO,2026-07-09 22:04:17,2026-07-25 02:00:07,4,11112941078,111113612004634,9,5,5,82.68,318,1
2065,111113612004634,4000.00,6.32,24,2026-07-07,2026-12-22,240.00,5760.00,Aprobado,ATRASADO,NEGOCIO,2026-07-09 22:13:13,2026-07-25 02:00:07,3,11112982881,111113612004634,5,2,5,242.69,319,1
2066,111113612004634,3000.00,7.95,13,2026-07-07,2026-10-06,299.90,3898.70,Aprobado,ATRASADO,NEGOCIO,2026-07-09 22:16:30,2026-07-25 02:00:07,3,11112823652,111113612004634,9,5,5,124.02,320,1
2067,111113612004634,3000.00,7.95,13,2026-07-08,2026-10-07,299.90,3898.70,Aprobado,ATRASADO,NEGOCIO,2026-07-09 23:32:58,2026-07-25 02:00:07,2,11112739079,111113612004634,9,5,5,124.02,321,1
2068,111113612004634,4000.00,7.95,13,2026-07-07,2026-10-06,399.90,5198.70,Aprobado,ATRASADO,NEGOCIO,2026-07-09 23:38:50,2026-07-25 02:00:07,3,11112998182,111113612004634,9,5,5,165.36,322,1
2069,111113612004634,3000.00,7.95,13,2026-07-10,2026-10-09,299.90,3898.70,Aprobado,VIGENTE,NEGOCIO,2026-07-10 19:51:58,2026-07-10 21:00:00,,11113082146,111113612004634,9,5,5,124.02,323,0
2070,111113612004634,11000.00,6.32,24,2026-07-09,2026-12-24,659.90,15837.60,Aprobado,ATRASADO,NEGOCIO,2026-07-10 20:04:51,2026-07-25 02:00:07,1,11113209269,111113612004634,5,2,5,667.39,324,1
2071,111113612004634,3000.00,7.95,13,2026-07-06,2026-10-05,299.90,3898.70,Aprobado,ATRASADO,NEGOCIO,2026-07-10 20:30:12,2026-07-25 02:00:07,4,11112818097,111113612004634,9,5,5,124.02,325,1
2072,111113612004634,8000.00,5.67,18,2026-07-09,2026-11-12,576.00,10368.00,Aprobado,ATRASADO,NEGOCIO,2026-07-10 20:34:20,2026-07-25 02:00:07,1,11113121988,111113612004634,6,3,5,326.59,326,1
2073,111113612004634,6000.00,5.67,18,2026-07-09,2026-11-12,432.00,7776.00,Aprobado,ATRASADO,NEGOCIO,2026-07-10 20:34:20,2026-07-25 02:00:07,1,11112977454,111113612004634,6,3,5,244.94,326,1
2074,111113612004634,4000.00,6.32,24,2026-07-09,2026-12-24,240.00,5760.00,Aprobado,ATRASADO,NEGOCIO,2026-07-10 20:38:18,2026-07-25 02:00:07,1,11112833520,111113612004634,5,2,5,242.69,327,1
2075,111113612004634,5000.00,6.32,24,2026-07-09,2026-12-24,300.00,7200.00,Aprobado,ATRASADO,NEGOCIO,2026-07-10 20:40:30,2026-07-25 02:00:07,1,11112939631,111113612004634,5,2,5,303.36,328,1
2076,111113612004634,13000.00,3.85,48,2026-07-09,2027-06-10,416.00,19968.00,Aprobado,ATRASADO,NEGOCIO,2026-07-10 22:59:03,2026-07-25 02:00:07,1,11112963613,111113612004634,8,6,5,960.96,329,1
2077,111113612004634,15000.00,3.85,48,2026-07-09,2027-06-10,480.00,23040.00,Aprobado,ATRASADO,NEGOCIO,2026-07-10 23:01:50,2026-07-25 02:00:07,1,11113096161,111113612004634,8,6,5,1108.80,330,1
2078,111113612004634,15000.00,3.85,48,2026-07-10,2027-06-11,480.00,23040.00,Aprobado,VIGENTE,NEGOCIO,2026-07-10 23:16:21,2026-07-17 00:00:00,,11113042756,111113612004634,8,6,5,1108.80,331,0
2079,111113612004634,30000.00,5.86,32,2026-07-10,2027-02-19,1447.30,46313.60,Aprobado,VIGENTE,NEGOCIO,2026-07-10 23:20:40,2026-07-17 00:00:00,,11112958035,111113612004634,11,8,5,2250.24,332,0
2080,111113612004634,6000.00,6.32,24,2026-07-17,,359.97,8639.23,Rechazado,VIGENTE,NEGOCIO,2026-07-16 17:51:25,2026-07-16 17:58:24,,11113116034,111113612004634,5,2,5,364.03,333,24
2081,111113612004634,4000.00,5.67,18,2026-07-14,2026-11-17,288.00,5184.00,Aprobado,VIGENTE,NEGOCIO,2026-07-16 23:24:02,2026-07-17 00:00:00,,11112867783,111113612004634,6,3,5,163.30,334,0
2082,111113612004634,4000.00,5.67,18,2026-07-14,2026-11-17,288.00,5184.00,Aprobado,VIGENTE,NEGOCIO,2026-07-16 23:24:02,2026-07-17 00:00:00,,11113071228,111113612004634,6,3,5,163.30,334,0
2083,111113612004634,4000.00,6.32,24,2026-07-13,2026-12-28,240.00,5760.00,Aprobado,VIGENTE,NEGOCIO,2026-07-16 23:38:41,2026-07-17 00:00:00,,11113092434,111113612004634,5,2,5,242.69,335,0
2084,111113612004634,4000.00,6.32,24,2026-07-13,2026-12-28,240.00,5760.00,Aprobado,VIGENTE,NEGOCIO,2026-07-16 23:38:41,2026-07-17 00:00:00,,11112626052,111113612004634,5,2,5,242.69,335,0
2085,111113612004634,12000.00,6.32,24,2026-07-14,2026-12-29,719.90,17277.60,Aprobado,VIGENTE,NEGOCIO,2026-07-16 23:53:48,2026-07-17 20:00:00,,11112858472,111113612004634,5,2,5,728.06,336,0
2086,111113612004634,4000.00,6.32,24,2026-07-14,2026-12-29,240.00,5760.00,Aprobado,VIGENTE,NEGOCIO,2026-07-16 23:53:48,2026-07-17 20:00:00,,11113265056,111113612004634,5,2,5,242.69,336,0
2087,111113612004634,25000.00,5.86,32,2026-07-17,2027-02-26,1206.10,38595.20,Aprobado,VIGENTE,NEGOCIO,2026-07-17 19:08:11,2026-07-22 21:00:00,,11112879732,111113612004634,11,8,5,1875.20,337,0
2088,111113612004634,6000.00,6.32,24,2026-07-13,2026-12-28,360.00,8640.00,Aprobado,VIGENTE,NEGOCIO,2026-07-17 19:18:45,2026-07-17 20:00:00,,11113052056,111113612004634,5,2,5,364.03,338,0
2089,111113612004634,12000.00,6.32,24,2026-07-16,2026-12-31,719.90,17277.60,Aprobado,VIGENTE,NEGOCIO,2026-07-17 19:39:00,2026-07-17 20:00:00,,11113115541,111113612004634,5,2,5,728.06,339,0
2090,111113612004634,10000.00,8.45,16,2026-07-16,2026-11-05,870.00,13920.00,Aprobado,VIGENTE,NEGOCIO,2026-07-17 19:51:54,2026-07-17 20:00:00,,11112871315,111113612004634,19,16,6,540.80,,0
2091,111113612004634,7000.00,7.07,16,2026-07-17,2026-11-06,581.00,9296.00,Aprobado,VIGENTE,NEGOCIO,2026-07-17 20:03:04,2026-07-17 21:00:00,,11112985270,111113612004634,16,13,6,316.74,,0
2092,111113612004634,7000.00,5.67,18,2026-07-15,2026-11-18,504.00,9072.00,Aprobado,VIGENTE,NEGOCIO,2026-07-17 20:19:58,2026-07-17 21:00:00,,11113005497,111113612004634,6,3,5,285.77,340,0
2093,111113612004634,9000.00,5.67,18,2026-07-15,2026-11-18,648.00,11664.00,Aprobado,VIGENTE,NEGOCIO,2026-07-17 20:19:58,2026-07-17 21:00:00,,11113264674,111113612004634,6,3,5,367.42,340,0
2094,111113612004634,13000.00,6.32,24,2026-07-16,2026-12-31,779.90,18717.60,Aprobado,VIGENTE,NEGOCIO,2026-07-17 20:28:14,2026-07-17 21:00:00,,11113299859,111113612004634,5,2,5,788.74,341,0
2095,111113612004634,4000.00,5.67,18,2026-07-15,2026-11-18,288.00,5184.00,Aprobado,VIGENTE,NEGOCIO,2026-07-17 20:37:50,2026-07-17 21:00:00,,11112947297,111113612004634,6,3,5,163.30,342,0
2096,111113612004634,8000.00,5.67,18,2026-07-17,2026-11-20,576.00,10368.00,Aprobado,VIGENTE,NEGOCIO,2026-07-17 21:22:27,2026-07-17 22:00:00,,11112778298,111113612004634,6,3,5,326.59,343,0
2097,111113612004634,9500.00,6.32,24,2026-07-17,2027-01-01,569.90,13677.60,Aprobado,VIGENTE,NEGOCIO,2026-07-17 21:27:07,2026-07-17 22:00:00,,11113018033,111113612004634,5,2,5,576.38,344,0
2098,111113612004634,10000.00,4.62,32,2026-07-14,2027-02-23,446.50,14288.00,Aprobado,VIGENTE,NEGOCIO,2026-07-17 21:31:59,2026-07-22 21:00:00,,11112881133,111113612004634,38,34,5,591.36,345,0
2099,111113612004634,4000.00,7.95,13,2026-07-15,2026-10-14,399.90,5198.70,Aprobado,VIGENTE,NEGOCIO,2026-07-17 21:38:27,2026-07-17 22:00:00,,11113182605,111113612004634,9,5,5,165.36,346,0
2100,111113612004634,14000.00,6.32,24,2026-07-16,2026-12-31,839.90,20157.60,Aprobado,VIGENTE,NEGOCIO,2026-07-17 21:50:13,2026-07-17 22:00:00,,11112773739,111113612004634,5,2,5,849.41,347,0
2101,111113612004634,30000.00,5.86,32,2026-07-16,2027-02-25,1447.30,46313.60,Aprobado,VIGENTE,NEGOCIO,2026-07-17 22:29:55,2026-07-22 21:00:00,,11112881178,111113612004634,11,8,5,2250.24,348,0
2102,111113612004634,25000.00,5.86,32,2026-07-16,2027-02-25,1206.10,38595.20,Aprobado,VIGENTE,NEGOCIO,2026-07-17 22:42:13,2026-07-22 21:00:00,,11112971667,111113612004634,11,8,5,1875.20,349,0
2103,111113612004634,4000.00,5.67,18,2026-07-15,2026-11-18,288.00,5184.00,Aprobado,VIGENTE,NEGOCIO,2026-07-17 23:03:08,2026-07-18 00:00:00,,11113004656,111113612004634,6,3,5,163.30,350,0
2104,111113612004634,4000.00,5.67,18,2026-07-15,2026-11-18,288.00,5184.00,Aprobado,VIGENTE,NEGOCIO,2026-07-17 23:03:08,2026-07-18 00:00:00,,11112767272,111113612004634,6,3,5,163.30,350,0
2105,111113612004634,4000.00,5.67,18,2026-07-15,2026-11-18,288.00,5184.00,Aprobado,VIGENTE,NEGOCIO,2026-07-17 23:03:08,2026-07-18 00:00:00,,11112933326,111113612004634,6,3,5,163.30,350,0
2106,111113612004634,4000.00,5.67,18,2026-07-15,2026-11-18,288.00,5184.00,Aprobado,VIGENTE,NEGOCIO,2026-07-17 23:03:08,2026-07-18 00:00:00,,11112857174,111113612004634,6,3,5,163.30,350,0
2107,111113612004634,4000.00,5.67,18,2026-07-15,2026-11-18,288.00,5184.00,Aprobado,VIGENTE,NEGOCIO,2026-07-17 23:03:08,2026-07-18 00:00:00,,11112951374,111113612004634,6,3,5,163.30,350,0
2108,111113612004634,4000.00,5.67,18,2026-07-22,2026-11-25,288.00,5184.00,Aprobado,VIGENTE,NEGOCIO,2026-07-22 20:31:52,2026-07-22 21:00:00,,11112913625,111113612004634,6,3,5,163.30,351,0
2109,111113612004634,4000.00,5.67,18,2026-07-22,2026-11-25,288.00,5184.00,Aprobado,VIGENTE,NEGOCIO,2026-07-22 20:31:52,2026-07-22 21:00:00,,11112939450,111113612004634,6,3,5,163.30,351,0
2110,111113612004634,4000.00,5.67,18,2026-07-22,2026-11-25,288.00,5184.00,Aprobado,VIGENTE,NEGOCIO,2026-07-22 20:31:52,2026-07-22 21:00:00,,11113145552,111113612004634,6,3,5,163.30,351,0
2111,111113612004634,4000.00,5.67,18,2026-07-22,2026-11-25,288.00,5184.00,Aprobado,VIGENTE,NEGOCIO,2026-07-22 20:31:52,2026-07-22 21:00:00,,11113179794,111113612004634,6,3,5,163.30,351,0
2112,111113612004634,4000.00,5.67,18,2026-07-22,2026-11-25,288.00,5184.00,Aprobado,VIGENTE,NEGOCIO,2026-07-22 20:31:52,2026-07-22 21:00:00,,11113015330,111113612004634,6,3,5,163.30,351,0
2113,111113612004634,4000.00,5.67,18,2026-07-22,2026-11-25,288.00,5184.00,Aprobado,VIGENTE,NEGOCIO,2026-07-22 20:31:52,2026-07-22 21:00:00,,11113027782,111113612004634,6,3,5,163.30,351,0
2114,111113612004634,4000.00,7.95,13,2026-07-24,2026-10-23,399.90,5198.70,Aprobado,VIGENTE,NEGOCIO,2026-07-22 20:54:47,2026-07-22 22:00:00,,11113119485,111113612004634,9,5,5,165.36,352,0
2115,111113612004634,9800.00,6.32,24,2026-07-20,2027-01-04,587.90,14109.60,Aprobado,VIGENTE,NEGOCIO,2026-07-22 21:28:40,2026-07-22 22:00:00,,11112658700,111113612004634,5,2,5,594.59,353,0
2116,111113612004634,9800.00,6.32,24,2026-07-20,2027-01-04,587.90,14109.60,Aprobado,VIGENTE,NEGOCIO,2026-07-22 21:28:40,2026-07-22 22:00:00,,11112748267,111113612004634,5,2,5,594.59,353,0
2117,111113612004634,9800.00,6.32,24,2026-07-20,2027-01-04,587.90,14109.60,Aprobado,VIGENTE,NEGOCIO,2026-07-22 21:28:40,2026-07-22 22:00:00,,11113101306,111113612004634,5,2,5,594.59,353,0
2118,111113612004634,9800.00,6.32,24,2026-07-20,2027-01-04,587.90,14109.60,Aprobado,VIGENTE,NEGOCIO,2026-07-22 21:28:40,2026-07-22 22:00:00,,11113022524,111113612004634,5,2,5,594.59,353,0
2119,111113612004634,9800.00,6.32,24,2026-07-20,2027-01-04,587.90,14109.60,Aprobado,VIGENTE,NEGOCIO,2026-07-22 21:28:40,2026-07-22 22:00:00,,11112754934,111113612004634,5,2,5,594.59,353,0
2120,111113612004634,7000.00,6.32,24,2026-07-20,2027-01-04,420.00,10080.00,Aprobado,VIGENTE,NEGOCIO,2026-07-22 21:28:40,2026-07-22 22:00:00,,11112626649,111113612004634,5,2,5,424.70,353,0
2121,111113612004634,7000.00,6.32,24,2026-07-20,2027-01-04,420.00,10080.00,Aprobado,VIGENTE,NEGOCIO,2026-07-22 21:28:40,2026-07-22 22:00:00,,11112622956,111113612004634,5,2,5,424.70,353,0
2122,111113612004634,7000.00,6.32,24,2026-07-21,2027-01-05,420.00,10080.00,Aprobado,VIGENTE,NEGOCIO,2026-07-22 22:16:12,2026-07-22 23:00:00,,11112833535,111113612004634,5,2,5,424.70,354,0
2123,111113612004634,7000.00,6.32,24,2026-07-21,2027-01-05,420.00,10080.00,Aprobado,VIGENTE,NEGOCIO,2026-07-22 22:16:12,2026-07-22 23:00:00,,11112897750,111113612004634,5,2,5,424.70,354,0
2124,111113612004634,7000.00,6.32,24,2026-07-21,2027-01-05,420.00,10080.00,Aprobado,VIGENTE,NEGOCIO,2026-07-22 22:16:12,2026-07-22 23:00:00,,11113053988,111113612004634,5,2,5,424.70,354,0
2125,111113612004634,9600.00,5.67,18,2026-07-22,2026-11-25,691.20,12441.60,Aprobado,VIGENTE,NEGOCIO,2026-07-23 14:19:27,2026-07-23 15:00:00,,11112936286,111113612004634,6,3,5,391.91,355,0
2126,111113612004634,6000.00,5.67,18,2026-07-22,2026-11-25,432.00,7776.00,Aprobado,VIGENTE,NEGOCIO,2026-07-23 14:19:27,2026-07-23 15:00:00,,11112919969,111113612004634,6,3,5,244.94,355,0
2127,111113612004634,9000.00,5.67,18,2026-07-22,2026-11-25,648.00,11664.00,Aprobado,VIGENTE,NEGOCIO,2026-07-23 14:19:27,2026-07-23 15:00:00,,11112981187,111113612004634,6,3,5,367.42,355,0
2128,111113612004634,9000.00,6.32,24,2026-07-24,2027-01-08,540.00,12960.00,Aprobado,VIGENTE,NEGOCIO,2026-07-23 14:47:38,2026-07-23 15:00:00,,11113315176,111113612004634,5,2,5,546.05,356,0
2129,111113612004634,8000.00,6.32,24,2026-07-24,2027-01-08,480.00,11520.00,Aprobado,VIGENTE,NEGOCIO,2026-07-23 14:47:38,2026-07-23 15:00:00,,11113116034,111113612004634,5,2,5,485.38,356,0
2130,111113612004634,30000.00,5.86,32,2026-07-24,,1447.32,46314.24,Pendiente,VIGENTE,NEGOCIO,2026-07-23 15:01:36,2026-07-23 15:01:36,,11112888569,,11,8,5,2250.24,357,32
2131,111113612004634,7000.00,6.32,24,2026-07-20,2027-01-04,420.00,10080.00,Aprobado,VIGENTE,NEGOCIO,2026-07-23 23:06:11,2026-07-24 00:00:00,,11112626649,111113612004634,5,2,5,424.70,358,0
2132,111113612004634,7000.00,6.32,24,2026-07-20,2027-01-04,420.00,10080.00,Aprobado,VIGENTE,NEGOCIO,2026-07-23 23:06:11,2026-07-24 00:00:00,,11112622956,111113612004634,5,2,5,424.70,358,0
2133,111113612004634,15000.00,3.85,48,2026-07-20,,479.98,23038.80,Pendiente,VIGENTE,NEGOCIO,2026-07-23 23:22:31,2026-07-23 23:22:31,,11113034548,,8,6,5,1108.80,359,48
2134,111113612004634,6000.00,5.67,18,2026-07-23,2026-11-26,432.00,7776.00,Aprobado,VIGENTE,NEGOCIO,2026-07-23 23:39:50,2026-07-24 00:00:00,,11113125574,111113612004634,6,3,5,244.94,360,0
2135,111113612004634,4000.00,5.67,18,2026-07-23,2026-11-26,288.00,5184.00,Aprobado,VIGENTE,NEGOCIO,2026-07-23 23:39:50,2026-07-24 00:00:00,,11113004199,111113612004634,6,3,5,163.30,360,0
2136,111113612004634,14000.00,6.32,24,2026-07-23,2027-01-07,839.90,20157.60,Aprobado,VIGENTE,NEGOCIO,2026-07-24 16:21:39,2026-07-24 17:00:00,,11113021078,111113612004634,5,2,5,849.41,361,0
2137,111113612004634,3000.00,7.95,13,2026-07-22,2026-10-21,299.90,3898.70,Aprobado,VIGENTE,NEGOCIO,2026-07-24 16:31:42,2026-07-24 17:00:00,,11112917334,111113612004634,9,5,5,124.02,362,0
2138,111113612004634,3000.00,7.95,13,2026-07-20,2026-10-19,299.90,3898.70,Aprobado,VIGENTE,NEGOCIO,2026-07-24 16:43:38,2026-07-24 17:00:00,,11113061706,111113612004634,9,5,5,124.02,363,0
2139,111113612004634,8000.00,5.67,18,2026-07-23,,575.99,10367.79,Pendiente,VIGENTE,NEGOCIO,2026-07-24 17:19:28,2026-07-24 17:19:28,,11112878795,,6,3,5,326.59,364,18
2140,111113612004634,6000.00,5.67,18,2026-07-23,,431.99,7775.84,Pendiente,VIGENTE,NEGOCIO,2026-07-24 17:19:28,2026-07-24 17:19:28,,11112984529,,6,3,5,244.94,364,18
2141,111113612004634,8000.00,5.67,18,2026-07-23,,575.99,10367.79,Pendiente,VIGENTE,NEGOCIO,2026-07-24 17:19:28,2026-07-24 17:19:28,,11113026843,,6,3,5,326.59,364,18
2142,111113612004634,3000.00,5.67,18,2026-07-23,,216.00,3887.92,Pendiente,VIGENTE,NEGOCIO,2026-07-24 17:19:28,2026-07-24 17:19:28,,11113172654,,6,3,5,122.47,364,18
